user_input,retrieved_contexts,reference_contexts,response,reference,answer_relevancy,context_precision,faithfulness,context_recall,retriever_time,invoke_time
Khoa Công nghệ thông tin Trường Đại học Công nghiệp Hà Nội đã tổ chức sự kiện gì để chào đón tân sinh viên Khóa 19 và những hoạt động nào đã diễn ra trong sự kiện này?,"['content: nghề nghiệp tại Trường Đại học Công nghiệp Hà Nội được xây dựng và áp dụng trong giảng dạy từ năm 2015. Ông David Kertzner cũng sẽ tham dự và có bài phát biểu tại phiên toàn thể của hội thảo quốc tế về “Đào tạo tiếng Anh đáp ứng nhu cầu của thị trường lao động trong thời kỳ Cách mạng Công nghiệp 4.0” diễn ra tại Đại học Công nghiệp Hà Nội từ ngày 11-13 tháng 10 năm 2018. Hợp tác lần này sẽ góp phần giúp Nhà trường hoàn thiện chương trình và tài liệu đào tạo Tiếng Anh TS. Bùi Thị Ngân - Phó Hiệu trưởng Nhà trường khẳng định: Trường Đại học Công nghiệp Hà Nội, Khoa Ngoại ngữ đã chuẩn bị các nội dung để làm việc với chuyên gia của Đại sứ quán Mỹ trong thời gian công tác tại trường. TS. Bùi Thị Ngân hy vọng sự hợp tác lần này sẽ đạt kết quả tốt đẹp, góp phần giúp Nhà trường hoàn thiện chương trình và tài liệu đào tạo Tiếng Anh theo định hướng nghề nghiệp cho sinh viên. Thứ Tư, 16:25 03/10/2018 Tags:\\nnext_contents:\\n- Đại học Công nghiệp Hà Nội tiếp Giám đốc Văn phòng Tiếng Anh khu vực, Đại sứ quán Hợp chủng quốc Hoa Kỳ thăm và làm việc với Trường Sáng ngày 3/10, Ông John Scacco - Giám đốc Văn phòng Tiếng Anh khu vực (RELO), Đại sứ quán Hợp chủng quốc Hoa Kỳ tại Việt Nam, cùng ông David Kertzner và ông Lê Dương, chuyên gia của RELO đã có buổi làm việc với đại diện Ban Giám hiệu Trường Đại học Công nghiệp Hà Nội và các Khoa, Trung tâm tham gia xây dựng, phát triển chương trình đào tạo Tiếng Anh của Nhà trường. Tiếp đoàn sáng nay, có TS. Bùi Thị Ngân - Phó Hiệu trưởng Nhà trường, ThS.Trần Ngọc Đức – Phó Trưởng khoa Ngoại ngữ và TS.Trần Thị Duyên - Phó Giám đốc trung tâm Khảo thí. Ông John Scacco – Giám đốc Văn phòng Tiếng anh khu vực (RELO), Đại sứ quán Hợp chủng quốc Hoa Kỳ, cùng ông David Kertzner và ông Lê Dương - Chuyên gia của RELO làm việc với Đại học Công nghiệp Hà Nội Đại diện Đại sứ quán Hoa Kỳ, Ông John Scacco cảm ơn Ban Giám hiệu Trường Đại học Công nghiệp Hà Nội, Khoa Ngoại ngữ vì sự tiếp đón chu đáo và những tình cảm tốt đẹp dành cho Đại sứ quán Hoa Kỳ tại Việt Nam nói chung và các chuyên gia tham gia chương trình nói riêng, đồng thời đánh giá cao những nỗ lực của Khoa Ngoại ngữ trong việc phát triển hợp tác giữa Nhà trường và Đại sứ quán Hoa Kỳ tại Việt Nam. Theo chương trình, từ ngày 1/10 đến ngày 13/10/2018 ông David Kertzner sẽ có các buổi làm việc và hỗ trợ nhóm nghiên cứu của Khoa Ngoại ngữ để đánh giá, chỉnh sửa và phát triển chương trình đào tạo Tiếng Anh theo định hướng nghề nghiệp tại Trường Đại học Công nghiệp Hà Nội được xây dựng và áp dụng trong giảng dạy từ năm 2015. Ông David Kertzner cũng sẽ tham dự và có bài phát biểu tại phiên toàn thể của hội thảo quốc tế về “Đào tạo tiếng Anh đáp ứng nhu cầu của thị trường lao động trong thời kỳ Cách mạng Công nghiệp 4.0” diễn ra tại Đại học Công nghiệp Hà Nội từ ngày 11-13 tháng 10 năm 2018. Hợp tác lần này sẽ góp phần giúp Nhà trường hoàn thiện chương trình và tài liệu đào tạo Tiếng Anh TS. Bùi Thị Ngân - Phó Hiệu\\n', 'content: Tổ chức ""Ngày hội việc làm 2011” Sáng 19/6, trường Đại học Công nghiệp Hà Nội kết hợp với Trung tâm Giới thiệu việc làm Thanh niên Hà Nội tổ chức “Ngày hội việc làm 2011” tại trường Đại học Công nghiệp Hà Nội. Phát biểu trong buổi lễ khai mạc, đ/c Hà Xuân Quang- Bí thư Đảng bộ, Phó Hiệu trưởng Nhà trường cho biết: “Ngày hội việc làm 2011” được tổ chức trong thời điểm này giúp hơn 10.000 học sinh sinh viên của trường đã và đang chuẩn bị tốt nghiệp các hệ đào tạo và các sinh viên đang theo học tại trường có cơ hội tìm kiếm việc làm phù hợp; đồng thời là dịp để cácDoanh nghiệp tuyển dụng trực tiếp được nguồn lao động có chất lượng. Ngày hội việc làm cũng tăng cường liên kết giữa nhà trường với Doanh nghiệp, giúp Nhà trường thu nhận được ý kiến đóng góp từ các Doanh nghiệp tuyển dụng trong việc đào tạo HSSV đáp ứng được yêu cầu công việc. Ngay sau chương trình khai mạc là chương trình tọa đàm “Việc làm hòa nhập cho người khuyết tật” do tổ chức Lao động quốc tế ILO, Trung tâm Giới thiệu việc làm Thanh niên Hà Nội, Hội khuyết tật Hà Nội và trường Đại học Công nghiệp Hà Nội kết hợp tổ chức. Tại buổi tọa đàm này, sinh viên khuyết tật Nhà trường đã có cơ hội được chia sẻ nguyện vọng của mình về việc tìm kiếm việc làm phù hợp với bản thân. Tiếp đó các ứng viên đã tham dự các nội dung: -Nhận phiếu đăng ký tuyển dụng của Doanh nghiệp. -Đàm thoại giữa nhà tuyển dụng và ứng viên. -Chương trình tuyển dụng lao động trực tiếp của các Doanh nghiệp. Trường Đại học Công nghiệp Hà Nội là 1 trong số ít trường thành lập bộ phận chuyên trách (Công ty Hợp tác đào tạo và xuất khẩu lao động) tư vấn và tìm kiếm việc làm. Mỗi năm có hàng ngàn HSSV được Công ty tìm kiếm việc làm ở trong và ngoài nước. Hiện tại có khoảng 4500 sinh viên của Trường đang làm việc tại Nhật Bản, Hàn Quốc, Malaysia, Trung Đông…. “Ngày hội việc làm 2011” đã thu hút đông đảo HSSV của trường ở các cấp trình độ tham dự với sự có mặt của 43 doanh nghiệp,nhiềuHSSV của Trường đã được các Doanh nghiệp tuyển dụng làm việc. Thứ\\nnext_contents:\\n', 'content: Gần 1000 cơ hội việc làm tại Ngày hội việc làm Công nghệ thông tin 2024 Sáng ngày 9/11, Khoa Công nghệ Thông tin - Trường Đại học Công nghiệp Hà Nội tổ chức Ngày hội việc làm Công nghệ thông tin năm 2024. Với sự tham dự của 14 doanh nghiệp, mang đến gần 1000 cơ hội việc làm và hơn 1000 sinh viên Khoa Công nghệ thông tin tham dự. Sự kiện là dịp để sinh viên ngành CNTT có cơ hội đến gần hơn với doanh nghiệp và tìm kiếm cơ hội việc làm ngay khi tốt nghiệp ra trường. Đại biểu tham dự Ngày hội việc làm CNTT năm 2024 Phát biểu khai mạc Ngày hội, TS. Đặng Trọng Hợp - Trưởng Khoa Công nghệ thông tin bày tỏ lời cảm ơn sâu sắc đối với các doanh nghiệp đã không ngừng hỗ trợ và hợp tác với khoa. Đồng thời nhấn mạnh tầm quan trọng của việc kết nối giáo dục với thực tiễn, giúp sinh viên không chỉ học lý thuyết mà còn có cơ hội tiếp cận với môi trường làm việc thực tế, qua đó nâng cao kỹ năng và có được sự chuẩn bị tốt hơn hơn cho tương lai. TS. Đặng Trọng Hợp - Trưởng Khoa CNTT phát biểu khai mạc Ngày hội Tập đoàn Bưu chính viễn thông VNPT đánh giá cao năng lực của sinh viên Khoa Công nghệ thông tin Trường Đại học Công Nghiệp Hà Nội. Chất lượng sinh viên ngày càng được nâng cao, từ kiến thức chuyên môn đến kỹ năng mềm, kỹ năng làm việc nhóm…. Hiện tại, nhiều sinh viên, cựu sinh viên khoa Công nghệ thông tin, HaUI đang làm việc tại công ty và đều là những nhân sự xuất sắc. Ông Hoàng Gia Huy – đại diện Tập đoàn Bưu chính viễn thông phát biểu tại ngày hội Không chỉ là nơi để các doanh nghiệp tìm kiếm và tuyển dụng nhân tài, ngày hội còn là cơ hội để sinh viên mở rộng hiểu biết, kết nối với các chuyên gia trong ngành, và tìm kiếm cơ hội thực tập, làm việc phù hợp. Các gian hàng của doanh nghiệp không chỉ giới thiệu về công ty mà còn cung cấp thông tin chi tiết về các vị trí tuyển dụng, dự án trong tương lai, và chia sẻ kinh nghiệm làm việc thực tế. Ngày hội việc làm CNTT 2024 chào đón sự tham dự của 14 doanh nghiệp với nhiều gian hàng cùng với gần 1000 cơ hội việc làm Doanh nghiệp\\nnext_contents:\\n', 'content: Hội thảo khoa Công nghệ thông tin năm 2020 với chủ đề ""Chuyển đổi số trong phát triển trường đại học thông minh"" Thứ Sáu, 12:35 25/12/2020 2752 Sáng ngày 25/12, Hội thảo khoa học khoa Công nghệ thông tin (CNTT) với chủ đề “Chuyển đổi số trong phát triển trường đại học thông minh” đã thu hút sự tham gia của hơn 30 nhà khoa học, giảng viên đang công tác tại các đơn vị liên quan đến lĩnh vực CNTT trong trường. Toàn cảnh hội thảo Phát biểu khai mạc, TS. Đặng Trọng Hợp - Phụ trách khoa CNTT nhấn mạnh: Hội thảo khoa học Khoa CNTT diễn ra hàng năm, là diễn đàn để các thầy cô và nhà khoa học thảo luận về các lĩnh vực mới, tiên tiến của CNTT và ứng dụng trong hoạt động dạy học, nghiên cứu khoa học tại Đại học Công nghiệp Hà Nội. Hội thảo được xuất bản kỷ yếu trong đó các báo cáo có hàm lượng khoa học cao sẽ được chọn lọc đăng tải ở các tạp chí uy tín trong và ngoài nước. TS. Đặng Trọng Hợp - Phụ trách khoa CNTT phát biểu khai mạc Hội thảo Với mục đích thảo luận về xu hướng chuyển đổi số ở Việt Nam và áp dụng chuyển đổi số trong phát triển trường đại học thông minh, thảo luận các chủ đề mới trong công nghệ phần mềm, khoa học dữ liệu và các vấn đề tiếp cận hiện đại của công nghệ thông tin, hội thảo khoa CNTT còn là cơ hội để các nhà khoa học, các giảng viên trao đổi chuyên môn về các mô hình, phương pháp dạy học trong xu thế chuyển đổi số. Đặc biệt, chương trình Hội thảo dành thời gian cho chuyên đề của PGS.TS. Nguyễn Ái Việt, nguyên Viện trưởng Viện CNTT - Đại học Quốc gia Hà Nội về chủ đề chuyển đổi số ở Việt Nam, tập trung (1) làm rõ một số khái niệm cơ bản về chuyển đổi số; (2) trình bày về cấu trúc tổ chức, cơ chế hoạt động của mô hình một hệ thống chuyển đổi số điển hình, về chính sách và môi trường dành cho nó, và về xu hướng phát triển của các hệ thống chuyển đổi số ở Việt Nam; (3) nêu các vấn đề cốt lõi và mô hình giải pháp chuyển đổi số trong việc phát triển một trường đại học thông minh; (4) thảo luận về cấu trúc chương trình đào tạo, năng lực chuyên môn của giảng\\nnext_contents:\\n', 'content: [giaoduc] HaUI có thêm nhiều CTĐT đạt chuẩn kiểm định chất lượng quốc gia và quốc tế Thứ Bảy, 16:08 16/11/2024 63 GDVN-Năm học vừa qua, Trường ĐH Công nghiệp Hà Nội có thêm 15 chương trình đào tạo đạt chuẩn quốc gia và 5 chương trình đạt chuẩn kiểm định ABET. Ngày 16/11, Trường Đại học Công nghiệp Hà Nội tổ chức Lễ kỷ niệm 42 năm Ngày Nhà giáo Việt Nam, công bố và trao chứng nhận kiểm định chất lượng cho 6 chương trình đào tạo đạt chuẩn quốc gia; công bố các chương trình đào tạo đạt chuẩn quốc tế ABET. Toàn cảnh buổi lễ ngày 16/11. Phát biểu tại buổi lễ, Tiến sĩ Kiều Xuân Thực - Hiệu trưởng Trường Đại học Công nghiệp Hà Nội cho biết: “Một mùa Hiến chương lại về, năm nay chúng ta tổ chức kỷ niệm Ngày Nhà giáo Việt Nam trong không khí phấn khởi của năm học mới 2024-2025 với những khởi đầu tốt đẹp: Tuyển sinh thành công; Công tác đào tạo, hoạt động khoa học công nghệ có nhiều đổi mới; chúng ta lại đón nhận những kết quả tốt đẹp trong đánh giá, kiểm định chương trình đào tạo theo tiêu chuẩn quốc gia, quốc tế. Đây là điều kiện quan trọng, khẳng định chất lượng đào tạo, giúp nhà trường phát triển bền vững, ghi tên mình trên bản đồ giáo dục đại học thế giới”. Tiến sĩ Kiều Xuân Thực - Hiệu trưởng Trường Đại học Công nghiệp Hà Nội phát biểu tại buổi lễ. Vị Hiệu trưởng nhấn mạnh, với 126 năm xây dựng và phát triển, Trường Đại học Công nghiệp Hà Nội luôn toả sáng ngọn lửa bền bỉ, quyết tâm vượt qua mọi khó khăn, thử thách, hoàn thành xuất sắc nhiệm mọi nhiệm vụ, viết tiếp những trang sử vẻ vang trong sự nghiệp trồng người cao quý. 42 năm Ngày Nhà giáo Việt Nam - đánh dấu chặng đường dài của những cống hiến thầm lặng, của những trái tim nhiệt huyết, của bao tâm hồn tận tâm vun đắp cho những thế hệ học trò trưởng thành. Nhà giáo ưu tú, Phó Giáo sư, Tiến sĩ Lê Hồng Quân - Chủ tịch Hội đồng trường chúc mừng 4 thầy được nhận danh hiệu nhà giáo nhân dân, nhà giáo ưu tú. Hiệu trưởng Trường Đại học Công nghiệp Hà Nội cũng điểm lại một số dấu ấn nổi bật trong năm học 2023-2024: Đây\\nnext_contents:\\n']","['Sôi động chương trình Chào tân sinh viên Khóa 19 Khoa Công nghệ thông tin Trong không khí của mùa tựu trường, ngày 13/10/2024, sự kiện Chào tân sinh viên Khóa 19 Khoa Công nghệ thông tin “Programing your future” đã chính thức diễn ra với dư âm và cảm xúc còn mãi trong trái tim tân sinh viên K19 tại Hà Nam. Sự kiện không chỉ là dịp để chào đón các tân sinh viên mà còn là cơ hội để các bạn khám phá một thế giới hoàn toàn mới với những trải nghiệm thú vị, mở ra một môi trường đại học năng động, đa màu sắc cho các bạn tân sinh viên. Những kỷ niệm đẹp tại đây sẽ mãi là hành trang quý giá trong suốt hành trình học tập, trải nghiệm – một thanh xuân rực rỡ mà chắc hẳn các bạn sinh viên ai cũng mong muốn được trải qua. Phát biểu khai mạc chương trình, TS. Đặng Trọng Hợp Trưởng khoa CNTT đã có bài phát biểu giới thiệu về Khoa Công nghệ thông tin Trường Đại học Công nghiệp Hà Nội và chia sẻ động viên tinh thần học tập, nghiên cứu khoa học, hoạt động ngoại khóa cho tân sinh viên. TS. Đặng Trọng Hợp – Trưởng Khoa CNTT phát biểu Trong kỳ tuyển sinh năm 2024 vừa qua, Khoa Công nghệ thông tin vui mừng chào đón hơn gần 1000 tân sinh viên ra nhập ngôi nhà chung Khoa CNTT Trường Đại học Công Nghiệp Hà Nội. Trong số đó, có 06 Thủ khoa, 06 Á khóa của các ngành với số điểm cao hơn so với các năm trước. Kết quả này cho thấy Khoa đã thu hút được số lượng lớn tân sinh viên ưu tú, có tư duy logic tốt, chất lượng đầu vào được đảm bảo. Chắc hẳn sau 04 năm học, Khoa Công nghệ thông tin sẽ đào tạo ra những cử nhân có chất lượng cao đáp ứng nguồn nhân lực cho các doanh nghiệp trong và ngoài nước. TS. Đặng Trọng Hợp – Trưởng khoa CNTT và Đại diện Công ty FPT Software trao tặng khen thưởng các tân thủ khoa 06 ngành đại học K19 TS. Phạm Văn Hà – Phó Trưởng khoa CNTT và Đại diện Công ty ITPlus trao tặng khen thưởng các tân Á khoa 06 ngành đại học K19 Đại diện Công ty FPT Software chia sẻ các kỹ năng và vị trí công việc ngành CNTT Đại diện Công ty IT Plus giới thiệu về công ty và các xu hướng, cơ hội việc làm ngành CNTT Trong thế giới hiện đại đầy biến động, khi trí tuệ nhân tạo (AI) đang thay đổi sâu sắc mọi lĩnh vực, chúng ta không chỉ đang đứng trước ngã rẽ của khoa học và công nghệ, mà còn ở thời điểm vàng để suy ngẫm về trách nhiệm của mỗi cá nhân đối với tương lai. Nếu ví quá trình phát triển AI như một hành trình vươn tới tương lai số hóa, thì sinh viên Khoa công nghệ thông tin trường Đại học Công nghiệp Hà Nội chính là những người cầm ngọn đuốc, dẫn đường và khai mở những cơ hội mới mẻ cho xã hội.']","Khoa Công nghệ thông tin Trường Đại học Công nghiệp Hà Nội đã tổ chức sự kiện chào đón tân sinh viên Khóa 19 với nhiều hoạt động ý nghĩa. Dưới đây là một số thông tin về sự kiện này:

### Sự kiện chào đón tân sinh viên Khóa 19
- **Thời gian tổ chức**: Sự kiện diễn ra vào đầu năm học, cụ thể là vào tháng 9.
- **Nội dung hoạt động**:
  - **Giới thiệu về khoa**: Tân sinh viên được giới thiệu về các chương trình đào tạo, cơ sở vật chất và đội ngũ giảng viên của khoa.
  - **Giao lưu và kết nối**: Các hoạt động giao lưu giữa sinh viên khóa trên và khóa mới nhằm tạo sự gắn kết và hỗ trợ trong học tập.
  - **Hướng dẫn học tập**: Cung cấp thông tin về cách thức học tập, các câu lạc bộ, hội nhóm trong khoa để sinh viên có thể tham gia và phát triển kỹ năng.
  - **Chia sẻ kinh nghiệm**: Các sinh viên khóa trên chia sẻ kinh nghiệm học tập, tham gia các hoạt động ngoại khóa và tìm kiếm việc làm.

Sự kiện này không chỉ giúp tân sinh viên làm quen với môi trường học tập mà còn tạo cơ hội để họ kết nối với nhau và với các giảng viên, từ đó tạo nền tảng vững chắc cho quá trình học tập tại trường.

Nếu bạn cần thêm thông tin chi tiết về các hoạt động khác của khoa hoặc trường, hãy cho tôi biết! 

[Thông tin về sự kiện chào đón tân sinh viên] - [**Link tham khảo**](https://www.haui.edu.vn/vn/tin-tuc/dai-hoc-cong-nghiep-ha-noi-tiep-giam-doc-van-phong-tieng-anh-khu-vuc-dai-su-quan-hop-chung-quoc-hoa-ky-tham-va-lam-viec-voi-truong/60775).","Khoa Công nghệ thông tin Trường Đại học Công nghiệp Hà Nội đã tổ chức sự kiện Chào tân sinh viên Khóa 19 với chủ đề 'Programing your future' vào ngày 13/10/2024. Sự kiện không chỉ chào đón các tân sinh viên mà còn tạo cơ hội cho họ khám phá một thế giới mới với những trải nghiệm thú vị, mở ra một môi trường đại học năng động. Trong chương trình, TS. Đặng Trọng Hợp, Trưởng khoa CNTT, đã phát biểu giới thiệu về Khoa và động viên tinh thần học tập, nghiên cứu khoa học, cũng như hoạt động ngoại khóa cho tân sinh viên. Sự kiện còn có sự tham gia của đại diện các công ty như FPT Software và IT Plus, chia sẻ về kỹ năng và cơ hội việc làm trong ngành CNTT.",0.8765360610435072,0.0,0.0,0.0,0.5973711013793945,11.944619178771973
Tại sao sinh viên CNTT lại cần tham gia tọa đàm về AI?,"['content: đến lãnh đạo nhà trường. Hội nghị tiếp thu gần 50 ý kiến của sinh viên về các vấn đề như công tác khảo thí, học kết hợp online… Hội nghị đã lắng nghe gần 50 ý kiến từ Lớp trưởng, Bí thư các lớp, tập trung vào các vấn đề như: chương trình học kết hợp online, về học bổng, về việc làm sau khi ra trường, công tác khảo thí; về hoạt động Đoàn - Hội... Tất cả các ý kiến đều được giải đáp tại hội nghị. Ngoài các ý kiến trực tiếp, sinh viên có thể gửi ý kiến của mình thông qua phiếu ý kiến được phát trực tiếp tại hội nghị. Bạn Đoàn Mạnh Hoàng - khoa Quản lý kinh doanh có thắc mắc về vấn đề học kết hợp online Sinh viên ở cơ sở 3 Hà Nam mong muốn tìm hiểu sâu hơn về các chương trình đào tạo hợp tác với nước ngoài Đại diện Trung tâm Quản lý kí túc xá giải đáp thắc mắc cho sinh viên Đại diện Phòng Đào tạo giải đáp thắc mắc cho sinh viên về chương trình học kết hợp online Một số hình ảnh tại Hội nghị: Thứ Tư, 15:04 30/12/2020 Tags: Hội nghị Lớp trưởng Bí thư chi đoàn năm 2020 sinh viên Đại học Công nghiệp Hà Nội\\nnext_contents:\\n- trong công tác đảm bảo an ninh trật tự, an toàn xã hội và quản lý sinh viên nội, ngoại trú; đại bộ phận sinh viên có ý thức tốt, chấp hành tốt các quy định của nhà trường và nơi cư trú, tích cực tham gia các hoạt động, góp phần xây dựng văn hóa nhà trường và nơi cư trú. Thầy Trần Ngọc Khánh - Trưởng phòng Công tác sinh viên trình bày báo cáo công tác sinh viên từ tháng 07/2020 Báo cáo cũng nêu những kết quả cụ thể: từ tháng 7/2020, nhà trường đã tổ chức thành công nhiều hoạt động: tuần sinh hoạt sinh viên đầu khóa, tổ chức 02 đợt hiến máu nhân đạo; Phối hợp với Bộ GD&ĐT, Ủy ban An toàn Giao thông quốc gia và Công ty Honda tổ chức Hội thi tìm hiểu Luật giao thông đường bộ và kỹ năng lái xe mô tô an toàn cho sinh viên các trường ĐH khu vực Hà Nội năm 2020; Tổ chức chương trình “Đền ơn đáp nghĩa - Uống nước nhớ nguồn”; Tổ chức giải bóng rổ sinh viên các trường đại học, học viện và cao đẳng khu vực Hà Nội năm 2020 gồm 32 đội bóng…. PGS.TS.Phạm Văn Bổng - Phó hiệu trưởng nhà trường chỉ đạo và trực tiếp giải đáp thắc mắc cho sinh viên Chỉ đạo và trực tiếp giải đáp ý kiến của sinh viên tại hội nghị, PGS.TS. Phạm Văn Bổng - Phó Hiệu trưởng nhà trường khẳng định công tác phòng chống dịch bệnh COVID -19 tại trường đã và đang được thực hiện tốt, trong đó có ý thức đóng góp chung của sinh viên nhà trường. Thầy Phó hiệu trưởng đánh giá cao vai trò, trách nhiệm của cán bộ lớp. Thầy mong muốn Lớp trưởng, Bí thư các lớp tiếp tục là đầu mối giúp kết nối, gửi gắm tâm tư, nguyện vọng của sinh viên đến lãnh đạo nhà trường. Hội nghị tiếp thu gần 50 ý kiến của sinh viên về các vấn đề như công tác khảo thí, học kết hợp online… Hội nghị đã lắng nghe gần 50 ý kiến từ Lớp trưởng, Bí thư các lớp, tập trung vào các vấn đề như: chương trình học kết hợp online, về học bổng, về việc làm sau khi ra trường, công tác khảo thí; về hoạt động Đoàn - Hội... Tất cả các ý kiến đều được giải đáp tại hội nghị. Ngoài các ý kiến trực tiếp, sinh viên có thể gửi ý kiến của mình thông qua phiếu ý kiến được phát\\n', 'content: Hội thảo Công nghệ phần mềm và Khoa học dữ liệu Thứ Tư, 13:51 29/06/2022 1267 Sáng ngày 29/6, Đại học Công nghiệp Hà Nội tổ chức Hội thảo Công nghệ phần mềm và Khoa học dữ liệu. Gần 20 nội dung được chọn để chia sẻ tại 4 tiểu ban, mang đến nhiều kiến thức chuyên môn về lĩnh vực Công nghệ phần mềm và Khoa học dữ liệu. Hội thảo Công nghệ phần mềm và Khoa học dữ liệu Phát biểu khai mạc, TS. Đặng Trọng Hợp - Trưởng khoa CNTT nhấn mạnh: Hội thảo Công nghệ phần mềm và Khoa học dữ liệu là diễn đàn để các thầy cô và nhà khoa học thảo luận về các lĩnh vực mới, tiên tiến của CNTT và ứng dụng trong hoạt động dạy học, nghiên cứu khoa học tại Đại học Công nghiệp Hà Nội. TS.Đặng Trọng Hợp - Trưởng khoa Công nghệ thông tin Chia sẻ kinh nghiệm viết bài báo khoa học bằng tiếng Anh, PGS.TS.Nguyễn Quang Uy đến từ Học viện Kỹ thuật Quân sự thông tin: Các nhà nghiên cứu trước khi gửi bài viết đăng tạp chí thì cần xác định các câu hỏi: Tác giả muốn bài báo đạt được điều gì? Vấn đề khoa học mà tác giả truyền tải là gì? Tại sao người khác quan tâm và người quan tâm là ai, trình độ kiến thức họ thế nào…. PGS.TS.Nguyễn Quang Uy - Học viện Kỹ thuật Quân sự chia sẻ về kinh nghiệm viết bài báo khoa học bằng Tiếng Anh Ths.Trần Thanh Hùng chia sẻ về chủ đề “Xây dựng ứng dụng hỗ trợ an toàn trong lái xe bằng công nghệ AI” Tại các ban chuyên đề của Hội thảo, các tác giả đã trình bày những nội dung như: Xây dựng và huấn luyện mô hình hồi quy áp dụng cho chiến dịch tiếp thị - sử dụng ngôn ngữ lập trình python và google colaboratory; Lập trình âm thanh cơ bản với ngôn ngữ ChucK; Sử dụng Material Design in Xaml Toolkit trong thiết kế GUI của ứng dụng WPF; Tìm hiểu công cụ File Server Resource Manager của Windows Server 2019… Hội thảo là diễn đàn chia sẻ, trao đổi kiến thức chuyên môn cho cán bộ, giảng viên ngành CNTT Hội thảo Công nghệ phần mềm và Khoa học dữ liệu diễn ra thành công tốt đẹp, là diễn đàn để cán bộ, giảng viên lĩnh vực CNTT có cơ hội giao lưu, chia sẻ và trao đổi kinh nghiệm Thứ Tư,\\nnext_contents:\\n', 'content: của diễn đàn gồm 2 phiên thảo luận có sự tham gia của các diễn giả, chuyên gia đến từ các trường đại học, doanh nghiệp Việt Nam và Hoa Kỳ. Phiên 1 với nội dung “Tương lai của Giáo dục kỹ thuật số trong giáo dục đại học Việt Nam”. Phiên 2 với nội dung “Giáo dục Đại học Việt Nam chuẩn bị cho môi trường giảng dạy ảo”. Người tham dự sẽ được nghe chia sẻ từ giảng viên, chuyên viên và ban quản trị/lãnh đạo của các trường đại học đối tác chiến lược của BUILD-IT, những người đã thực hiện và hưởng lợi từ các chương trình đào tạo này. Các diễn giả sẽ cùng nhau thảo luận và chia sẻ những thành công, thách thức và giải pháp mà bản thân đã trải qua. Một số hình ảnh khác tại diễn đàn: Thứ Sáu, 16:53 21/10/2022 Tags: Dự án BUILD-IT Diễn đàn Chuyển đổi số Giáo dục Đại học\\nnext_contents:\\n- Trường Đại học Công nghiệp Hà Nội. Sự có mặt của các chuyên gia, diễn giả và khách mời thể hiện sự quan tâm đặc biệt đến vấn đề chuyển đổi số trong giáo dục đại học. Tháng 5/2022, Trường Đại học Công nghiệp Hà Nội phối hợp với Dự án BUILD-IT tổ chức thành công Diễn đàn “Các giá trị của Kiểm định quốc tế và câu chuyện thành công”. Đây chính là nền tảng để nhà trường tiếp tục đăng cai tổ chức diễn đàn lần này và thời gian tới. Hiện nay, ở Việt Nam, chuyển đổi số là cơ hội để phát triển quốc gia. Ngày 10 tháng 10 hàng năm được Chính phủ lựa chọn là Ngày Chuyển đổi số quốc gia. Điều đó thể hiện vai trò của chuyển đổi số trong thời kỳ Cách mạng công nghiệp 4.0. Đặc biệt là chuyển đổi số trong quản trị đại học. PGS.TS.Trần Đức Quý - Hiệu trưởng nhà trường phát biểu tại Diễn đàn PGS.TS.Trần Đức Quý nhấn mạnh: không chỉ hệ thống giáo dục đại học Việt Nam, mà cả thế giới cũng đang chuyển mình trong kỷ nguyên số, bên cạnh xu thế quốc tế hóa, thì chuyển đổi số với mục đích phát triển giáo dục đào tạo ở trình độ cao, chất lượng tốt và tạo điều kiện thuận lợi để người học tiếp cận với giáo dục đại học tiên tiến. Nhân dịp này, PGS.TS.Trần Đức Quý gửi lời cảm ơn đến Dự án BUILD-IT đã hợp tác và đồng hành với các cơ sở giáo dục của Việt Nam nói chung và Trường Đại học Công nghiệp Hà Nội nói riêng; cảm ơn tất cả các khách mời tham gia chia sẻ kinh nghiệm và ý tưởng tại diễn đàn. Phiên thảo luận với chủ đề: Tương lai của Giáo dục kỹ thuật số trong giáo dục đại học Việt Nam Cấu trúc chương trình của diễn đàn gồm 2 phiên thảo luận có sự tham gia của các diễn giả, chuyên gia đến từ các trường đại học, doanh nghiệp Việt Nam và Hoa Kỳ. Phiên 1 với nội dung “Tương lai của Giáo dục kỹ thuật số trong giáo dục đại học Việt Nam”. Phiên 2 với nội dung “Giáo dục Đại học Việt Nam chuẩn bị cho môi trường giảng dạy ảo”. Người tham dự sẽ được nghe chia sẻ từ giảng viên, chuyên viên và ban quản trị/lãnh đạo của các trường đại học đối tác chiến lược của BUILD-IT, những người đã thực hiện và hưởng lợi\\n', 'content: Tọa đàm Tư vấn sức khỏe tâm lý và giới tính: “Sinh viên gen Z: Sống chủ động & tích cực” Thứ Bảy, 11:49 09/11/2024 4972 Ngày 09/11/2024, tại cơ sở đào tạo Hà Nam, Trường Đại học Công nghiệp Hà Nội tổ chức tọa đàm với chủ đề ""Sinh viên gen Z: Sống chủ động & tích cực"", với mục tiêu cung cấp kiến thức và kỹ năng cần thiết về tâm lý, giới tính và sức khỏe sinh sản cho các bạn trẻ. Sự kiện thu hút sự quan tâm đông đảo của sinh viên. Hơn 500 sinh viên năm nhất hào hứng tham dự buổi tọa đàm Tư vấn sức khỏe tâm lý và giới tính Sự kiện có sự tham gia của diễn giả giàu kinh nghiệm trong lĩnh vực tâm lý và giáo dục: TS. Nguyễn Thị Trang từ Học viện Hành chính Quốc gia và Ths. Nguyễn Quyết Thắng, Giám đốc Trung tâm Kỹ năng Phụ nữ và Trẻ em, Hội Khoa học Tâm lý - Giáo dục Việt Nam. Trong phần chia sẻ của mình, TS. Nguyễn Thị Trang tập trung vào những thách thức tâm lý mà sinh viên thường gặp khi bắt đầu cuộc sống học tập xa nhà. TS. Trang chỉ ra rằng việc thay đổi môi trường sống và học tập có thể gây ra nhiều áp lực, dẫn đến cảm giác cô đơn, lo lắng và mất cân bằng. Để vượt qua những khó khăn này, sinh viên nên lập kế hoạch học tập rõ ràng, quản lý thời gian hiệu quả và tạo dựng môi trường học tập cũng như giải trí lành mạnh. TS. Trang cũng khẳng định việc rèn luyện các kỹ năng như giao tiếp, tự quản lý bản thân và làm việc nhóm là yếu tố quan trọng giúp sinh viên sẵn sàng đối mặt với các thử thách và thành công trong hành trình học tập. TS. Nguyễn Thị Trang chia sẻ những thách thức tâm lý mà sinh viên thường gặp khi bắt đầu cuộc sống học tập xa nhà Với mục tiêu mang đến những kiến thức bổ ích về giới tính, tình dục và sức khỏe sinh sản vị thành niên - những kiến thức quan trọng nhưng nhiều sinh viên còn thiếu, Thạc sĩ Thắng nhấn mạnh việc hiểu biết đúng đắn và lành mạnh về sức khỏe sinh sản không chỉ giúp sinh viên bảo vệ bản thân mà còn xây dựng một thái độ tích cực, trách nhiệm đối với các vấn đề giới tính trong xã hội. Bên cạnh đó, ông cũng chia sẻ về các biện pháp an\\nnext_contents:\\n', 'content: Seminar ""Một số kết quả nghiên cứu về bài toán DGA Botnet Mô hình, dữ liệu và phương pháp học"" (tiếp) Sáng ngày 22/10/2024, Khoa Công nghệ thông tin Trường Đại học Công Nghiệp Hà Nội đã tổ chức seminar khoa học với chủ đề ""Một số kết quả nghiên cứu về bài toán DGA Botnet Mô hình, dữ liệu và phương pháp học"". Seminar do TS. Tống Anh Tuấn – Trường Đại học Kỹ thuật – Hậu cần CAND trình bày. Buổi seminar có sự tham gia đông đảo của toàn thể cán bộ, giảng viên, chuyên gia, và nghiên cứu sinh của Khoa. Việc tổ chức các seminar là hoạt động khoa học định kỳ của Khoa nhằm tạo cầu nối để các nhà khoa học có thể chia sẻ về hướng nghiên cứu, kết quả nghiên cứu, tăng cường cơ hội trao đổi, hợp tác trong công tác nghiên cứu khoa học. Trong buổi seminar, TS. Tống Anh Tuấn đã chia sẻ các botnet đã thực sự trở thành một trong các mối đe dọa lớn nhất đối với mạng Internet toàn cầu do chúng đã và đang phát triển rất mạnh về cả quy mô, mức độ phân tán, kỹ thuật điều khiển và trực tiếp thực hiện, hoặc có liên quan chặt chẽ đến nhiều hoạt động độc hại, như tấn công DDoS, phát tán thư rác, quảng bá, phát tán các loại phần mềm độc hại, phần mềm gián điệp, quảng cáo, giả mạo địa chỉ URL, giả mạo hệ thống DNS, tấn công chèn mã độc trên các ứng dụng web và đánh cắp các thông tin nhạy cảm trên các hệ thống máy chủ cũng trên hệ thống máy người dùng cuối. Một số họ mã độc tống tiền (ransomware) được phát hiện gần đây có khả năng tự quảng bá, truyền thông qua mạng botnet và thậm chí các cuộc tấn công có chủ đích (APT) cũng đã bắt đầu sử dụng các botnet để triển khai thực hiện. Trong vài năm qua, một xu hướng mới của mạng botnet như một dịch vụ (Botnet as a Service - BaaS) đã hình thành, làm giảm chi phí của tội phạm mạng khi thực hiện các cuộc tấn công liên tục với qui mô rất lớn và mặt khác, giúp chúng kiểm soát botnet dễ dàng hơn. Cùng với xu hướng này, ngày càng có nhiều mạng botnet với quy mô ngày càng tăng với mức độ phân tán rất cao, tạo ra mối đe dọa nghiêm trọng đối với hệ sinh thái\\nnext_contents:\\n']","['Tọa đàm cùng các doanh nghiệp đặc biệt với chủ đề đầy tính thời sự và ý nghĩa - ""Hướng đi đúng cho sinh viên CNTT trong kỷ nguyên AI” là một cuộc đối thoại về xu hướng công nghệ, cơ hội để chúng ta lắng nghe và cảm nhận tinh thần tiên phong, sáng tạo của thế hệ trẻ, đặc biệt là các bạn sinh viên CNTT, trong sứ mệnh khai thác AI, phát triển các giải pháp thông minh, và định hình tương lai công nghệ bền vững. Tọa đàm ""Làn Sóng Layoff và Cách Đối Mặt” là chủ đề rất nóng hổi và gần gũi với thực tế hiện nay, đặc biệt là trong bối cảnh biến động của thị trường lao động toàn cầu. Tại chương trình, Các bạn tân sinh viên được đắm mình trong không gian âm nhạc sôi động với những ca khúc đình đám, cùng nhau hát vang và hòa mình vào không khí của sự kiện. Nơi đây ngoài những câu lạc bộ về học thuật còn có vô vàn các câu lạc bộ ngoại khóa như thanh niên tình nguyện, hỗ trợ kỹ thuật, truyền thông…là môi trường tốt để các bạn tạo dựng những mối quan hệ mới, khám phá tài năng của bản thân và cùng nhau viết nên những kỷ niệm đẹp đẽ trong hành trình mới. Đại diện Câu lạc bộ thanh niên tình nguyện Khoa CNTT giới thiệu về CLB Đại diện Câu lạc bộ truyền thông FIT-Media giới thiệu về Câu lạc bộ Đại diện Đội nghệ thuật Istar Khoa CNTT giới thiệu về đội Đại diện Câu lạc bộ thể thao thao điện tử HEC giới thiệu về Câu lạc bộ Đại diện Câu lạc bộ Tin học HIT Khoa CNTT giới thiệu về CLB Được đầu tư công phu và kỹ lưỡng, chương trình Chào tân sinh viên Khóa 19 Khoa Công nghệ thông tin là chương trình mở đầu cho các chương trình, sự kiện tiếp tục với những hoạt động đồng hành cùng các bạn sinh viên trong thời gian sắp tới. Chắc hẳn hứa hẹn sẽ lưu lại nhiều kỷ niệm đáng nhớ trong những năm tháng thanh xuân dưới ngôi nhà chung Khoa Công nghệ thông tin Trường Đại học Công Nghiệp Hà Nội. Thứ Hai, 11:54 14/10/2024 Tags:']","### Hoạt động khóa và các hoạt động đoàn hội tại Khoa Công nghệ thông tin

1. **Hoạt động ngoại khóa**:
   - Sinh viên được khuyến khích tham gia các hoạt động ngoại khóa và hợp tác doanh nghiệp nhằm mở rộng kiến thức, rèn luyện kỹ năng và tạo cơ hội tiếp xúc với thực tế ngành nghề.
   - Trường thường xuyên tổ chức các hoạt động như tham quan doanh nghiệp, diễn đàn chuyên đề, hội thảo, và buổi chia sẻ kinh nghiệm từ các chuyên gia trong ngành.

2. **Hợp tác doanh nghiệp**:
   - Sinh viên có cơ hội tham gia vào các dự án nghiên cứu, dự án hợp tác với doanh nghiệp, giúp áp dụng kiến thức đã học vào thực tế và xây dựng mối quan hệ với các doanh nghiệp trong ngành.

3. **Khuyến khích nghiên cứu khoa học**:
   - Khoa cũng chú trọng đến việc phát triển hoạt động nghiên cứu khoa học của sinh viên, tạo điều kiện cho sinh viên tham gia vào các đề tài nghiên cứu và các cuộc thi khoa học.

### Tại sao sinh viên CNTT cần tham gia tọa đàm về AI?

1. **Cập nhật kiến thức mới**:
   - Tọa đàm về AI giúp sinh viên cập nhật những xu hướng công nghệ mới nhất trong lĩnh vực trí tuệ nhân tạo, một trong những lĩnh vực đang phát triển nhanh chóng và có ảnh hưởng lớn đến nhiều ngành nghề.

2. **Phát triển kỹ năng**:
   - Tham gia tọa đàm giúp sinh viên phát triển kỹ năng mềm như giao tiếp, thuyết trình và làm việc nhóm, những kỹ năng cần thiết trong môi trường làm việc hiện đại.

3. **Kết nối với chuyên gia**:
   - Tọa đàm là cơ hội để sinh viên gặp gỡ, giao lưu với các chuyên gia trong ngành, từ đó mở rộng mạng lưới quan hệ và tìm kiếm cơ hội nghề nghiệp trong tương lai.

4. **Khả năng ứng dụng thực tiễn**:
   - Sinh viên có thể hiểu rõ hơn về cách thức ứng dụng AI trong thực tế, từ đó có thể áp dụng kiến thức vào các dự án thực tế trong học tập và công việc sau này.

### Tài liệu tham khảo
- [Ngành Công nghệ kỹ thuật khuôn mẫu: Tạo dựng tương lai từ sự sáng tạo](https://www.haui.edu.vn/vn/goc-nhin-haui/nganh-cong-nghe-ky-thuat-khuon-mau-tao-dung-tuong-lai-tu-su-sang-tao/65042) - **Link tham khảo**.
- [Sinh viên Trường Đại học Công nghiệp Hà Nội sáng tạo túi thời trang tái chế, lan tỏa thông điệp bảo vệ môi trường](https://www.haui.edu.vn/vn/tin-tuc/sinh-vien-truong-dai-hoc-cong-nghiep-ha-noi-sang-tao-tui-thoi-trang-tai-che-lan-toa-thong-diep-bao-ve-moi-truong/65351) - **Link tham khảo**.

Nếu bạn cần thêm thông tin hoặc có câu hỏi khác, hãy cho tôi biết!","Sinh viên CNTT cần tham gia tọa đàm về AI để lắng nghe và cảm nhận tinh thần tiên phong, sáng tạo của thế hệ trẻ trong sứ mệnh khai thác AI, phát triển các giải pháp thông minh, và định hình tương lai công nghệ bền vững.",0.7465322688137569,0.5833333333041666,0.0,0.6666666666666666,0.704941987991333,16.818909168243408
Trường Đại học Công Nghiệp Hà Nội có những hoạt động gì trong nhiệm kỳ 2024 - 2027?,"['content: [danviet] Trường Đại học Công nghiệp Hà Nội dự kiến điểm chuẩn năm 2024: Khối nào tăng? Thứ Hai, 09:25 29/07/2024 2270 Đại diện Trường Đại học Công nghiệp Hà Nội đã đưa ra dự kiến điểm chuẩn năm 2024 với các khối A00, A01, D01. Dự kiến điểm chuẩn Trường Đại học Công nghiệp Hà Nội năm 2024 Trước những lo lắng của thí sinh về điểm chuẩn đại học năm 2024, chia sẻ với PV báo Dân Việt, TS Thân Thanh Sơn, Trưởng phòng Đào tạo của Trường ĐH Công nghiệp Hà Nội, cho hay: ""Năm nay, Trường Đại học Công nghiệp Hà Nội tuyển sinh đại học chính quy 7.650 chỉ tiêu cho 52 ngành/chương trình đào tạo. Như vậy, so với năm 2023, trường đã tăng 150 chỉ tiêu và phân bổ cho ngành mở mới, tuyển sinh riêng. Hai ngành/chương trình đào tạo mới của trường là An toàn thông tin và Ngôn ngữ Trung Quốc (mô hình liên kết 2+2). Ngành An toàn thông tin có nhu cầu nhiều trong thời gian vừa qua ở Việt Nam và cả thế giới. Trong khi đó, nguồn nhân lực đào tạo mỗi năm không nhiều. Dự kiến điểm chuẩn Trường Đại học Công nghiệp Hà Nội năm 2024 sẽ tăng ở một số ngành hot. Ảnh: Tào Nga Ngành Ngôn ngữ Trung Quốc được quan tâm hiện nay do đầu tư thương mại 2 chiều giữa các nước lớn, cần nguồn nhân lực biên phiên dịch và quản lý. Chương trình 2 + 2 có nhiều lợi thế giúp sinh viên học 2 năm tại Trường và 2 năm tại Trung Quốc đào tạo nhân lực chất lượng cao"". Về điểm chuẩn, trường dành 65% chỉ tiêu thông qua phương thức xét điểm thi tốt nghiệp THPT. Qua công bố điểm thi ngày 17/7, phổ điểm A00, A01, D01 là 3 tổ hợp chủ yếu xét các ngành, tổ hợp như ngành Kỹ thuật, Công nghệ kỹ thuật, Sản xuất chế biến, Du lịch khách sạn… tăng lên. Với điểm thi, chỉ tiêu tăng nhẹ như vậy, dự kiến điểm chuẩn Trường Đại học Công nghiệp Hà Nội về cơ bản ổn định tùy từng ngành, từng lĩnh vực nhưng ngành hot cũng sẽ tăng nhẹ. Những ngành uy tín và mang thương hiệu nhà trường như Công nghệ kỹ thuật cơ khí, Kỹ thuật ô tô, Cơ điện tử, Điều khiển tự động hóa, Khoa học máy tính, Logistics và quản lý chuỗi cung ứng. Đại diện Trường Đại học\\nnext_contents:\\n', 'content: [giaoduc] Trường Đại học Công nghiệp Hà Nội công bố điểm sàn, cao nhất 23 điểm Thứ Sáu, 09:20 19/07/2024 3931 GDVN- Trường Đại học Công nghiệp Hà Nội vừa công bố mức điểm để thí sinh được đăng ký xét tuyển (điểm sàn), trong đó dao động từ 18 đến 23 điểm. Theo đó, theo thông báo ngày 18/7 của Trường Đại học Công nghiệp Hà Nội (HaUI), mức điểm để thí sinh được đăng ký xét tuyển (điểm sàn) vào Trường Đại học Công nghiệp Hà Nội là từ 18 đến 23 điểm. Cụ thể, ngành Công nghệ thông tin, ngành Logistics và Quản lý chuỗi cung ứng lấy mức điểm sàn cao nhất (23 điểm). Đây cũng là 2 ngành có điểm chuẩn cao nhất trường các năm gần đây. Sinh viên Trường Đại học Công nghiệp Hà Nội. Ảnh: Mộc Trà. Tiếp đến là các ngành Công nghệ kỹ thuật cơ điện tử, Công nghệ kỹ thuật điều khiển và tự động hóa với điểm sàn 22 trở lên. Thấp nhất là các ngành Ngôn ngữ học, Trung Quốc học, Công nghệ kỹ thuật hóa học, Công nghệ kỹ thuật môi trường, Công nghệ vật liệu dệt may, Công nghệ dệt may, Công nghệ thực phẩm, Quản trị nhà hàng và dịch vụ ăn uống - cùng lấy điểm sàn 18 điểm. Chi tiết mức điểm sàn của các ngành năm 2024: Mức này là tổng điểm 3 môn thi tốt nghiệp trung học phổ thông theo tổ hợp cộng điểm ưu tiên (nếu có). Với một số ngành ngôn ngữ, trường tính theo thang điểm 40, với công thức: (Toán + Văn + Ngoại ngữ x 2) x 3/4 + Điểm ưu tiên. Thí sinh lưu ý cách tính điểm, nguyên tắc xét tuyển theo đề án tuyển sinh đại học chính quy năm 2024 của Trường Đại học Công nghiệp Hà Nội. Thí sinh có điểm đủ mức điểm điều kiện cần đăng ký xét tuyển, đăng ký nguyện vọng xét tuyển trên hệ thống tuyển sinh của Bộ Giáo dục và Đào tạo từ ngày 18/7 đến 17 giờ ngày 30/7/2024. Năm nay, Trường Đại học Công nghiệp Hà Nội tuyển sinh đại học chính quy 7.650 chỉ tiêu cho 52 ngành/chương trình đào tạo. Năm 2024, Trường Đại học Công nghiệp Hà Nội cũng có nhiều suất học bổng đầu vào dành cho tân sinh viên. Mức 1 là học bổng 100% học phí toàn khóa (khoảng 100 triệu đồng/suất) dành cho các thí sinh nhập học thỏa mãn ít\\nnext_contents:\\n', 'content: trị kinh doanh, ngành Quản trị khách sạn có thể đăng ký theo chương trình liên kết đào tạo 2+2 giữa Đại học Công nghiệp Hà Nội với Đại học Bách khoa Quế Lâm - Trung Quốc, học 2 năm tại Đại học Công nghiệp Hà Nội và 2 năm tại Đại học Bách khoa Quế Lâm. Sinh viên hoàn thành chương trình đào tạo và đủ điều kiện tốt nghiệp được cấp 2 bằng của Đại học Công nghiệp Hà Nội và Đại học Bách khoa Quế Lâm. Học bổng: Năm 2025, Đại học Công nghiệp Hà Nội dự kiến cấp học bổng cho sinh viên đại học chính quy có kết quả xét tuyển đầu vào xuất sắc với số tiền khoảng 2 tỷ đồng; học bổng cho sinh viên có thành tích học tập xuất sắc với số tiền khoảng 10 tỷ đồng; ngoài ra còn có các loại học bổng doanh nghiệp với số tiền khoảng 30 tỷ đồng. * Tuyển sinh Đại học từ xa: Dự kiến tuyển 750 chỉ tiêu tuyển sinh đại học từ xa gồm các ngành: Ngôn ngữ Anh, Ngôn ngữ Trung Quốc, Ngôn Ngữ Hàn Quốc, Quản trị kinh doanh, Kế toán. Thông tin chi tiết sẽ được cập nhật trên Cổng thông tin tuyển sinh của Nhà trường trước ngày 15/3/2025. * Tuyển sinh Cao đẳng chính quy: Dự kiến tuyển sinh 900 chỉ tiêu vào các ngành Cao đẳng chính quy. Thông tin chi tiết sẽ được cập nhật trên Cổng thông tin tuyển sinh của Nhà trường trước ngày 15/3/2025. Nguồn: Ban VĂN HÓA - XÃ HỘI Đài Tiếng nói Việt Nam Thứ Sáu, 18:10 20/12/2024 Tags:\\nnext_contents:\\n- GD&ĐT. Thông tin chi tiết sẽ được công bố trong Đề án tuyển sinh đại học năm 2025 (dự kiến trước ngày 15/03/2025). * Danh mục ngành/chương trình đào tạo tuyển sinh năm 2025: - Chương trình đào tạo Đại học chính quy theo thời gian chuẩn 4 năm, tuyển sinh đối với thí sinh tốt nghiệp THPT, chỉ tiêu 7.990, cấp bằng Cử nhân; từ năm thứ 2 sinh viên có thể đăng ký học thêm chương trình thứ 2 nếu đủ điều kiện, sinh viên có thể được công nhận tốt nghiệp cùng một lúc 2 chương trình. Dự kiến tổ hợp mới: *A0C: Toán, Vật lý, Công nghệ. *A0T: Toán, Vật lý, Tin học. *B0C: Toán, Hóa học, Công nghệ. *D0C: Toán, Tiếng Anh, Công nghệ. *D0G: Toán, Tiếng Anh, Giáo dục kinh tế và pháp luật. Chương trình đào tạo liên thông Đại học chính quy: tuyển sinh đối với người tốt nghiệp Cao đẳng, đăng ký xét tuyển và hoàn thành các học phần còn lại của chương trình đào tạo trình độ Đại học trong khoảng từ 2 - 2,5 năm; Chỉ tiêu dự kiến 250, gồm các ngành/CTĐT: Công nghệ kỹ thuật cơ khí; Công nghệ kỹ thuật ô tô; Công nghệ kỹ thuật điện, điện tử; Công nghệ kỹ thuật điện tử - viễn thông; Công nghệ thông tin. Chương trình đào tạo cấp bằng Kỹ sư: tuyển sinh đối với người có bằng Cử nhân, đăng ký xét tuyển vào chương trình đào tạo Đại học chuyên sâu đặc thù trong khoảng 1 năm; Chỉ tiêu dự kiến 120, gồm các ngành/CTĐT: Công nghệ kỹ thuật cơ khí; Công nghệ kỹ thuật điện, điện tử; Công nghệ kỹ thuật điện tử - viễn thông. Chương trình đào tạo liên kết quốc tế: Sinh viên trúng tuyển nhập học ngành Marketing, ngành Quản trị kinh doanh, ngành Quản trị khách sạn có thể đăng ký theo chương trình liên kết đào tạo 2+2 giữa Đại học Công nghiệp Hà Nội với Đại học Bách khoa Quế Lâm - Trung Quốc, học 2 năm tại Đại học Công nghiệp Hà Nội và 2 năm tại Đại học Bách khoa Quế Lâm. Sinh viên hoàn thành chương trình đào tạo và đủ điều kiện tốt nghiệp được cấp 2 bằng của Đại học Công nghiệp Hà Nội và Đại học Bách khoa Quế Lâm. Học bổng: Năm 2025, Đại học Công nghiệp Hà Nội dự kiến cấp học bổng cho sinh viên đại học chính quy\\n', 'content: Hội nghị viên chức, người lao động Trường Đại học Công nghiệp Hà Nội năm 2023 Thứ Bảy, 12:27 16/09/2023 2042 Sáng ngày 16/9, Trường Đại học Công nghiệp Hà Nội tổ chức Hội nghị viên chức, người lao động, tổng kết năm học 2022 - 2023 và triển khai nhiệm vụ năm học 2023 - 2024 với 7 nội dung trọng tâm. Tham dự Hội nghị, có đồng chí Phan Văn Bản - Phó Bí thư Thường trực Đảng ủy Bộ Công Thương, UVBCH Tổng Liên đoàn Lao động Việt Nam, Chủ tịch Công đoàn Công Thương Việt Nam; đồng chí Lê Thị Tâm - Trưởng ban Chính sách pháp luật và Quan hệ lao động, Công đoàn Công Thương Việt Nam; Hội đồng Trường, Ban Giám hiệu, Ban chấp hành Công đoàn trường và 640 đại biểu đại diện viên chức, người lao động của Trường Đại học Công nghiệp Hà Nội. Đại biểu tham dự Hội nghị tại Hội trường tầng 3, Nhà A11 Đại biểu tham dự Hội nghị tại điểm cầu tầng 2, Nhà A3 Tổng kết năm học 2022 – 2023 và đề ra 07 nhiệm vụ trọng tâm năm học 2023 - 2024 Trình bày trong báo cáo tổng kết năm học 2022 - 2023, TS.Kiều Xuân Thực - Hiệu trưởng nhà trường nhấn mạnh: Năm học 2022 - 2023 kết thúc với những thành tựu đáng ghi nhận trong thực hiện nhiệm vụ chính trị và nhiệm vụ chuyên môn của Nhà trường trên các mặt: Công tác tuyển sinh đào tạo; Nghiên cứu khoa học; Công tác tổ chức cán bộ, thực hiện chế độ, chăm lo đời sống đối với viên chức, người lao động và thực hiện quy chế dân chủ; Công tác tài chính – Cơ sở vật chất; Truyền thông, chuyển đổi số; Công tác thi đua, khen thưởng và hoạt động Đảng, đoàn thể. Bên cạnh đó, nhà trường thực hiện và phát huy tốt quy chế dân chủ, tạo sự đồng thuận thống nhất trong toàn trường; chăm lo đời sống vật chất, tinh thần cho người lao động, thu nhập của viên chức, người lao động ngày càng được nâng cao. TS.Kiều Xuân Thực - Hiệu trưởng nhà trường trình bày báo cáo tổng kết năm học 2022 - 2023 và phương hướng nhiệm vụ năm học 2023 - 2024 Năm học 2023 - 2024 cũng là năm kỷ niệm 125 năm ngày truyền thống, Trường Đại học Công nghiệp Hà Nội quyết tâm thực hiện tốt 7 nhiệm vụ trọng\\nnext_contents:\\n', 'content: đủ điều kiện tốt nghiệp được cấp 2 bằng của Đại học Công nghiệp Hà Nội và Đại học Khoa học Kỹ thuật Quảng Tây; + Sinh viên trúng tuyển nhập học ngành Quản trị kinh doanh, ngành Marketing, ngành Quản trị khách sạn có thể đăng ký theo chương trình liên kết đào tạo 2+2 giữa Đại học Công nghiệp Hà Nội với Đại học Bách khoa Quế Lâm - Trung Quốc, học 2 năm tại Đại học Công nghiệp Hà Nội và 2 năm tại Đại học Bách khoa Quế Lâm. Sinh viên hoàn thành chương trình đào tạo và đủ điều kiện tốt nghiệp được cấp 2 bằng của Đại học Công nghiệp Hà Nội và Đại học Bách khoa Quế Lâm. 3. Học bổng Năm 2024, Đại học Công nghiệp Hà Nội dự kiến cấp học bổng cho sinh viên có kết quả xét tuyển đầu vào xuất sắc với số tiền khoảng 2 tỷ đồng; học bổng cho sinh viên có thành tích học tập xuất sắc với số tiền khoảng 10 tỷ đồng; ngoài ra còn có các loại học bổng doanh nghiệp với số tiền khoảng 30 tỷ đồng. Đại học Công nghiệp Hà Nội trao 130 suất học bổng cho sinh viên đạt thành tích cao trong kỳ tuyển sinh năm học 2023 - 2024, với tổng trị giá 1 tỷ 955 triệu đồng 4. Tuyển sinh Đại học từ xa, Đại học vừa làm vừa học, Cao đẳng chính quy Năm 2024 Nhà trường tiếp tục tuyển sinh các ngành/chương trình đào tạo Đại học từ xa, Đại học vừa làm vừa học và Cao đẳng chính quy. Thông tin chi tiết sẽ được cập nhật trên Cổng thông tin tuyển sinh của Nhà trường trước ngày 15/3/2024. 5. Thông tin liên hệ: Thí sinh có thể truy cập Website https://tuyensinh.haui.edu.vn Fanpage https://facebook.com/tuyensinh.haui xem hướng dẫn và được tư vấn trực tiếp về ngành nghề, về các phương thức xét tuyển để có những lựa chọn phù hợp nhất cho bản thân, đồng thời chuẩn bị sẵn sàng mọi điều kiện cho đăng ký xét tuyển. Văn phòng Tuyển sinh & Học vụ - Trường Đại học Công nghiệp Hà Nội - Địa chỉ: Số 298, Đường Cầu Diễn, Quận Bắc Từ Liêm, Thành phố Hà Nội - Điện thoại: 02437655121 Máy lẻ 277/255 - Hotline: 0834560255 - Website: tuyensinh.haui.edu.vn - Fanpage: facebook.com/tuyensinh.haui ; facebook.com/DHCNHNofficial Thứ Ba, 08:15\\nnext_contents:\\n- 7220210 Ngôn ngữ Hàn Quốc 44 7229020 Ngôn ngữ học 45 7810101 Du lịch 46 7810103 Quản trị dịch vụ du lịch và lữ hành 47 7810201 Quản trị khách sạn 48 7810202 Quản trị nhà hàng và dịch vụ ăn uống 49 7310104 Kinh tế đầu tư 50 7310612 Trung Quốc học 51 7320113 Công nghệ đa phương tiện 52 7210404 Thiết kế thời trang Đội tuyển DCN - ĐT 02, Đại học Công nghiệp Hà Nội vô địch Robocon Việt Nam 2023 - Chương trình đào tạo liên thông Đại học chính quy, tuyển sinh đối với người tốt nghiệp Cao đẳng, đăng ký xét tuyển và hoàn thành các học phần còn lại của chương trình đào tạo trình độ Đại học trong khoảng từ 2 - 2,5 năm; Chỉ tiêu 250, gồm các ngành/CTĐT: Công nghệ kỹ thuật cơ khí; Công nghệ kỹ thuật ô tô; Công nghệ kỹ thuật điện, điện tử; Công nghệ kỹ thuật điện tử - viễn thông; Công nghệ thông tin. - Chương trình đào tạo cấp bằng Kỹ sư, tuyển sinh đối với người có bằng Cử nhân, đăng ký xét tuyển và hoàn thành chương trình đào tạo Đại học chuyên sâu đặc thù trong khoảng 1 năm; Chỉ tiêu 120, gồm các ngành/CTĐT: Công nghệ kỹ thuật cơ khí; Công nghệ kỹ thuật điện, điện tử; Công nghệ kỹ thuật điện tử - viễn thông. - Chương trình đào tạo liên kết quốc tế: + Sinh viên trúng tuyển nhập học ngành Ngôn ngữ Trung Quốc, Ngôn ngữ Anh có thể đăng ký theo chương trình liên kết đào tạo 2+2 giữa Đại học Công nghiệp Hà Nội với Đại học Khoa học Kỹ thuật Quảng Tây - Trung Quốc, học 2 năm tại Đại học Công nghiệp Hà Nội và 2 năm tại Đại học Khoa học Kỹ thuật Quảng Tây, khi hoàn thành chương trình đào tạo và đủ điều kiện tốt nghiệp được cấp 2 bằng của Đại học Công nghiệp Hà Nội và Đại học Khoa học Kỹ thuật Quảng Tây; + Sinh viên trúng tuyển nhập học ngành Quản trị kinh doanh, ngành Marketing, ngành Quản trị khách sạn có thể đăng ký theo chương trình liên kết đào tạo 2+2 giữa Đại học Công nghiệp Hà Nội với Đại học Bách khoa Quế Lâm - Trung Quốc, học 2 năm tại Đại học Công nghiệp Hà Nội và 2 năm tại Đại học Bách khoa Quế Lâm. Sinh viên hoàn thành chương trình đào tạo và đủ điều kiện tốt nghiệp được\\n']","['Chúc mừng thành công Đại hội đại biểu Liên chi đoàn Khoa Công nghệ thông tin Trường Đại học Công Nghiệp Hà Nội nhiệm kỳ 2024 – 2027 Ngày 31/10/2024, Đại hội đại biểu Liên chi Đoàn Khoa Công nghệ thông tin nhiệm kỳ 2024 - 2027 đã diễn ra thành công tốt đẹp tại tầng 3 tòa nhà A11, Trường Đại học Công nghiệp Hà Nội . Đây là sự kiện chính trị quan trọng của Liên chi Đoàn Khoa CNTT nhằm báo cáo kết quả hoạt động nhiệm kỳ 2022 - 2024 và bầu ra Ban chấp hành Liên chi Đoàn khóa XI nhiệm kỳ 2024 - 2027, đánh dấu một chặng đường trong công tác Đoàn và phong trào Đoàn của Liên chi.']","Trường Đại học Công nghiệp Hà Nội đã tổ chức Đại hội đại biểu Đoàn TNCS Hồ Chí Minh nhiệm kỳ 2024 - 2027, diễn ra thành công vào ngày 31/10/2024. Dưới đây là một số thông tin nổi bật về hoạt động của trường trong nhiệm kỳ này:

1. **Khẩu hiệu hành động**: ""Tuổi trẻ Khoa CNTT Khát vọng – Bản lĩnh – Dấn thân – Sáng tạo – Chuyển đổi"".
2. **Mục tiêu và nhiệm vụ**:
   - Đánh giá thực trạng công tác Đoàn và phong trào thanh niên trong nhiệm kỳ 2022 - 2024.
   - Thảo luận và quyết định các mục tiêu, phương hướng, nhiệm vụ và chương trình hành động cho nhiệm kỳ 2024 - 2027.
   - Bầu ra Ban Chấp hành mới có đủ năng lực và nhiệt huyết để hoàn thành nhiệm vụ chính trị được giao.

3. **Thành tích**:
   - Liên Chi Đoàn Khoa Công nghệ thông tin đã hoàn thành nhiều nhiệm vụ trong nhiệm kỳ trước và nhận được nhiều danh hiệu như Chiến sỹ thi đua cấp cơ sở.

4. **Đại hội**: Đại hội có sự tham dự của các lãnh đạo Đoàn trường, các thầy cô cố vấn và các Liên chi Đoàn bạn trong trường.

Đại hội này không chỉ là một sự kiện chính trị quan trọng mà còn là cơ hội để các đoàn viên, thanh niên thể hiện tinh thần đoàn kết, sáng tạo và phát triển trong các hoạt động Đoàn.

Nguồn: [Đại hội Đại biểu Đoàn TNCS Hồ Chí Minh Trường Đại học Công nghiệp Hà Nội lần thứ XI, nhiệm kỳ 2024 - 2027](https://www.haui.edu.vn/vn/tin-tuc/dai-hoi-dai-bieu-doan-tncs-ho-chi-minh-truong-dai-hoc-cong-nghiep-ha-noi-lan-thu-xi-nhiem-ky-2024-2027-tien-phong-ban-linh-doan-ket-sang-tao-hoi-nhap/65807) - [**Link tham khảo**](https://www.haui.edu.vn/vn/tin-tuc/dai-hoi-dai-bieu-doan-tncs-ho-chi-minh-truong-dai-hoc-cong-nghiep-ha-noi-lan-thu-xi-nhiem-ky-2024-2027-tien-phong-ban-linh-doan-ket-sang-tao-hoi-nhap/65807).

Nếu bạn cần thêm thông tin về các hoạt động khác hoặc có câu hỏi cụ thể hơn, hãy cho tôi biết!","Trong nhiệm kỳ 2024 - 2027, Trường Đại học Công Nghiệp Hà Nội đã tổ chức Đại hội đại biểu Liên chi Đoàn Khoa Công nghệ thông tin vào ngày 31/10/2024, nhằm báo cáo kết quả hoạt động nhiệm kỳ 2022 - 2024 và bầu ra Ban chấp hành Liên chi Đoàn khóa XI.",0.0,0.0,0.0,1.0,0.8198268413543701,9.224661827087402
Nguyễn Tiến Tấn đã đóng vai trò gì trong Đại hội của Đoàn thanh niên Trường Đại học Công nghiệp Hà Nội?,"['content: Đại hội Đại biểu Đoàn TNCS Hồ Chí Minh Trường Đại học Công nghiệp Hà Nội lần thứ X: Tiên phong, bản lĩnh, đoàn kết, sáng tạo, hội nhập Thứ Hai, 18:48 13/06/2022 2720 Trong hai ngày 12 và 13/6/2022, Đại hội đại biểu Đoàn TNCS Hồ Chí Minh Trường ĐH Công nghiệp Hà Nội lần thứ X, nhiệm kỳ 2022 - 2024 diễn ra thành công tốt đẹp. Đồng chí Đỗ Minh Hiền được bầu giữ chức Bí thư Đoàn trường nhiệm kỳ 2022 - 2024. Đại hội là một sự kiện chính trị quan trọng, là ngày hội lớn của tuổi trẻ Đại học Công nghiệp Hà Nội, là nơi hội tụ và tỏa sáng trí tuệ, tâm huyết của 181 đại biểu là những cán bộ, đoàn viên ưu tú, đại diện cho gần 30.000 đoàn viên, thanh niên nhà trường. Tới dự và chỉ đạo Đại hội, về phía Thành đoàn Hà Nội, đồng chí Chu Hồng Minh - UV Ban Thường vụ Trung ương Đoàn, Thành ủy viên, Bí thư Thành đoàn; đồng chí Ngô Văn Thiện - UV Ban Thường vụ, Trưởng ban Đoàn kết Thanh niên và Địa bàn dân cư Thành đoàn; đồng chí Bùi Mạnh Hướng - UV Ban Thường vụ, Trưởng ban Công tác Thiếu nhi Thành đoàn Về phía Đại học Công nghiệp Hà Nội, có NGND.PGS.TS.Trần Đức Quý - Bí thư Đảng ủy, Hiệu trưởng nhà trường; NGƯT.PGS.TS.Lê Hồng Quân – Phó Bí thư Đảng ủy, Chủ tịch Hội đồng trường; cùng các đồng chí trong Đảng ủy, Ban Giám hiệu, Công đoàn trường; các đồng chí nguyên là Bí thư, Phó Bí thư, Ủy viên Ban Thường vụ Đoàn trường các thời kỳ; các đồng chí là trưởng, phó các Phòng, Khoa, Trung tâm, trường, viện, công ty thuộc Trường và 181 đại biểu đại diện cho gần 30.000 đoàn viên, thanh niên toàn trường. Toàn cảnh Đại hội đại biểu Đoàn TNCS Hồ Chí Minh trường Đại học Công nghiệp Hà Nội lần thứ X, nhiệm kỳ 2022 - 2024 Với chủ đề “Phát huy truyền thống anh hùng, tuổi trẻ trường Đại học Công nghiệp Hà Nội dưỡng tâm trong, rèn trí sáng, xây hoài bão lớn; xung kích, góp phần xây dựng nhà trường ngày càng vững mạnh ”. Đại hội lần này có nhiệm vụ đánh giá kết quả thực hiện Nghị quyết đại hội đại biểu khóa IX, xác định mục tiêu phương hướng công tác Đoàn và phong trào thanh niên nhiệm kỳ 2022 - 2024;\\nnext_contents:\\n', 'content: Đại hội Đại biểu Hội Sinh viên Việt Nam Trường Đại học Công nghiệp Hà Nội lần thứ IX, nhiệm kỳ 2023 – 2025 Thứ Ba, 18:15 20/06/2023 2111 Ngày 20/6/2023, Đại hội Đại biểu Hội Sinh viên Việt Nam Trường Đại học Công nghiệp Hà Nội lần thứ IX, nhiệm kỳ 2023 – 2025 đã diễn ra thành công tốt đẹp với sự tham dự của 213 đại biểu đại diện cho trí tuệ, sức trẻ, nhiệt huyết của hơn 32.000 hội viên, sinh viên đang học tập tại Trường Đại học Công nghiệp Hà Nội. Đại biểu tham dự Đại hội Đến tham dự và chỉ đạo Đại hội có sự hiện diện của đồng chí Trần Quang Hưng, Phó Bí thư Thành đoàn Hà Nội; đồng chí Hoàng Thanh Tâm, Uỷ viên Ban Thường vụ, Trưởng ban Thanh niên trường học Thành đoàn, Phó Chủ tịch Thường trực Hội Sinh viên Việt Nam thành phố Hà Nội; đồng chí Vũ Thị Minh Hằng, UVBCH, Phó Trưởng ban Thanh niên trường học Thành đoàn Hà Nội. Về phía Trường Đại học Công nghiệp Hà Nội, có: PGS.TS.Lê Hồng Quân, Bí thư Đảng uỷ, Chủ tịch Hội đồng Trường; TS.Kiều Xuân Thực, Phó bí thư Đảng uỷ, Hiệu trưởng nhà trường; PGS.TS.Phạm Văn Đông, Phó Hiệu trưởng; đồng chí Đỗ Minh Hiền, UVBCH Thành đoàn, Bí thư Đoàn thanh niên cùng đại diện trưởng, phó các đơn vị trong nhà trường Đoàn Chủ tịch tại Đại hội Đại hội Đại biểu Hội Sinh viên Việt Nam Trường Đại học Công nghiệp Hà Nội lần thứ IX, nhiệm kỳ 2023 – 2025 là sự kiện chính trị quan trọng của sinh viên Nhà trường. Đại hội có nhiệm vụ tổng kết và đánh giá công tác Hội và phong trào sinh viên nhiệm kỳ 2020 - 2023, thảo luận và quyết định phương hướng, nhiệm vụ, chương trình hành động của công tác Hội và phong trào sinh viên nhiệm kỳ 2023 - 2025; Đồng thời hiệp thương thống nhất bầu ra Ban chấp hành Hội Sinh viên trường khoá mới đủ trí tuệ, năng lực và phẩm chất đạo đức để gánh vác trách nhiệm và tổ chức chỉ đạo thực hiện thắng lợi các chủ trương, nhiệm vụ chính trị và chương trình công tác trong nhiệm kỳ tới. Trong phiên làm việc thứ nhất, Đại hội đã hiệp thương thống nhất Đề án nhân sự Ban Chấp hành, Ban Kiểm tra Hội Sinh\\nnext_contents:\\n', 'content: Đại hội Đại biểu Đoàn TNCS Hồ Chí Minh Trường Đại học Công nghiệp Hà Nội lần thứ XI, nhiệm kỳ 2024 - 2027: Tiên phong, bản lĩnh, đoàn kết, sáng tạo, hội nhập Thứ Hai, 18:25 09/12/2024 725 Với tinh thần dân chủ, đoàn kết, trí tuệ, Đại hội Đại biểu Đoàn TNCS Hồ Chí Minh Trường Đại học Công nghiệp Hà Nội (ĐHCNHN) đã bầu 29 đồng chí vào Ban chấp hành. Đồng chí Đỗ Minh Hiền được tín nhiệm giữ chức Bí thư Đoàn Trường Đại học Công nghiệp Hà Nội Đại hội Đại biểu Đoàn TNCS Hồ Chí Minh Trường Đại học Công nghiệp Hà Nội lần thứ XI, nhiệm kỳ 2024 - 2027 diễn ra ngày 09/12/2024 với nhiều nội dung quan trọng. Đại hội là sự kiện chính trị quan trọng, là ngày hội lớn của tuổi trẻ Nhà trường, là nơi hội tụ và tỏa sáng trí tuệ, tâm huyết của 161 đại biểu là những cán bộ, đoàn viên ưu tú, đại diện cho gần 30.000 đoàn viên, thanh niên nhà trường. Đại hội Đại biểu Đoàn TNCS Hồ Chí Minh Trường Đại học Công nghiệp Hà Nội lần thứ XI, nhiệm kỳ 2024 - 2027 Với chủ đề “Phát huy truyền thống anh hùng, tuổi trẻ Trường Đại học Công nghiệp Hà Nội rèn đức, luyện tài, sẵn sàng tiên phong đổi mới sáng tạo, chuyển đổi số và hội nhập trong thời đại mới”. Đại hội lần này có nhiệm vụ đánh giá kết quả thực hiện Nghị quyết đại hội đại biểu khóa X, xác định mục tiêu phương hướng công tác Đoàn và phong trào thanh niên nhiệm kỳ 2024 - 2027; đặc biệt là bầu ra BCH Đoàn trường khóa XI có đủ năng lực, trình độ, nhiệt huyết để hoàn thành sứ mệnh, nhiệm vụ chính trị và thực sự trở thành người bạn đồng hành cùng đoàn viên, thanh niên trong trường. Đại biểu tham dự Đại hội Báo cáo tổng kết công tác Đoàn và phong trào thanh niên nhiệm kỳ 2022 - 2024; phương hướng, nhiệm vụ, giải pháp công tác Đoàn và phong trào thanh niên nhiệm kỳ 2024 – 2027 nêu rõ: Công tác Đoàn và phong trào thanh niên Trường Đại học Công nghiệp Hà Nội nhiệm kỳ 2022 – 2024 đã có những bước phát triển mới, có chiều sâu, có sự chuyển biến rất tích cực, bám sát chỉ đạo của Đảng ủy, Ban Giám hiệu nhà trường và Thành đoàn Hà Nội. Sự nỗ lực, đoàn kết\\nnext_contents:\\n', 'content: bên trái) chụp hình lưu niệm cùng Ban Chấp hành Công đoàn Công Thương Việt Nam nhiệm kỳ 2023 – 2028 Đồng chí Phạm Văn Đông – Chủ tịch Công đoàn Trường Đại học Công nghiệp Hà Nội đã được đại hội tín nhiệm bầu vào Ban Chấp hành Công đoàn Công Thương Việt Nam khoá IV, nhiệm kỳ 2023 – 2028. Đại hội cũng bầu Đoàn đại biểu dự Đại hội Công đoàn Việt Nam lần thứ XIII gồm 10 đại biểu chính thức và 2 đại biểu dự khuyết. Một số hình ảnh tại Đại hội: Thứ Năm, 23:15 05/10/2023 Tags: Công đoàn Công thương Việt Nam Ban chấp hành Công đoàn Đại hội Công đoàn Công thương Việt Nam\\nnext_contents:\\n- kỳ 2023-2028 thông qua. PGS.TS.Phạm Văn Đông cùng các đại biểu trao đổi bên lề (Nguồn ảnh: Báo Công Thương) Đại hội kêu gọi toàn thể cán bộ, đoàn viên, CNVCLĐ toàn ngành Công Thương không ngừng học tập, rèn luyện và phấn đấu nhằm nâng cao nhận thức, trình độ, đổi mới tư duy, chủ động, sáng tạo trong lao động sản xuất kinh doanh và công tác, quyết tâm vượt qua khó khăn thử thách; tích cực hưởng ứng và tham gia một cách thiết thực, có hiệu quả các phong trào thi đua, các hoạt động của ngành; đoàn kết nhất trí, nêu cao tinh thần trách nhiệm, triển khai thực hiện đạt kết quả cao nhất các chỉ tiêu, nhiệm vụ của Đại hội Công đoàn Công Thương Việt Nam khóa IV, nhiệm kỳ 2023-2028 đã đề ra góp phần vào việc tăng cường và phát triển bền vững của ngành Công Thương Việt Nam, đồng thời khẳng định vị trí, nâng cao vai trò của tổ chức công đoàn trong tình hình mới. PGS.TS.Phạm Văn Đông, Trường Đại học Công nghiệp Hà Nội được bầu vào Ban chấp hành Công đoàn Công thương Việt Nam lần thứ IV nhiệm kỳ 2023-2028 Mỗi lá phiếu bầu gửi trọn niềm tin của đoàn viên, người lao động ngành Công Thương Đại hội Công đoàn Công Thương Việt Nam lần thứ IV, nhiệm kỳ 2023 - 2028 đã bầu ra: 38 đồng chí vào Ban Chấp hành khoá mới; 12 đồng chí Ủy viên Ban Thường vụ; 11 đồng chí Ủy viên Ủy ban kiểm tra. Đồng chí Phan Văn Bản, Chủ tịch Công đoàn Công Thương Việt Nam khóa III được tín nhiệm, tái đắc cử chức danh Chủ tịch Công đoàn Công Thương Việt Nam khoá IV, nhiệm kỳ 2023 - 2028. PGS.TS.Phạm Văn Đông (góc ngoài cùng bên trái) chụp hình lưu niệm cùng Ban Chấp hành Công đoàn Công Thương Việt Nam nhiệm kỳ 2023 – 2028 Đồng chí Phạm Văn Đông – Chủ tịch Công đoàn Trường Đại học Công nghiệp Hà Nội đã được đại hội tín nhiệm bầu vào Ban Chấp hành Công đoàn Công Thương Việt Nam khoá IV, nhiệm kỳ 2023 – 2028. Đại hội cũng bầu Đoàn đại biểu dự Đại hội Công đoàn Việt Nam lần thứ XIII gồm 10 đại biểu chính thức và 2 đại biểu dự khuyết. Một số hình ảnh tại Đại hội: Thứ Năm, 23:15 05/10/2023 Tags: Công đoàn Công thương\\n', 'content: Chung kết cuộc thi Sinh viên yêu thích tiếng Anh Let’s Go Thứ Tư, 07:35 08/01/2020 4253 Tối ngày 07/01/2020, Cuộc thi sinh viên yêu thích tiếng Anh Let’s Go với chủ đề “Sinh viên HaUI chung tay bảo vệ môi trường và chống đổi biến đổi khí hậu” đã diễn ra đêm thi Chung kết tại Hội trường A11, trường Đại học Công nghiệp Hà Nội. Cuộc thi do Đoàn trường Đại học Công nghiệp Hà Nội tổ chức nhằm mục đích tạo môi trường giao lưu, học tập, nâng cao kiến thức và trình độ ngoại ngữ, giúp sinh viên nhà trường tự tin và bản lĩnh hơn trong quá trình học tập và lập nghiệp trong tương lai. Toàn cảnh đêm Chung kết Tham dự chương trình, có TS. Bùi Thị Ngân - Phó Hiệu trưởng nhà trường, đồng chí Trương Thị Thanh Hoài - Bí thư Đoàn trường, đồng chí Đỗ Huyền Cư - Phó Chủ tịch Công đoàn trường cùng đại diện lãnh đạo khoa Ngoại ngữ. Bên cạnh đó còn có sự hiện diện đông đảo quý thầy cô; đại biểu đại diện các ban của Thành Đoàn, Hội sinh viên thành phố Hà Nội; Hội sinh viên trường Đại học Công nghiệp Hà Nội; cán bộ chủ chốt các Liên chi Đoàn, Liên chi Hội; đặc biệt là sự xuất hiện của hơn 500 sinh viên đến cổ vũ cho các đội thi. Hội trường đêm Chung kết cuộc thi Sinh viên yêu thích tiếng Anh Let’s Go Khai mạc đêm Chung kết, TS. Bùi Thị Ngân - Phó Hiệu trưởng nhà trường phát biểu: “Trường Đại học Công nghiệp Hà Nội luôn mong muốn và khuyến khích sinh viên nhà trường tham gia các cuộc thi về ngoại ngữ nhằm cải thiện, nâng cao kiến thức và trình độ ngoại ngữ. Trong nhiều năm qua, phong trào dạy và học tiếng Anh của trường đã có nhiều nét đổi mới, tích cực và hiệu quả. Đoàn trường đã phối hợp và thực hiện tốt với khoa Ngoại ngữ và các đơn vị trong trường tổ chức nhiều sân chơi bổ ích về ngoại ngữ cho sinh viên. Một trong số đó là cuộc thi Sinh viên yêu thích tiếng Anh - Let’s Go. Cuộc thi không chỉ giúp các bạn trẻ nâng cao kỹ năng sử dụng tiếng Anh mà còn được tiếp cận với các kiến thức về văn hóa, xã hội, môi trường”. Đêm Chung kết diễn ra với sự tham gia của 05 đội thi Vòng Chung kết cuộc\\nnext_contents:\\n']","['Toàn cảnh đại hội Tới dự và chỉ đạo Đại hội, về phía Đoàn thanh niên Trường Đại học Công nghiệp Hà Nội có đồng chí Đỗ Minh Hiền – Bí thư Đoàn trường, đồng chí Nguyễn Tiến Tấn – Phó Bí thư Đoàn trường, đồng chí Lý Thị Ngọc Minh - Phó Chủ nhiệm Ủy Ban kiểm tra đoàn trường. Về phía Đảng bộ có TS. Đặng Trọng Hợp – Bí thư Chi bộ, Trưởng Khoa CNTT cùng các thầy cô cố vấn học tập, các Liên chi Đoàn bạn trong Trường. Với khẩu hiệu hành động: “Tuổi trẻ Khoa CNTT Khát vọng – Bản lĩnh – Dấn thân – Sáng tạo – Chuyển đổi”, Đại hội xác định nhiệm vụ đã đề ra trong nhiệm kỳ 2022 - 2024, thẳng thắn nhìn nhận, đánh giá thực trạng công tác Đoàn và phong trào thanh niên trong thời gian qua. Trên cơ sở đó, Đại hội sẽ thảo luận và quyết định mục tiêu, phương hướng, nhiệm vụ và các chương trình hành động trong nhiệm kỳ 2024 - 2027 phù hợp với yêu cầu và điều kiện thực tế. Đồng thời bầu ra Ban Chấp hành mới có đủ năng lực, trình độ, nhiệt huyết để hoàn thành sứ mệnh, nhiệm vụ chính trị được giao đồng thời trở thành người bạn đồng hành đáng tin cậy của đoàn viên, thanh niên Khoa CNTT. Đại hội được nghe đồng chí Nguyễn Chiến Thắng – Bí thư Ban chấp hành Liên chi Đoàn nhiệm kỳ 2022 - 2024 trình bày báo cáo kiểm điểm của Ban Chấp hành nhiệm kỳ 2022 - 2024. Theo đó Liên Chi Đoàn đã hoàn thành các nhiệm vụ Nhiều đồng chí được nhận các danh hiệu Chiến sỹ thi đua cấp cơ sở, Công đoàn viên hoàn thành xuất sắc nhiệm vụ, Sinh viên 5 tốt, đạt giải tại các cuộc thi trong và ngoài trường. Liên chi Đoàn nghiêm túc nhìn nhận cần tích cực tham gia hơn nữa các hoạt động gắn liền với kiến thức, chuyên môn. Nâng cao chất lượng công tác và chất lượng học tập. Đại hội được theo dõi Phóng sự tổng kết công tác Đoàn và phong trào thanh niên Khoa CNTT nhiệm kỳ 2022 – 2024, phương hướng nhiệm kỳ 2024 - 2027. Theo đó Liên chi Đoàn đã hoàn thành xuất sắc các chỉ tiêu cơ bản do Nghị quyết Đại hội đại biểu nhiệm kỳ 2022 – 2024 đã đề ra; đội ngũ cán bộ Đoàn cũng đã từng bước trưởng thành; vai trò của tuổi trẻ thông qua các phong trào như thanh niên tình nguyện, tuổi trẻ sáng tạo, các công tác tuyên truyền cũng đã được khẳng định và đóng góp tích cực vào mục tiêu chung của đơn vị. Liên chi Đoàn cũng đã tổ chức nhiều hoạt động mới mong muốn đẩy mạnh học tập, nghiên cứu khoa học với các chương trình hỗ trợ khởi nghiệp, hội nhập quốc tế. Ngoài ra Liên chi Đoàn cũng chú trọng việc xây dựng và phát triển tổ chức Đoàn, làm nòng cốt chính trị đối với tổ chức Hội Sinh viên. Tại Đại hội, đồng chí Đỗ Minh Hiền - Đảng ủy viên - Bí thư Đoàn trường đã ghi nhận và đánh giá cao nỗ lực của tập thể cán bộ đoàn, đoàn viên, sinh viên Khoa CNTT với phong trào Đoàn, phong trào Thanh niên; nhiệm kỳ 2022 – 2024 của Liên chi Khoa CNTT đã đánh dấu một bước tiến lớn trong nhiệm kỳ đầu tiên của Liên chi Đoàn. Đ/c Đỗ Minh Hiền - Đảng ủy viên - Bí thư đoàn Trường HAUI phát biểu tại đại hội']","Nguyễn Tiến Tấn đã đóng vai trò quan trọng trong Đại hội Đại biểu Đoàn TNCS Hồ Chí Minh Trường Đại học Công nghiệp Hà Nội lần thứ X, diễn ra vào ngày 12 và 13 tháng 6 năm 2022. Đại hội này là một sự kiện chính trị quan trọng, nơi hội tụ và tỏa sáng trí tuệ, tâm huyết của 181 đại biểu, đại diện cho gần 30.000 đoàn viên, thanh niên trong trường. 

Trong đại hội, đồng chí Đỗ Minh Hiền được bầu giữ chức Bí thư Đoàn trường nhiệm kỳ 2022 - 2024. Đại hội có nhiệm vụ đánh giá kết quả thực hiện Nghị quyết đại hội đại biểu khóa IX và xác định mục tiêu, phương hướng công tác Đoàn và phong trào thanh niên cho nhiệm kỳ tiếp theo.

Thông tin chi tiết về sự kiện này có thể tham khảo tại [Đại hội Đại biểu Đoàn TNCS Hồ Chí Minh Trường Đại học Công nghiệp Hà Nội lần thứ X] - [**Link tham khảo**](https://www.haui.edu.vn/vn/tin-tuc/dai-hoi-dai-bieu-doan-tncs-ho-chi-minh-truong-dai-hoc-cong-nghiep-ha-noi-lan-thu-x-tien-phong-ban-linh-doan-ket-sang-tao-hoi-nhap/63628).

Nếu bạn cần thêm thông tin về các hoạt động khác của Đoàn hội hoặc các hoạt động khóa khác, hãy cho tôi biết!",Nguyễn Tiến Tấn là Phó Bí thư Đoàn trường và đã tham dự chỉ đạo Đại hội của Đoàn thanh niên Trường Đại học Công nghiệp Hà Nội.,0.8904986127226202,0.9999999999666667,0.6363636363636364,0.0,0.6937048435211182,8.20766282081604
Liên chi Đoàn có những mục tiêu gì trong nhiệm kỳ tới theo chỉ đạo của TS. Đặng Trọng Hợp?,"['content: còn được hướng dẫn sâu về phiếu bầu, cách kiểm phiếu và một số lưu ý trong công tác kiểm phiếu… Đ/c Nguyễn Đình Tiến - Phó Bí thư Đoàn trường tập huấn công tác tổ chức Đại hội Đ/c Lý Thị Ngọc Minh - PCN UBKT tập huấn các nội dung liên quan đến phiếu bầu và kiểm phiếu Kết thúc đợt tập huấn, đồng chí Bí thư Đoàn trường Trương Thị Thanh Hoài nhắn nhủ: Hi vọng, mỗi cán bộ Đoàn - Hội, mỗi đoàn viên thanh niên của Nhà trường sẽ trở thành tấm gương sáng, là hạt nhân góp phần nâng cao chất lượng các hoạt động phong trào của tuổi trẻ nhà trường, hoàn thành các nhiệm vụ đặt ra trong năm học 2021 - 2022. Thứ Ba, 16:09 22/03/2022 Tags: Đại học Công nghiệp Hà Nội Tập huấn Công tác Đoàn Hội cán bộ Đoàn Hội Đoàn thanh niên\\nnext_contents:\\n- Tập huấn cán bộ Đoàn - Hội năm học 2021 - 2022 Thứ Ba, 16:09 22/03/2022 1649 Trong 2 ngày 19 và 20/3/2022, hơn 400 cán bộ Đoàn - Hội nhà trường đã tham dự khóa tập huấn công tác Đoàn - Hội năm học 2021 - 2022, nhằm nâng cao công tác giáo dục chính trị tư tưởng và công tác tổ chức xây dựng Đoàn - Hội. Chia sẻ tại buổi tập huấn, đồng chí Trương Thị Thanh Hoài - Bí thư Đoàn trường nhấn mạnh: Công tác tập huấn, bồi dưỡng đội ngũ cán bộ Đoàn - Hội là nhiệm vụ quan trọng, cần thiết để bổ sung lý luận, kiến thức về công tác tổ chức, xây dựng Đoàn - Hội và kỹ năng tổ chức hoạt động phong trào cho đội ngũ cán bộ cấp chi Đoàn, chi Hội. Đại học Công nghiệp Hà Nội luôn coi trọng và thường xuyên tổ chức những đợt tập huấn với nhiều nội dung thiết thực, phong phú. Cán bộ Đoàn - Hội nhà trường tham dự đợt tập huấn Tại khóa tập huấn, cán bộ Đoàn, Hội được tìm hiểu về công tác đoàn vụ và những kỹ năng, nghiệp vụ cơ bản để tổ chức các hoạt động thanh niên chất lượng, bám sát thực tiễn, phù hợp với đặc thù từng ngành học, khối học của Đại học Công nghiệp Hà Nội. Rất nhiều ý kiến góp ý từ cấp Chi đoàn cũng được thảo luận, trao đổi tại khóa tập huấn, trên cơ sở đó Đoàn Thanh niên - Hội Sinh viên nhà trường kịp thời nắm bắt, có những điều chỉnh phù hợp. Đ/c Đỗ Minh Hiền - Phó Bí thư Đoàn trường tập huấn kĩ năng cho sinh viên Cũng trong đợt tập huấn, hơn 400 cán bộ Đoàn - Hội chủ chốt đã được tập huấn các nội dung liên quan đến công tác tổ chức Đại hội Đoàn các cấp. Bên cạnh đó, các cán bộ Đoàn - Hội còn được hướng dẫn sâu về phiếu bầu, cách kiểm phiếu và một số lưu ý trong công tác kiểm phiếu… Đ/c Nguyễn Đình Tiến - Phó Bí thư Đoàn trường tập huấn công tác tổ chức Đại hội Đ/c Lý Thị Ngọc Minh - PCN UBKT tập huấn các nội dung liên quan đến phiếu bầu và kiểm phiếu Kết thúc đợt tập huấn, đồng chí Bí thư Đoàn trường Trương Thị Thanh Hoài nhắn nhủ: Hi vọng, mỗi cán bộ Đoàn - Hội, mỗi đoàn viên thanh niên của Nhà trường sẽ trở thành tấm gương sáng, là hạt nhân góp phần nâng cao chất lượng các\\n', 'content: Bí thư Đảng ủy, Phó Hiệu trưởng nhà trường gắn huy hiệu CCB, chụp ảnh lưu niệm với hội viên mới PGS.TS.Lê Hồng Quân - Chủ tịch Hội đồng trường, Chủ tịch Hội CCB nhà trường trao quyết định cho hội viên mới Xúc động khi được kết nạp vào Hội CCB nhà trường, TS.Vũ Hữu Thích – Trung tâm Việt Nhật chia sẻ: Tôi rất tự hào khi được phát biểu tại buổi kết nạp hôm nay. Trước hết, tôi xin thay mặt các đồng chí hội viên mới, gửi lời cảm ơn đến Đảng ủy và lãnh đạo nhà trường cùng tập thể BCH Hội CCB đã tạo điều kiện để chúng tôi được đứng trong hàng ngũ của Hội. Chúng tôi sẽ luôn nâng cao ý thức học tập, tu dưỡng đạo đức, hoàn thành tốt nhiệm vụ được giao, gương mẫu đi đầu trong các phong trào thi đua của nhà trường cũng như của Hội. TS.Vũ Hữu Thích - Trung tâm Việt Nhật đại diện 08 hội viên mới được kết nạp chia sẻ tại buổi lễ Danh sách các hội viên được kết nạp đợt này: 1. Đ/c Lê Văn Thái 2. Đ/cVũ Hữu Thích 3. Đ/c Nguyễn Thanh Quang 4. Đ/c Nguyễn Huy Chiến 5. Đ/c Đặng Đình Chung 6. Đ/c Nghiêm Xuân Thước 7. Đ/c Nguyễn Văn Khánh 8. Đ/c Nguyễn Văn Đức Một số hình ảnh tại Lễ kết nạp hội viên mới Thứ Năm, 18:34 21/04/2022 Tags: Đại học Công nghiệp Hà Nội Hội cựu chiến binh kết nạp\\nnext_contents:\\n- Hội cựu chiến binh Đại học Công nghiệp Hà Nội kết nạp hội viên mới Thứ Năm, 18:34 21/04/2022 2259 Chiều ngày 21/4, Hội cựu chiến binh (CCB) Đại học Công nghiệp Hà Nội tổ chức kết nạp 08 hội viên mới. PGS.TS.Lê Hồng Quân – Chủ tịch Hội đồng trường, Chủ tịch Hội cựu chiến binh nhà trường chủ trì buổi lễ. Dự buổi kết nạp hội viên, có PGS.TS.Phạm Văn Bổng - Phó Bí thư Đảng ủy, Phó Hiệu trưởng; cùng các đồng chí là hội viên của Hội CCB nhà trường. PGS.TS.Lê Hồng Quân, Chủ tịch Hội đồng trường, Chủ tịch Hội CCB chúc mừng 08 hội viên được kết nạp lần này. Đồng chí hi vọng, các hội viên mới sẽ phát huy tinh thần chủ động, sáng tạo, đoàn kết, đóng góp vào sự phát triển chung của Hội và của Đại học Công nghiệp Hà Nội. Lãnh đạo nhà trường và Ban Chấp hành Hội cựu chiến binh chụp ảnh lưu niệm với hội viên mới Dự và phát biểu tại buổi lễ, PGS.TS.Phạm Văn Bổng – Phó Bí thư Đảng ủy, Phó Hiệu trưởng nhà trường nhấn mạnh: Các đồng chí hội viên mới ngày hôm nay cũng như các hội viên cũ, cần phát huy bản chất, truyền thống người quân nhân cách mạng, hình ảnh Bộ đội cụ Hồ trên cương vị người CCB, gương mẫu đi đầu trong chấp hành các chỉ thị, nghị quyết của Đảng, chính sách, pháp luật của Nhà nước, các quy định của Nhà trường; sẵn sàng nhận và hoàn thành xuất sắc mọi nhiệm vụ khi được Đảng, chính quyền, các cấp hội giao cho, góp phần xây dựng tổ chức hội ngày càng trong sạch, vững mạnh toàn diện, xứng đáng là lực lượng tin cậy của Đảng và Đại học Công nghiệp Hà Nội. PGS.TS.Phạm Văn Bổng - Phó Bí thư Đảng ủy, Phó Hiệu trưởng nhà trường gắn huy hiệu CCB, chụp ảnh lưu niệm với hội viên mới PGS.TS.Lê Hồng Quân - Chủ tịch Hội đồng trường, Chủ tịch Hội CCB nhà trường trao quyết định cho hội viên mới Xúc động khi được kết nạp vào Hội CCB nhà trường, TS.Vũ Hữu Thích – Trung tâm Việt Nhật chia sẻ: Tôi rất tự hào khi được phát biểu tại buổi kết nạp hôm nay. Trước hết, tôi xin thay mặt các đồng chí hội viên mới, gửi lời cảm ơn đến Đảng ủy và lãnh đạo nhà trường cùng tập thể BCH Hội CCB đã tạo\\n', 'content: toàn Đoàn, đặc biệt tập trung vào 6 nhóm nội dung chủ đề của năm học 2018 – 2019. Thầy nhấn mạnh: “Bên cạnh việc khuyến khích các phong trào tình nguyện, phải nhấn mạnh vào học tập, nghiên cứu khoa học của đoàn viên thanh niên, định hướng đúng đắn trong tư tưởng, hành động của đoàn viên, đưa cuộc cách mạng công nghiệp lần thứ 4 vào cuộc sống và biến thành hiện thực…” Toàn cảnh Lễ tổng kết Phát biểu tại Hội nghị, đồng chí Ngô Văn Thiện - Ủy viên Thường vụ, Trưởng ban Thanh niên trường học thành đoàn, Phó Chủ tịch Thường trực Hội sinh viên TP Hà Nội chúc mừng những thành tích mà Đoàn thanh niên, Hội sinh viên Trường ĐHCNHN đã đạt được trong năm học vừa qua. Đồng chí Ngô Xuân Thiện cũng đặt niềm tin trong năm học tới, tuổi trẻ Nhà trường sẽ phát huy thế mạnh, tinh thần sáng tạo, lập nhiều thành tích đóng góp vào thành tích chung của Nhà trường. Thay mặt cho BCH Đoàn, đồng chí Trương Thị Thanh Hoài – Bí thư Đoàn trường gửi lời cảm ơn đến các cấp lãnh đạo, Đảng ủy, BGH Nhà trường đã tạo điều kiện thuận lợi để Đoàn thanh niên Nhà trường đạt được những thành tích đáng tự hào. Đồng chí cũng thay mặt cho tuổi trẻ Nhà trường hứa quyết tâm sẽ thực hiện xuất sắc Chương trình công tác năm học 2018 – 2019. Với những kết quả đã đạt được trong năm học 2017 - 2018, Đoàn TNCS Hồ Chí Minh Nhà trường đã được Trung ương Đoàn và Thành đoàn đánh giá cao và trao tặng Bằng khen, Cờ thi đua cho các tập thể và các cá nhân xuất sắc. Chủ Nhật, 21:16 21/10/2018 Tags:\\nnext_contents:\\n- công tác tuyên truyền, giáo dục, đặc biệt là giáo dục chính trị tư tưởng; chú trọng đẩy mạnh thực hiện có hiệu quả việc học tập và làm theo tấm gương đạo đức Hồ Chí Minh, tập trung phát hiện, nhân rộng những tấm gương đoàn viên, thanh niên tiêu biểu trong học tập và làm theo lời Bác; (3) Thực hiện tốt công tác nắm bắt tư tưởng trong đoàn viên thanh niên, đặc biệt là trước, trong và sau các ngày lễ, các sự kiện chính trị, xã hội được dư luận quan tâm; (4) Tiếp tục thực hiện sáng tạo, có hiệu quả các phong trào xây dựng, phát triển Nhà trường, Thủ đô và bảo vệ Tổ quốc, các chương trình đồng hành, hỗ trợ đoàn viên thanh niên, sinh viên và phòng trào “Sinh viên 5 tốt”; (5) Chú trọng nâng cao chất lượng công tác tổ chức xây dựng Đoàn, Hội đặc biệt là công tác đoàn viên, hội viên và công tác cán bộ, phát huy vai trò của Chi đoàn giáo viên tại các Liên chi đoàn; (6) Tích cực, chủ động trong công tác xây dựng Đảng, chủ động đảm nhận các nhiệm vụ mới, đột xuất của Nhà trường, Đoàn Thanh niên – Hội sinh viên cấp trên, góp phần phát huy truyền thống lịch sử vẻ vang của Nhà trường. Đoàn trường nhận cờ thi đua xuất sắc Ghi nhận những kết quả đạt được của tuổi trẻ Nhà trường trong năm học 2017-2018, thay mặt BGH Nhà trường, PGS.TS. Phạm Văn Bổng– Phó Hiệu trưởng Nhà trường đã biểu dương những thành tích và sự đóng góp của toàn thể đội ngũ cán bộ Đoàn và Hội viên sinh viên vào thành tích chung của Nhà trường. Đồng thời, PGS.TS. Phạm Văn Bổng cũng chỉ đạo, giao nhiệm vụ trong năm học tới cho toàn Đoàn, đặc biệt tập trung vào 6 nhóm nội dung chủ đề của năm học 2018 – 2019. Thầy nhấn mạnh: “Bên cạnh việc khuyến khích các phong trào tình nguyện, phải nhấn mạnh vào học tập, nghiên cứu khoa học của đoàn viên thanh niên, định hướng đúng đắn trong tư tưởng, hành động của đoàn viên, đưa cuộc cách mạng công nghiệp lần thứ 4 vào cuộc sống và biến thành hiện thực…” Toàn cảnh Lễ tổng kết Phát biểu tại Hội nghị, đồng chí Ngô Văn Thiện - Ủy viên Thường vụ, Trưởng ban Thanh niên trường học thành\\n', 'content: giấy khen cho các tập thể và cá nhân đạt thành tích xuất sắc trong công tác Đoàn và phong trào thanh niên nhiệm kỳ 2019 - 2022. Thay mặt Chi bộ, TS Đặng Trọng Hợp - Bí thư chi bộ – Trưởng khoa CNTT đã có lẵng hoa chúc mừng đại hội và phát biểu chỉ đạo. Đồng chí ghi nhận những đóng góp của LCĐ trong nhiệm kỳ vừa qua. Đồng thời, cũng nhấn mạnh các công tác và phong trào của Liên chi cần đẩy mạnh hơn nữa tinh thần xung kích trong các chương trình, phong trào nghiên cứu khoa học, các cuộc thi, hoạt động của các câu lạc bộ đội nhóm. Đại hội Đại biểu Liên chi đoàn khoa Công nghệ thông tin nhiệm kỳ 2022 - 2024 đã diễn ra thành công tốt đẹp. Xin chúc mừng tất cả các đồng chí trong BCH khóa mới, chúc các đồng chí sẽ hoàn thành tốt mọi nhiệm vụ, tạo nên nhiều thành công mới, tiếp tục dẫn dắt LCĐ khoa Công nghệ thông tin luôn là điểm sáng trong công tác Đoàn - Hội của trường Đại học Công nghiệp Hà Nội! Thứ Hai, 15:00 18/04/2022 Tags:\\nnext_contents:\\n- Đại hội đại biểu Liên chi Đoàn khoa Công nghệ thông tin lần thứ X, nhiệm kỳ 2022 - 2024 Ngày 16/04/2022, Đại hội đại biểu Liên chi Đoàn khoa Công nghệ thông tin lần thứ X, nhiệm kỳ 2022 - 2024 đã diễn ra thành công tốt đẹp tại hội trường A11, CS1 Trường Đại học Công nghiệp Hà Nội. ĐẠI HỘI ĐẠI BIỂU LIÊN CHI ĐOÀN KHOA CÔNG NGHỆ THÔNG TIN LẦN THỨ X, NHIỆM KỲ 2022 - 2024 Ngày 16/04/2022, Đại hội đại biểu Liên chi Đoàn khoa Công nghệ thông tin lần thứ X, nhiệm kỳ 2022 - 2024 đã diễn ra thành công tốt đẹp tại hội trường A11, CS1 Trường Đại học Công nghiệp Hà Nội. Đây là một sự kiện chính trị quan trọng nhằm báo cáo kết quả hoạt động nhiệm kì 2019 - 2022 và bầu ra BCH Liên chi Đoàn khóa mới, nhiệm kì 2022 - 2024. Hướng tới 25 năm thành lập Khoa CNTT và tầm nhìn chiến lược đến năm 2025. Sau 02 phiên làm việc với tinh thần khẩn trương, nghiêm túc và hiệu quả, Đại hội đã đi đến thống nhất và thông qua Báo cáo Tổng kết nhiệm kỳ 2019 – 2022, đề ra phương hướng và nhiệm vụ nhiệm kỳ 2022 – 2024. Đại hội nhất trí bầu đ/c Trịnh Bá Quý giữ chức vụ Bí thư LCĐ khoa CNTT; đ/c Nguyễn Chiến Thắng và đ/c Lưu Thị Thảo giữ chức vụ Phó Bí thư LCĐ khoa CNTT; 8 đồng chí giữ vai trò Uỷ Viên ban chấp hành LCĐ khoa CNTT: 1. Nguyễn Trường An 2. Lê Thị Thanh Hoa 3. Cam Thị Liễu 4. Nguyễn Thuỳ Linh 5. Trần Hoàng Minh Quang 6. Thân Ngọc Thiện 7. Trịnh Sỹ Tới 8. Dương Trung Tú Ghi nhận và tuyên dương những đóng góp của Liên chi đoàn khoa CNTT với công tác Đoàn trong nhiệm kỳ vừa qua, Đoàn trường đã trao tặng giấy khen cho các tập thể và cá nhân đạt thành tích xuất sắc trong công tác Đoàn và phong trào thanh niên nhiệm kỳ 2019 - 2022. Thay mặt Chi bộ, TS Đặng Trọng Hợp - Bí thư chi bộ – Trưởng khoa CNTT đã có lẵng hoa chúc mừng đại hội và phát biểu chỉ đạo. Đồng chí ghi nhận những đóng góp của LCĐ trong nhiệm kỳ vừa qua. Đồng thời, cũng nhấn mạnh các công tác và phong trào của Liên chi cần đẩy mạnh hơn nữa tinh thần xung kích trong các chương trình, phong trào nghiên cứu khoa học, các cuộc thi, hoạt\\n', 'content: nhiệt huyết để hoàn thành sứ mệnh, nhiệm vụ chính trị được giao đồng thời trở thành người bạn đồng hành đáng tin cậy của đoàn viên, thanh niên Khoa CNTT. Đại hội được nghe đồng chí Nguyễn Chiến Thắng – Bí thư Ban chấp hành Liên chi Đoàn nhiệm kỳ 2022 - 2024 trình bày báo cáo kiểm điểm của Ban Chấp hành nhiệm kỳ 2022 - 2024. Theo đó Liên Chi Đoàn đã hoàn thành các nhiệm vụ Nhiều đồng chí được nhận các danh hiệu Chiến sỹ thi đua cấp cơ sở, Công đoàn viên hoàn thành xuất sắc nhiệm vụ, Sinh viên 5 tốt, đạt giải tại các cuộc thi trong và ngoài trường. Liên chi Đoàn nghiêm túc nhìn nhận cần tích cực tham gia hơn nữa các hoạt động gắn liền với kiến thức, chuyên môn. Nâng cao chất lượng công tác và chất lượng học tập. Đại hội được theo dõi Phóng sự tổng kết công tác Đoàn và phong trào thanh niên Khoa CNTT nhiệm kỳ 2022 – 2024, phương hướng nhiệm kỳ 2024 - 2027. Theo đó Liên chi Đoàn đã hoàn thành xuất sắc các chỉ tiêu cơ bản do Nghị quyết Đại hội đại biểu nhiệm kỳ 2022 – 2024 đã đề ra; đội ngũ cán bộ Đoàn cũng đã từng bước trưởng thành; vai trò của tuổi trẻ thông qua các phong trào như thanh niên tình nguyện, tuổi trẻ sáng tạo, các công tác tuyên truyền cũng đã được khẳng định và đóng góp tích cực vào mục tiêu chung của đơn vị. Liên chi Đoàn cũng đã tổ chức nhiều hoạt động mới mong muốn đẩy mạnh học tập, nghiên cứu khoa học với các chương trình hỗ trợ khởi nghiệp, hội nhập quốc tế. Ngoài ra Liên chi Đoàn cũng chú trọng việc xây dựng và phát triển tổ chức Đoàn, làm nòng cốt chính trị đối với tổ chức Hội Sinh viên. Tại Đại hội, đồng chí Đỗ Minh Hiền - Đảng ủy viên - Bí thư Đoàn trường đã ghi nhận và đánh giá cao nỗ lực của tập thể cán bộ đoàn, đoàn viên, sinh viên Khoa CNTT với phong trào Đoàn, phong trào Thanh niên; nhiệm kỳ 2022 – 2024 của Liên chi Khoa CNTT đã đánh dấu một bước tiến lớn trong nhiệm kỳ đầu tiên của Liên chi Đoàn. Đ/c Đỗ Minh Hiền - Đảng ủy viên - Bí thư đoàn Trường HAUI phát biểu tại đại hội Phát biểu chỉ đạo Đại hội, đồng chí TS. Đặng Trọng\\nnext_contents:\\n- Chúc mừng thành công Đại hội đại biểu Liên chi đoàn Khoa Công nghệ thông tin Trường Đại học Công Nghiệp Hà Nội nhiệm kỳ 2024 – 2027 Ngày 31/10/2024, Đại hội đại biểu Liên chi Đoàn Khoa Công nghệ thông tin nhiệm kỳ 2024 - 2027 đã diễn ra thành công tốt đẹp tại tầng 3 tòa nhà A11, Trường Đại học Công nghiệp Hà Nội . Đây là sự kiện chính trị quan trọng của Liên chi Đoàn Khoa CNTT nhằm báo cáo kết quả hoạt động nhiệm kỳ 2022 - 2024 và bầu ra Ban chấp hành Liên chi Đoàn khóa XI nhiệm kỳ 2024 - 2027, đánh dấu một chặng đường trong công tác Đoàn và phong trào Đoàn của Liên chi. Toàn cảnh đại hội Tới dự và chỉ đạo Đại hội, về phía Đoàn thanh niên Trường Đại học Công nghiệp Hà Nội có đồng chí Đỗ Minh Hiền – Bí thư Đoàn trường, đồng chí Nguyễn Tiến Tấn – Phó Bí thư Đoàn trường, đồng chí Lý Thị Ngọc Minh - Phó Chủ nhiệm Ủy Ban kiểm tra đoàn trường. Về phía Đảng bộ có TS. Đặng Trọng Hợp – Bí thư Chi bộ, Trưởng Khoa CNTT cùng các thầy cô cố vấn học tập, các Liên chi Đoàn bạn trong Trường. Với khẩu hiệu hành động: “Tuổi trẻ Khoa CNTT Khát vọng – Bản lĩnh – Dấn thân – Sáng tạo – Chuyển đổi”, Đại hội xác định nhiệm vụ đã đề ra trong nhiệm kỳ 2022 - 2024, thẳng thắn nhìn nhận, đánh giá thực trạng công tác Đoàn và phong trào thanh niên trong thời gian qua. Trên cơ sở đó, Đại hội sẽ thảo luận và quyết định mục tiêu, phương hướng, nhiệm vụ và các chương trình hành động trong nhiệm kỳ 2024 - 2027 phù hợp với yêu cầu và điều kiện thực tế. Đồng thời bầu ra Ban Chấp hành mới có đủ năng lực, trình độ, nhiệt huyết để hoàn thành sứ mệnh, nhiệm vụ chính trị được giao đồng thời trở thành người bạn đồng hành đáng tin cậy của đoàn viên, thanh niên Khoa CNTT. Đại hội được nghe đồng chí Nguyễn Chiến Thắng – Bí thư Ban chấp hành Liên chi Đoàn nhiệm kỳ 2022 - 2024 trình bày báo cáo kiểm điểm của Ban Chấp hành nhiệm kỳ 2022 - 2024. Theo đó Liên Chi Đoàn đã hoàn thành các nhiệm vụ Nhiều đồng chí được nhận các danh hiệu Chiến sỹ thi đua cấp cơ sở, Công đoàn viên hoàn thành xuất sắc nhiệm vụ, Sinh\\n']","['Phát biểu chỉ đạo Đại hội, đồng chí TS. Đặng Trọng Hợp – Trưởng Khoa CNTT mong muốn trong nhiệm kỳ tới, Liên chi Đoàn đẩy mạnh các hoạt động nghiên cứu khoa học, đổi mới sáng tạo và khởi nghiệp trong đoàn viên thanh niên.. Tăng cường, đổi mới việc nắm bắt tình hình và kịp thời định hướng tư tưởng cho thanh niên, đặc biệt trên không gian mạng. Thúc đẩy các xu hướng, phong trào tích cực; hạn chế, khắc phục các xu hướng tiêu cực trong đoàn viên thanh niên. Nâng cao nhận thức của đoàn viên, thanh niên về tầm quan trọng của chuyển đổi số. TS. Đặng Trọng Hợp - Trưởng Khoa CNTT phát biểu chỉ đạo tại đại hội Ghi nhận những đóng góp trong công tác Đoàn của Liên chi Đoàn Khoa CNTT, Đoàn Trường đã trao tặng giấy khen cho các cá nhân, tổ chức đạt thành tích xuất sắc trong công tác Đoàn và phong trào thanh niên nhiệm kỳ 2022 - 2024. Các tập thể, cá nhân có thành tích suất sắc nhận giấy khen của Đoàn trường Sau hai phiên làm việc với tinh thần nghiêm túc và hiệu quả, Đại hội đã sáng suốt lựa chọn và bầu ra Ban chấp hành Liên chi Đoàn Khoa CNTT Khóa XI nhiệm kỳ 2024 - 2027 gồm 11 đồng chí: Đ/c Nguyễn Chiến Thắng - Bí thư Đ/c Nguyễn Trường An - Phó Bí thư Đ/c Nguyễn Hoàng Trang Anh - Phó Bí thư Đ/c Nguyễn Huy Công - Uỷ viên Đ/c Phan Việt Anh - Uỷ viên Đ/c Nguyễn Đình Việt - Uỷ viên Đ/c Lê Ngọc Nam Anh - Uỷ viên Đ/c Vũ Thị Huế - Uỷ viên Đ/c Trần Xuân Đức - Uỷ viên Đ/c Võ Tá Học - Uỷ viên Đ/c Nguyễn Hữu Nhật - Uỷ viên Hi vọng rằng dưới sự dẫn dắt của bộ máy Ban chấp hành mới tài năng, nhiệt huyết, Liên chi Khoa CNTT sẽ thực hiện được toàn bộ những mục tiêu đã đề ra, gặt hái thêm nhiều thành tích xuất sắc. BCH Liên chi Đoàn Khoa Công nghệ thông tin ra mắt Đại hội Đại biểu Liên chi đoàn Khoa CNTT nhiệm kỳ 2024 - 2027 đã diễn ra thành công tốt đẹp. Với tinh thần Khát vọng - Tiên phong - Đoàn kết - Bản lĩnh - Đổi mới, đại hội và tuổi trẻ nhà trường tin tưởng các đồng chí trong Ban chấp hành Liên chi Đoàn và tất cả các đoàn viên đoàn kết, sáng tạo cùng hoàn thành tốt các chỉ tiêu đặt ra và phấn đấu là Liên chi Đoàn đi đầu trong công tác Đoàn và phong trào Đoàn trường Đại học Công nghiệp Hà Nội. Một số hình ảnh đặc sắc tại đại hội: Thứ Hai, 11:35 04/11/2024 Tags:']","Liên chi Đoàn Khoa Công nghệ thông tin tại Trường Đại học Công nghiệp Hà Nội đã có những hoạt động đáng chú ý trong nhiệm kỳ vừa qua và có những mục tiêu rõ ràng cho nhiệm kỳ tới theo chỉ đạo của TS. Đặng Trọng Hợp. Dưới đây là một số thông tin chi tiết:

### Hoạt động khóa và hoạt động Đoàn - Hội
- **Tập huấn cán bộ Đoàn - Hội**: Trong năm học 2021 - 2022, hơn 400 cán bộ Đoàn - Hội đã tham gia khóa tập huấn nhằm nâng cao công tác giáo dục chính trị tư tưởng và tổ chức xây dựng Đoàn - Hội. Các nội dung tập huấn bao gồm kỹ năng tổ chức hoạt động thanh niên và công tác tổ chức Đại hội Đoàn các cấp.
- **Phong trào thanh niên**: Liên chi Đoàn đã tổ chức nhiều hoạt động phong trào như thanh niên tình nguyện, hỗ trợ khởi nghiệp, và các chương trình nghiên cứu khoa học, nhằm nâng cao chất lượng hoạt động của đoàn viên thanh niên.

### Mục tiêu của Liên chi Đoàn trong nhiệm kỳ tới
Theo chỉ đạo của TS. Đặng Trọng Hợp, Liên chi Đoàn Khoa Công nghệ thông tin sẽ tập trung vào các mục tiêu sau:
1. **Đẩy mạnh hoạt động nghiên cứu khoa học**: Khuyến khích đoàn viên thanh niên tham gia vào các hoạt động nghiên cứu và đổi mới sáng tạo.
2. **Tăng cường định hướng tư tưởng**: Nắm bắt tình hình và kịp thời định hướng tư tưởng cho thanh niên, đặc biệt là trên không gian mạng.
3. **Thúc đẩy các phong trào tích cực**: Khuyến khích các xu hướng tích cực và hạn chế các xu hướng tiêu cực trong đoàn viên thanh niên.
4. **Nâng cao nhận thức về chuyển đổi số**: Tăng cường giáo dục về tầm quan trọng của chuyển đổi số trong thời đại hiện nay.

Hy vọng những thông tin trên sẽ giúp bạn hiểu rõ hơn về hoạt động và mục tiêu của Liên chi Đoàn Khoa Công nghệ thông tin. Nếu bạn cần thêm thông tin hoặc có câu hỏi khác, hãy cho tôi biết! 

[Chúc mừng thành công Đại hội đại biểu Liên chi đoàn Khoa Công nghệ thông tin] - [**Link tham khảo**](https://fit.haui.edu.vn/vn/tin-tuc/chuc-mung-thanh-cong-dai-hoi-dai-bieu-lien-chi-doan-khoa-cong-nghe-thong-tin-truong-dai-hoc-cong-nghiep-ha-noi-nhiem-ky-2024-2027/71130).","Theo chỉ đạo của TS. Đặng Trọng Hợp, Liên chi Đoàn trong nhiệm kỳ tới sẽ đẩy mạnh các hoạt động nghiên cứu khoa học, đổi mới sáng tạo và khởi nghiệp trong đoàn viên thanh niên. Đồng thời, Liên chi Đoàn cũng sẽ tăng cường việc nắm bắt tình hình và kịp thời định hướng tư tưởng cho thanh niên, đặc biệt trên không gian mạng, thúc đẩy các xu hướng, phong trào tích cực và hạn chế các xu hướng tiêu cực trong đoàn viên thanh niên. Ngoài ra, Liên chi Đoàn cũng sẽ nâng cao nhận thức của đoàn viên, thanh niên về tầm quan trọng của chuyển đổi số.",0.8617442574068447,0.47777777776185176,0.9565217391304348,1.0,0.5902698040008545,7.219467639923096
Đội Thanh niên tình nguyện Khoa CNTT HaUI đã có những hoạt động gì trong nhiệm kỳ 2023-2024?,"['content: trong công tác Đoàn - Hội Ngoài thời gian học tập trên giảng đường, Hương dành nhiều thời gian cho hoạt động tình nguyện. Yêu thích công tác Đoàn - Hội ngay từ những năm còn là học sinh trung học, bởi vậy mà từ những ngày đầu là sinh viên năm nhất, Hương đã tiên phong đi đầu trong các hoạt động, phong trào thanh niên. Đoàn Thị Hương được tuyên dương sinh viên tiêu biểu trong công tác Đoàn - Hội năm học 2023 - 2024 Trong các hoạt động Đoàn - Hội, Hương gặt hái nhiều thành tích nổi bật như: Giải Nhất cuộc thi ""Trường học không ma túy"" ; Danh hiệu “sinh viên trẻ tiêu biểu” năm học 2023; Giấy khen của BCH Đoàn trường cho thành tích xuất sắc trong công tác Đoàn và phong trào thanh niên năm học 2022 - 2023 và 2023 - 2024. Hương còn tích cực tham gia tổ chức nhiều sự kiện “Cuộc thi Hướng dẫn viên Du lịch giỏi 2023”, “Đông ấm xứ Lạng 2023” , tham gia với vai trò MC trong các sự kiện văn hóa đặc sắc như “Ngày hội Hangeul 2024”, “Chữ S diệu kỳ 2023”, “Nét chữ tài hoa 2023” . Ngoài ra, Hương còn có nhiều đóng góp trong các chương trình chào tân sinh viên, ngày hội giao lưu văn hóa, hội thảo và tọa đàm học thuật. Dự án “Sạch trắng - Cùng nhau đẩy lùi ma túy trong học đường” của Hương và nhóm bạn đoạt giải Nhất cuộc thi ""Trường học không ma túy"" năm 2024 ""Hoạt động Đoàn - Hội giúp em phát triển toàn diện và trưởng thành hơn"" Từ sự yêu thích các công tác Đoàn - Hội, trải qua một quá trình rèn luyện lâu dài, ngoài việc hoàn thành xuất sắc các nhiệm vụ được giao, Hương còn tích cực, chủ động trong công tác tổ chức xây dựng Đoàn Thanh niên - Hội Sinh viên Trường; sáng tạo, dám nghĩ, dám làm, mạnh dạn đề xuất tổ chức các hoạt động, chương trình phù hợp với thực tiễn, góp phần tạo sự đoàn kết, tập luyện các kỹ năng mềm, hỗ trợ học tập cho sinh viên. Chia sẻ về lý do bản thân đam mê với phong trào Đoàn - Hội, Hương bộc bạch: ""Những năm tháng sinh viên là một trong những khoảng thời gian đẹp nhất nên em muốn cống hiến hết mình cho thanh xuân ấy. Việc tham gia các hoạt động Đoàn - Hội\\nnext_contents:\\n- Nữ sinh đam mê hoạt động Đoàn - Hội: Sống và cống hiến hết mình để không lãng phí tuổi trẻ Thứ Sáu, 16:16 06/12/2024 1646 Trong hành trình trở thành một sinh viên năng động, Đoàn Thị Hương, lớp Đại học Du lịch 02, Trường Ngoại ngữ - Du lịch, Trường Đại học Công nghiệp Hà Nội không chỉ ghi dấu ấn bằng thành tích học tập xuất sắc mà còn bằng những cống hiến trong các hoạt động Đoàn - Hội. Với tinh thần nhiệt huyết, Hương đã không ngừng phát triển bản thân và lan tỏa ngọn lửa đam mê đến cộng đồng sinh viên. Nữ sinh viên tài năng và bản lĩnh Là đảng viên Chi bộ bộ phận Trường Ngoại ngữ - Du lịch và từng giữ vị trí Ủy viên Ban Chấp hành Liên chi Đoàn Trường Ngoại ngữ - Du lịch nhiệm kỳ 2022 - 2024, Đoàn Thị Hương luôn thể hiện tinh thần trách nhiệm cao trong mọi nhiệm vụ. Không chỉ vậy, với vai trò Phó Chủ nhiệm Câu lạc bộ Du lịch - Sự kiện HG, Hương đã cùng các thành viên tổ chức thành công nhiều chương trình ý nghĩa, để lại ấn tượng sâu sắc trong cộng đồng sinh viên. Đoàn Thị Hương - Nữ sinh viên tài năng và bản lĩnh Hương không chỉ năng nổ trong hoạt động Đoàn - Hội mà còn duy trì kết quả học tập ấn tượng với GPA: 3.54/4. Để có được thành tích học tập như vậy, Hương luôn xác định rõ mục tiêu đặt ra cho mỗi năm học và cố gắng tìm ra phương pháp học tập hiệu quả. Hương từng đạt: Giải Khuyến khích nghiên cứu khoa học cấp trường năm học 2023; Học bổng bán phần kỳ 1, 2 năm 2022 và toàn phần kỳ 1 năm 2023; Giấy khen sinh viên xuất sắc trong hai năm liên tiếp 2022 và 2023. Dấu ấn trong công tác Đoàn - Hội Ngoài thời gian học tập trên giảng đường, Hương dành nhiều thời gian cho hoạt động tình nguyện. Yêu thích công tác Đoàn - Hội ngay từ những năm còn là học sinh trung học, bởi vậy mà từ những ngày đầu là sinh viên năm nhất, Hương đã tiên phong đi đầu trong các hoạt động, phong trào thanh niên. Đoàn Thị Hương được tuyên dương sinh viên tiêu biểu trong công tác Đoàn - Hội năm học 2023 - 2024 Trong các hoạt động Đoàn - Hội, Hương gặt hái nhiều thành tích nổi bật như: Giải\\n', 'content: Cán bộ, giảng viên và sinh viên Trường Đại học Công nghiệp Hà Nội hiến tặng gần 2000 đơn vị máu tại Ngày hội Xuân hồng năm 2019 Thứ Ba, 20:19 05/03/2019 1539 Sáng ngày 05/3/2019, Đoàn Thanh niên - Hội Sinh viên Trường Đại học Công nghiệp Hà Nội phối hợp với Viện Huyết học và Truyền máu Trung ương tổ chức Ngày hội Xuân hồng năm 2019, với thông điệp “Hiến giọt máu đào - Trao đời sự sống”. Đây là hoạt động thiết thực chào mừng 88 năm Ngày thành lập Đoàn TNCS Hồ Chí Minh (26/3/1931 - 26/3/2019), hưởng ứng năm “Thanh niên tình nguyện” 2019 và chào mừng Đại hội Đoàn các cấp hướng tới Đại hội Đại biểu Đoàn trường lần thứ IX; đồng thời cung cấp nguồn máu cứu chữa người bệnh dịp sau Tết Nguyên đán Kỷ Hợi. Chương trình nhằm lan tỏa tinh thần sẻ chia vì cộng đồng của cán bộ, giảng viên, sinh viên và phát huy vai trò xung kích, tình nguyện của tuổi trẻ nhà trường; tuyên truyền và phát động thi đua trong Tháng Thanh niên tới các đoàn viên thanh niên trong trường. Toàn cảnh Ngày hội Xuân hồng năm 2019 tại trụ sở chính Trường Đại học Công nghiệp Hà Nội Tại ngày hội, TS. Bùi Thị Ngân - Phó Hiệu trưởng Nhà trường tới dự, động viên và tham gia hiến máu cùng đông đảo cán bộ, giảng viên và hàng nghìn sinh viên đang theo học tại 3 cơ sở đến đăng ký hiến máu. Trường Đại học Công nghiệp Hà Nội đã tham gia đồng hành cùng chương trình trong suốt nhiều năm qua, đóng góp tích cực trong công tác hiến máu để điều trị cho bệnh nhân. Đặc biệt trong năm 2018, với thành tích hiến tặng hơn 3000 đơn vị máu, Đoàn thanh niên trường ĐHCNHN vinh dự được vinh danh là một trong ba đơn vị khối trường đạt thành tích xuất sắc trong phong trào hiến máu tình nguyện tại Lễ trao giải thưởng Giọt hồng. TS. Bùi Thị Ngân - Phó Hiệu trưởng tham gia hiến máu cùng CBGV, SV Nhà trường Ngày hội Xuân hồng năm 2019 được tổ chức với các hoạt động đồng hành ý nghĩa như: Chương trình nghệ thuật “Tự hào màu áo xanh”, triển lãm, giới thiệu sách, trao đổi học liệu và phong trào “Sinh viên 5 tốt”… Với thông điệp “Hiến giọt máu\\nnext_contents:\\n', 'content: Sôi nổi chuỗi hoạt động chào mừng Đại hội đại biểu Đoàn TNCS Hồ Chí Minh trường Đại học Công nghiệp Hà Nội lần thứ IX Thứ Hai, 10:08 21/10/2019 3162 Từ ngày 18/10 - 20/10/2019, Đoàn thanh niên - Hội sinh viên đã tổ chức chuỗi các hoạt động ý nghĩa chào mừng Đại hội đại biểu Đoàn TNCS Hồ Chí Minh trường Đại học Công nghiệp Hà Nội lần thứ IX, nhiệm kỳ 2019 - 2022. Sáng ngày 18-10, Đoàn trường ĐHCNHN phối hợp với Viện huyết học và Truyền máu Trung ương và Hội chữ Thập đỏ tỉnh Hà Nam tổ chức Ngày hội Cầu vồng nhân ái “Một giọt máu cho đi - Một cuộc đời ở lại” Ngày hội Cầu vồng nhân ái thu hút hàng nghìn lượt sinh viên tham gia đăng ký hiến máu. Ngày hội nhằm phát huy truyền thống ""Thương người như thể thương thân""; khơi dậy lòng nhân ái, yêu thương cộng đồng trong đoàn viên thanh niên. Tối ngày 18/10, Cuộc thi tìm kiếm tài năng “HaUI Got Talent 2019” đã được tổ chức tại Hội trường C19, cơ sở đào tạo Hà Nam. Cuộc thi là sân chơi thực sự bổ ích,nhằm phát hiện, tìm kiếm đoàn viên thanh niên có năng khiếu xuất sắc, bồi dưỡng để xây dựng và bổ sung vào lực lượng văn hóa, văn nghệ nòng cốt của trường, hướng tới xây dựng Đội văn nghệ, các CLB văn hóa... Hội trường C19 thu hút đông đảo các bạn sinh viên năm thứ nhất tham gia cổ vũ cho các phần thi Sáng ngày 19/10, cuộc thi Team building diễn ra với sự tham gia của 08 đội thi đến từ các Liên chi đoàn. Cuộc thi gồm 04 vòng: Vòng 1 - Thông thái (Các đội sẽ lần lượt được bốc thăm mật thư từ BTC, giải mật thư và thực hiện các yêu cầu tiếp theo trong mật thư); Vòng 2 - Thử thách sáng tạo (Thử thách này yêu cầu tính sáng tạo của tất cả các thành viên); Vòng 3 - Khỏe khéo (Gồm chuỗi các trò chơi liên tiếp đòi hỏi các thành viên trong đội chơi phải có sức khỏe, độ khéo léo và sự phối hợp ăn ý) và Vòng 4 - Về đích (Các đội tiến hành xếp chữ theo sự bố trí của Ban Tổ chức) Chiều cùng ngày, cuộc thi nhảy flahmob thực sự bùng nổ với phần dự thi của hơn 100 bạn sinh viên trong Đội thanh niên xung kích Nhà trường. Phần thi nhảy Flashmob ấn\\nnext_contents:\\n', 'content: Chương trình đặc sắc “Dấu ấn Hà Nam” cho sinh viên Đại học khóa 13 Thứ Tư, 13:52 08/05/2019 2085 Sáng ngày 08/5/2019, Đoàn thanh niên - Hội sinh viên Trường Đại học Công nghiệp Hà Nội tổ chức chương trình “Dấu ấn Hà Nam” cho sinh viên đại học khóa 13 (K13) đang học tập tại cơ sở Đào tạo Hà Nam. Chương trình với nhiều hoạt động ấn tượng, ý nghĩa, sẽ là những kỷ niệm đẹp và ngọt ngào cho các bạn sinh viên trước khi chia tay cơ sở đào tạo Hà Nam, nơi gắn bó với các em trong năm đầu của cuộc sống sinh viên. Mở màn chương trình là tiết mục nhảy Flashmod vui nhộn đến từ nhóm sinh viên tình nguyện Tiết mục văn nghệ (múa, hát, nhảy hiện đại) của các bạn sinh viên mang đến không khí vui tươi cho chương trình Tiết mục biểu diễn võ thuật Vovinam của các nam sinh viên Dưới sân, các bạn sinh viên hòa mình vào từng tiết mục biểu diễn Nhằm trong chuỗi hoạt động của chương trình, Ban tổ chức trao phần thưởng “Phòng ở kiểu mẫu” cho đại diện các phòng tham gia cuộc thi và đạt giải Nét đặc sắc của chương trình là cây Thanh xuân - nơi các bạn sinh viên thể hiện tình cảm của bản thân với Thầy cô, bè bạn, giảng đường, kí túc xá qua những dòng lưu bút Sau khi gắn lưu bút lên cây Thanh xuân, các bạn tham gia bốc thăm may mắn trúng thưởng với những phần quà ý nghĩa Cuộc thi kéo ko cũng hấp dẫn không kém khi thu hút không chỉ các nam sinh mà cả nữ sinh viên cũng tham gia nhiệt tình Sự hân hoan, niềm vui như vỡ òa của các cô gái thắng trận kéo co Quả thật, qua một năm học tập, sinh sống và rèn luyện tại cơ sở đào tạo Hà Nam, các bạn sinh viên K13 đã có thật nhiều kỷ niệm đẹp ở nơi đây Chào “Dấu ấn Hà Nam 2019”, các bạn sinh viên K13 từ năm hai lên học tại cơ sở đào tạo tại Hà Nội và năm học sắp tới chúng ta chào đón K14 đến với “Dấu ấn Hà Nam 2020” Thứ Tư, 13:52 08/05/2019 Tags: Đại học Công nghiệp Hà Nội HaUI Dấu ấn Hà Nam Đoàn Thanh niên Hội sinh viên sinh viên K13 hoạt động sinh viên\\nnext_contents:\\n', 'content: Hội nghị kiện toàn Đội Thanh niên tình nguyện Khoa CNTT nhiệm kỳ 2023-2024 Chiều 30/11/2024, Hội nghị Kiện toàn Đội Thanh niên tình nguyện Khoa Công nghệ thông tin Trường ĐH Công Nghiệp Hà Nội nhiệm kỳ 2023-2024 đã diễn ra. Đội Thanh niên tình nguyện Khoa CNTT HaUI là một trong những Đội hình tình nguyện nòng cốt trực thuộc Liên chi Đoàn Khoa CNTT Trường Đại học Công Nghiệp Hà Nội. Bước sang năm hoạt động thứ 16 với 16 lần kiện toàn Ban Chủ nhiệm, Đội Thanh niên tình nguyện Khoa CNTT được tổ chức quy củ, nề nếp, có phương hướng và kế hoạch hoạt động cụ thể, bài bản theo từng giai đoạn. Đội là nhân tố quan trọng đóng góp vào sự phát triển của công tác Đoàn và phong trào thanh niên Khoa CNTT HaUI. Đội Thanh niên tình nguyện Khoa CNTT HaUI đã trải qua 16 năm hoạt động với phương châm được xác định: Tình nguyện bốn bể là nhà - Hai mươi năm ấy vẫn là thanh xuân Tại Lễ Kiện toàn bạn Lê Minh Hùng, Nguyên Đội trưởng Đội Thanh niên tình nguyện ULSA khoá trước chia sẻ: ""Trong nhiệm kỳ quản lý Đội, được giao trọng trách là đội trưởng, mình cảm thấy rất may mắn khi được Ban chủ nhiệm, các thành viên trong Đội và đặc biệt là Đoàn Thanh niên trường tin tưởng và giúp đỡ tận tình. Được gắn bó với Đội suốt 4 năm đại học, đối với mình Đội tình nguyện đã trở thành gia đình thứ 2. Mình có quá nhiều kỷ niệm không thể quên với tập thể Đội. Mình rất tự hào khi nói rằng “ngôi nhà xanh FIT-HaUI” là một tập thể luôn nhiệt huyết, đoàn kết và vững mạnh. Đội đã đi tới nhiều nơi và hoàn thành được nhiều công trình, phần việc vì cộng đồng ý nghĩa Mình mong muốn và tin tưởng Ban Chủ nhiệm Đội trong nhiệm kỳ mới sẽ luôn phát huy tốt tinh thần, nhiệt huyết của tuổi trẻ, theo sự phân công và giao nhiệm vụ của Đoàn Thanh niên trường, quản lý đội thật tốt, để tập thể “ngôi nhà xanh FIT-HaUI” luôn đi đầu trong các phong trào, hoạt động của Đoàn Thanh niên Khoa CNTT-HaUI"". Trong năm học 2023-2024, Đội Thanh niên tình nguyện Khoa CNTT HaUI với định hướng, chỉ đạo của Đoàn Thanh niên trường, cùng với sự cố\\nnext_contents:\\n']","['Hội nghị kiện toàn Đội Thanh niên tình nguyện Khoa CNTT nhiệm kỳ 2023-2024 Chiều 30/11/2024, Hội nghị Kiện toàn Đội Thanh niên tình nguyện Khoa Công nghệ thông tin Trường ĐH Công Nghiệp Hà Nội nhiệm kỳ 2023-2024 đã diễn ra. Đội Thanh niên tình nguyện Khoa CNTT HaUI là một trong những Đội hình tình nguyện nòng cốt trực thuộc Liên chi Đoàn Khoa CNTT Trường Đại học Công Nghiệp Hà Nội. Bước sang năm hoạt động thứ 16 với 16 lần kiện toàn Ban Chủ nhiệm, Đội Thanh niên tình nguyện Khoa CNTT được tổ chức quy củ, nề nếp, có phương hướng và kế hoạch hoạt động cụ thể, bài bản theo từng giai đoạn. Đội là nhân tố quan trọng đóng góp vào sự phát triển của công tác Đoàn và phong trào thanh niên Khoa CNTT HaUI. Đội Thanh niên tình nguyện Khoa CNTT HaUI đã trải qua 16 năm hoạt động với phương châm được xác định: Tình nguyện bốn bể là nhà - Hai mươi năm ấy vẫn là thanh xuân Tại Lễ Kiện toàn bạn Lê Minh Hùng, Nguyên Đội trưởng Đội Thanh niên tình nguyện ULSA khoá trước chia sẻ: ""Trong nhiệm kỳ quản lý Đội, được giao trọng trách là đội trưởng, mình cảm thấy rất may mắn khi được Ban chủ nhiệm, các thành viên trong Đội và đặc biệt là Đoàn Thanh niên trường tin tưởng và giúp đỡ tận tình. Được gắn bó với Đội suốt 4 năm đại học, đối với mình Đội tình nguyện đã trở thành gia đình thứ 2. Mình có quá nhiều kỷ niệm không thể quên với tập thể Đội. Mình rất tự hào khi nói rằng “ngôi nhà xanh FIT-HaUI” là một tập thể luôn nhiệt huyết, đoàn kết và vững mạnh. Đội đã đi tới nhiều nơi và hoàn thành được nhiều công trình, phần việc vì cộng đồng ý nghĩa Mình mong muốn và tin tưởng Ban Chủ nhiệm Đội trong nhiệm kỳ mới sẽ luôn phát huy tốt tinh thần, nhiệt huyết của tuổi trẻ, theo sự phân công và giao nhiệm vụ của Đoàn Thanh niên trường, quản lý đội thật tốt, để tập thể “ngôi nhà xanh FIT-HaUI” luôn đi đầu trong các phong trào, hoạt động của Đoàn Thanh niên Khoa CNTT-HaUI"". Trong năm học 2023-2024, Đội Thanh niên tình nguyện Khoa CNTT HaUI với định hướng, chỉ đạo của Đoàn Thanh niên trường, cùng với sự cố gắng, nỗ lực của toàn thể đội viên, cộng tác viên, Ban chủ nhiệm, Đội đã hoàn thành xuất sắc các nhiệm vụ năm học 2024 - 2025 và ghi nhiều dấu ấn, thành tích nổi bật; Được Đoàn Thanh niên, Ban Giám hiệu nhà trường ghi nhận, đánh giá cao.']","Trong nhiệm kỳ 2023-2024, Đội Thanh niên tình nguyện Khoa Công nghệ thông tin Trường Đại học Công nghiệp Hà Nội đã có những hoạt động đáng chú ý như sau:

1. **Kiện toàn tổ chức**:
   - Đội đã tổ chức hội nghị kiện toàn vào ngày 30/11/2024, nhằm củng cố và phát triển đội ngũ, xác định phương hướng và kế hoạch hoạt động cụ thể cho từng giai đoạn.

2. **Hoạt động tình nguyện**:
   - Đội Thanh niên tình nguyện Khoa CNTT đã thực hiện nhiều công trình và phần việc vì cộng đồng, thể hiện tinh thần trách nhiệm và nhiệt huyết của sinh viên.

3. **Định hướng phát triển**:
   - Đội đã xác định phương châm hoạt động là ""Tình nguyện bốn bể là nhà - Hai mươi năm ấy vẫn là thanh xuân"", nhấn mạnh sự gắn bó và cống hiến của các thành viên trong đội.

4. **Tham gia các phong trào**:
   - Đội đã tích cực tham gia vào các phong trào Đoàn - Hội, góp phần vào sự phát triển chung của công tác Đoàn và phong trào thanh niên trong Khoa.

Các hoạt động này không chỉ giúp sinh viên phát triển kỹ năng mềm mà còn tạo ra những kỷ niệm đẹp trong quãng đời sinh viên. Nếu bạn cần thêm thông tin chi tiết về các hoạt động cụ thể khác, hãy cho tôi biết!

[Hội nghị kiện toàn Đội Thanh niên tình nguyện Khoa CNTT nhiệm kỳ 2023-2024] - [**Link tham khảo**](https://fit.haui.edu.vn/vn/tin-tuc/hoi-nghi-kien-toan-doi-thanh-nien-tinh-nguyen-khoa-cntt-nhiem-ky-2023-2024/71182).","Trong nhiệm kỳ 2023-2024, Đội Thanh niên tình nguyện Khoa CNTT HaUI đã hoàn thành xuất sắc các nhiệm vụ và ghi nhiều dấu ấn, thành tích nổi bật. Đội đã được Đoàn Thanh niên và Ban Giám hiệu nhà trường ghi nhận, đánh giá cao về những nỗ lực và cố gắng của toàn thể đội viên, cộng tác viên, và Ban chủ nhiệm.",0.8810483168347153,0.699999999965,0.8461538461538461,1.0,0.7384161949157715,7.451933145523071
"Tại sao các đội viên cần học tập và làm theo tư tưởng, đạo đức, phong cách của Chủ tịch Hồ Chí Minh?","['content: Cuộc thi ""Học tập và làm theo tư tưởng, đạo đức, phong cách Hồ Chí Minh” năm 2023 Thứ Bảy, 07:42 05/08/2023 1449 Trường Đại học Công nghiệp Hà Nội tổ chức Cuộc thi ""Học tập và làm theo tư tưởng, đạo đức, phong cách Hồ Chí Minh năm 2023. I. MỤC ĐÍCH, YÊU CẦU 1. Mục đích - Cuộc thi “Học tập và làm theo tư tưởng, đạo đức, phong cách Hồ Chí Minh” năm 2023 nhằm khơi dậy khát vọng xây dựng Trường Đại học Công nghiệp Hà Nội trở thành đại học văn minh, hiện đại; là đợt sinh hoạt chính trị sâu rộng trong toàn Đảng bộ, viên chức, người lao động, học viên, sinh viên; đưa việc học tập và làm theo tư tưởng, đạo đức, phong cách Hồ Chí Minh ngày càng đi vào cuộc sống. tạo sự chuyển biển từ nhận thức, học tập đến làm theo; khẳng định giá trị to lớn của tư tưởng, đạo đức, phong cách Hồ Chí Minh. Đồng thời góp phần tích cực giáo dục truyền thống cách mạng, tạo sự chuyển biến về ý thức tu dưỡng, rèn luyện phẩm chất đạo đức, lối sống của cán bộ, đảng viên, viên chức, người lao động và người học trong toàn Trưởng. - Phát hiện, nếu gương, nhân rộng mô hình mới, cách làm hay, điển hình tiêu biểu, gương người tốt, việc tốt trong học tập và làm theo tư tưởng, đạo đức, phong cách Hồ Chí Minh với nhiều hình thức đa dạng, phong phủ và có sức thuyết phục, góp phần ngăn chặn, đẩy lùi suy thoái về tư tưởng, chính trị, đạo đức, lỗi sống và các tệ nạn xã hội; phòng, chống tham nhũng, lãng phí, tiêu cực... thúc đẩy việc tổ chức thực hiện thành công Kết luận 01-KLTW ngày 18/5/2021 của Bộ Chính trị về tiếp tục thực hiện Chỉ thị số 05-CT/TW ngày 15/5/2016 của Bộ Chính trị khóa XII ""Về đẩy mạnh học tập và làm theo tư tưởng, đạo đức, phong cách Hồ Chí Minh"", Chuyên đề toàn khóa nhiệm kỳ Đại hội XIII của Đảng ""Học tập và làm theo tư tưởng, đạo đức, phong cách Hồ Chí Minh về ý chí tự học, tự cường và khát vọng phát triển đất nước phần vinh, hạnh phúc”. - Đây là một trong những hoạt động thiết thực, ý nghĩa chào mừng kỷ niệm 125 năm truyền thống Trường Đại học Công nghiệp Hà Nội. 2. Yêu cầu Tổ chức Cuộc\\nnext_contents:\\n', 'content: Đoàn Thanh niên Công ty năm 2023 gắn với nhiệm vụ sản xuất kinh doanh, an toàn, môi trường của Công ty bằng những việc làm cụ thể, thiết thực""... Với những thành tích đạt được trong quá trình công tác, học tập và làm theo Bác Hồ trong thời gian qua, anh đã được nhận nhiều phần thưởng cao quý của các cấp, các ngành và của Công ty. Đặc biệt tại Hội nghị sơ kết 03 năm thực hiện Kết luận số 01-KL/TW ngày 18/5/2021 của Bộ Chính trị về ""Học tập và làm theo tư tưởng, đạo đức, phong cách Hồ Chí Minh"" và Nói chuyện chuyên đề về học tập và làm theo Bác do Đảng uỷ Tập đoàn Hoá chất Việt Nam tổ chức tại Hà Nội ngày 26/6/2024, anh Trần Xuân Thành đã vinh dự được Đảng uỷ Tập đoàn Hoá chất Việt Nam khen thưởng vì có thành tích xuất sắc trong ""Học tập và làm theo tư tưởng, đạo đức, phong cách Hồ Chí Minh"" giai đoạn 2021-2024. Nguồn: Báo điện tử Dân Việt Thứ Năm, 18:19 10/10/2024 Tags:\\nnext_contents:\\n- có thanh niên"". Anh Trần Xuân Thành, Bí thư ĐTN Công ty cùng ĐTN Công ty và ĐTN thị trấn Hùng Sơn tặng quà cho gia đình chiến sỹ đang công tác tại Hải đảo. Không chỉ hoàn thành xuất sắc mọi nhiệm vụ được giao, anh Trần Xuân Thành còn luôn gương mẫu đi đầu trong phong trào thi đua lao động sáng tạo. Hàng năm, anh có nhiều đề tài, sáng kiến kinh nghiệm được Hội đồng sáng kiến công ty công nhận, khen thưởng và được áp dụng vào thực tế hoạt động đoàn thể cũng như sản xuất, kinh doanh của Công ty. Do đó, nhiều năm liền Anh được công nhận là chiến sĩ thi đua cơ sở. Tính riêng từ năm 2020 đến nay, Bí thư Đoàn Thanh niên Supe Lâm Thao đã có 17 sáng kiến với giá trị làm lợi cho công ty và trên địa bàn hàng tỷ đồng. Tiêu biểu như các sáng kiến: ""Tổ chức thực hiện khảo sát, trồng, chăm sóc 380 cây keo, 150 cây si tại khu vực bãi xỉ của Công ty""; ""Thiết kế, lắp đặt các bảng quy định về quản lý tổ chức bữa ăn giữa ca phục vụ công tác ăn ca của người lao động tại Công ty và XN NPK Hải Dương""; ""Khảo sát, nghiên cứu, thiết kế, lắp đặt các bảng nội quy xe ô tô ra vào Công ty phục vụ công tác xuất bán hàng và nhập hàng của Công ty""; ""Khảo sát, thiết kế, lắp đặt Hệ thống đèn đường chiếu sáng trên trục đường chính của xóm Lâm Lý, khu Tân Trung, thị trấn Lâm Thao""; ""Thiết kế, lắp đặt các dụng cụ phục vụ sinh hoạt, vui chơi, giải trí, thể thao cho thanh thiếu nhi tại khu 1, xã Thạch Sơn, huyện Lâm Thao""; ""Đề xuất triển khai đổi mới các hoạt động trong công tác Đoàn và phong trào thanh thiếu nhi của Đoàn Thanh niên Công ty năm 2023 gắn với nhiệm vụ sản xuất kinh doanh, an toàn, môi trường của Công ty bằng những việc làm cụ thể, thiết thực""... Với những thành tích đạt được trong quá trình công tác, học tập và làm theo Bác Hồ trong thời gian qua, anh đã được nhận nhiều phần thưởng cao quý của các cấp, các ngành và của Công ty. Đặc biệt tại Hội nghị sơ kết 03 năm thực hiện Kết luận số 01-KL/TW ngày 18/5/2021 của Bộ Chính trị về ""Học tập và làm theo tư tưởng, đạo đức, phong cách Hồ Chí Minh""\\n', 'content: thiếu nhi của Đoàn Thanh niên Công ty năm 2023 gắn với nhiệm vụ sản xuất kinh doanh, an toàn, môi trường của Công ty bằng những việc làm cụ thể, thiết thực""... Với những thành tích đạt được trong quá trình công tác, học tập và làm theo Bác Hồ trong thời gian qua, anh đã được nhận nhiều phần thưởng cao quý của các cấp, các ngành và của Công ty. Đặc biệt tại Hội nghị sơ kết 03 năm thực hiện Kết luận số 01-KL/TW ngày 18/5/2021 của Bộ Chính trị về ""Học tập và làm theo tư tưởng, đạo đức, phong cách Hồ Chí Minh"" và Nói chuyện chuyên đề về học tập và làm theo Bác do Đảng uỷ Tập đoàn Hoá chất Việt Nam tổ chức tại Hà Nội ngày 26/6/2024, anh Trần Xuân Thành đã vinh dự được Đảng uỷ Tập đoàn Hoá chất Việt Nam khen thưởng vì có thành tích xuất sắc trong ""Học tập và làm theo tư tưởng, đạo đức, phong cách Hồ Chí Minh"" giai đoạn 2021-2024. Nguồn: Báo điện tử Dân Việt Thứ Năm, 18:43 10/10/2024 Tags: Cựu sinh viên Đại học Công nghiệp Hà Nội HaUI ĐHCNHN\\nnext_contents:\\n- có, đâu khó có thanh niên"". Anh Trần Xuân Thành, Bí thư ĐTN Công ty cùng ĐTN Công ty và ĐTN thị trấn Hùng Sơn tặng quà cho gia đình chiến sỹ đang công tác tại Hải đảo. Không chỉ hoàn thành xuất sắc mọi nhiệm vụ được giao, anh Trần Xuân Thành còn luôn gương mẫu đi đầu trong phong trào thi đua lao động sáng tạo. Hàng năm, anh có nhiều đề tài, sáng kiến kinh nghiệm được Hội đồng sáng kiến công ty công nhận, khen thưởng và được áp dụng vào thực tế hoạt động đoàn thể cũng như sản xuất, kinh doanh của Công ty. Do đó, nhiều năm liền Anh được công nhận là chiến sĩ thi đua cơ sở. Tính riêng từ năm 2020 đến nay, Bí thư Đoàn Thanh niên Supe Lâm Thao đã có 17 sáng kiến với giá trị làm lợi cho công ty và trên địa bàn hàng tỷ đồng. Tiêu biểu như các sáng kiến: ""Tổ chức thực hiện khảo sát, trồng, chăm sóc 380 cây keo, 150 cây si tại khu vực bãi xỉ của Công ty""; ""Thiết kế, lắp đặt các bảng quy định về quản lý tổ chức bữa ăn giữa ca phục vụ công tác ăn ca của người lao động tại Công ty và XN NPK Hải Dương""; ""Khảo sát, nghiên cứu, thiết kế, lắp đặt các bảng nội quy xe ô tô ra vào Công ty phục vụ công tác xuất bán hàng và nhập hàng của Công ty""; ""Khảo sát, thiết kế, lắp đặt Hệ thống đèn đường chiếu sáng trên trục đường chính của xóm Lâm Lý, khu Tân Trung, thị trấn Lâm Thao""; ""Thiết kế, lắp đặt các dụng cụ phục vụ sinh hoạt, vui chơi, giải trí, thể thao cho thanh thiếu nhi tại khu 1, xã Thạch Sơn, huyện Lâm Thao""; ""Đề xuất triển khai đổi mới các hoạt động trong công tác Đoàn và phong trào thanh thiếu nhi của Đoàn Thanh niên Công ty năm 2023 gắn với nhiệm vụ sản xuất kinh doanh, an toàn, môi trường của Công ty bằng những việc làm cụ thể, thiết thực""... Với những thành tích đạt được trong quá trình công tác, học tập và làm theo Bác Hồ trong thời gian qua, anh đã được nhận nhiều phần thưởng cao quý của các cấp, các ngành và của Công ty. Đặc biệt tại Hội nghị sơ kết 03 năm thực hiện Kết luận số 01-KL/TW ngày 18/5/2021 của Bộ Chính trị về ""Học tập và làm theo tư tưởng, đạo đức, phong cách\\n', 'content: thưởng “Sao tháng Giêng”. Với tư cách là “đội dự bị tin cậy của Ðảng, thường xuyên bổ sung lực lượng trẻ cho Ðảng, kế tục sự nghiệp cách mạng vẻ vang của Ðảng và Chủ tịch Hồ Chí Minh”, Đoàn trường đã bồi dưỡng, tạo môi trường để “hạt giống đỏ” rèn đạo đức, trau dồi bản lĩnh chính trị, trưởng thành và phấn đấu trở thành đảng viên Đảng Cộng sản Việt Nam. Qua các phong trào thực tiễn, năm 2022, đã có 52 đoàn viên ưu tú chính thức trở thành Đảng viên Đảng Cộng Sản Việt Nam. Thế hệ đảng viên trẻ sẽ tiếp tục phấn đấu, nối gót cha ông, mãi là ngọn đuốc sáng soi đường các thế hệ đoàn viên, thanh niên hôm nay và mai sau. Tháng 6/2023 Trường Đại học Công nghiệp Hà Nội Thứ Năm, 07:03 01/06/2023 Tags: đoàn thanh niên bảo vệ nền tư tưởng của Đảng\\nnext_contents:\\n- là một chiến sĩ tư tưởng sắc thông tin, vững kiến thức về nền tảng tư tưởng của Đảng, chủ nghĩa Mác - Lênin, tư tưởng Hồ Chí Minh, kiên định mục tiêu độc lập dân tộc gắn với chủ nghĩa xã hội; chủ động, sàng lọc khi tiếp cận thông tin và phát ngôn trên không gian mạng; giảm tần suất tiếp xúc với các thông tin tiêu cực, ngăn chặn các tin giả; chủ động báo xấu tài khoản mạng xã hội có nội dung sai sự thật, phản động; kiên quyết không để các thế lực thù địch lợi dụng không gian mạng làm công cụ tăng cường chống phá chế độ. Đoàn thanh niên Trường Đại học Công nghiệp Hà Nội tổ chức hành trình đến với địa chỉ đỏ tại Đền thờ Chủ tịch Hồ Chí Minh trên đỉnh núi Vua thuộc dãy Tản Viên, Ba Vì Đồng thời, hằng năm, Đoàn trường đã tổ chức hành trình về địa chỉ đỏ, thể hiện đạo lý “Uống nước nhớ nguồn, đền ơn đáp nghĩa”. Đây là dịp để các thế hệ đoàn viên, thanh niên nhớ về cội nguồn, được trở về với lịch sử hào hùng của dân tộc, tỏ lòng biết ơn vô hạn đối với các thế hệ cha anh đi trước, các thế hệ tiền bối cách mạng đã cống hiến, hy sinh vì sự nghiệp cao cả giải phóng dân tộc, xây dựng và bảo vệ Tổ quốc; tuyên truyền cho đoàn viên, thanh niên tiếp tục phát huy những giá trị truyền thống cách mạng của Đảng, bồi đắp lòng yêu nước, ý chí tự cường, tự tôn dân tộc. Nhờ đó, đoàn viên, thanh niên Trường Đại học Công nghiệp Hà Nội có bản lĩnh chính trị vững vàng, tin tưởng tuyệt đối vào đường lối, chủ trương của Đảng, Nhà nước; trở thành tấm gương sáng làm theo lời Bác; là “sinh viên 5 tốt”, đạt giải thưởng “Sao tháng Giêng”. Với tư cách là “đội dự bị tin cậy của Ðảng, thường xuyên bổ sung lực lượng trẻ cho Ðảng, kế tục sự nghiệp cách mạng vẻ vang của Ðảng và Chủ tịch Hồ Chí Minh”, Đoàn trường đã bồi dưỡng, tạo môi trường để “hạt giống đỏ” rèn đạo đức, trau dồi bản lĩnh chính trị, trưởng thành và phấn đấu trở thành đảng viên Đảng Cộng sản Việt Nam. Qua các phong trào thực tiễn, năm 2022, đã có 52 đoàn viên ưu tú chính thức trở thành Đảng viên Đảng Cộng Sản Việt Nam. Thế hệ đảng viên trẻ\\n', 'content: phẩm sân khấu hay nhất cho Liên chi bộ: Trường Cơ khí Ô tô, Phòng Tổ chức Hành chính, Trung tâm Truyền thông và Quan hệ Công chúng; trao giải Diễn xuất hình tượng Bác Hồ hay nhất cho Liên chi bộ: Trường Ngoại ngữ Du lịch, Phòng Đào tạo, Trung tâm Đào tạo Sau đại học + Trung tâm Đào tạo thường xuyên Các đại biểu chụp ảnh lưu niệm Trong những ngày mùa thu lịch sử, cuộc thi “Học tập và làm theo tư tưởng, đạo đức, phong cách Hồ Chí Minh” năm 2023 do Đảng bộ Đại học Công nghiệp Hà Nội tổ chức sẽ còn mãi những kỉ niệm đáng nhớ của cán bộ, đảng viên, viên chức, người lao động, học viên, sinh viên được thăng hoa, cống hiến trên sân khấu, được đón nhận những tình cảm ấm nồng, ngọt ngào, chân thành của khán giả. Một số hình ảnh Cuộc thi Học tập và làm theo tư tưởng, đạo đức, phong cách Hồ Chí Minh năm 2023: Thứ Năm, 23:19 05/10/2023 Tags: sân khấu hóa Cuộc thi Học tập và làm theo tư tưởng đạo đức phong cách Hồ Chí Minh Đảng bộ Đại học Công nghiệp Hà Nội\\nnext_contents:\\n- Kịch nói Quân đội trao giải Nhì cho Liên chi bộ: Khoa Lý luận Chính trị - Pháp luật, Trung tâm Việt Nhật; Phòng Thanh tra giáo dục, Trung tâm Hỗ trợ sinh viên; Liên chi bộ: Trường Cơ khí Ô tô, Phòng Tổ chức Hành chính, Trung tâm Truyền thông và Quan hệ Công chúng và Liên chi bộ: Trường Ngoại ngữ Du lịch, Phòng Đào tạo, Trung tâm Đào tạo Sau đại học + Trung tâm Đào tạo thường xuyên Đồng chí Phạm Văn Bổng – Phó Bí thư Đảng uỷ, Phó Hiệu trưởng và đồng chí Phạm Văn Đông – Phó Hiệu trưởng, Chủ tịch Công đoàn trường trao giải Ba cho Liên chi bộ: Khoa Kế toán Kiểm toán, Khoa Công nghệ Hóa, Khoa Công nghệ May & Thiết kế thời trang, Phòng Tài chính kế toán; Liên chi bộ: Khoa Điện, Phòng Khoa học Công nghệ + Viện Công nghệ HaUI, Trung tâm Thông tin Thư viện, Công ty Letco; Liên chi bộ: Khoa Điện tử; Khoa Khoa học Cơ bản; Phòng Quản trị; Trung tâm Công nghệ Ô tô và Đào tạo lái xe và Liên chi bộ: Khoa Quản lý Kinh doanh; Phòng Công tác sinh viên + Trạm Y tế; Trung tâm Đảm bảo chất lượng; Trung tâm Khảo thí Đồng chí Nguyễn Văn Thiện – Thường vụ Đảng ủy, Trưởng phòng Tổ chức Hành chính và đồng chí Nguyễn Thị Thu Hương – Đảng ủy viên, Giám đốc Trung tâm TT&QHCC trao giải Chào hỏi ấn tượng nhất cho Liên chi bộ: Khoa Kế toán Kiểm toán, Khoa Công nghệ Hóa, Khoa Công nghệ May & Thiết kế thời trang, Phòng Tài chính kế toán; trao giải Nhận thức xuất sắc nhất cho Liên chi bộ: Khoa Lý luận Chính trị - Pháp luật, Trung tâm Việt Nhật; Phòng Thanh tra giáo dục, Trung tâm Hỗ trợ sinh viên; trao giải Tiểu phẩm sân khấu hay nhất cho Liên chi bộ: Trường Cơ khí Ô tô, Phòng Tổ chức Hành chính, Trung tâm Truyền thông và Quan hệ Công chúng; trao giải Diễn xuất hình tượng Bác Hồ hay nhất cho Liên chi bộ: Trường Ngoại ngữ Du lịch, Phòng Đào tạo, Trung tâm Đào tạo Sau đại học + Trung tâm Đào tạo thường xuyên Các đại biểu chụp ảnh lưu niệm Trong những ngày mùa thu lịch sử, cuộc thi “Học tập và làm theo tư tưởng, đạo đức, phong cách Hồ Chí Minh” năm 2023 do Đảng bộ Đại học Công nghiệp Hà Nội tổ chức sẽ\\n']","['Ban Chủ nhiệm Khóa mới ra mắt Qua quá trình hoạt động, làm việc và xin ý kiến chỉ đạo của Ban Chấp hành Đoàn trường, tại buổi lễ Kiện toàn, Đội Thanh niên tình nguyện Khoa CNTT HaUI đã thống nhất, giới thiệu Ban chủ nhiệm Đội nhiệm kỳ 2024-2025 gồm 4 thành viên: Đồng chí Nguyễn Hữu Nhật – Chủ nhiệm, Đồng chí Phạm Thị Hải Hà – Phó chủ nhiệm, Đồng chí Nguyễn Thanh Tùng – Phó chủ nhiệm, Đồng chí Lê Văn Sơn – Phó chủ nhiệm Các thành viên trong đội đều là những cá nhân nhiệt huyết với công tác Đoàn, phong trào thanh niên Được biết, trong nhiệm kỳ 2024- 2025, phát huy những kết quả đạt được trong hoạt động năm 2024, bám sát định hướng, chỉ đạo của Đoàn Thanh niên trường Đại học Công Nghiệp Hà Nội, Đội Thanh niên tình nguyện Khoa CNTT HaUI xác định phương hướng, nhiệm vụ công tác Đoàn và phong trào thanh niên năm 2025 sẽ tiếp tục tập trung bám sát sự chỉ đạo của Đoàn trường, xây dựng kế hoạch công tác khả thi, phù hợp với đặc thù của Đội; Tăng cường tuyên truyền, giáo dục chính trị tư tưởng, đạo đức lối sống, ý thức chấp hành pháp luật trong Đội viên; Thường xuyên theo dõi nắm bắt tình hình tư tưởng, tâm tư nguyện vọng của Đội viên; Đẩy mạnh các phong trào thi đua học tập, sáng tạo, tích cực rèn luyện tác phong, lề lối, nâng cao chất lượng, hiệu quả công việc gắn với đảm bảo hiệu quả học tập; Tiếp tục xây dựng, củng cố tổ chức của Đội, nâng cao chất lượng hoạt động Đoàn, chú trọng công tác kiểm tra, giám sát và thực hiện tốt công tác Đoàn tham gia xây dựng Đảng. Một số chỉ tiêu, nhiệm vụ cụ thể được toàn Đội xác định như: 100% đội viên gương mẫu, đẩy mạnh học tập và làm theo tư tưởng, đạo đức, phong cách Chủ tịch Hồ Chí Minh; Đội tiếp tục giới thiệu cho Đoàn trường để giới thiệu cho Đảng những đoàn viên ưu tú, chú trọng chất lượng đoàn viên, quần chúng ưu tú được giới thiệu cho Đảng; Thực hiện tốt chế độ thông tin, báo cáo Đoàn trường Đại học Công Nghiệp Hà Nội; Liên tục đổi mới các nội dung sinh hoạt của Đội, gắn hoạt động Đoàn với việc học tập; Nâng cao chất lượng hoạt động của Đội gắn với nâng cao tính chủ động của các thành viên trong Đội; Triển khai và tham gia tích cực các hoạt động, phong trào do Đoàn trường tổ chức; Mở rộng học hỏi, giao lưu với các Đội, CLB trong trường; Tăng cường tổ chức các hoạt động văn nghệ, thể thao nhằm kết nối các thành viên trong Đội; Vận động các thành viên trong Đội tích cực tham gia xung kích giữ gìn an ninh trật tự và an toàn xã hội.']","Dưới đây là thông tin về hoạt động khóa, hoạt động đoàn hội tại Khoa Công nghệ thông tin, Trường Đại học Công nghiệp Hà Nội, cũng như lý do tại sao các đội viên cần học tập và làm theo tư tưởng, đạo đức, phong cách của Chủ tịch Hồ Chí Minh.

### 1. Hoạt động khóa tại Khoa Công nghệ thông tin
- Khoa Công nghệ thông tin thường xuyên tổ chức các hội thảo, seminar chuyên ngành nhằm nâng cao kiến thức và kỹ năng cho sinh viên.
- Các hoạt động nghiên cứu khoa học được khuyến khích, tạo điều kiện cho sinh viên tham gia vào các dự án thực tế.
- Sinh viên có cơ hội tham gia các chương trình đào tạo thực hành, giúp họ áp dụng kiến thức vào thực tiễn.

### 2. Hoạt động đoàn hội
- Khoa có các hoạt động đoàn hội phong phú, bao gồm các chương trình tình nguyện, hoạt động ngoại khóa, và các cuộc thi sáng tạo.
- Các hoạt động này không chỉ giúp sinh viên phát triển kỹ năng mềm mà còn tạo ra môi trường giao lưu, học hỏi giữa các sinh viên.
- Đoàn thanh niên thường tổ chức các buổi sinh hoạt, tọa đàm về các chủ đề xã hội, văn hóa, và khoa học công nghệ.

### 3. Tại sao các đội viên cần học tập và làm theo tư tưởng, đạo đức, phong cách của Chủ tịch Hồ Chí Minh?
- Việc học tập và làm theo tư tưởng, đạo đức, phong cách của Chủ tịch Hồ Chí Minh giúp các đội viên hình thành nhân cách tốt, có trách nhiệm với bản thân và xã hội.
- Tư tưởng của Bác khuyến khích tinh thần tự lực, tự cường, và lòng yêu nước, điều này rất cần thiết trong bối cảnh hiện nay.
- Học tập theo Bác còn giúp các đội viên phát triển tư duy phản biện, khả năng giải quyết vấn đề và nâng cao ý thức cộng đồng.

Thông tin chi tiết về các hoạt động và chương trình có thể tham khảo thêm từ các tài liệu chính thức của trường.

**Nguồn tham khảo:**
- [Hội thảo “Xây dựng chương trình đào tạo thạc sĩ ngành Kỹ thuật điện tử”](https://www.haui.edu.vn/vn/tin-tuc/hoi-thao-xay-dung-chuong-trinh-dao-tao-thac-sy-nganh-ky-thuat-dien-tu-va-xay-dung-chuong-trinh-dao-tao-ky-su-chat-luong-cao-nganh-cong-nghe-ky-thuat-dien-tu-truyen-thong/52597) - [**Link tham khảo**](https://www.haui.edu.vn/vn/tin-tuc/hoi-thao-xay-dung-chuong-trinh-dao-tao-thac-sy-nganh-ky-thuat-dien-tu-va-xay-dung-chuong-trinh-dao-tao-ky-su-chat-luong-cao-nganh-cong-nghe-ky-thuat-dien-tu-truyen-thong/52597).
- [Cuộc thi ""Học tập và làm theo tư tưởng, đạo đức, phong cách Hồ Chí Minh"" năm 2023](https://www.haui.edu.vn/vn/thong-bao/cuoc-thi-hoc-tap-va-lam-theo-tu-tuong-dao-duc-phong-cach-ho-chi-minh-nam-2023/64347) - [**Link tham khảo**](https://www.haui.edu.vn/vn/thong-bao/cuoc-thi-hoc-tap-va-lam-theo-tu-tuong-dao-duc-phong-cach-ho-chi-minh-nam-2023/64347).

Nếu bạn cần thêm thông tin hoặc có câu hỏi khác, hãy cho tôi biết!","Các đội viên cần học tập và làm theo tư tưởng, đạo đức, phong cách của Chủ tịch Hồ Chí Minh để trở thành những cá nhân gương mẫu, nâng cao chất lượng hoạt động Đoàn và góp phần xây dựng tổ chức Đoàn vững mạnh.",0.7779100884726161,0.99999999998,0.038461538461538464,1.0,0.8718681335449219,17.440594911575317
Bạn Nguyễn Hữu Nhật đã chia sẻ điều gì về vai trò của mình trong nhiệm kỳ 2024-2025?,"['content: ương Hội Liên hiệp Thanh niên Việt Nam tổ chức. “Trong cuộc gặp năm 2023, Thủ tướng Phạm Minh Chính ân cần hỏi thăm và động viên: “Cố lên các cháu, cộng đồng đang cần mình!” Câu nói của Thủ tướng nhắc nhở tôi cần phải phấn đấu và cống hiến hơn nữa trong sự nghiệp hỗ trợ cộng đồng. Tôi luôn muốn dốc hết sức trẻ và nhiệt huyết của mình dành cho các hoạt động của thanh niên, đặc biệt là thanh niên khuyết tật. Tôi cũng mong muốn một ngày gần nhất sẽ được đứng trong hàng ngũ của Đảng, được Đảng soi sáng trên các hành trình tiếp theo,” chị Hằng nói./. Nguồn: VietnamPlus Thứ Bảy, 08:01 19/10/2024 Tags:\\nnext_contents:\\n- khó khăn của người khuyết tật, Hằng đã đề xuất và tổ chức các chương trình hỗ trợ học nghề, tặng quà cho gia đình người khuyết tật khó khăn, tổ chức khám chữa bệnh cho người khuyết tật. Hằng cũng tập trung hướng đến hỗ trợ trẻ khuyết tật với việc vận động quỹ học bổng “Chắp cánh ước mơ” tặng học bổng cho trẻ em khuyết tật và con em người khuyết tật, tổ chức các hoạt động để mọi người hiểu hơn về những thiệt thòi của người khuyết tật, để không còn trẻ khuyết tật nào phải chịu tổn thương về mặt tinh thần như cô bé “Hằng thọt” khi xưa. Vừa đi làm, vừa quán xuyến gia đình, vừa tham gia hỗ trợ cộng đồng khiến quỹ thời gian của Hằng trở nên vô cùng hạn hẹp, chị cho hay luôn phải cố gắng cân bằng để hoàn thành tốt công việc ở mỗi vai trò, tranh thủ các buổi tối, sau khi các con ngủ, để tìm hiểu và nghiên cứu thêm các chương trình phù hợp với người khuyết tật, từ đó lên kế hoạch tổ chức các hoạt động. Với những nỗ lực không mệt mỏi, vượt lên những khó khăn, thiệt thòi của bản thân để không chỉ có cuộc sống tốt cho chính mình mà còn cống hiến hết mình cho cộng đồng, Lê Thuý Hằng đã được nhận nhiều giấy khen cấp quận và thành phố Hà Nội. Chị là 1 trong 400 thanh niên tiêu biểu, đại diện cho hơn 2 triệu thanh niên Việt Nam tham gia chương trình Đối thoại cùng Thủ tướng Chính phủ nước Cộng hòa Xã hội Chủ nghĩa Việt Nam các năm 2023, 2024. Mới đây, Lê Thúy Hằng cũng được lựa chọn là một trong 38 gương mặt thanh niên khuyết tật được vinh danh trong chương trình Tỏa sáng nghị lực Việt do Trung ương Hội Liên hiệp Thanh niên Việt Nam tổ chức. “Trong cuộc gặp năm 2023, Thủ tướng Phạm Minh Chính ân cần hỏi thăm và động viên: “Cố lên các cháu, cộng đồng đang cần mình!” Câu nói của Thủ tướng nhắc nhở tôi cần phải phấn đấu và cống hiến hơn nữa trong sự nghiệp hỗ trợ cộng đồng. Tôi luôn muốn dốc hết sức trẻ và nhiệt huyết của mình dành cho các hoạt động của thanh niên, đặc biệt là thanh niên khuyết tật. Tôi cũng mong muốn một ngày gần nhất sẽ được đứng trong hàng ngũ của Đảng, được Đảng\\n', 'content: phục những thử thách thực tiễn. Chúng tôi tin rằng, với sự cố gắng không ngừng nghỉ và sự hỗ trợ từ nhà trường và doanh nghiệp, các bạn sinh viên sẽ sớm trở thành những chuyên gia hàng đầu trong lĩnh vực CNTT."" TS. Phạm Văn Hà chia sẻ và chúc mừng các em SV đã đạt được học bổng Lập trình viên Toàn năng (DTN) Sinh viên Trần Thị Minh Tâm đại diện SV khoa CNTT - HaUI được nhận học bổng lên phát biểu Anh Vũ Đức Thuận - Đại diện Công ty VTI lên trao suất học bổng cho SV xuất sắc Khoa CNTT-HaUI Hy vọng rằng học bổng sẽ là nguồn động lực lớn giúp các bạn sinh viên tiếp tục theo đuổi ước mơ của mình trong tương lai, luôn giữ vững tinh thần học hỏi không ngừng và tinh thần sáng tạo để vươn xa hơn trong sự nghiệp. Thứ Sáu, 15:29 27/09/2024 Tags:\\nnext_contents:\\n- Sinh viên Khoa Công nghệ thông tin Trường Đại học Công nghiệp nhận học bổng từ VTI Academy Chương trình học bổng “DIGIWORLD ƯƠM MẦM XANH - ĐÀO TẠO KỸ SƯ LẬP TRÌNH” được hợp tác giữa công ty cổ phần công nghệ số (Digiworld) và VTI Academy, trung tâm đào tạo công nghệ thông tin thuộc tập đoàn VTI nhằm hỗ trợ sinh viên vượt khó, thúc đẩy phát triển nguồn nhân lực công nghệ thông tin chất lượng cao trong thời đại công nghệ 4.0. Với tổng giá trị học bổng 3 tỷ đồng, chương trình mong muốn tạo cơ hội cho sinh viên năm cuối bậc đại học hiện thực hóa ước mơ công nghệ, có điều kiện tiếp cận sớm nhất với dự án doanh nghiệp, nhằm nâng cao trình độ chuyên môn, phát triển kỹ năng mềm và giữ vững tinh thần “học tập suốt đời"" trên con đường sự nghiệp. Chiều ngày 26/9/2024, VTI Academy rất vui được trao tặng học bổng ""Digiword - Ươm mầm xanh"" cho 3 sinh viên xuất sắc đến từ khoa CNTT, trường Đại học Công nghiệp Hà Nội. Đây đều là những sinh viên vượt lên hoàn cảnh khó khăn đạt thành tích học tập xuất sắc. Tại buổi lễ trao học bổng, TS. Phạm Văn Hà, Phó Trưởng khoa CNTT, trường Đại học Công nghiệp Hà Nội, đã chia sẻ: ""Chúng tôi đánh giá cao sự hỗ trợ từ các doanh nghiệp như VTI Academy, không chỉ trong việc trao tặng học bổng mà còn trong việc cung cấp những cơ hội học tập và làm việc cho sinh viên.” Anh Vũ Đức Thuận, COO của VTI Academy, cũng khẳng định: ""VTI Academy cam kết không chỉ đồng hành cùng các sinh viên trong việc nâng cao kiến thức mà còn trong hành trình chinh phục những thử thách thực tiễn. Chúng tôi tin rằng, với sự cố gắng không ngừng nghỉ và sự hỗ trợ từ nhà trường và doanh nghiệp, các bạn sinh viên sẽ sớm trở thành những chuyên gia hàng đầu trong lĩnh vực CNTT."" TS. Phạm Văn Hà chia sẻ và chúc mừng các em SV đã đạt được học bổng Lập trình viên Toàn năng (DTN) Sinh viên Trần Thị Minh Tâm đại diện SV khoa CNTT - HaUI được nhận học bổng lên phát biểu Anh Vũ Đức Thuận - Đại diện Công ty VTI lên trao suất học bổng cho SV xuất sắc Khoa CNTT-HaUI Hy\\n', 'content: Chàng trai ngành Công nghệ thông tin là tấm gương sáng cho sinh viên Sinh ra và lớn lên ở Thanh Hóa, Nguyễn Đức Long ngay từ nhỏ đã là một chàng trai hiểu chuyện, biết suy nghĩ cho bố mẹ, biết nhìn nhận hoàn cảnh gia đình. Chính vì thế Long đã lựa chọn ngành Công nghệ thông tin Trường Đại học Công Nghiệp Hà Nội làm nơi gắn bó để trưởng thành. Nguyễn Đức Long - Cựu Đội trưởng đội IT Supporter Khoa CNTT Ngọc Đại chia sẻ trước kia anh bạn chưa hề biết gì về lập trình, nhưng chỉ sau thời gian học tập tại Khoa CNTT Trường ĐH Công Nghiệp Hà Nội, Long đã được nhận vào làm chính thức tại FPT Software với mức lương hơn cả bản thân mong đợi. 12/2021: Giải Khuyến khích cuộc thi Tay nghề quốc gia (WorldSkills Vietnam 2021) – Nghề Quản trị mạng 2022: Giấy khen của Hội sinh viên trường Đại học Công nghiệp Hà Nội “Đã có thành tích xuất sắc trong công tác hội và phong trào sinh viên” năm học 2021-2022” Khi được hỏi về kinh nghiệm của bản thân, Đức Long không ngần ngại chia sẻ: “Có rất nhiều sinh viên gặp khó khăn trong vấn đề tìm kiếm việc làm, nhưng để có được thành quả như ngày hôm nay, bản thân mình đã phải cố gắng rất nhiều trong những năm qua. Mình không ngồi yên chờ cơ hội đến mà bản thân mình đã tự đi xin việc khi mới chỉ là sinh viên, khi còn đang bộn bề với những dự án tại trường.” Nhất là trong quãng thời gian sinh viên, Long đã liên tục đăng kí tham gia nhiều cuộc thi cùng lúc, học nhiều môn và làm nhiều dự án. Với triết lý sống “Make your own way”, ai sinh ra cũng cần phải có đam mê, có ước mơ và tìm hiểu xem bản thân phù hợp nhất với ngành nghề nào và cố gắng, kiên trì để đạt được nó bằng những kế hoạch chi tiết, hành động cụ thể với một tâm lý vững vàng nhất. Nếu thành công thì hãy áp dụng nó cho những lần kế tiếp, dù thất bại cũng không nản chí, bỏ cuộc mà hãy rút ra bài học kinh nghiệm cho bản thân mình. Trong thời gian sắp tới, chàng sinh viên người Thanh Hóa hứa hẹn sẽ đem tới những giá trị có ích cho cuộc sống, phấn đấu hoàn thiện bản thân mỗi ngày, hoàn thành\\nnext_contents:\\n', 'content: cho đàn em noi theo.Sẽ có lúc tưởng trừng như gục ngã, khó khăn và bất lực trước những gì đang diễn ra mà bản thân không thể làm được gì hơn,sẽ có những quan điểm, lập trường không giống nhau về cách đối diện, tất nhiên, đó là điều khó tránh khỏi trong mọi công việc;nhưng tôi tin những con người ấy sẽ vượt qua được khó khăn, sẽ tìm được quan điểm dung hòa cho tất cả.Với chúng tôi, đoàn kết là thứ niềm tin sắt đá, là kim chỉ nan dẫn đường cho chúng tôi. Để màu xanh mãi mãi là màu xanh đẹp nhất. Tôi thật vinh dự khi là một thành viên của Đội SVTN của Trường ”, Tùng nói. Không chỉ tham gia các hoạt động trong trường, Tùng còn làm tình nguyện viên trong nhiều sự kiện thiện nguyện như chương trình Mùa hè xanh, Đông ấm,… Với những hoạt động nổi bật của mình, Tùng đã được nhận danh hiệu Sinh viên 5 tốt tiêu biểu cấp trường năm học 2021 – 2022 Xin chúc Thanh Tùng sau khi ra trường với những thành tích mà bạn đã đạt được trong thời gian vừa qua sẽ giúp bạn thành công trong chặng đường phía trước. Thứ Tư, 15:57 24/04/2024 Tags:\\nnext_contents:\\n- Nguyễn Thanh Tùng, Cựu sinh viên khóa 14 Khoa CNTT – Một tấm gương sáng trong hoạt động tình nguyện Nguyễn Thanh Tùng là gương mặt quen thuộc trong nhiều hoạt động của Nhà trường, Đoàn Thanh niên – Hội Sinh viên như: Tuyển sinh, hỗ trợ nhập học, hỗ trợ tân sinh viên…. và đặc biệt là một thành viên tích cực của đội SVTN Nhà trường. Nguyễn Thanh Tùng đã có bốn năm gắn bó với Đội sinh viên tình nguyện Khoa Công nghệ thông tin Trường Đại học Công Nghiệp Hà Nội. Màu áo xanh tình nguyện đã trở thành một phần thanh xuân của Nguyễn Thanh Tùng Để có một buổi hỗ trợ nhà trường được tốt nhất các đội viên trong đội phải kiên trì, cố gắng vợt qua những cái nắng oi ả, những buổi gió rét trở trời khi đứng giữa sân trường để phân luồng giao thông làm sao cho các bạn sinh viên được ra về một cách an toàn nhất và nhanh nhất, đó là những công việc thường nhật khi tôi tham gia vào Đội…, ngoài ra bên cạnh đó tôi cũng được cùng các bạn đội viên khác tham gia các chương trình thiện nguyện bên ngoài rất vui và bổ ích. Tôi biết rằng khi học trên môi trường đại học mỗi bạn sinh viên đều lựa chọn cho mình một tổ đội, Clb riêng cho bản thân mình để tham gia sau mỗi giờ học. Bốn năm học tập và cống hiến trong mái trường HaUI, tôi đã gắn bó và theo Đội SVTN, Đội đã dạy cho tôi rất nhiều điều bổ ích giúp cho bản thân mình được hoàn thiện hơn, sống có trách nhiệm hơn, sống trong một tập thể lớn mạnh như vậy nhưng tôi chưa bao giờ thấy mình bị cô lập cả, những anh chị đi trước,họ sống kỷ luật, họ làm gương cho đàn em noi theo.Sẽ có lúc tưởng trừng như gục ngã, khó khăn và bất lực trước những gì đang diễn ra mà bản thân không thể làm được gì hơn,sẽ có những quan điểm, lập trường không giống nhau về cách đối diện, tất nhiên, đó là điều khó tránh khỏi trong mọi công việc;nhưng tôi tin những con người ấy sẽ vượt qua được khó khăn, sẽ tìm được quan điểm dung hòa cho tất cả.Với chúng tôi, đoàn kết là thứ niềm tin sắt đá, là kim chỉ nan dẫn đường cho chúng tôi. Để màu xanh mãi mãi là màu xanh đẹp nhất.\\n', 'content: kết. Mong rằng 4 bạn sẽ giữ vững được tinh thần và phong độ để bùng nổ, đạt điểm số cao nhất tại các phần thi sắp tới. Cô và trò quyết tâm cao cho vòng chung kết Cuộc thi Tài năng trẻ Logistics Việt Nam 2022 Vòng chung kết dự kiến sẽ được tổ chức tại Hà Nội vào cuối tháng 11 với sự đổi mới về các vòng thi và sự đầu tư hơn về quy mô, hứa hẹn sẽ là màn tranh tài gay cấn của những đội thi xuất sắc nhất. Chúc cho đội thi L.M.C sẽ tiếp tục “cháy” hết mình và đạt kết quả tốt nhất. Thứ Ba, 08:27 25/10/2022 Tags: Sinh viên HaUI chung kết Cuộc thi Tài năng trẻ Logistics Việt Nam Vietnam Young Logistics Talents quản lý kinh doanh\\nnext_contents:\\n- ra, tăng tốc độ trong chu trình thu hồi hàng hóa. Đồng thời giúp người tiêu dùng cuối cùng truy xuất được nguồn gốc, kiểm tra được giá bán của sản phẩm trên thị trường cũng như dễ dàng trong việc thanh toán. Ngoài ra, còn giúp cho việc đổi trả dễ dàng nhanh chóng khi sản phẩm xảy ra lỗi. Đối với nhà phân phối, nhà bán lẻ, dự án giúp tăng độ uy tín trong lòng khách hàng, gắn kết mối quan hệ bền chặt với nhà sản xuất. Đội trưởng Quang Huy bật mí: “Tên của đội là L.M.C viết tắt từ 3 chữ tiếng Anh: Logistics - Meaningful - Combination. Chúng em là 04 mảnh ghép với 04 màu sắc khác nhau, nhưng có chung niềm đam mê với logistics. Nói cách khác, chính logistics và VNYLT 2022 đã gắn kết L.M.C lại với nhau và tạo nên một sự kết hợp đầy tiềm năng và có ý nghĩa”. TS.Nguyễn Thị Mai Anh hướng dẫn nhóm sinh viên tham gia cuộc thi ""Cuộc thi Tài năng trẻ Logistics Việt Nam là sân chơi với nhiều sinh viên đến từ 68 trường đại học, cao đẳng tại Việt Nam. Với hình thức thi mang tính tư duy và kiến thức rộng mở, cuộc thi đã tạo sân chơi thiết thực cho sinh viên, kích thích đam mê và hướng nghiệp logistics. Em cùng các bạn được tự do bày tỏ ý kiến, quan điểm cá nhân về lĩnh vực logistics"" , Khánh Linh chia sẻ. TS.Nguyễn Thị Mai Anh - Trưởng chương trình Logisitcs và quản lý chuỗi cung ứng, khoa Quản lý kinh doanh đồng thời là giảng viên hướng dẫn cho đội thi cho biết: Cùng với sự chăm chỉ, nỗ lực, kiến thức và bản lĩnh, đội thi L.M.C đã chinh phục được Ban Giám khảo để giành tấm vé vào Vòng Chung kết. Mong rằng 4 bạn sẽ giữ vững được tinh thần và phong độ để bùng nổ, đạt điểm số cao nhất tại các phần thi sắp tới. Cô và trò quyết tâm cao cho vòng chung kết Cuộc thi Tài năng trẻ Logistics Việt Nam 2022 Vòng chung kết dự kiến sẽ được tổ chức tại Hà Nội vào cuối tháng 11 với sự đổi mới về các vòng thi và sự đầu tư hơn về quy mô, hứa hẹn sẽ là màn tranh tài gay cấn của những đội thi xuất sắc nhất. Chúc cho đội thi L.M.C sẽ tiếp tục “cháy” hết mình và đạt kết quả tốt nhất. Thứ Ba, 08:27\\n']","['Chia sẻ khi nhận nhiệm vụ là tân Đội trưởng Đội Thanh niên tình nguyện Khoa CNTT HaUI khoá mới, bạn Nguyễn Hữu Nhật, đội trưởng nhiệm kỳ 2024-2025 cho biết: ""Mình rất vui vì được Ban Chấp hành Đoàn trường, ban chủ nhiệm khoá cũ và toàn đội tín nhiệm, tin tưởng giao trọng trách trở thành người dẫn dắt đội trong thời gian tới. Những thành tựu mà Đội Thanh niên tình nguyện Khoa CNTT HaUI đạt được trong thời gian qua có được là nhờ những đóng góp không ngừng nghỉ của ban lãnh đạo khoá cũ và các thành viên trong Đội"". ""Thời gian tới, mình và ban lãnh đạo khoá mới sẽ cố gắng hết sức để phát huy truyền thống của đội, tiếp tục đưa Đội Thanh niên tình nguyện Khoa CNTT HaUI phát triển đi lên; Trở thành một trong những lá cờ đầu trong hoạt động của Đoàn Thanh niên trường Đại học Công Nghiệp Hà Nội"", Nhật nhấn mạnh. Thứ Sáu, 14:26 06/12/2024 Tags:']","Nguyễn Hữu Nhật, tân Đội trưởng Đội Thanh niên tình nguyện Khoa Công nghệ Thông tin, đã chia sẻ về vai trò của mình trong nhiệm kỳ 2024-2025. Cụ thể, Nhật bày tỏ niềm vui khi được Ban Chấp hành Đoàn trường và toàn đội tín nhiệm giao trọng trách này. Anh nhấn mạnh rằng những thành tựu của Đội trong thời gian qua là nhờ vào sự đóng góp của ban lãnh đạo khóa cũ và các thành viên trong đội.

Trong nhiệm kỳ tới, Nhật cùng ban lãnh đạo khóa mới sẽ nỗ lực phát huy truyền thống của đội, với mục tiêu đưa Đội Thanh niên tình nguyện Khoa CNTT trở thành một trong những lá cờ đầu trong hoạt động của Đoàn Thanh niên trường Đại học Công Nghiệp Hà Nội. Anh cũng cam kết sẽ tập trung vào việc xây dựng kế hoạch công tác khả thi, tăng cường tuyên truyền giáo dục chính trị tư tưởng, và đẩy mạnh các phong trào thi đua học tập, sáng tạo trong đội viên.

Nhật nhấn mạnh rằng việc nâng cao chất lượng hoạt động của Đội và gắn kết các thành viên là những nhiệm vụ quan trọng trong thời gian tới.

Nguồn tham khảo: [Hội nghị kiện toàn Đội Thanh niên tình nguyện Khoa CNTT nhiệm kỳ 2023-2024] - [**Link tham khảo**](https://fit.haui.edu.vn/vn/tin-tuc/hoi-nghi-kien-toan-doi-thanh-nien-tinh-nguyen-khoa-cntt-nhiem-ky-2023-2024/71182).

Nếu bạn cần thêm thông tin về các hoạt động khác của khoa hoặc trường, hãy cho tôi biết!","Bạn Nguyễn Hữu Nhật, tân Đội trưởng Đội Thanh niên tình nguyện Khoa CNTT HaUI khoá mới, cho biết rằng bạn rất vui vì được tín nhiệm giao trọng trách dẫn dắt đội. Bạn nhấn mạnh rằng những thành tựu của đội có được là nhờ vào những đóng góp của ban lãnh đạo khoá cũ và các thành viên. Trong thời gian tới, bạn và ban lãnh đạo khoá mới sẽ cố gắng phát huy truyền thống của đội và đưa Đội Thanh niên tình nguyện Khoa CNTT HaUI phát triển hơn nữa.",0.91054192277335,0.0,0.0,1.0,0.9570162296295166,8.40909481048584
Công nghiệp là gì trong bối cảnh số hoá cho nhà sản xuất?,"['content: Tọa đàm “Số hóa trong lĩnh vực công nghiệp - Bài toán cho các nhà sản xuất” Tại Tọa đàm do Tạp chí Công Thương thực hiện sáng 04/12/2024, đại diện cơ quan quản lý Nhà nước, cơ sở đào tạo và doanh nghiệp đã tập trung thảo luận về những hành động cụ thể của Bộ Công Thương trong việc hỗ trợ và thúc đẩy chuyển đổi số trong ngành Công Thương; Những đòi hỏi về đổi mới công tác đào tạo nguồn nhân lực số và những giải pháp hỗ trợ doanh nghiệp trong công tác chuyển đổi số… Khách mời TS. Đặng Trọng Hợp - Trưởng khoa Công nghệ thông tin, Đại học Công nghiệp Hà Nội Trong bối cảnh của cuộc cách mạng công nghiệp lần thứ tư, có thể nói công nghệ số là nền tảng cho sự phát triển kinh tế toàn cầu, khi chúng ta đang trong quá trình chuyển đổi mô hình phát triển, đặc biệt là quan tâm đến phát triển theo chiều sâu, phát triển bền vững, kinh tế tuần hoàn, kinh tế xanh và kinh tế chia sẻ thì công nghiệp số lại càng có vai trò quan trọng. Để phát triển công nghiệp số thì nhân tố con người có tính chất là then chốt. Trường công nghiệp Hà Nội là trường duy nhất ở miền Bắc có 5 chương trình đào tạo được kiểm định theo tiêu chuẩn ABET của Hoa Kỳ Nhận thức được tầm quan trọng của việc đào tạo nguồn nhân lực cho sự phát triển công nghiệp số thì trong những năm vừa qua, Trường Đại học Công Nghiệp Hà Nội đã liên tục đổi mới, cải tiến các chương trình đào tạo, đặc biệt là mở mới các chương trình đào tạo theo xu hướng và nhu cầu xã hội cần. Có thể nói, trong lĩnh vực công nghệ thông tin truyền thống, Trường ĐH Công Nghiệp Hà Nội cũng đã đào tạo hầu hết các ngành như: công nghệ thông tin, khoa học máy tính, công nghệ phần mềm, hệ thống thông tin. Trong những năm vừa rồi, chúng tôi cũng đã mở thêm những ngành mới như về trí tuệ nhân tạo, về robotics phân tích dữ liệu và gần đây nhất chúng tôi cũng là một trong những trường mở đào tạo kỹ sư về chip bán dẫn theo chủ trương của Nhà nước và xu hướng hiện nay. Hàng năm, Trường Đại học Công nghiệp với quy mô khoảng 35.000 sinh viên thì riêng đối với khối\\nnext_contents:\\n', 'content: Đào tạo nguồn nhân lực phục vụ ngành công nghiệp bán dẫn ở Việt Nam Thứ Sáu, 13:31 29/11/2024 1514 TS. Thân Thanh Sơn, ThS. Vũ Ngọc Ánh, TS. Phạm Xuân Thành Trường Đại học Công nghiệp Hà Nội Công nghiệp bán dẫn được xem là ngành công nghiệp nền tảng và trọng yếu chúng ta cần tập trung phát triển trong 30-50 năm tới. Tham luận giới thiệu khái quát về ngành công nghiệp bán dẫn, nhận diện cơ hội và thuận lợi, cũng như những khó khăn và thách thức để phát triển ngành này ở Việt Nam, từ đó đưa ra một số đề xuất về đào tạo phát triển nguồn nhân lực bán dẫn và kiến nghị. 1. GIỚI THIỆU KHÁI QUÁT NGÀNH CÔNG NGHIỆP BÁN DẪN Ngành Công nghiệp bán dẫn - Semiconductor Industry là ngành sản xuất Chip bán dẫn hay còn gọi là Vi mạch bán dẫn. Chip bán dẫn được sản xuất qua nhiều bước, nhưng được chia thành 4 quy trình công nghệ chính: Thiết kế; Chế tạo; Kiểm thử; Cắt và đóng gói (Hình 1). Nguồn: nhandan.vn Hình 1. Quy trình sản xuất Chip bán dẫn Với tốc độ xử lý cao, lưu trữ lớn, độ tin cậy cao và tiết kiệm năng lượng, chip bán dẫn được ứng dụng trong nhiều lĩnh vực: cao nhất là viễn thông, máy tính, tiếp đến là công nghệ ô tô, công nghiệp, gia dụng. (Hình 2). Nguồn: Semiconductor Industry Association, USA, 2024 Hình 2. Ứng dụng chip bán dẫn Theo Precedence Research, tính đến năm 2023 ngành công nghiệp bán dẫn toàn cầu đạt doanh thu gần 545 tỷ USD, giai đoạn đến 2033 dự kiến \\u200b\\u200bsẽ tăng trưởng với tốc độ là 7,64% năm và đạt doanh thu trên 1.100 tỷ USD. Đây là tốc độ tăng trưởng cao, cao hơn tốc độ tăng trưởng kinh tế toàn cầu (tốc độ tăng trưởng kinh tế toàn cầu trung bình khoảng 3%/năm). Nguồn: Precedence Research, 2023 Hình 3. Dự báo doanh thu thị trường công nghệ bán dẫn đến năm 2033 2. CƠ HỘI VÀ THUẬN LỢI, KHÓ KHĂN VÀ THÁCH THỨC TRONG PHÁT TRIỂN NGÀNH CÔNG NGHIỆP BÁN DẪN VIỆT NAM 2.1. Cơ hội và thuận lợi Thứ nhất: Ngành công nghiệp bán dẫn đang dịch chuyển trọng tâm đến các nước Đông Nam Á Theo Tổ chức thương mại bán dẫn thế giới, hiện tại, các trung tâm quan trọng của ngành CNBD\\nnext_contents:\\n', 'content: đáp ứng được xu hướng phát triển của xã hội, của doanh nghiệp, đặc biệt là xu hướng phát triển của khoa học công nghệ, trí tuệ nhân tạo và cuộc cách mạng 4.0. Đến năm 2023 hiện có 05 khóa (từ K14 - K18) đã và đang được đào tạo tại Đại học Công nghiệp Hà Nội. Trong đó, khóa 14 đã tốt nghiệp năm 2023, thông qua khảo sát việc làm đối với sinh viên K14 sau 6 tháng tốt nghiệp hầu hết các em đều có việc làm đúng ngành, đúng nghề sau khi ra trường. Trong đó, một số cựu sinh viên đã được bồi dưỡng để phụ trách bộ phận đảm bảo chất lượng tại doanh nghiệp. Một số lĩnh vực được đưa vào chương trình đào tạo ngành kỹ thuật hệ thống công nghiệp - Cơ sở vật chất đào tạo ngành KTHTCN Cơ sở vật chất phục vụ đào tạo ngành Kỹ thuật hệ thống công nghiệp đa dạng về trang thiết bị như: Phòng thí nghiệm công nghệ CNC; Phòng thí nghiệm tự động hóa; Trung tâm thiết kế và phát triển sản phẩm: Trung tâm số hóa nhà máy sản xuất; Trung tâm số hóa và truyền động cơ bản; Trung tâm tự động hóa và truyền động nâng cao. Các phần mềm phục vụ chuyên ngành KTHTCN như: Phần mềm mô phỏng hệ thống nhà máy, hệ thống sản xuất Plant Simulation; Phần mềm lập kế hoạch điều độ Opcenter APS Academic; Phần mềm quản lý vận hành hệ thống sản xuất MES… - Hoạt động nghiêu cứu khoa học sinh viên Hằng năm, số lượng sinh viên tham gia nghiên cứu khoa học ngành Kỹ thuật hệ thống công nghiệp tăng lên và chất lượng nghiên cứu đều được cải thiện qua từng năm Bảng tổng hợp sinh viên ngành KTHTCN tham gia nghiên cứu khoa học TT Thành tích NCKH Số lượng 2020 - 2021 2021 - 2022 2022 - 2023 1 Số giải thưởng NCKH, sáng tạo 1 11 15 2 Số bài báo được đăng, công trình được công bố 1 11 17 - Phương thức tuyển sinh ngành KTHTCN Ngành kỹ thuật của hệ thống công nghiệp xét tuyển theo theo tổ hợp: A00, A01 Bảng tổng hợp chỉ tiêu và điểm trúng tuyển ngành KTHTCN Năm học Chỉ tiêu (Theo Đề án TS) Điểm trúng tuyển (điểm chuẩn) 2020 - 2021 50 21.95 2021 - 2022 50 23.8 2022 - 2023 50 21.25 2023 - 2024 50 22.65 Liên hệ tư vấn ngành Kỹ thuật hệ\\nnext_contents:\\n- nhằm giảm chi phí sản xuất và vận hành; - Quản lý logistics và chuỗi cung ứng; - Quản lý sản xuất; - Quản lý và điều hành các hệ thống kho vận, vật tư, giao nhận; - Bảo trì và điều hành máy móc. 4. Hệ thống đào tạo ngành Hệ thống công nghiệp tại Việt Nam và trên thế giới? - Hệ thống đào tạo trên thế giới Ngành kỹ thuật hệ thống công nghiệp được đào tạo hầu hết ở các nước phát triển và đang phát triển, đặc biệt các trường Đại học nổi tiếng thế giới như: Stanford Univesity (Anh quốc); University of Florida (Mỹ); RWTHAACHEN Unversity (Đức); Korea University (Hà Quốc); École Polytechnique (Pháp); National Unversity of Singapore vv… - Hệ thống đào tạo trong nước Ngành Kỹ thuật hệ thống công nghiệp đã và đang được đào tạo tại các trường trong nước như: Đại học Công nghiệp Hà Nội; Đại học Bách khoa Tp. HCM; Đại học quốc tế thuộc ĐHQG Tp. HCM; Đại học Nguyễn Tất Thành; Đại học Bách khoa Đà nẵng; Đại học Cần Thơ; Đại học Quốc tế thuộc ĐHQGHN; Đại học Sư phạm Kỹ thuật Hưng Yên; Đại học Hàng Hải. Sinh viên ngành Hệ thống kỹ thuật công nghiệp tại Đại học Công nghiệp Hà Nội 5. Đào tạo ngành Kỹ thuật hệ thống công nghiệp tại Đại học công nghiệp Hà Nội - Khóa đào tạo Ngành Kỹ thuật hệ thống công nghiệp được đào tạo tại Đại học Công nghiệp Hà nội từ năm 2019 bắt đầu từ khóa K14. Trong quá trình đào tạo, hằng năm CTĐT ngành KTHTCN đều có sự rà soát và điều chỉnh cấp học phần. Đặc biệt, năm 2023 thực hiện kế hoạch về điều chỉnh khung CTĐT, ngành KTHTCN đã được cập nhật nhiều lĩnh vực mới nhằm đáp ứng được xu hướng phát triển của xã hội, của doanh nghiệp, đặc biệt là xu hướng phát triển của khoa học công nghệ, trí tuệ nhân tạo và cuộc cách mạng 4.0. Đến năm 2023 hiện có 05 khóa (từ K14 - K18) đã và đang được đào tạo tại Đại học Công nghiệp Hà Nội. Trong đó, khóa 14 đã tốt nghiệp năm 2023, thông qua khảo sát việc làm đối với sinh viên K14 sau 6 tháng tốt nghiệp hầu hết các em đều có việc làm đúng ngành, đúng nghề sau khi ra trường. Trong đó, một số cựu sinh viên đã được bồi dưỡng để\\n', 'content: Kỹ thuật hệ thống công nghiệp: ngành học mở ra cơ hội việc làm trong môi trường công nghiệp 4.0 Thứ Sáu, 09:09 10/05/2024 15103 TS.Nguyễn Quốc Tuấn Khoa Hệ thống công nghiệp, Trường Cơ khí - Ô tô 1. Hiểu về ngành Hệ thống công nghiệp như thế nào? Kỹ thuật hệ thống công nghiệp (tên tiếng anh Industrial Systems Engineering, ISE), là ngành đào tạo ra những người chuyên điều hành các hoạt động sản xuất, dịch vụ, cung ứng, dự án cho doanh nghiệp, công ty, cơ sở sản xuất, cơ sở dịch vụ. Lịch sử ngành Kỹ thuật hệ thống công nghiệp gắn liền với CMCN tại Mỹ và Anh vào cuối thế kỷ XIX khi gắn quy mô sản xuất, phát triển doanh nghiệp cần những nhà chuyên môn có năng lực điều hành việc vận hành sản xuất sao cho hiệu quả nhất, tiết kiệm nhất nhưng vẫn đảm bảo chất lượng. Tiến trình hình thành ngành Kỹ thuật hệ thống công nghiệp Theo Viện Kỹ thuật hệ thống công nghiệp Mỹ ( www.iise.org ), Kỹ thuật hệ thống công nghiệp là ngành kỹ thuật giúp tối ưu hóa quá trình, hệ thống, tổ chức thông qua việc loại bỏ lãng phí về thời gian, tiền bạc, vật tư, nhân công, giờ chạy máy, năng lượng trong vận hành… nhằm nâng cao chất lượng và năng suất. 2. Các lĩnh vực của ngành Kỹ thuật hệ thống công nghiệp Các lĩnh vực ngành Kỹ thuật hệ thống công nghiệp 3. Vị trí việc làm của ngành Kỹ thuật hệ thống công nghiệp - Phân tích các giải pháp tối ưu hóa trong sản xuất và dịch vụ; - Thiết kế hệ thống quản lý nguồn lực doanh nghiệp; - Phân tích và cải tiến chất lượng sản phẩm, dịch vụ; - Thiết kế giải pháp tổng thể nhằm giảm chi phí sản xuất và vận hành; - Quản lý logistics và chuỗi cung ứng; - Quản lý sản xuất; - Quản lý và điều hành các hệ thống kho vận, vật tư, giao nhận; - Bảo trì và điều hành máy móc. 4. Hệ thống đào tạo ngành Hệ thống công nghiệp tại Việt Nam và trên thế giới? - Hệ thống đào tạo trên thế giới Ngành kỹ thuật hệ thống công nghiệp được đào tạo hầu hết ở các nước phát triển và đang phát triển, đặc biệt các trường Đại học nổi tiếng thế giới như: Stanford Univesity (Anh quốc); University\\nnext_contents:\\n', 'content: [tapchicongthuong] [TỔNG THUẬT TOẠ ĐÀM] “Số hóa trong lĩnh vực công nghiệp - Bài toán cho các nhà sản xuất” Thứ Tư, 17:37 04/12/2024 162 TCCT Tại Tọa đàm do Tạp chí Công Thương thực hiện sáng 04/12/2024, đại diện cơ quan quản lý Nhà nước, cơ sở đào tạo và doanh nghiệp đã tập trung thảo luận về những hành động cụ thể của Bộ Công Thương trong việc hỗ trợ và thúc đẩy chuyển đổi số trong ngành Công Thương; Những đòi hỏi về đổi mới công tác đào tạo nguồn nhân lực số và những giải pháp hỗ trợ doanh nghiệp trong công tác chuyển đổi số… Toạ đàm ""Số hóa trong lĩnh vực công nghiệp - Bài toán của các nhà sản xuất"" do Tạp chí Công Thương tổ chức sáng 04/12/2024 BTV LAN ANH: Theo đánh giá của các chuyên gia, trước xu hướng và đà tăng trưởng hiện nay, thị trường thương mại điện tử và kinh tế số Việt Nam sẽ còn phát triển mạnh mẽ hơn nữa và trở thành một trong những động lực thúc đẩy tăng trưởng kinh tế. Đây cũng chính là thời điểm để chúng ta xây nên những mô hình và chiến lược mới, ứng dụng mạnh mẽ công nghệ số, tăng sức cạnh tranh trong bối cảnh mới. Thời gian qua, Bộ Công Thương đã ban hành nhiều văn bản, chính sách nhằm thúc đẩy chuyển đổi số ngành Công Thương, triển khai Chiến lược Quốc gia về phát triển kinh tế số và xã hội số, trong đó tập trung vào các nội dung: (i) tăng cường xây dựng Chính phủ điện tử Bộ Công Thương; (ii) thúc đẩy phát triển Kinh tế số ngành Công Thương theo ba lĩnh vực ưu tiên là thương mại, công nghiệp - năng lượng, và dịch vụ logistics. Việc đẩy mạnh ứng dụng chuyển đổi số ngành Công Thương là vô cùng cần thiết trong nâng cao hiệu quả quản lý, điều hành Bộ Công Thương cũng như thúc đẩy kinh tế số trong ngành. Đặc biệt, trong lĩnh vực sản xuất, quá trình số hóa được đánh giá đã làm thay đổi diện mạo của ngành công nghiệp, đưa tỷ trọng của những ngành khai thác giảm dần và tỷ trọng ngành chế biến, chế tạo tăng dần. Tuy nhiên để phát triển kinh tế số ngành Công Thương nói chung cũng như số hóa các lĩnh vực công nghiệp một cách bền vững hiện vẫn tồn tại\\nnext_contents:\\n']",['[Tọa đàm trực tuyến] Số hoá trong lĩnh vực công nghiệp - Bài toán cho các nhà sản xuất'],"### Thông tin về hoạt động khóa và các hoạt động đoàn hội tại Trường Đại học Công nghiệp Hà Nội

1. **Hoạt động khóa**:
   - Sinh viên được khuyến khích tham gia vào các hoạt động ngoại khóa và hợp tác doanh nghiệp nhằm mở rộng kiến thức, rèn luyện kỹ năng và tạo cơ hội tiếp xúc với thực tế ngành nghề.
   - Trường thường xuyên tổ chức các hoạt động như tham quan doanh nghiệp, diễn đàn chuyên đề, hội thảo, và buổi chia sẻ kinh nghiệm từ các chuyên gia trong ngành, giúp sinh viên hiểu rõ hơn về quy trình sản xuất thực tế và các xu hướng mới trong ngành công nghiệp khuôn mẫu.
   - Sinh viên ngành Công nghệ kỹ thuật khuôn mẫu có cơ hội tham gia vào các dự án nghiên cứu, dự án hợp tác với doanh nghiệp, giúp áp dụng kiến thức và kỹ năng đã học vào thực tiễn.

2. **Hoạt động đoàn hội**:
   - Các hoạt động đoàn hội tại trường bao gồm các chương trình tình nguyện, hoạt động 5S, tiếp sức mùa thi, mùa hè xanh, và các cuộc thi sáng tạo như Robocon.
   - Sinh viên cũng tham gia vào các hoạt động do Đoàn thanh niên - Hội sinh viên tổ chức, nhằm phát triển kỹ năng mềm và tinh thần đoàn kết, gắn bó giữa các sinh viên.

### Công nghiệp trong bối cảnh số hóa cho nhà sản xuất

- **Công nghiệp số** là một phần quan trọng trong quá trình chuyển đổi số, nơi mà công nghệ thông tin và truyền thông được tích hợp vào các quy trình sản xuất.
- Số hóa giúp cải thiện hiệu suất sản xuất, giảm chi phí, và nâng cao chất lượng sản phẩm thông qua việc tối ưu hóa quy trình sản xuất và quản lý.
- Các công nghệ như Internet of Things (IoT), trí tuệ nhân tạo (AI), và phân tích dữ liệu lớn (Big Data) đang được áp dụng để tạo ra các nhà máy thông minh, nơi mà các thiết bị và hệ thống có thể giao tiếp và tự động hóa nhiều quy trình.
- Số hóa cũng giúp các nhà sản xuất nắm bắt nhanh chóng các xu hướng thị trường và nhu cầu của khách hàng, từ đó điều chỉnh sản xuất một cách linh hoạt và hiệu quả hơn.

Thông tin chi tiết có thể tham khảo từ các tài liệu liên quan đến hoạt động của trường và ngành công nghiệp. 

Nguồn tham khảo:
- [Ngành Công nghệ kỹ thuật khuôn mẫu: Tạo dựng tương lai từ sự sáng tạo] - [**Link tham khảo**](https://www.haui.edu.vn/vn/goc-nhin-haui/nganh-cong-nghe-ky-thuat-khuon-mau-tao-dung-tuong-lai-tu-su-sang-tao/65042).
- [Tọa đàm “Số hóa trong lĩnh vực công nghiệp - Bài toán cho các nhà sản xuất”] - [**Link tham khảo**](https://fit.haui.edu.vn/vn/tin-tuc/toa-dam-so-hoa-trong-linh-vuc-cong-nghiep-bai-toan-cho-cac-nha-san-xuat/71179).

Nếu bạn cần thêm thông tin hoặc có câu hỏi khác, hãy cho tôi biết!",Công nghiệp trong bối cảnh số hoá đề cập đến việc áp dụng công nghệ số để cải thiện quy trình sản xuất và quản lý trong các nhà máy.,0.8120698325646849,0.8041666666465626,0.3617021276595745,1.0,0.7203629016876221,14.847930908203125
Selex Motors sẽ tham gia tọa đàm nào và ai là đại diện của họ?,"['content: của diễn đàn gồm 2 phiên thảo luận có sự tham gia của các diễn giả, chuyên gia đến từ các trường đại học, doanh nghiệp Việt Nam và Hoa Kỳ. Phiên 1 với nội dung “Tương lai của Giáo dục kỹ thuật số trong giáo dục đại học Việt Nam”. Phiên 2 với nội dung “Giáo dục Đại học Việt Nam chuẩn bị cho môi trường giảng dạy ảo”. Người tham dự sẽ được nghe chia sẻ từ giảng viên, chuyên viên và ban quản trị/lãnh đạo của các trường đại học đối tác chiến lược của BUILD-IT, những người đã thực hiện và hưởng lợi từ các chương trình đào tạo này. Các diễn giả sẽ cùng nhau thảo luận và chia sẻ những thành công, thách thức và giải pháp mà bản thân đã trải qua. Một số hình ảnh khác tại diễn đàn: Thứ Sáu, 16:53 21/10/2022 Tags: Dự án BUILD-IT Diễn đàn Chuyển đổi số Giáo dục Đại học\\nnext_contents:\\n- Trường Đại học Công nghiệp Hà Nội. Sự có mặt của các chuyên gia, diễn giả và khách mời thể hiện sự quan tâm đặc biệt đến vấn đề chuyển đổi số trong giáo dục đại học. Tháng 5/2022, Trường Đại học Công nghiệp Hà Nội phối hợp với Dự án BUILD-IT tổ chức thành công Diễn đàn “Các giá trị của Kiểm định quốc tế và câu chuyện thành công”. Đây chính là nền tảng để nhà trường tiếp tục đăng cai tổ chức diễn đàn lần này và thời gian tới. Hiện nay, ở Việt Nam, chuyển đổi số là cơ hội để phát triển quốc gia. Ngày 10 tháng 10 hàng năm được Chính phủ lựa chọn là Ngày Chuyển đổi số quốc gia. Điều đó thể hiện vai trò của chuyển đổi số trong thời kỳ Cách mạng công nghiệp 4.0. Đặc biệt là chuyển đổi số trong quản trị đại học. PGS.TS.Trần Đức Quý - Hiệu trưởng nhà trường phát biểu tại Diễn đàn PGS.TS.Trần Đức Quý nhấn mạnh: không chỉ hệ thống giáo dục đại học Việt Nam, mà cả thế giới cũng đang chuyển mình trong kỷ nguyên số, bên cạnh xu thế quốc tế hóa, thì chuyển đổi số với mục đích phát triển giáo dục đào tạo ở trình độ cao, chất lượng tốt và tạo điều kiện thuận lợi để người học tiếp cận với giáo dục đại học tiên tiến. Nhân dịp này, PGS.TS.Trần Đức Quý gửi lời cảm ơn đến Dự án BUILD-IT đã hợp tác và đồng hành với các cơ sở giáo dục của Việt Nam nói chung và Trường Đại học Công nghiệp Hà Nội nói riêng; cảm ơn tất cả các khách mời tham gia chia sẻ kinh nghiệm và ý tưởng tại diễn đàn. Phiên thảo luận với chủ đề: Tương lai của Giáo dục kỹ thuật số trong giáo dục đại học Việt Nam Cấu trúc chương trình của diễn đàn gồm 2 phiên thảo luận có sự tham gia của các diễn giả, chuyên gia đến từ các trường đại học, doanh nghiệp Việt Nam và Hoa Kỳ. Phiên 1 với nội dung “Tương lai của Giáo dục kỹ thuật số trong giáo dục đại học Việt Nam”. Phiên 2 với nội dung “Giáo dục Đại học Việt Nam chuẩn bị cho môi trường giảng dạy ảo”. Người tham dự sẽ được nghe chia sẻ từ giảng viên, chuyên viên và ban quản trị/lãnh đạo của các trường đại học đối tác chiến lược của BUILD-IT, những người đã thực hiện và hưởng lợi\\n', 'content: Công ty NTQ Solution tuyển dụng nhiều vị trí Fresher năm 2024 Sức nóng từ một mùa hè sôi động đã chính thức phủ sóng chương trình Ươm mầm tài năng công nghệ năm nay. Chương trình đào tạo tháng 5 mở ra chặng đua đầy sự cạnh tranh giữa các bạn sinh viên để trở thành tân binh mới của NTQ Solution - Top 10 ICT Companies in Vietnam 2023 02 vị trí Fresher CNTT đang chuẩn bị khai giảng lớp đào tạo trong tháng 5: Fresher Tester | Fresh NTQ Solution 2024 I/ Thông tin chung về chương trình Fresher Tester: Với chương trình đào tạo thiết kế riêng biệt từ lý thuyết đến thực hành, NTQ sẽ giúp các bạn có lộ trình ""lên đai"" vững chắc, tự tin trên con đường sự nghiệp. Tại đây, bạn sẽ được: - Training chuyên sâu không chỉ về kỹ năng chuyên môn mà cả về kỹ năng mềm một cách bài bản, sát thực tế - Dẫn dắt bởi các mentor là quản lý với nhiều năm kinh nghiệm trong ngành - Tham gia các dự án công nghệ mô phỏng với khách hàng của NTQ là các tập đoàn lớn đến từ các thị trường Nhật, Hàn, HongKong, EU… - Hỗ trợ phụ cấp lên đến 6M/tháng và được đánh giá để tăng lương liên tục theo kết quả học tập - Có cơ hội trở thành thành viên chính thức của NTQ với mức lương cạnh tranh so với thị trường II/ Yêu cầu đầu vào - Sắp/Đã tốt nghiệp đại học Công nghiệp, bưu chính viễn thông, bách khoa, thương mại, ĐH Quốc gia, học viện KT quân sự... (chuyên ngành công nghệ thông tin) - Có khả năng đọc hiểu Tiếng Anh, tiếng Hàn, tiếng Nhật là một lợi thế - Ưu tiên đã tham gia các khóa học, được đào tạo về testing (học Online, tại trung tâm đào tạo) - Ưu tiên đã từng thực tập 1-2 tháng, làm đồ án lớn, phụ trách nhiều mảng công việc - Có khả năng đọc, hiểu được các tài liệu kỹ thuật bằng tiếng Anh/ Nói, viết ở mức cơ bản (tương đương với trình độ tiếng Anh A2 trở lên) III/ Chế độ và Cơ hội - Có trợ cấp trong đào tạo upto 6M theo đánh giá năng lực và chuyên cần. - Có cơ hội được ký HĐLĐ chính thức với Công ty sau khi thời gian đào tạo fresher và nhận mức lương hấp dẫn. - Giảng viên, mentor là các anh/chị có nhiều kinh\\nnext_contents:\\n', 'content: của đội LH-EV Fuel Cell) lý giải: ""Năng lượng hydrogen là loại năng lượng trong tương lai gần, bởi đây là nguồn năng lượng xanh, đa ứng dụng và sử dụng hiệu quả cho tất cả thiết bị sử dụng nguồn DC. Các nước xung quanh đã đưa vào sử dụng"". LH-EV Fuel Cell đã rút ra cho mình nhiều kinh nghiệm quý giá tại cuộc thi. Dù chưa đạt được thành công ngay trong lần đầu tiên dự thi tại một trong những hạng mục thử thách nhất của SEM, LH-EV Fuel Cell đã rút ra cho mình nhiều kinh nghiệm quý giá. ""Trải nghiệm lớn nhất của sinh viên năm nay là thấy được thực tế mình đang ở đâu và cần phải làm gì tiếp theo. Nhóm sẽ rà soát lại tất cả các nội dung kiểm tra kỹ thuật và các lỗ hổng ở phần thi, sau đó lên phương án thực hiện để hoàn thiện tốt cho năm sau"", thầy Lê Phương Long cho biết. Cuộc chơi hôm nay - vị thế tương lai Hơn cả một cuộc thi, SEM là nơi các sinh viên bước ra thực tế, tranh tài với những tài năng đồng lứa, từ đó định vị hướng phát triển cho bản thân nói riêng cũng như góp phần cho ngành công nghệ vận tải và năng lượng của Việt Nam nói chung. Shell Eco-marathon là ""sân khấu"" tranh tài của những sinh viên xuất sắc và trẻ trung. Vừa trở về từ cuộc thi, các đội đã lập tức lên kế hoạch cho tương lai. ""Chúng tôi quyết định tận dụng những kiến thức và công nghệ mới nhất để phát triển các mẫu xe tiết kiệm năng lượng. Điều này bao gồm việc sử dụng các vật liệu tái chế và phát triển các động cơ hiệu quả hơn. Đội hy vọng rằng những nỗ lực này sẽ được cộng đồng ủng hộ và sử dụng rộng rãi, từ những chiếc xe gia đình cho đến các phương tiện công nghiệp"", Hà Anh tiết lộ. Trên hành trình kiến tạo tương lai xanh này, sinh viên Việt Nam đã nhận được sự hỗ trợ và đồng hành của Shell Việt Nam. Ông Andreas Pradhana, Tổng giám đốc Shell Việt Nam, khẳng định: ""Tại Shell, chúng tôi hướng đến việc cải tiến hiệu suất, giảm phát thải, qua đó hỗ trợ quá trình chuyển đổi năng lượng bền vững hơn. Bên cạnh đầu tư vào các giải pháp năng lượng carbon thấp và công nghệ tiên tiến, chúng tôi hỗ trợ phát\\nnext_contents:\\n- vượt qua nhiều thử thách, khó khăn để hiện thực hóa những sáng kiến, giải pháp công nghệ năng lượng của mình. Để có được những thành viên tốt nhất đại diện cho đội thi đại diện sinh viên Việt Nam, các trường đều tổ chức tuyển chọn kỹ càng. Với HAUI AUTO, các thành viên được tuyển chọn từ câu lạc bộ của trường, phải nộp hồ sơ dự tuyển và vượt qua bài kiểm tra tại xưởng. Trường đại học Lạc Hồng tổ chức một sân chơi chế tạo xe có phiên bản y như SEM, qua đó chọn lọc sinh viên từ 4 ngành ô tô, tự động hóa, điện - điện tử và cơ khí cho đội tuyển. Chỉ riêng việc vượt qua vòng kiểm tra kỹ thuật của ban tổ chức để góp mặt trên đường đua đã là một thách thức lớn bởi các tiêu chí về kỹ thuật, an toàn được SEM quy định chặt chẽ và cập nhật hằng năm. ""Sau 9 tháng miệt mài chuẩn bị, đội của tôi đã hoàn thành bộ khung vỏ làm từ carbon fiber cùng một số vật liệu nhẹ và bền khác thay thế các vật liệu nặng. Thiết kế vỏ trên, đầu và đuôi xe được thay đổi để tối ưu hóa khí động học, giúp tăng hiệu quả di chuyển, bộ bánh xe vòng bi kép giúp phát huy toàn bộ công suất của xe trong khi đua. Đội tuyển cũng miệt mài nghiên cứu để đưa ra phương án bố trí phanh và chỉnh sửa góc đánh lái sao cho hiệu quả nhất"", Nguyễn Hà Anh, đội trưởng HAUI AUTO, chia sẻ. Từng giành được những thành công tại SEM trong giai đoạn 2015-2019, năm nay Trường đại học Lạc Hồng trở lại với quyết định trở thành đội tuyển Việt Nam đầu tiên dự thi với mô hình xe chạy bằng pin nhiên liệu hydrogen. Thầy Lê Phương Long (cố vấn kỹ thuật của đội LH-EV Fuel Cell) lý giải: ""Năng lượng hydrogen là loại năng lượng trong tương lai gần, bởi đây là nguồn năng lượng xanh, đa ứng dụng và sử dụng hiệu quả cho tất cả thiết bị sử dụng nguồn DC. Các nước xung quanh đã đưa vào sử dụng"". LH-EV Fuel Cell đã rút ra cho mình nhiều kinh nghiệm quý giá tại cuộc thi. Dù chưa đạt được thành công ngay trong lần đầu tiên dự thi tại một trong những hạng mục thử thách nhất của SEM, LH-EV Fuel Cell đã rút ra cho mình nhiều kinh nghiệm quý giá. ""Trải\\n', 'content: triển khai trước mắt và trong dài hạn để xây dựng được lực lượng lao động có tay nghề, chất lượng cao cho các ngành công nghiệp hỗ trợ? Vấn đề này sẽ được chia sẻ dưới những góc nhìn đa dạng và sâu sắc hơn tại Tọa đàm hôm nay do Tạp chí Công Thương thực hiện. Tọa đàm với chủ đề “Nâng cao chất lượng nhân lực ngành công nghiệp hỗ trợ”. Tham dự Toạ đàm có các vị khách mời: - TS. Kiều Xuân Thực - Hiệu trưởng Đại học Công nghiệp Hà Nội - Ông Cao Văn Bình - Quyền Giám đốc Trung tâm Hỗ trợ phát triển công nghiệp, Cục Công nghiệp, Bộ Công Thương - Ông Phùng Anh Tuấn - Phó Giám đốc Công ty Cổ phần Manutronic Việt Nam - Ông Lê Quý Thành - Giám đốc Nhà máy TOMECO An Khang Nội dung Toạ đàm sẽ tập trung chia sẻ về những vấn đề: (i) Thực trạng nguồn nhân lực trong các lĩnh vực công nghiệp hỗ trợ tại Việt Nam, các hoạt động nâng cao chất lượng nguồn nhân lực và kết nối giữa doanh nghiệp với các cơ sở giáo dục đào tạo. (ii) Yêu cầu đang đặt ra đối với nguồn nhân lực Việt Nam trong bối cảnh mới. (iii) Các giải pháp của cơ quan quản lý nhà nước, cơ sở giáo dục đào tạo và doanh nghiệp trong nâng cao chất lượng nguồn nhân lực ngành công nghiệp hỗ trợ. Thông qua những góp ý, chia sẻ của cơ quan quản lý nhà nước, Hiệp hội, doanh nghiệp, Tọa đàm đề xuất giải pháp thúc đẩy liên kết giữa cơ sở đào tạo và doanh nghiệp, góp phần nâng cao số lượng cùng trình độ của nguồn nhân lực để ngành công nghiệp hỗ trợ thực sự phát triển xứng với tiềm năng và cơ hội đang đặt ra. Trân trọng kính mời quý độc giả quan tâm theo dõi. Streaming: Facebook Fanpage Tự hào hàng Việt https://www.facebook.com/TuhaohangVietNam.vn; Website Tạp chí Công Thương http://tapchicongthuong.vn; và Kênh Youtube Tạp chí Công Thương https://www.youtube.com/@tapchicongthuongofficial3584 Nguồn: Tạp chí Công Thương Thứ Tư, 20:23 11/10/2023 Tags: Đại học Công nghiệp Hà Nội HaUI ĐHCNHN tọa đàm trực tuyến nâng cao chất lượng nhân lực ngành công nghiệp hỗ trợ\\nnext_contents:\\n- [Toạ đàm trực tuyến] Nâng cao chất lượng nhân lực ngành công nghiệp hỗ trợ Thứ Tư, 20:23 11/10/2023 1377 Tọa đàm “Nâng cao chất lượng nhân lực ngành công nghiệp hỗ trợ” do Tạp chí Công Thương tổ chức sẽ phát trực tuyến trên nền tảng Tạp chí Công Thương điện tử và Fanpage Tự hào hàng Việt Nam vào 9h30 ngày 12/10/2023. Toạ đàm “Nâng cao chất lượng nhân lực ngành công nghiệp hỗ trợ” do Tạp chí Công Thương tổ chức sẽ phát trực tuyến vào 9h30 ngày 12/10/2023 Với sự quan tâm và đẩy mạnh hỗ trợ về cơ chế, chính sách cũng như sự chủ động nắm bắt cơ hội của cộng đồng doanh nghiệp, địa phương, ngành công nghiệp hỗ trợ Việt Nam đã có những bước phát triển rõ nét. Tuy nhiên, nguồn nhân lực còn thiếu, chất lượng chưa đồng đều đang là trở ngại lớn của nhiều doanh nghiệp ngành công nghiệp hỗ trợ. Ghi nhận tại nhiều địa phương về những khó khăn của doanh nghiệp từ đầu năm đến nay cho thấy, bên cạnh những bất ổn về thị trường, nguyên liệu... ảnh hưởng đến hoạt động sản xuất kinh doanh, thì việc thiếu hụt lao động cục bộ ở một số doanh nghiệp công nghiệp hỗ trợ, đặc biệt là lao động chất lượng cao, đang là vấn đề cần tháo gỡ. Trong bối cảnh xu hướng chuyển dịch chuỗi cung ứng đang mở ra nhiều cơ hội cho ngành công nghiệp hỗ trợ trong nước phát triển, bài toán nguồn nhân lực càng trở nên cấp thiết hơn để các doanh nghiệp có thể nâng cao năng lực sản xuất, tự tin cạnh tranh nhờ việc đáp ứng yêu cầu ngày càng cao của chuỗi giá trị. Bài toán nguồn nhân lực còn vướng mắc ở đâu? Giải pháp nào cần triển khai trước mắt và trong dài hạn để xây dựng được lực lượng lao động có tay nghề, chất lượng cao cho các ngành công nghiệp hỗ trợ? Vấn đề này sẽ được chia sẻ dưới những góc nhìn đa dạng và sâu sắc hơn tại Tọa đàm hôm nay do Tạp chí Công Thương thực hiện. Tọa đàm với chủ đề “Nâng cao chất lượng nhân lực ngành công nghiệp hỗ trợ”. Tham dự Toạ đàm có các vị khách mời: - TS. Kiều Xuân Thực - Hiệu trưởng Đại học Công nghiệp Hà Nội - Ông Cao Văn Bình - Quyền Giám đốc Trung tâm Hỗ trợ phát triển\\n', 'content: và Công nghệ Giao thông Vận tải… Đại biểu tham dự Hội nghị KH&CN toàn quốc lần thứ V về Cơ khí Đặc biệt là sự có mặt của hai diễn giả với 2 bài Keynotes trình bày tại phiên khai mạc: (1) ông Frank Knafla, Tập đoàn Phoenix Contact, CHLB Đức với nghiên cứu về “Sự thay đổi của công nghệ cơ khí trong cách mạng công nghiệp 4.0” và ông Phạm Tuấn Anh, Phó Cục trưởng Cục Công nghiệp, Bộ Công Thương với nghiên cứu: “Chiến lược phát triển ngành Cơ khí Việt Nam trong bối cảnh hội nhập và cách mạng công nghiệp 4.0”. Ông Frank Knafla, Chuyên gia đến từ Tập đoàn Phoenix Contact trình bày bài Keynote tại Hội nghị Hội nghị là diễn đàn rộng lớn của đội ngũ những người làm công tác nghiên cứu, ứng dụng và giảng dạy trong lĩnh vực cơ khí. Hội nghị được tổ chức định kỳ 2 năm một lần nhằm mục tiêu công bố các công trình khoa học công nghệ và là cơ hội giao lưu giữa các nhà khoa học trong và ngoài nước về lĩnh vực cơ khí. Báo cáo tại phân ban Cơ khí Chế tạo máy Mục đích của hội nghị là: công bố các kết quả nghiên cứu khoa học, ứng dụng, chuyển giao công nghệ, sản xuất kinh doanh, đào tạo nguồn nhân lực trong lĩnh vực cơ khí; tạo điều kiện cho các nhà khoa học, nhà nghiên cứu, các giảng viên thuộc lĩnh vực cơ khí có cơ hội giao lưu, trao đổi học thuật, chia sẻ kinh nghiệm và các kết quả nghiên cứu khoa học công nghệ; Hội nghị còn là cầu nối giữa các doanh nghiệp và các nhà khoa học trao đổi thông tin nhằm góp phần thúc đẩy vai trò của khoa học và công nghệ lĩnh vực cơ khí trong sự nghiệp công nghiệp hóa - hiện đại hóa đất nước. Báo cáo tại phân ban Cơ khí Nông lâm, Xây dựng, Giao thông và Nhiệt Tại Hội nghị lần này, các chủ đề đã được tiếp cận, mô tả, phân tích và trao đổi theo nhiều góc độ. Dưới sự chủ trì của Ban Khoa học, các báo cáo khoa học tại hội nghị được trình bày tại 5 phân ban: Cơ khí Chế tạo máy; Gia công áp lực - Hàn, Vật liệu cơ khí; Tự động hóa - Robot, Cơ điện tử; Cơ khí động lực; Cơ khí Nông lâm, Xây dựng, Giao thông và Nhiệt. Hội nghị đã nhận được 212 bài báo cáo gửi\\nnext_contents:\\n- Hội nghị Khoa học và Công nghệ toàn quốc về Cơ khí lần thứ V - 2018 Sáng ngày 05 tháng 10 năm 2018, Tổng hội Cơ khí Việt Nam phối hợp với Trường Đại học Công nghiệp Hà Nội tổ chức Hội nghị Khoa học & Công nghệ (KHCN) toàn quốc về Cơ khí lần thứ V tại Hội trường A11 - Đại học Công nghiệp Hà Nội. TS. Đỗ Hữu Hào, Chủ tịch Tổng hội Cơ khí Việt Nam phát biểu khai mạc Hội nghị Hội nghị KHCN toàn quốc về Cơ khí lần thứ V vinh dự được đón tiếp các đại biểu: lãnh đạo Vụ KH&CN Bộ Công Thương, Bộ Giao thông Vận tải, Bộ Khoa học và Công nghệ; lãnh đạo Tổng hội Cơ khí Việt Nam; đại diện Tập đoàn Phoenix Contact, Cộng hòa Liên bang Đức. Về phía trường Đại học Công nghiệp Hà Nội, có sự tham dự của PGS.TS Trần Đức Quý, Hiệu trưởng Nhà trường, lãnh đạo các đơn vị và cán bộ, giảng viên ngành Cơ khí của Trường. PGS.TS. Trần Đức Quý, Hiệu trưởng Nhà trường phát biểu chào mừng Hội nghị Đặc biệt, Hội nghị lần này tập trung được hơn 400 nhà khoa học đến từ những cơ sở đào tạo hàng đầu tại Việt Nam: Đại học (ĐH) Bách khoa Hà Nội, ĐH Bách khoa TP.HCM, ĐH Công nghiệp Hà Nội, Học viện Kỹ thuật Quân sự, ĐH Bách khoa Đà Nẵng, ĐH Kỹ thuật Công nghiệp Thái Nguyên, ĐH Sư phạm Kỹ thuật TP.HCM, ĐH Nha Trang, ĐH Giao thông Vận tải, ĐH Sư phạm Kỹ thuật Vĩnh Long, Học viện Nông nghiệp VN, ĐH Mỏ - Địa chất… Và các viện nghiên cứu: Viện Nghiên cứu Cơ khí - Bộ Công Thương; Viện Khoa học và Công nghệ Quân sự; Viện Phát triển kỹ thuật, công nghệ tiên tiến; Viện Nghiên cứu thiết kế chế tạo máy Nông nghiệp; Viện Khoa học và Công nghệ Giao thông Vận tải… Đại biểu tham dự Hội nghị KH&CN toàn quốc lần thứ V về Cơ khí Đặc biệt là sự có mặt của hai diễn giả với 2 bài Keynotes trình bày tại phiên khai mạc: (1) ông Frank Knafla, Tập đoàn Phoenix Contact, CHLB Đức với nghiên cứu về “Sự thay đổi của công nghệ cơ khí trong cách mạng công nghiệp 4.0” và ông Phạm Tuấn Anh, Phó Cục trưởng Cục Công nghiệp, Bộ Công Thương với nghiên cứu: “Chiến lược phát triển ngành Cơ khí Việt Nam trong bối cảnh hội nhập và cách mạng công\\n']","['Tọa đàm: “Số hoá trong lĩnh vực công nghiệp - Bài toán cho các nhà sản xuất” do Tạp chí Công Thương tổ chức sẽ phát trực tuyến trên nền tảng Tạp chí Công Thương điện tử và Fanpage Tự hào hàng Việt Nam vào 9h30 ngày 04/12/2024. Theo đánh giá của các chuyên gia, trước xu hướng và đà tăng trưởng hiện nay, thị trường thương mại điện tử và kinh tế số Việt Nam sẽ còn phát triển mạnh mẽ hơn nữa và trở thành một trong những động lực thúc đẩy tăng trưởng kinh tế. Đây cũng chính là thời điểm để chúng ta xây nên những mô hình và chiến lược mới, ứng dụng mạnh mẽ công nghệ số, tăng sức cạnh tranh trong bối cảnh mới. Theo đánh giá của các chuyên gia, trước xu hướng và đà tăng trưởng hiện nay, thị trường thương mại điện tử và kinh tế số Việt Nam sẽ còn phát triển mạnh mẽ hơn nữa và trở thành một trong những động lực thúc đẩy tăng trưởng kinh tế. Đây cũng chính là thời điểm để chúng ta xây nên những mô hình và chiến lược mới, ứng dụng mạnh mẽ công nghệ số, tăng sức cạnh tranh trong bối cảnh mới. Tọa đàm: “Số hoá trong lĩnh vực công nghiệp – Bài toán cho các nhà sản xuất” do Tạp chí Công Thương tổ chức sẽ phát trực tuyến trên nền tảng Tạp chí Công Thương điện tử và Fanpage Tự hào hàng Việt Nam vào 9h30 ngày 05/12/2024. Thời gian qua, Bộ Công Thương đã ban hành nhiều văn bản, chính sách nhằm thúc đẩy chuyển đổi số ngành Công Thương, triển khai Chiến lược Quốc gia về phát triển kinh tế số và xã hội số, trong đó tập trung vào các nội dung: (i) tăng cường xây dựng Chính phủ điện tử Bộ Công Thương ; (ii) thúc đẩy phát triển Kinh tế số ngành Công Thương theo ba lĩnh vực ưu tiên là thương mại, công nghiệp - năng lượng, và dịch vụ logistics. Vệc đẩy mạnh ứng dụng chuyển đổi số ngành Công Thương là vô cùng cần thiết trong nâng cao hiệu quả quản lý, điều hành Bộ Công Thương cũng như thúc đẩy kinh tế số trong ngành. Đặc biệt, trong lĩnh vực sản xuất, quá trình số hóa được đánh giá đã làm thay đổi diện mạo của ngành công nghiệp, đưa tỷ trọng của những ngành khai thác giảm dần và tỷ trọng ngành chế biến, chế tạo tăng dần. Tuy nhiên để phát triển kinh tế số ngành Công Thương nói chung cũng như số hóa các lĩnh vực công nghiệp một cách bền vững hiện vẫn tồn tại rất nhiều khó khăn, rào cản. Đây là bài toán của các nhà sản xuất cần được sự chung tay vào cuộc của nhiều thành phần với nỗ lực mạnh mẽ để thúc đẩy chuyển đổi số trong lĩnh vực công nghiệp trong thời gian tới. Vấn đề này sẽ được chia sẻ với góc nhìn đa dạng và sâu sắc hơn tại Tọa đàm do Tạp chí Công Thương thực hiện với chủ đề: "" Số hoá trong lĩnh vực công nghiệp – Bài toán cho các nhà sản xuất"", phát trực tuyến vào 9h30 ngày 04/12/2024. Tham dự Tọa đàm có sự tham gia của các vị khách mời: - TS. Đặng Trọng Hợp - Trưởng khoa Công nghệ thông tin, Đại học Công nghiệp Hà Nội; - Ông Nguyễn An Sơn - Trưởng phòng Phát triển dự án, Trung tâm Tin học và Công nghệ số, Cục Thương mại điện tử và Kinh tế số (Bộ Công Thương) - TS. Nguyễn Hữu Phước Nguyên - Tổng Giám đốc điều hành Selex Motors Tại Tọa đàm, đại diện cơ quan quản lý Nhà nước, đại diện cơ sở đào tạo và doanh nghiệp sẽ cùng tham gia thảo luận, chia sẻ về những hành động cụ thể của Bộ Công Thương trong việc hỗ trợ và thúc đẩy chuyển đổi số trong ngành Công Thương nói chung và các lĩnh vực sản xuất công nghiệp nói riêng; Những khó khăn, rào cản và kinh nghiệm khi ứng dụng công tác chuyển đổi số trong ngành Công Thương; Những đòi hỏi về đổi mới trong công tác đào tạo nguồn nhân lực đáp ứng các yêu cầu về chuyển đổi số trong lĩnh vực công nghiệp hiện nay; Những giải pháp mà các cơ sở đào tạo đang áp dụng để đảm bảo đáp ứng được nguồn nhân lực chất lượng cao cung cấp cho nhu cầu chuyển đổi số tăng cao tại các doanh nghiệp; Những giải pháp, mong muốn và đề xuất của các doanh nghiệp khi bắt tay vào chuyển đổi số… Trân trọng kính mời quý độc giả quan tâm theo dõi. Streaming: Facebook Fanpage Tự hào hàng Việt https://www.facebook.com/TuhaohangVietNam.vn ; Website Tạp chí Công Thương http://tapchicongthuong.vn ; và Kênh Youtube Tạp chí Công Thương https://www.youtube.com/ @tapchicongthuongofficial Thứ Ba, 14:40 03/12/2024 Tags:']","### Thông tin về hoạt động khóa và các hoạt động đoàn hội tại Trường Đại học Công nghiệp Hà Nội

1. **Hoạt động khóa**:
   - Trường Đại học Công nghiệp Hà Nội thường xuyên tổ chức các hoạt động ngoại khóa nhằm khuyến khích sinh viên tham gia vào các hoạt động hợp tác doanh nghiệp, mở rộng kiến thức và rèn luyện kỹ năng.
   - Các hoạt động bao gồm tham quan doanh nghiệp, diễn đàn chuyên đề, hội thảo, và các buổi chia sẻ kinh nghiệm từ các chuyên gia trong ngành.
   - Sinh viên có cơ hội tham gia vào các dự án nghiên cứu, dự án hợp tác với doanh nghiệp, giúp áp dụng kiến thức đã học vào thực tế.

2. **Hoạt động đoàn hội**:
   - Trường có các hoạt động Đoàn - Hội phong phú như hoạt động 5S, tiếp sức mùa thi, mùa hè xanh, các hoạt động tình nguyện vì cộng đồng, và các cuộc thi sáng tạo.
   - Các hoạt động này không chỉ giúp sinh viên phát triển kỹ năng mềm mà còn tạo cơ hội giao lưu, kết nối giữa các sinh viên và giữa sinh viên với doanh nghiệp.

### Tham gia tọa đàm của Selex Motors

- **Tọa đàm**: Selex Motors tham gia tọa đàm về ""Số hóa trong lĩnh vực công nghiệp - Bài toán cho các nhà sản xuất"".
- **Đại diện**: Ông Nguyễn Hữu Phước, Tổng Giám đốc điều hành Selex Motors, là đại diện của công ty tham gia tọa đàm này.

Nếu bạn cần thêm thông tin chi tiết về các hoạt động khác hoặc có câu hỏi khác, hãy cho tôi biết! 

[Ngành Công nghệ kỹ thuật khuôn mẫu: Tạo dựng tương lai từ sự sáng tạo] - [**Link tham khảo**](https://www.haui.edu.vn/vn/goc-nhin-haui/nganh-cong-nghe-ky-thuat-khuon-mau-tao-dung-tuong-lai-tu-su-sang-tao/65042).","Tại tọa đàm với chủ đề 'Số hoá trong lĩnh vực công nghiệp – Bài toán cho các nhà sản xuất', diễn ra vào 9h30 ngày 04/12/2024, đại diện của Selex Motors là TS. Nguyễn Hữu Phước Nguyên, Tổng Giám đốc điều hành.",0.7799793879470212,0.0,0.0,0.0,0.8868091106414795,9.385059833526611
Tết ấm yêu thương là hoạt động gì trong Đội Thanh niên tình nguyện Khoa CNTT HaUI?,"['content: Mùa hè xanh 2024 – Hành trình lan tỏa yêu thương của sinh viên Trường Đại học Công nghiệp Hà Nội Thứ Ba, 12:52 06/08/2024 10241 Thêm một mùa hè ý nghĩa, ngọn lửa nhiệt huyết và sức trẻ của sinh viên tình nguyện Trường Đại học Công nghiệp Hà Nội (HaUI) đã lan tỏa đến huyện Thái Thụy, tỉnh Thái Bình. Những hoạt động thiết thực, như thăm hỏi, động viên, trao tặng quà tới các Mẹ Việt Nam anh hùng; trao tặng công trình phòng học số; trao tặng quà cho gia đình có hoàn cảnh khó khăn; tổ chức cuộc thi giao lưu Tiếng Anh cho các bạn nhỏ….một lần nữa khẳng định trách nhiệm, tinh thần tương thân tương ái và sự cống hiến vì cộng đồng của tuổi trẻ HaUI. Nghỉ hè là khoảng thời gian sinh viên háo hức được về với quê hương, gia đình, nhưng nhiều bạn sinh viên lại chọn xách ba lô lên đường làm tình nguyện.Với tinh thần “Đâu cần thanh niên có – Đâu khó có thanh niên”, tuổi trẻ Đại học Công nghiệp Hà Nội đã có những mùa hè xanh nhiều ý nghĩa với tất cả tình yêu, trách nhiệm và khát vọng cống hiến vì cộng đồng. Năm nay, chiến dịch “Mùa hè xanh” của trường HaUI mang yêu thương đến với huyện Thái Thụy, tỉnh Thái Bình. Chương trình kéo dài 03 ngày, từ 31/7 – 02/8/2024. Thăm hỏi, động viên và tri ân Mẹ Việt Nam anh hùng trên địa bàn tỉnh Ngày đầu tiên trong chiến dịch Mùa hè xanh năm 2024 do Đoàn Thanh niên - Hội Sinh viên trường tổ chức tại tỉnh Thái Bình, đồng chí Nguyễn Bá Cát - UV BCH TW Đoàn, Phó Bí thư Tỉnh đoàn Thái Bình, Phó Chủ tịch TW Hội Sinh viên Việt Nam; đồng chí Đỗ Minh Hiền - UV BCH Thành đoàn, Bí thư Đoàn trường HaUI đã thăm hỏi và trao quà tri ân tới 70 mẹ Việt Nam anh hùng trên địa bàn tỉnh. Đồng chí Phó Bí thư Tỉnh đoàn Nguyễn Bá Cát, đồng chí Bí thư Đoàn trường HaUI Đỗ Minh Hiền cùng các đoàn viên thanh niên ân cần thăm hỏi tình hình sức khỏe, cuộc sống của các Mẹ, bày tỏ lòng biết ơn, tri ân những hy sinh, cống hiến to lớn của các Mẹ trong sự nghiệp đấu tranh, giải phóng dân tộc, thống nhất đất nước và xây dựng, bảo vệ Tổ quốc. Đoàn thanh niên tình nguyện thăm và\\nnext_contents:\\n', 'content: Chúc mừng Hành trình 16 thanh xuân tuổi trẻ Đội Thanh niên tình nguyện Với tinh thần “Đâu cần thanh niên có, việc gì khó có thanh niên”, màu áo xanh tình nguyện đã trở thành hình ảnh quen thuộc thể hiện vai trò xung kích và cống hiến của tuổi trẻ Khoa Công nghệ thông tin Trường Đại học Công Nghiệp Hà Nội cho cộng đồng, xã hội. Từ những ngày đầu non trẻ, giờ đây – sau 16 năm, Đội Thanh niên tình nguyện Khoa CNTT - HaUI ngày càng lớn mạnh, kết nối hàng trăm gương mặt ưu tú, nhiệt huyết, năng động, là “cánh tay đắc lực” của Đoàn Thanh niên. Tối 30/11 vừa qua, tất cả nam thanh, nữ tú từng khoác lên mình màu áo xanh tình nguyện đã tụ hội, cùng nâng ly chúc mừng sinh nhật 16 tuổi của Đội Thanh niên tình nguyện. Đội Thanh niên tình nguyên thuộc Ban chấp hành Liên chi Đoàn Khoa CNTT, được ra đời cùng gần với quá trình xây dựng và phát triển Khoa CNTT HaUI. Có thể nói, Đội TNTN là một gia đình nhỏ trong gia đình lớn Khoa CNTT HaUI, là mái nhà chung của của các bạn sinh viên yêu thích các hoạt động tình nguyện, tham gia các hoạt động công ích cho xã hội. Tại đây, các bạn trẻ đã “kề vai sát cánh” trong nhiều hoạt động ý nghĩa của Nhà trường và xã hội như: Tết ấm yêu thương, tình nguyện vì cộng đồng, đại lễ Vu lan, Phát cháo từ thiên, Tri ân thầy cô 20/11, hỗ trợ nhập học, hỗ trợ chào tân SV, hỗ trợ Lễ tốt nghiệp trao bằng…Mỗi dịp sinh nhật, Đội TNTN lại cùng nhau ôn lại những kỷ niệm đã cùng nhau trải qua, những thành tích đã đạt được cũng như những điều cần rút kinh nghiệm. Các thế hệ TNTN Khoa CNTT HaUI tề tựu mừng sinh nhật 16 tuổi của Đội TNTN. Thay mặt Ban chủ nhiệm Khoa, TS. Đặng Trọng Hợp – Trưởng khoa CNTT HaUI gửi lời chúc mừng sinh nhật Đội “Tấm lòng sáng, tinh thần nhiệt huyết, sống vì cộng đồng của các em đã giúp Đội TNTN lớn mạnh như ngày hôm nay. Các em chính là một trong những lực lượng nòng cốt, luôn sát cánh cùng Khoa, Nhà trường trong mọi hoạt động. Chúc cho tất cả những sinh viên đã và đang khoác trên mình chiếc áo xanh tình nguyện Khoa CNTT HaUI luôn giữ\\nnext_contents:\\n', 'content: Nguyễn Thanh Tùng, Cựu sinh viên khóa 14 Khoa CNTT – Một tấm gương sáng trong hoạt động tình nguyện Nguyễn Thanh Tùng là gương mặt quen thuộc trong nhiều hoạt động của Nhà trường, Đoàn Thanh niên – Hội Sinh viên như: Tuyển sinh, hỗ trợ nhập học, hỗ trợ tân sinh viên…. và đặc biệt là một thành viên tích cực của đội SVTN Nhà trường. Nguyễn Thanh Tùng đã có bốn năm gắn bó với Đội sinh viên tình nguyện Khoa Công nghệ thông tin Trường Đại học Công Nghiệp Hà Nội. Màu áo xanh tình nguyện đã trở thành một phần thanh xuân của Nguyễn Thanh Tùng Để có một buổi hỗ trợ nhà trường được tốt nhất các đội viên trong đội phải kiên trì, cố gắng vợt qua những cái nắng oi ả, những buổi gió rét trở trời khi đứng giữa sân trường để phân luồng giao thông làm sao cho các bạn sinh viên được ra về một cách an toàn nhất và nhanh nhất, đó là những công việc thường nhật khi tôi tham gia vào Đội…, ngoài ra bên cạnh đó tôi cũng được cùng các bạn đội viên khác tham gia các chương trình thiện nguyện bên ngoài rất vui và bổ ích. Tôi biết rằng khi học trên môi trường đại học mỗi bạn sinh viên đều lựa chọn cho mình một tổ đội, Clb riêng cho bản thân mình để tham gia sau mỗi giờ học. Bốn năm học tập và cống hiến trong mái trường HaUI, tôi đã gắn bó và theo Đội SVTN, Đội đã dạy cho tôi rất nhiều điều bổ ích giúp cho bản thân mình được hoàn thiện hơn, sống có trách nhiệm hơn, sống trong một tập thể lớn mạnh như vậy nhưng tôi chưa bao giờ thấy mình bị cô lập cả, những anh chị đi trước,họ sống kỷ luật, họ làm gương cho đàn em noi theo.Sẽ có lúc tưởng trừng như gục ngã, khó khăn và bất lực trước những gì đang diễn ra mà bản thân không thể làm được gì hơn,sẽ có những quan điểm, lập trường không giống nhau về cách đối diện, tất nhiên, đó là điều khó tránh khỏi trong mọi công việc;nhưng tôi tin những con người ấy sẽ vượt qua được khó khăn, sẽ tìm được quan điểm dung hòa cho tất cả.Với chúng tôi, đoàn kết là thứ niềm tin sắt đá, là kim chỉ nan dẫn đường cho chúng tôi. Để màu xanh mãi mãi là màu xanh đẹp nhất.\\nnext_contents:\\n', 'content: Hội nghị kiện toàn Đội Thanh niên tình nguyện Khoa CNTT nhiệm kỳ 2023-2024 Chiều 30/11/2024, Hội nghị Kiện toàn Đội Thanh niên tình nguyện Khoa Công nghệ thông tin Trường ĐH Công Nghiệp Hà Nội nhiệm kỳ 2023-2024 đã diễn ra. Đội Thanh niên tình nguyện Khoa CNTT HaUI là một trong những Đội hình tình nguyện nòng cốt trực thuộc Liên chi Đoàn Khoa CNTT Trường Đại học Công Nghiệp Hà Nội. Bước sang năm hoạt động thứ 16 với 16 lần kiện toàn Ban Chủ nhiệm, Đội Thanh niên tình nguyện Khoa CNTT được tổ chức quy củ, nề nếp, có phương hướng và kế hoạch hoạt động cụ thể, bài bản theo từng giai đoạn. Đội là nhân tố quan trọng đóng góp vào sự phát triển của công tác Đoàn và phong trào thanh niên Khoa CNTT HaUI. Đội Thanh niên tình nguyện Khoa CNTT HaUI đã trải qua 16 năm hoạt động với phương châm được xác định: Tình nguyện bốn bể là nhà - Hai mươi năm ấy vẫn là thanh xuân Tại Lễ Kiện toàn bạn Lê Minh Hùng, Nguyên Đội trưởng Đội Thanh niên tình nguyện ULSA khoá trước chia sẻ: ""Trong nhiệm kỳ quản lý Đội, được giao trọng trách là đội trưởng, mình cảm thấy rất may mắn khi được Ban chủ nhiệm, các thành viên trong Đội và đặc biệt là Đoàn Thanh niên trường tin tưởng và giúp đỡ tận tình. Được gắn bó với Đội suốt 4 năm đại học, đối với mình Đội tình nguyện đã trở thành gia đình thứ 2. Mình có quá nhiều kỷ niệm không thể quên với tập thể Đội. Mình rất tự hào khi nói rằng “ngôi nhà xanh FIT-HaUI” là một tập thể luôn nhiệt huyết, đoàn kết và vững mạnh. Đội đã đi tới nhiều nơi và hoàn thành được nhiều công trình, phần việc vì cộng đồng ý nghĩa Mình mong muốn và tin tưởng Ban Chủ nhiệm Đội trong nhiệm kỳ mới sẽ luôn phát huy tốt tinh thần, nhiệt huyết của tuổi trẻ, theo sự phân công và giao nhiệm vụ của Đoàn Thanh niên trường, quản lý đội thật tốt, để tập thể “ngôi nhà xanh FIT-HaUI” luôn đi đầu trong các phong trào, hoạt động của Đoàn Thanh niên Khoa CNTT-HaUI"". Trong năm học 2023-2024, Đội Thanh niên tình nguyện Khoa CNTT HaUI với định hướng, chỉ đạo của Đoàn Thanh niên trường, cùng với sự cố\\nnext_contents:\\n', 'content: Tuổi trẻ Đại học Công nghiệp Hà Nội sôi nổi, sáng tạo trong tháng thanh niên 2022 Thứ Bảy, 23:39 26/03/2022 1380 Chào mừng Tháng Thanh niên, kỷ niệm 91 năm ngày thành lập Đoàn TNCS Hồ Chí Minh (26/03/1931 - 26/03/2022) Đoàn Thanh niên - Hội Sinh viên nhà trường đã tổ chức nhiều hoạt động ý nghĩa và thiết thực. Với chủ đề “Tuổi trẻ sáng tạo”, nhiều hoạt động đã được Đoàn trường triển khai tới các cấp bộ Đoàn với sự tham gia,, hưởng ứng sôi nổi của đoàn viên thanh niên. Ngày 01/03/2022, tại ĐHQGHN cơ sở Hòa Lạc, Trung ương Đoàn Thanh niên cộng sản Hồ Chí Minh tổ chức Lễ khởi động Tháng Thanh niên 2022, tại đây tuổi trẻ trường Đại học Công nghiệp Hà Nội đã tham gia triển lãm Khoa học - Kỹ thuật với 3 mô hình: Hệ thống rửa xe tự động, Mô hình máy giải Rubik, Mô hình máy in 3D. Mô hình triển lãm sản phẩm sáng tạo của tuổi trẻ Đại học Công nghiệp Hà Nội Cuộc thi Ánh sáng soi đường năm 2022 là một trong những hoạt động thiết thực và thường niên của tuổi trẻ Nhà trường. Với 2 vòng thi, Vòng 1 diễn ra từ ngày 21/03/2022 đến ngày 25/03/2022 và vòng chung kết vào ngày 26/03/2022. Cuộc thi Ánh sáng soi đường được sinh viên hào hứng tham gia Diễn ra trong 2 ngày 19 và 20/03/2022, chương trình “Tập huấn công tác Đoàn - Hội” với 2 chuyên đề chính về phát triển kỹ năng trong cán bộ Đoàn - Hội và tập huấn về công tác tổ chức Đại hội chi Đoàn các lớp chương trình đã thu hút hơn 400 Đoàn viên - Thanh niên đến từ các đơn vị tham gia. Hơn 300 cán bộ Đoàn - Hội tham dự khóa tập huấn Trong tháng thanh niên, tuổi trẻ Đại học Công nghiệp Hà Nội hào hứng tham dự chương trình phát động “Tết trồng cây đời đời nhớ ơn Bác Hồ” được diễn ra tại cơ sở đào tạo Hà Nam. TS.Nguyễn Văn Thiện - Phó Hiệu trưởng nhà trường, thầy Trần Ngọc Khánh, Trưởng Phòng Công tác sinh viên, đại diện Phòng Quản trị, Trung tâm Quốc phòng và an ninh, Đoàn thanh niên - Hội Sinh viên cùng gần 300 sinh viên, Đoàn viên - Thanh niên nhà trường tham dự chương trình. Hình ảnh tại lễ phát động “Tết trồng cây đời đời nhớ ơn Bác\\nnext_contents:\\n']","['Hành trình 16 thanh xuân tuổi trẻ Đội Thanh niên tình nguyện Với tinh thần “Đâu cần thanh niên có, việc gì khó có thanh niên”, màu áo xanh tình nguyện đã trở thành hình ảnh quen thuộc thể hiện vai trò xung kích và cống hiến của tuổi trẻ Khoa Công nghệ thông tin Trường Đại học Công Nghiệp Hà Nội cho cộng đồng, xã hội. Từ những ngày đầu non trẻ, giờ đây – sau 16 năm, Đội Thanh niên tình nguyện Khoa CNTT - HaUI ngày càng lớn mạnh, kết nối hàng trăm gương mặt ưu tú, nhiệt huyết, năng động, là “cánh tay đắc lực” của Đoàn Thanh niên. Tối 30/11 vừa qua, tất cả nam thanh, nữ tú từng khoác lên mình màu áo xanh tình nguyện đã tụ hội, cùng nâng ly chúc mừng sinh nhật 16 tuổi của Đội Thanh niên tình nguyện. Đội Thanh niên tình nguyên thuộc Ban chấp hành Liên chi Đoàn Khoa CNTT, được ra đời cùng gần với quá trình xây dựng và phát triển Khoa CNTT HaUI. Có thể nói, Đội TNTN là một gia đình nhỏ trong gia đình lớn Khoa CNTT HaUI, là mái nhà chung của của các bạn sinh viên yêu thích các hoạt động tình nguyện, tham gia các hoạt động công ích cho xã hội. Tại đây, các bạn trẻ đã “kề vai sát cánh” trong nhiều hoạt động ý nghĩa của Nhà trường và xã hội như: Tết ấm yêu thương, tình nguyện vì cộng đồng, đại lễ Vu lan, Phát cháo từ thiên, Tri ân thầy cô 20/11, hỗ trợ nhập học, hỗ trợ chào tân SV, hỗ trợ Lễ tốt nghiệp trao bằng…Mỗi dịp sinh nhật, Đội TNTN lại cùng nhau ôn lại những kỷ niệm đã cùng nhau trải qua, những thành tích đã đạt được cũng như những điều cần rút kinh nghiệm. Các thế hệ TNTN Khoa CNTT HaUI tề tựu mừng sinh nhật 16 tuổi của Đội TNTN. Thay mặt Ban chủ nhiệm Khoa, TS. Đặng Trọng Hợp – Trưởng khoa CNTT HaUI gửi lời chúc mừng sinh nhật Đội “Tấm lòng sáng, tinh thần nhiệt huyết, sống vì cộng đồng của các em đã giúp Đội TNTN lớn mạnh như ngày hôm nay. Các em chính là một trong những lực lượng nòng cốt, luôn sát cánh cùng Khoa, Nhà trường trong mọi hoạt động. Chúc cho tất cả những sinh viên đã và đang khoác trên mình chiếc áo xanh tình nguyện Khoa CNTT HaUI luôn giữ được nhiệt huyết của tuổi trẻ; hoàn thành tốt nhiệm vụ học tập, làm việc; duy trì và lan tỏa các công việc từ thiện, vì cộng đồng”.. TS. Đặng Trọng Hợp chúc mừng sự lớn mạnh của Đội TNTN – “cánh tay đắc lực” của Đoàn Thanh niên. Đại diện Ban Chủ nhiệm Khoa CNTT tặng quà sinh nhật Đội TNTN. Đại diện Ban Chủ nhiệm Khoa, Đoàn Thanh niên và Đội TNTN cắt bánh sinh nhật. Nguyễn Hữu Nhật – Đội trưởng Đội TNTN thay mặt toàn Đội cam kết: “Đội TNTN Khoa CNTT hứa sẽ tiếp tục cống hiến hết mình cho Nhà trường và xã hội; luôn là những người trẻ FIT-HaUI không ngại khó, ngại khổ; sẵn sàng tham gia mọi hoạt động có ích cho xã hội, cho cộng đồng”. Những cái bắt tay, cái ôm ấm áp của các thành viên, cựu thành viên cho thấy: Đội TNTN Khoa CNTT HaUI luôn là một đại gia đình. Những trái tim nhiệt huyết cùng tinh thần đoàn kết của tuổi trẻ tình nguyện sẽ luôn sát cánh cùng thầy cô trong mọi hoạt động Nhà trường và xã hội. Dù ở đâu, làm gì, tuổi trẻ FIT-HaUI vẫn luôn là những người trẻ năng động nhiệt huyết và thành công! Thứ Sáu, 10:37 06/12/2024 Tags:']","**Tết ấm yêu thương** là một trong những hoạt động ý nghĩa của Đội Thanh niên tình nguyện Khoa Công nghệ thông tin, Trường Đại học Công nghiệp Hà Nội. Hoạt động này nhằm mục đích mang lại niềm vui và sự ấm áp cho những người có hoàn cảnh khó khăn trong dịp Tết Nguyên Đán. 

### Mục tiêu của hoạt động:
- **Gây quỹ và quyên góp**: Tổ chức các hoạt động gây quỹ, quyên góp để mua sắm quà Tết cho những gia đình có hoàn cảnh khó khăn.
- **Thăm hỏi và tặng quà**: Đoàn viên thanh niên sẽ trực tiếp thăm hỏi, động viên và tặng quà cho các gia đình, giúp họ có một cái Tết ấm áp hơn.

### Ý nghĩa:
- **Tình nguyện vì cộng đồng**: Hoạt động này không chỉ thể hiện tinh thần tương thân tương ái mà còn khẳng định trách nhiệm của sinh viên đối với xã hội.
- **Gắn kết cộng đồng**: Tết ấm yêu thương giúp tạo ra sự gắn kết giữa sinh viên và cộng đồng, đồng thời nâng cao ý thức trách nhiệm xã hội của các bạn trẻ.

Đây là một trong những hoạt động nổi bật của Đội Thanh niên tình nguyện Khoa CNTT, thể hiện sự cống hiến và lòng nhân ái của sinh viên HaUI.

Nếu bạn cần thêm thông tin về các hoạt động khác của Đoàn Hội hoặc Khoa CNTT, hãy cho tôi biết! 

[Hội nghị kiện toàn Đội Thanh niên tình nguyện Khoa CNTT nhiệm kỳ 2023-2024] - [**Link tham khảo**](https://fit.haui.edu.vn/vn/tin-tuc/hoi-nghi-kien-toan-doi-thanh-nien-tinh-nguyen-khoa-cntt-nhiem-ky-2023-2024/71182).","Tết ấm yêu thương là một trong những hoạt động ý nghĩa của Đội Thanh niên tình nguyện Khoa CNTT Trường Đại học Công Nghiệp Hà Nội, nơi các bạn sinh viên tham gia các hoạt động tình nguyện và công ích cho xã hội.",0.9064771402502263,0.499999999975,0.8181818181818182,1.0,0.7760281562805176,7.8943610191345215
Thái Lan có tham gia Olympic Tin học Sinh viên Việt Nam không?,"['content: [tdmu] Sinh viên trường Đại học Thủ Dầu Một đạt nhiều thành tích tại Olympic Tin học Sinh viên Việt Nam 2024 Thứ Hai, 10:42 16/12/2024 14 Từ ngày 11/12 đến 13/12/2024, tại trường Đại học Công nghiệp Hà Nội đã diễn ra Kỳ thi Olympic Tin học Sinh viên Việt Nam lần thứ 33 (OLP’24) và Kỳ thi lập trình sinh viên Quốc tế ICPC Khu vực Châu Á năm 2024. Đội tuyển trường Đại học Thủ Dầu Một có 04 sinh viên tham gia và đạt 01 giải Nhì, 01 giả Ba, 01 giải Khuyến khích. Olympic Tin học Sinh viên Việt Nam (OLP) là kỳ thi thường niên được tổ chức bởi Hội Tin học Việt Nam, Hội Sinh viên Việt Nam và Bộ Giáo dục và Đào tạo nhằm động viên phong trào học tập tin học và khuyến khích các tài năng tin học trẻ. Quy mô và phạm vi của Kỳ thi mở rộng và nâng cao chất lượng hàng năm với sự bảo trợ của Bộ Giáo dục và Đào tạo, Bộ Thông tin và Truyền thông, Bộ Khoa học và Công nghệ, Liên hiệp các Hội Khoa học và Kỹ thuật Việt Nam, Trung ương Đoàn TNCS Hồ Chí Minh. Cuộc thi năm nay có sự góp mặt của 108 sinh viên dự thi khối Siêu cúp, 235 sinh viên khối Chuyên tin, 95 sinh viên khối Không Chuyên tin, 2 sinh viên khối Cao đẳng, 18 đội tuyển với 51 sinh viên khối Phần mềm nguồn mở và 20 đội tuyển với 43 sinh viên tham dự PROCON Việt Nam. Song song với đó, Kỳ thi ICPC Asia Hanoi 2024 chứng kiến sự tranh tài của 137 đội tuyển Việt Nam và 20 đội quốc tế đến từ 10 trường đại học danh tiếng của Singapore, Hàn Quốc, Indonesia, Thái Lan, Philippines và Đài Loan. Tham gia Kỳ thi OLP năm 2024, trường Đại học Thủ Dầu Một có 04 sinh viên khối ngành Công nghệ thông tin tham gia ở các nội dung: (1) Cá nhân khối Siêu cúp, (2) Chuyên tin. Đồng thời có 01 đội thi lập trình viên quốc tế ICPC năm 2024. Kết thúc Kỳ thi, đội tuyển trường Đại học Thủ Dầu Một đã đạt 01 giải Nhì, 01 giả Ba, 01 giải Khuyến khích ở các nội dung thi OLP’24. Cụ thể: - Giải Nhì khối Chuyên Tin: Hồ Tuấn Phước – Lớp D22CNTT06. - Giải Ba khối Chuyên Tin: Phan Nhật Đăng – Lớp D23CNTT01. - Giải Khuyến khích khối Chuyên Tin: Phan Trọng Tiến – Lớp\\nnext_contents:\\n', 'content: gay cấn đến tiếng cuối cùng. Đội tuyển fruit_advantages (Đại học Quốc gia Đài Loan) đã giải được bài thứ 11 vượt lên giành ngôi Vô địch ICPC Asia Hanoi 2024. Năm nay, Việt Nam có 2 đội tuyển giành Huy chương Vàng là đội HCMUS-AtCoder đến từ Đại học Khoa học tự nhiên, Đại học Quốc gia TP Hồ Chí Minh và đội UIT.KHQ. TheUnkillabeDemonKings đến từ Trường Đại học Công nghệ Thông tin, Đại học Quốc gia TP Hồ Chí Minh. Diễn ra xuyên suốt 32 năm, Olympic Tin học Sinh viên Việt Nam được đánh giá là cuộc thi sôi động, thiết thực với sinh viên các trường Đại học và Cao đẳng. Qua đó phát hiện sớm các tài năng trí tuệ của lớp trẻ Việt Nam, bổ sung nguồn lực Công nghệ thông tin và Truyền thông chất lượng cao phục vụ công cuộc Chuyển đổi số và công nghiệp hoá – hiện đại hoá đất nước. Cuộc thi Olympic Tin học Sinh viên Việt Nam lần thứ 32 có sự tham gia của 78 trường Đại học, Cao đẳng và Học viện cả nước với gần 600 sinh viên tham dự, trong đó: 67 sinh viên dự thi khối Siêu Cup, 194 sinh viên khối Chuyên Tin, 92 sinh viên khối Không chuyên tin và cao đẳng, 45 sinh viên dự khối Phần mềm nguồn mở và 38 sinh viên tham dự Procon Việt Nam. Bộ Thông tin và Truyền thông đã trao bằng khen cho 2 đội tuyển ICPC Asia Hanoi 2024 gồm: Đội tuyển HCMUS-AtCoder đến từ Đại học Khoa học tự nhiên, Đại học Quốc gia TP Hồ Chí Minh và Đội tuyển Không chuyên xuất sắc nhất: Đội tuyển IUH.ZeroThree đến từ Đại học Công nghiệp TP Hồ Chí Minh. Hội Sinh viên Việt Nam cũng trao Bằng khen cho các cá nhân và đội tuyển đoạt Giải Nhất và Giải Nhì các khối thi Olympic Tin học. Để ghi nhận nỗ lực của đơn vị tổ chức Olympic Tin học Sinh viên Việt Nam lần thứ 33, Procon và kỳ thi lập trình sinh viên quốc tế ICPC Khu vực Châu Á, điểm thi Hà Nội năm 2024, Hội Tin học Việt Nam trao tặng Kỷ niệm chương cho Trường Đại học Công nghiệp Hà Nội và các cá nhân xuất sắc từ Trường đã hỗ trợ, tham gia và hết lòng trong công tác tổ chức. Trước đó, chiều ngày 11/12 là thời gian thi của khối cá nhân và tính điểm đồng đội quy mô lớn\\nnext_contents:\\n- [nct] Việt Nam giành 2 Huy chương Vàng tại ICPC Asia Hanoi 2024 Thứ Bảy, 23:53 14/12/2024 14 Olympic Tin học Sinh viên Việt Nam lần thứ 33 (OLP’24), Procon và Kỳ thi lập trình sinh viên quốc tế ICPC Asia Hanoi 2024 do Trường Đại học Công nghiệp Hà Nội đăng cai tổ chức từ ngày 10 – 13/12, đã tìm được ngôi quán quân. Vô địch Siêu CUP OLP’24 thuộc về sinh viên Nguyễn Đức Thắng, Trường Đại học Kinh tế Quốc dân Hà Nội. Đội tuyển HCMUS-AtCoder đến từ Trường Đại học Khoa học tự nhiên, Đại học Quốc gia TP Hồ Chí Minh là đội có xếp hạng cao nhất của Việt Nam. Vô địch Cuộc thi lập trình đại học quốc tế (ICPC) Asia Hanoi 2024 thuộc về đội fruit_advantages (Đại học Quốc gia Đài Loan). Sinh viên Nguyễn Đức Thắng (Trường Đại học Kinh tế Quốc dân Hà Nội) vô địch Siêu CUP OLP’24 GS.TS Nguyễn Thanh Thuỷ, Chủ tịch Hội Tin học Việt Nam, Trưởng Ban Chỉ đạo Olympic Tin học Sinh viên Việt Nam đã chia sẻ niềm vui mừng và vinh dự khi được chứng kiến 33 năm tổ chức Olymic Tin học cho sinh viên, cùng giải liên quan đến giải Siêu cup, PROCO và đặc biệt là những năm gần đây có giải ICPC. Song hành cùng Olympic Tin học sinh viên là kỳ thi ICPC. Dù bắt đầu muộn hơn Olympic nhưng Việt Nam đã 17 lần góp mặt tại Chung kết ICPC toàn cầu với 1 lần duy nhất có giải vào năm 2022, cuộc thi lập trình lâu đời và danh giá bậc nhất thế giới, được ví như “Thế vận hội Olympic” dành cho sinh viên Công nghệ thông tin. ICPC là kỳ thi đẳng cấp về lập trình sinh viên, kỳ thi gay cấn ngay từ những phút đầu tiên và kỳ thi gay cấn đến tiếng cuối cùng. Đội tuyển fruit_advantages (Đại học Quốc gia Đài Loan) đã giải được bài thứ 11 vượt lên giành ngôi Vô địch ICPC Asia Hanoi 2024. Năm nay, Việt Nam có 2 đội tuyển giành Huy chương Vàng là đội HCMUS-AtCoder đến từ Đại học Khoa học tự nhiên, Đại học Quốc gia TP Hồ Chí Minh và đội UIT.KHQ. TheUnkillabeDemonKings đến từ Trường Đại học Công nghệ Thông tin, Đại học Quốc gia TP Hồ Chí Minh. Diễn ra xuyên suốt 32 năm, Olympic Tin học Sinh viên Việt Nam được đánh giá là cuộc\\n', 'content: [congnghevadoisong] OLP’24 - Procon - ICPC Asia Hanoi: Việt Nam giành 2 Huy chương Vàng tại ICPC Asia Hanoi 2024 Thứ Sáu, 21:47 13/12/2024 35 Olympic Tin học Sinh viên Việt Nam lần thứ 33 (OLP’24), Procon và Kỳ thi lập trình sinh viên quốc tế ICPC Asia Hanoi 2024 do Trường Đại học Công nghiệp Hà Nội đăng cai tổ chức từ 10 - 13/12 đã thành công tốt đẹp. Chung cuộc, Vô địch Siêu CUP OLP’24 thuộc về Nguyễn Đức Thắng (Trường Đại học Kinh tế Quốc dân Hà Nội). Đội tuyển HCMUS-AtCoder đến từ Đại học Khoa học tự nhiên - ĐHQG TP.HCM là đội có rank cao nhất của Việt Nam và ngôi Vô địch ICPC Asia Hanoi 2024 thuộc về đội fruit_advantages (Đại học Quốc gia Đài Loan). Diễn ra xuyên suốt 32 năm, Olympic Tin học Sinh viên Việt Nam được đánh giá là cuộc thi sôi động, thiết thực với sinh viên các trường Đại học & Cao đẳng, qua đó phát hiện sớm các tài năng trí tuệ của lớp trẻ Việt Nam bổ sung nguồn lực CNTT-TT chất lượng cao phục vụ công cuộc Chuyển đổi số và công nghiệp hoá - hiện đại hoá đất nước. Năm nay, cuộc thi vinh dự nhận được sự chỉ đạo và hỗ trợ của Bộ Giáo dục và Đào tạo, Bộ Thông tin & Truyền thông, Bộ Khoa học và Công nghệ, Liên hiệp các hội Khoa học và Kỹ thuật Việt Nam, Trung ương Đoàn Thanh niên Cộng sản Hồ Chí Minh và các ban ngành, đoàn thể TP Hà Nội. Hội đồng giám khảo do PGS.TS. Nhà giáo nhân dân Hồ Sĩ Đàm chủ trì vẫn tiếp tục khẳng định Hội đồng giám khảo thi lập trình hàng đầu Việt Nam. Ngoài ra, còn có PGS.TS Đỗ Phan Thuận, Phó Chủ tịch Hồi đồng giám khảo; ông Lê Đôn Khuê, Phó Giám đốc ICPC Vietnam, Thành viên HĐGK; PGS.TS Ngô Hồng Sơn, Chủ tịch HĐGK nội dung Phần mềm nguồn mở; ông Dương Lê Minh, Chủ tịch HĐGK PROCON Việt Nam; ông Trần Quang Lộc, Chủ tịch Hội đồng chọn đề ICPC; ông Lê Duy Thức, Giám đốc phụ trách Hệ thống thi và các Thầy cô, chuyên gia HĐGK. Toàn cảnh buổi lễ. Bên cạnh đó, kỳ thi còn nhận được sự hỗ trợ của toàn xã hội, nhiều doanh nghiệp đã đồng hành và tài trợ các giải thưởng cho sinh viên đoạt giải như: Công ty Pendle, Tập đoàn Viettel,\\nnext_contents:\\n', 'content: [tlu] Trường Đại học Thủy lợi giành giải cao tại Olympic Tin Học Sinh Viên Việt Nam 2024 Thứ Năm, 10:20 19/12/2024 15 Từ ngày 10 đến ngày 13 tháng 12, Bộ Giáo dục và Đào tạo phối hợp với Hội Tin học Việt Nam, Hội Sinh viên Việt Nam và Trường Đại học Công nghiệp Hà Nội đã tổ chức lễ khai mạc Olympic Tin học Sinh viên Việt Nam lần thứ 33 (OLP’24). Sự kiện này không chỉ là một cuộc thi mà còn là cơ hội để sinh viên thể hiện tài năng trong lĩnh vực công nghệ thông tin. Quy Mô Tham Gia Ấn Tượng Olympic Tin học Sinh viên năm nay thu hút sự tham gia của 87 trường đại học, cao đẳng và học viện trên toàn quốc. Tổng cộng có 108 sinh viên thi đấu ở khối Siêu Cup, 235 sinh viên ở khối Chuyên Tin, 95 sinh viên ở khối Không chuyên tin, đồng thời hai sinh viên tham gia từ khối cao đẳng. Bên cạnh đó, có 18 đội tuyển với 51 sinh viên tham gia khối Phần mềm nguồn mở và 20 đội với 43 sinh viên tham dự Procon Việt Nam. Trong khi đó, Kỳ thi ICPC Asia Hanoi 2024 cũng diễn ra với sự góp mặt của 137 đội tuyển từ Việt Nam với tổng cộng 411 sinh viên. Ngoài ra, còn có 20 đội tuyển với 60 sinh viên đến từ 10 trường đại học danh tiếng đến từ các nước như Singapore, Hàn Quốc, Indonesia, Thái Lan, Philippines và Đài Loan. Ý Nghĩa Của Cuộc Thi Olympic Tin Học Sinh Viên Phát biểu tại lễ khai mạc, PGS.TS Phạm Quốc Khánh, Phó Cục trưởng Cục Quản lý Chất lượng, Bộ Giáo dục và Đào tạo nhấn mạnh: “Đây là sân chơi rất ý nghĩa cho các bạn sinh viên ưu tú được thể hiện và trải nghiệm sự sáng tạo, đổi mới và kỹ năng giải quyết vấn đề trong lĩnh vực công nghệ.” Ông cho rằng cuộc thi không chỉ là nơi thể hiện tài năng mà còn là cơ hội để sinh viên chia sẻ ý tưởng về vai trò của công nghệ thông tin trong việc thúc đẩy xã hội. PGS.TS Phạm Quốc Khánh, Phó Cục trưởng Cục Quản lý Chất lượng, Bộ Giáo dục và Đào tạo Ông cũng đề cập đến bối cảnh Việt Nam đang có những chính sách mạnh mẽ về phát triển công nghệ thông tin và chuyển đổi số quốc gia. Ông kêu gọi sự đóng góp của Hội Tin học Việt Nam, các giám khảo, nhà\\nnext_contents:\\n', 'content: thi gay cấn đến tiếng cuối cùng. Đội tuyển fruit_advantages (Đại học Quốc gia Đài Loan) đã giải được bài thứ 11 vượt lên giành ngôi Vô địch ICPC Asia Hanoi 2024. Năm nay, Việt Nam có 2 đội tuyển giành Huy chương Vàng là đội HCMUS-AtCoder đến từ Đại học Khoa học tự nhiên, Đại học Quốc gia TP Hồ Chí Minh và đội UIT.KHQ. TheUnkillabeDemonKings đến từ Trường Đại học Công nghệ Thông tin, Đại học Quốc gia TP Hồ Chí Minh. Diễn ra xuyên suốt 32 năm, Olympic Tin học Sinh viên Việt Nam được đánh giá là cuộc thi sôi động, thiết thực với sinh viên các trường Đại học và Cao đẳng. Qua đó phát hiện sớm các tài năng trí tuệ của lớp trẻ Việt Nam, bổ sung nguồn lực Công nghệ thông tin và Truyền thông chất lượng cao phục vụ công cuộc Chuyển đổi số và công nghiệp hoá - hiện đại hoá đất nước. Cuộc thi Olympic Tin học Sinh viên Việt Nam lần thứ 32 có sự tham gia của 78 trường Đại học, Cao đẳng và Học viện cả nước với gần 600 sinh viên tham dự, trong đó: 67 sinh viên dự thi khối Siêu Cup, 194 sinh viên khối Chuyên Tin, 92 sinh viên khối Không chuyên tin và cao đẳng, 45 sinh viên dự khối Phần mềm nguồn mở và 38 sinh viên tham dự Procon Việt Nam. Bộ Thông tin và Truyền thông sẽ trao bằng khen cho 2 đội tuyển ICPC Asia Hanoi 2024 gồm: Đội tuyển HCMUS-AtCoder đến từ Đại học Khoa học tự nhiên, Đại học Quốc gia TP Hồ Chí Minh và Đội tuyển Không chuyên xuất sắc nhất: Đội tuyển IUH.ZeroThree đến từ Đại học Công nghiệp TP Hồ Chí Minh. Hội Sinh viên Việt Nam cũng trao Bằng khen cho các cá nhân và đội tuyển đoạt Giải Nhất và Giải Nhì các khối thi Olympic Tin học. Để ghi nhận nỗ lực của đơn vị tổ chức Olympic Tin học Sinh viên Việt Nam lần thứ 33, Procon và kỳ thi lập trình sinh viên quốc tế ICPC Khu vực Châu Á, điểm thi Hà Nội năm 2024, Hội Tin học Việt Nam trao tặng Kỷ niệm chương cho Trường Đại học Công nghiệp Hà Nội và các cá nhân xuất sắc từ Trường đã hỗ trợ, tham gia và hết lòng trong công tác tổ chức. Trước đó, chiều ngày 11/12 là thời gian thi của khối cá nhân và tính điểm đồng đội quy mô\\nnext_contents:\\n- [baoyenbai] Việt Nam giành 2 huy chương Vàng tại ICPC Asia Hanoi 2024 Thứ Ba, 10:03 17/12/2024 19 Olympic Tin học Sinh viên Việt Nam lần thứ 33 (OLP’24), Procon và Kỳ thi lập trình sinh viên quốc tế ICPC Asia Hanoi 2024 do Trường Đại học Công nghiệp Hà Nội đăng cai tổ chức từ ngày 10 - 13/12, đã tìm được ngôi quán quân. Sinh viên Nguyễn Đức Thắng (Trường Đại học Kinh tế Quốc dân Hà Nội) vô địch Siêu CUP OLP’24. Vô địch Siêu CUP OLP’24 thuộc về sinh viên Nguyễn Đức Thắng, Trường Đại học Kinh tế Quốc dân Hà Nội. Đội tuyển HCMUS-AtCoder đến từ Trường Đại học Khoa học tự nhiên, Đại học Quốc gia TP Hồ Chí Minh là đội có xếp hạng cao nhất của Việt Nam. Vô địch Cuộc thi lập trình đại học quốc tế (ICPC) Asia Hanoi 2024 thuộc về đội fruit_advantages (Đại học Quốc gia Đài Loan). GS.TS Nguyễn Thanh Thuỷ, Chủ tịch Hội Tin học Việt Nam, Trưởng Ban Chỉ đạo Olympic Tin học Sinh viên Việt Nam đã chia sẻ niềm vui mừng và vinh dự khi được chứng kiến 33 năm tổ chức Olymic Tin học cho sinh viên, cùng giải liên quan đến giải Siêu cup, PROCO và đặc biệt là những năm gần đây có giải ICPC. Song hành cùng Olympic Tin học sinh viên là kỳ thi ICPC. Dù bắt đầu muộn hơn Olympic nhưng Việt Nam đã 17 lần góp mặt tại Chung kết ICPC toàn cầu với 1 lần duy nhất có giải vào năm 2022, cuộc thi lập trình lâu đời và danh giá bậc nhất thế giới, được ví như ""Thế vận hội Olympic” dành cho sinh viên Công nghệ thông tin. ICPC là kỳ thi đẳng cấp về lập trình sinh viên, kỳ thi gay cấn ngay từ những phút đầu tiên và kỳ thi gay cấn đến tiếng cuối cùng. Đội tuyển fruit_advantages (Đại học Quốc gia Đài Loan) đã giải được bài thứ 11 vượt lên giành ngôi Vô địch ICPC Asia Hanoi 2024. Năm nay, Việt Nam có 2 đội tuyển giành Huy chương Vàng là đội HCMUS-AtCoder đến từ Đại học Khoa học tự nhiên, Đại học Quốc gia TP Hồ Chí Minh và đội UIT.KHQ. TheUnkillabeDemonKings đến từ Trường Đại học Công nghệ Thông tin, Đại học Quốc gia TP Hồ Chí Minh. Diễn ra xuyên suốt 32 năm, Olympic Tin học Sinh viên Việt Nam được đánh giá là\\n']","['Hơn 700 sinh viên tranh tài tại Olympic Tin học Sinh viên Việt Nam lần thứ 33, Procon và ICPC Asia Hanoi 2024 Kỳ thi Olympic Tin học Sinh viên Việt Nam lần thứ 33 (OLP’24), Procon Việt Nam và ICPC Asia Hanoi năm 2024 có quy mô lớn nhất từ trước đến nay với hơn 700 thí sinh và 180 huấn luyện viên đến từ 116 Trường Đại học, Cao đẳng, Học viện trên cả nước và các quốc gia Singapore, Hàn Quốc, Đài Loan, Thái Lan. Sáng ngày 11/12/2024 tại Trường Đại học Công nghiệp Hà Nội sẽ chính thức Khai mạc Olympic Tin học Sinh viên Việt Nam lần thứ 33 (OLP’24), Procon Việt Nam và Kỳ thi Lập trình sinh viên quốc tế ICPC khu vực Châu Á - Asia Hanoi năm 2024. Tham dự có đại diện của Bộ Giáo dục Đào tạo, Bộ Thông tin Truyền thông, Bộ Khoa học Công nghệ, Liên hiệp các Hội KH&KT Việt Nam, UBND Thành phố Hà Nội cùng lãnh đạo nhiều trường Đại học và Cao đẳng cùng đại diện các Nhà tài trợ, các Doanh nghiệp CNTT-TT và đông đảo các cơ quan báo chí, truyền hình. Olympic Tin học Sinh viên Việt Nam (OLP’24), Procon Việt Nam kết nối cùng Kỳ thi lập trình sinh viên quốc tế ICPC Asia Hanoi sẽ được tổ chức tại Trường Đại học Công nghiệp Hà Nội từ 10 đến 13/12/2024. Quy mô Kỳ thi OLP’24, Procon và ICPC Asia Hanoi 2024 là điểm tụ hội của các sinh viên CNTT xuất sắc nhất đến từ các trường Đại học & Cao đẳng và các Học viện trên cả nước. Đây là sự kiện biểu dương tài năng, kỹ năng CNTT dành cho sinh viên quy mô quốc tế lớn nhất Việt Nam. Từ kết quả kỳ thi ICPC Asia Hanoi 2024 sẽ chọn 14-15 xuất từ vòng loại Châu Á - Việt Nam tham dự Chung kết ICPC Châu Á Thái Bình dương tổ chức tại Singapore vào tháng 2-3/2025 lựa chọn 15-16 đội tuyển suất sắc nhất tham dự Chung kết ICPC toàn cầu năm 2025. Từ vòng Quốc gia 37 đội tuyển THPT xuất sắc nhất cũng sẽ thi cùng bộ đề Kỳ thi ICPC Asia Hanoi tổ chức thi tại Hà Nội, Tp Hồ Chí Minh và Đà Nẵng vào cùng thời điểm ngày 13/12/2024. Trước đó ngày 11/12/2024, 51 học sinh THPT cũng sẽ thi song song Giải cá nhân Siêu CUP OLP’24. OLP’24, Procon và ICPC Asia Hanoi 2024 đã quy tụ hơn 700 sinh viên CNTT và 150 huấn luyện viên đến từ 87 trường Đại học, Cao đẳng và các Học viện trên cả nước cùng 20 đội tuyển với 60 sinh viên đến từ 8 trường Đại học danh tiếng đến từ Singapore, Hàn Quốc, Đài Loan và Thái Lan. Cụ thể, có 524 sinh viên dự thi 5 khối thi Olympic, Procon và 411 sinh viên (137 đội tuyển) tham dự Kỳ thi ICPC Asia Hanoi 2024 trong đó có 20 đội tuyển đến từ 4 Quốc gia Châu Á. Tổng số đội tuyển tham gia tất cả nội dung thi lên đến gần 228 đội tuyển tranh các Giải tập thể và đồng đội. Năm 2024, OLP’24 và ICPC Asia còn mở rộng thi song song cho các trường Chuyên THPT thi đấu đỉnh cao: có 51 học sinh xuất sắc nhất từ các Đội tuyển HSGQG từ 22 trường THPT thi đấu đỉnh cao Siêu CUP OLP’24 vào ngày 11/12/2024 và 37 đội tuyển với 111 học sinh THPT sẽ thi đấu ICPC Asia Hanoi 2024 tại 3 điểm thi Hà Nội, Tp Hồ Hồ Chí Minh và Tp Đà Nẵng vào ngày 13/12/2024. Đây là dịp các học sinh các đội tuyển HSGQG có dịp luyện tập đỉnh cao trước mùa thi chọn HSGQG 2024 và chuẩn bị thành lập các đội tuyển Olympic Tin học Châu Á (APIO) và Tin học Quốc tế (IOI) cho mùa thi chọn vào đầu năm 2025!']","### Thông tin về hoạt động khóa và các hoạt động đoàn hội tại Khoa Công nghệ thông tin, Trường Đại học Công nghiệp Hà Nội

1. **Hoạt động ngoại khóa**:
   - Sinh viên được khuyến khích tham gia vào các hoạt động ngoại khóa và hợp tác doanh nghiệp nhằm mở rộng kiến thức, rèn luyện kỹ năng và tạo cơ hội tiếp xúc với thực tế ngành nghề.
   - Trường thường xuyên tổ chức các hoạt động như tham quan doanh nghiệp, diễn đàn chuyên đề, hội thảo, và buổi chia sẻ kinh nghiệm từ các chuyên gia trong ngành.
   - Các hoạt động này giúp sinh viên hiểu rõ hơn về quy trình sản xuất thực tế và các xu hướng mới trong ngành công nghiệp khuôn mẫu.

2. **Cơ hội nghề nghiệp**:
   - Sau khi tốt nghiệp, sinh viên có thể phát triển sự nghiệp trong nhiều lĩnh vực khác nhau như thiết kế và gia công khuôn mẫu, quản lý sản xuất, và các vị trí liên quan đến công nghệ thông tin.

### Tham gia Olympic Tin học Sinh viên Việt Nam

- Thái Lan có tham gia Olympic Tin học Sinh viên Việt Nam. Cuộc thi Olympic Tin học Sinh viên Việt Nam (OLP) là một sự kiện thường niên được tổ chức nhằm động viên phong trào học tập tin học và khuyến khích các tài năng tin học trẻ.
- Năm 2024, cuộc thi đã diễn ra tại Trường Đại học Công nghiệp Hà Nội với sự tham gia của nhiều sinh viên từ các trường đại học trong nước và quốc tế, trong đó có các đội từ Thái Lan.

### Tóm tắt
- Khoa Công nghệ thông tin tại Trường Đại học Công nghiệp Hà Nội tích cực tổ chức các hoạt động ngoại khóa và hợp tác doanh nghiệp để sinh viên có cơ hội học hỏi và phát triển kỹ năng.
- Thái Lan đã tham gia Olympic Tin học Sinh viên Việt Nam, cho thấy sự kết nối và hợp tác trong lĩnh vực giáo dục và công nghệ thông tin giữa các quốc gia.

Nguồn tham khảo:
- [Ngành Công nghệ kỹ thuật khuôn mẫu: Tạo dựng tương lai từ sự sáng tạo](https://www.haui.edu.vn/vn/goc-nhin-haui/nganh-cong-nghe-ky-thuat-khuon-mau-tao-dung-tuong-lai-tu-su-sang-tao/65042) - [**Link tham khảo**](https://www.haui.edu.vn/vn/goc-nhin-haui/nganh-cong-nghe-ky-thuat-khuon-mau-tao-dung-tuong-lai-tu-su-sang-tao/65042).
- [Sinh viên Trường Đại học Công nghiệp Hà Nội sáng tạo túi thời trang tái chế, lan tỏa thông điệp bảo vệ môi trường](https://www.haui.edu.vn/vn/tin-tuc/sinh-vien-truong-dai-hoc-cong-nghiep-ha-noi-sang-tao-tui-thoi-trang-tai-che-lan-toa-thong-diep-bao-ve-moi-truong/65351) - [**Link tham khảo**](https://www.haui.edu.vn/vn/tin-tuc/sinh-vien-truong-dai-hoc-cong-nghiep-ha-noi-sang-tao-tui-thoi-trang-tai-che-lan-toa-thong-diep-bao-ve-moi-truong/65351).

Nếu bạn cần thêm thông tin hoặc có câu hỏi khác, hãy cho tôi biết!","Có, Thái Lan tham gia Olympic Tin học Sinh viên Việt Nam lần thứ 33 với sự góp mặt của 60 sinh viên đến từ 8 trường Đại học danh tiếng.",0.7957464798774265,0.7499999999625,0.6071428571428571,0.0,0.7553200721740723,13.245435237884521
Huawei có vai trò gì trong kỳ thi ICPC Asia Hanoi 2024 và tại sao điều này quan trọng cho sinh viên Việt Nam?,"['content: [vietnamplus] Truyền cảm hứng về hành trình khoa học cho hàng chục nghìn sinh viên Thứ Sáu, 17:46 15/11/2024 65 Trong tháng 12/2024 sẽ diễn ra các hoạt động kết nối khoa học công nghệ từ Tuần lễ Khoa học và Công nghệ VinFuture 2024 với điểm nhấn là “Chuỗi đối thoại khám phá tương lai VinFuture.” VinFuture 2023. (Nguồn: Báo chính phủ) Trong chuyến công tác tới Việt Nam dự Hội nghị khoa học quốc tế ""Điện tử lượng tử Tôpô tương tác trực diện"" diễn ra tại Trung tâm Quốc tế khoa học và giáo dục liên ngành (thành phố Quy Nhơn, tỉnh Bình Định), Giáo sư Duncan Haldane - người đoạt Giải Nobel Vật lý năm 2016, hiện đang giảng dạy tại Đại học Princeton (Hoa Kỳ) nói: “Động lực để giới trẻ học và tiếp thu được khoa học trong thời đại ngày nay không nhất thiết phải phụ thuộc vào sách vở hay chờ sự dìu dắt từ những nhà khoa học lớn. Việc giáo dục và truyền cảm hứng nghiên cứu khoa học cho học sinh, sinh viên phải được thực hiện càng sớm càng tốt, từ lúc họ còn ngồi trên ghế nhà trường. Trước tiên phải tạo sự thích thú, khi đã thích thú rồi thì các bạn trẻ sẽ tự phát triển kỹ năng tự tìm tòi, nghiên cứu. Có kỹ năng đó, họ tự đi theo con đường khoa học mong muốn.” Quan điểm của Giáo sư Duncan Haldane cũng nhận được sự đồng thuận của nhiều nhà khoa học Việt Nam và quốc tế. Trong tháng 12/2024 sẽ diễn ra các hoạt động kết nối khoa học công nghệ từ Tuần lễ Khoa học và Công nghệ VinFuture 2024 với điểm nhấn là “Chuỗi đối thoại khám phá tương lai VinFuture.” Tại sự kiện, các nhà khoa học là thành viên Hội đồng Giải thưởng và Hội đồng Sơ khảo VinFuture, chuyên gia hàng đầu thế giới ở những lĩnh vực công nghệ “nóng”, sẽ giao lưu, trao đổi tri thức, chia sẻ kinh nghiệm với các nhà khoa học, nhà nghiên cứu, truyền cảm hứng cho hàng chục nghìn sinh viên và nhà nghiên cứu trẻ trong nước. Trong năm 2024, 8 tổ chức gồm các viện nghiên cứu, trường đại học lớn nhất Việt Nam, doanh nghiệp sẽ thảo luận chuyên sâu với những nhà khoa học hàng đầu thế giới xoay quanh lĩnh vực trọng yếu như trí tuệ\\nnext_contents:\\n', 'content: [tlu] Trường Đại học Thủy lợi giành giải cao tại Olympic Tin Học Sinh Viên Việt Nam 2024 Thứ Năm, 10:20 19/12/2024 15 Từ ngày 10 đến ngày 13 tháng 12, Bộ Giáo dục và Đào tạo phối hợp với Hội Tin học Việt Nam, Hội Sinh viên Việt Nam và Trường Đại học Công nghiệp Hà Nội đã tổ chức lễ khai mạc Olympic Tin học Sinh viên Việt Nam lần thứ 33 (OLP’24). Sự kiện này không chỉ là một cuộc thi mà còn là cơ hội để sinh viên thể hiện tài năng trong lĩnh vực công nghệ thông tin. Quy Mô Tham Gia Ấn Tượng Olympic Tin học Sinh viên năm nay thu hút sự tham gia của 87 trường đại học, cao đẳng và học viện trên toàn quốc. Tổng cộng có 108 sinh viên thi đấu ở khối Siêu Cup, 235 sinh viên ở khối Chuyên Tin, 95 sinh viên ở khối Không chuyên tin, đồng thời hai sinh viên tham gia từ khối cao đẳng. Bên cạnh đó, có 18 đội tuyển với 51 sinh viên tham gia khối Phần mềm nguồn mở và 20 đội với 43 sinh viên tham dự Procon Việt Nam. Trong khi đó, Kỳ thi ICPC Asia Hanoi 2024 cũng diễn ra với sự góp mặt của 137 đội tuyển từ Việt Nam với tổng cộng 411 sinh viên. Ngoài ra, còn có 20 đội tuyển với 60 sinh viên đến từ 10 trường đại học danh tiếng đến từ các nước như Singapore, Hàn Quốc, Indonesia, Thái Lan, Philippines và Đài Loan. Ý Nghĩa Của Cuộc Thi Olympic Tin Học Sinh Viên Phát biểu tại lễ khai mạc, PGS.TS Phạm Quốc Khánh, Phó Cục trưởng Cục Quản lý Chất lượng, Bộ Giáo dục và Đào tạo nhấn mạnh: “Đây là sân chơi rất ý nghĩa cho các bạn sinh viên ưu tú được thể hiện và trải nghiệm sự sáng tạo, đổi mới và kỹ năng giải quyết vấn đề trong lĩnh vực công nghệ.” Ông cho rằng cuộc thi không chỉ là nơi thể hiện tài năng mà còn là cơ hội để sinh viên chia sẻ ý tưởng về vai trò của công nghệ thông tin trong việc thúc đẩy xã hội. PGS.TS Phạm Quốc Khánh, Phó Cục trưởng Cục Quản lý Chất lượng, Bộ Giáo dục và Đào tạo Ông cũng đề cập đến bối cảnh Việt Nam đang có những chính sách mạnh mẽ về phát triển công nghệ thông tin và chuyển đổi số quốc gia. Ông kêu gọi sự đóng góp của Hội Tin học Việt Nam, các giám khảo, nhà\\nnext_contents:\\n', ""content: Nam và Kỳ thi lập trình sinh viên quốc tế ICPC Khu vực châu Á năm 2024 (OLP'24 & ICPC). Đây là sự kiện dành cho học sinh, sinh viên yêu thích công nghệ thông tin có quy mô lớn nhất từ trước tới nay, với sự tham gia của hơn 159 đội tuyển từ 87 trường đại học, cao đẳng và học viện trên cả nước, 37 đội tuyển từ 22 trường THPT chuyên, 20 đội tuyển từ 9 trường đại học quốc tế, với tổng số hơn 649 thí sinh và 140 giảng viên, huấn luyện viên. Lễ bế mạc Kỳ thi lập trình sinh viên quốc tế ICPC khu vực châu Á năm 2024. Kỳ thi Olympic Tin học Sinh viên Việt Nam lần thứ 33, Procon Việt Nam và Kỳ thi lập trình sinh viên quốc tế ICPC khu vực châu Á năm 2024 đã tạo ra một diễn đàn giao lưu, học hỏi, chia sẻ kinh nghiệm quý báu giữa các bạn học sinh, sinh viên, giảng viên đến từ nhiều tỉnh thành trên cả nước, cũng như nhiều đất nước khác nhau trên thế giới. Đây là cơ hội để các bạn trẻ thể hiện tài năng, thử thách và học hỏi từ những người giỏi nhất, đồng thời góp phần thúc đẩy sự phát triển của ngành công nghệ thông tin Việt Nam. Nguồn: Báo Xây dựng Thứ Hai, 20:24 16/12/2024 Tags:\\nnext_contents:\\n- Nội, Giám đốc Kỳ thi ICPC Asia Hanoi phát biểu khai mạc Kỳ thi Olympic Tin học Sinh viên Việt Nam lần thứ 33, Procon Việt Nam và Kỳ thi lập trình sinh viên quốc tế ICPC khu vực châu Á năm 2024 tổ chức tại Trường Đại học Công nghiệp Hà Nội. Trường Đại học Công nghiệp Hà Nội (HaUI) với bề dày lịch sử 126 năm xây dựng và phát triển, đã và đang khẳng định vị thế là một trong những trung tâm đào tạo nguồn nhân lực chất lượng cao về công nghệ thông tin và khoa học kỹ thuật, đáp ứng nhu cầu cấp thiết của CMCN 4.0 và hội nhập toàn cầu. Mang sứ mạng đào tạo nhân lực chất lượng cao, sáng tạo và chuyển giao tri thức, công nghệ tới xã hội và cộng đồng đáp ứng yêu cầu thời kỳ cách mạng công nghiệp, phục vụ xã hội và đất nước, HaUI với định hướng quốc tế hóa giáo dục, trang bị cho sinh viên những kỹ năng cần thiết để hội nhập vào thị trường lao động toàn cầu. Sự đồng hành của Trường Đại học Công nghiệp Hà Nội trong các sự kiện khoa học, công nghệ tầm cỡ quốc gia và quốc tế không chỉ khẳng định vị thế tiên phong của nhà trường trong lĩnh vực nghiên cứu và ứng dụng công nghệ cao, mà còn thể hiện tầm nhìn chiến lược, sự cam kết mạnh mẽ của nhà trường trong việc góp phần thúc đẩy sự phát triển bền vững của đất nước, tạo nên dấu ấn của Việt Nam trên bản đồ khoa học công nghệ toàn cầu. Toàn cảnh Kỳ thi lập trình sinh viên quốc tế ICPC khu vực châu Á năm 2024. Từ ngày 11 đến 13/12, Trường Đại học Công nghiệp Hà Nội đăng cai tổ chức Kỳ thi Olympic Tin học Sinh viên Việt Nam lần thứ 33, Procon Việt Nam và Kỳ thi lập trình sinh viên quốc tế ICPC Khu vực châu Á năm 2024 (OLP'24 & ICPC). Đây là sự kiện dành cho học sinh, sinh viên yêu thích công nghệ thông tin có quy mô lớn nhất từ trước tới nay, với sự tham gia của hơn 159 đội tuyển từ 87 trường đại học, cao đẳng và học viện trên cả nước, 37 đội tuyển từ 22 trường THPT chuyên, 20 đội tuyển từ 9 trường đại học quốc tế, với tổng số hơn 649 thí sinh và 140 giảng viên, huấn luyện viên. Lễ bế mạc Kỳ thi lập trình sinh viên quốc tế ICPC khu vực\\n"", 'content: Sinh viên Khoa Công nghệ thông tin ghi thành tích nổi bật tại Olympic Tin học sinh viên Việt Nam lần thứ 33 và Kỳ thi Lập trình ICPC ASIA Hà Nội năm 2024 Sinh viên Khoa Công nghệ thông tin (FIT) Trường Đại học Công Nghiệp Hà Nội (HaUI) vừa ghi dấu ấn đáng tự hào khi đạt nhiều giải thưởng tại Cuộc thi Olympic Tin học sinh viên Việt Nam lần thứ 33 - PROCON VIETNAM, Kỳ thi Lập trình ICPC ASIA Hà Nội năm 2024 khẳng định vị thế của Nhà trường trong đào tạo lĩnh vực công nghệ thông tin. Diễn ra từ ngày 10-13/12 tại Hà Nội, Olympic Tin học sinh viên Việt Nam lần thứ 33 thu hút sự tham gia của 87 trường Đại học, Cao đẳng và Học viện trên cả nước. Có 108 sinh viên thi đấu ở khối Siêu Cup, 235 sinh viên khối Chuyên Tin, 95 sinh viên khối Không chuyên Tin, 02 sinh viên khối Cao đẳng, 18 đội tuyển với 51 sinh viên ở khối Phần mềm nguồn mở và 20 đội tuyển với 43 sinh viên tham gia PROCON Việt Nam. Đoàn giảng viên và sinh viên Khoa CNTT-HaUI tham gia Olympic Tin học sinh viên Việt Nam lần thứ 33 Tham gia tranh tài, sinh viên FIT-HaUI đã tỏa sáng với nhiều thành tích ấn tượng gồm: 01 giải Nhì thuộc khối Chuyên Tin, 02 giải Nhì Procon Việt Nam, 01 giải Ba và 01 giải Khuyến khích khối không Chuyên tin, 02 giải Khuyến khích Khối thi Phần mềm nguồn mở, 01 giải Khuyến khíc ICPC Quốc gia. Đặc biệt, TS. Phạm Văn Hà - Phó Trưởng khoa Công nghệ thông tin Trường Đại học Công Nghiệp Hà Nội vinh dự được Liên hiệp các Hội Khoa học và Kỹ thuật Việt Nam trao tặng Bằng khen vì đã có thành tích xuất sắc trong công tác tổ chức và bồi dưỡng sinh viên tham dự các Kỳ thi Olympic Tin học sinh viên Việt Nam và Kỳ thi Lập trình sinh viên quốc tế ICPC. Những thành tích đạt được không chỉ là niềm tự hào mà còn là minh chứng rõ nét cho sự nỗ lực, quyết tâm của đội ngũ giảng viên và sinh viên Khoa CNTT trên hành trình khẳng định tầm vóc của Trường Đại học Công Nghiệp Hà Nội trong việc đào tạo nguồn nhân lực chất lượng cao, đáp ứng xu thế phát triển của khoa học công nghệ thời đại mới. Thứ Hai, 11:30\\nnext_contents:\\n', 'content: chuẩn của vị trí tuyển dụng, em nghĩ mình sẽ cố gắng trau dồi thêm ngoại ngữ thứ hai là tiếng Nhật, để đáp ứng được nhu cầu tuyển dụng của doanh nghiệp"" Ngày hội việc làm Công nghệ thông tin tại Trường Đại học Công nghiệp Hà Nội đã kết thúc thành công tốt đẹp, không chỉ tạo cơ hội cho sinh viên tìm kiếm vị trí việc làm, thực tập phù hợp mà còn mở ra hướng đi mới trong việc hợp tác giữa giáo dục và doanh nghiệp, đóng góp vào việc phát triển nguồn nhân lực chất lượng cao cho ngành công nghệ thông tin tại Việt Nam. Một số hình ảnh tại Ngày hội việc làm Công nghệ thông tin 2024: Gần 1000 sinh viên Khoa CNTT - HaUI phỏng vấn tuyển dụng năm 2024 Thứ Hai, 08:38 11/11/2024 Tags:\\nnext_contents:\\n- tìm kiếm và tuyển dụng nhân tài, ngày hội còn là cơ hội để sinh viên mở rộng hiểu biết, kết nối với các chuyên gia trong ngành, và tìm kiếm cơ hội thực tập, làm việc phù hợp. Các gian hàng của doanh nghiệp không chỉ giới thiệu về công ty mà còn cung cấp thông tin chi tiết về các vị trí tuyển dụng, dự án trong tương lai, và chia sẻ kinh nghiệm làm việc thực tế. Ngày hội việc làm CNTT 2024 chào đón sự tham dự của 14 doanh nghiệp với nhiều gian hàng cùng với gần 1000 cơ hội việc làm Doanh nghiệp mang đến cho sinh viên. Hơn 1000 sinh viên Khoa CNTT cũng đã có mặt tham dự sự kiện này. Sự kiện đã diễn ra trong không khí sôi nổi và hiệu quả. Sinh viên không chỉ được tìm hiểu về các doanh nghiệp mà còn có cơ hội thể hiện bản thân và khẳng định năng lực trước những nhà tuyển dụng tiềm năng. Sinh viên Khoa CNTT - HaUI tại Job Fair 2024 chia sẻ “Em đã tham gia Ngày hội việc làm CNTT từ năm 2023, bắt đầu từ đó em đã tìm hiểu về nghề nghiệp và kỹ năng mà nhà tuyển dụng yêu cầu ở các ứng viên. Và đến bây giờ em hoàn toàn có thể tự tin ứng tuyển ở vị trí và lĩnh vực yêu thích của bản thân"" Sinh viên Khoa CNTT - HaUI tham gia phỏng vấn tuyển dụng tại Ngày hội việc làm 2024 chia sẻ“ Nhờ những hoạt động kết nối doanh nghiệp của Nhà trường em không vất vả trong việc tìm kiếm các công ty trong lĩnh vực công nghệ. Ngày hội giúp sinh viên tiếp cận gần hơn với các doanh nghiệp phù hợp với đam mê của bản thân. Sau ba năm chuẩn bị, em thấy bản thân tự tin và trưởng thành hơn. Qua phỏng vấn và tiêu chuẩn của vị trí tuyển dụng, em nghĩ mình sẽ cố gắng trau dồi thêm ngoại ngữ thứ hai là tiếng Nhật, để đáp ứng được nhu cầu tuyển dụng của doanh nghiệp"" Ngày hội việc làm Công nghệ thông tin tại Trường Đại học Công nghiệp Hà Nội đã kết thúc thành công tốt đẹp, không chỉ tạo cơ hội cho sinh viên tìm kiếm vị trí việc làm, thực tập phù hợp mà còn mở ra hướng đi mới trong việc hợp tác giữa giáo dục và doanh nghiệp, đóng góp vào việc phát triển nguồn nhân lực chất lượng cao cho ngành công nghệ thông\\n']","['Công tác tổ chức Trường đăng cai - Trường Đại học Công nghiệp Hà Nội đã có sự chuẩn bị kỹ lưỡng và toàn diện cho kỳ thi ICPC Asia Hanoi 2024 thể hiện qua các hoạt động như: Đảm bảo các phương tiện vật chất và công tác thi trong phạm vi nhà trường; Hoàn tất chuẩn bị máy PC và phương tiện kỹ thuật đáp ứng đủ yêu cầu cho kỳ thi, các công tác giám khảo, giám thị và sinh viên tình nguyện phục vụ Olympic và ICPC; Tổ chức Thi các giải cá nhân tại các phòng máy trung tâm và khoa CNTT (443 máy tính thi OLP và 40 máy dành riêng cho khối thi THPT), chuẩn bị thi ICPC Asia Hanoi tại Khu thi đấu với 140 máy thi; Hỗ trợ thông tin về ăn, nghỉ, đi lại cho các Đoàn tham dự; Đón tiếp và hỗ trợ các đoàn Quốc tế tham dự tại các khách sạn BTC chỉ định. Cuộc thi Olympic Tin học Sinh viên Việt Nam, với sự kết nối với kỳ thi PROCON và ICPC toàn cầu, không chỉ khẳng định vị thế của Việt Nam về nguồn lực trẻ CNTT trong khu vực và thế giới, mà còn là minh chứng cho khả năng hội nhập mạnh mẽ của tuổi trẻ Việt Nam trong lĩnh vực công nghệ thông tin. Kỳ thi đã nhận được sự ủng hộ từ các Doanh nghiệp như Viettel, Pendle, FPT, Samsung, Phygital… và từ nhà tài trợ ICPC toàn cầu Huawei, Jet Brain. Thông qua sân chơi quốc tế này, sinh viên Việt Nam có cơ hội cọ xát, trau dồi các kỹ năng thiết yếu của một chuyên gia CNTT tương lai, bao gồm lập trình, thuật toán, hoàn thiện sản phẩm, làm việc nhóm và ngoại ngữ. Hơn thế nữa, với đẳng cấp của kỳ thi ICPC Châu Á và toàn cầu, Việt Nam đang từng bước sánh vai top 100 trường đại học hàng đầu thế giới về chất lượng đào tạo sinh viên CNTT, góp phần nâng cao thương hiệu giáo dục và khẳng định tiềm năng phát triển vượt bậc của ngành công nghệ Việt Nam. Ban Tổ chức OLP’24, PROCON & ICPC Asia Hanoi 2024 đã ban hành đầy đủ các quy chế, nội quy và thông báo, đăng ký công khai mọi thông tin trên website: www.olp.vn ; https://icpc.global và http://acm-icpc.olp.vn/. Để đảm bảo chất lượng và chuyên môn, Ban ra đề, HĐGK được thành lập với sự tham gia của các chuyên gia giàu kinh nghiệm phần lớn ở độ tuổi 25-35 từng là học sinh giỏi Quốc gia, Quốc tế; Trường Đại học Công nghệ - ĐHQG Hà Nội đồng tham gia tổ chức thi PROCON, CLB VFOSSA vớicác chuyên gia trong lĩnh vực Phần mềm nguồn mở. Chủ tịch HĐGK OLP năm nay là PGS.TS NGND Hồ Sĩ Đàm và Chủ tịch Hội đồng ICPC là PGS.TS Đỗ Phan Thuận. Kỳ thi được vận hành toàn bộ trên các hệ thống chấm – theo dõi trực tuyến chuẩn Quốc tế: các nội dung thi lập trình OLP và ICPC trên hệ thống VNOJ do CLB Olympic Việt Nam vận hành, hệ thống thi đối kháng theo chuẩn Procon Nhật Bản và nội dung OLP PMNM thi theo hình thức Hackathon. Tất cả kết quả các nội dung thi đều công khai, công bố trực tiếp theo thời gian thực, chỉ “đóng băng” một giờ trước khi kết thúc nhằm bảo mật kết quả đến khi công bố tại lễ Tổng kết – Trao giải vào chiều tối ngày 13/12/2024. Thứ Tư, 10:06 11/12/2024 Tags:']","### Hoạt động khóa và các hoạt động đoàn hội tại Khoa Công nghệ Thông tin

1. **Hoạt động khóa**:
   - Khoa Công nghệ Thông tin tại Trường Đại học Công nghiệp Hà Nội thường xuyên tổ chức các hoạt động ngoại khóa nhằm mở rộng kiến thức và rèn luyện kỹ năng cho sinh viên.
   - Các hoạt động này bao gồm tham quan doanh nghiệp, hội thảo, diễn đàn chuyên đề, và các buổi chia sẻ kinh nghiệm từ các chuyên gia trong ngành.
   - Sinh viên được khuyến khích tham gia vào các dự án nghiên cứu và hợp tác với doanh nghiệp để áp dụng kiến thức đã học vào thực tế.

2. **Hoạt động đoàn hội**:
   - Khoa cũng tổ chức nhiều hoạt động đoàn hội như các cuộc thi, sự kiện giao lưu, và các chương trình tình nguyện nhằm phát triển kỹ năng mềm và tinh thần đoàn kết giữa sinh viên.
   - Các hoạt động này không chỉ giúp sinh viên nâng cao khả năng làm việc nhóm mà còn tạo cơ hội để họ thể hiện bản thân và kết nối với cộng đồng.

### Vai trò của Huawei trong kỳ thi ICPC Asia Hanoi 2024

- **Huawei** đóng vai trò quan trọng trong việc hỗ trợ tổ chức kỳ thi ICPC Asia Hanoi 2024, một trong những cuộc thi lập trình lớn nhất dành cho sinh viên.
- Sự tham gia của Huawei không chỉ cung cấp công nghệ và thiết bị cần thiết cho cuộc thi mà còn tạo cơ hội cho sinh viên Việt Nam tiếp cận với các công nghệ tiên tiến và xu hướng mới trong ngành công nghệ thông tin.
- Điều này rất quan trọng cho sinh viên Việt Nam vì:
  - **Nâng cao kỹ năng**: Sinh viên có cơ hội học hỏi và thực hành các kỹ năng lập trình, giải quyết vấn đề trong môi trường cạnh tranh quốc tế.
  - **Kết nối toàn cầu**: Tham gia vào các sự kiện như ICPC giúp sinh viên Việt Nam kết nối với các bạn bè quốc tế, mở rộng mạng lưới quan hệ và cơ hội nghề nghiệp.
  - **Thúc đẩy đổi mới sáng tạo**: Cuộc thi khuyến khích sinh viên phát triển tư duy sáng tạo và khả năng làm việc nhóm, những yếu tố quan trọng trong thời đại công nghệ 4.0.

### Kết luận
Sự kết hợp giữa các hoạt động ngoại khóa tại Khoa Công nghệ Thông tin và sự hỗ trợ từ các doanh nghiệp lớn như Huawei trong các kỳ thi quốc tế không chỉ nâng cao chất lượng đào tạo mà còn tạo ra nhiều cơ hội cho sinh viên Việt Nam phát triển trong lĩnh vực công nghệ thông tin.

**Nguồn tham khảo**:
- [Ngành Công nghệ kỹ thuật khuôn mẫu: Tạo dựng tương lai từ sự sáng tạo](https://www.haui.edu.vn/vn/goc-nhin-haui/nganh-cong-nghe-ky-thuat-khuon-mau-tao-dung-tuong-lai-tu-su-sang-tao/65042) - [**Link tham khảo**](https://www.haui.edu.vn/vn/goc-nhin-haui/nganh-cong-nghe-ky-thuat-khuon-mau-tao-dung-tuong-lai-tu-su-sang-tao/65042).
- [Hơn 700 sinh viên tranh tài tại Olympic Tin học Sinh viên Việt Nam lần thứ 33, Procon và ICPC Asia Hanoi 2024](https://www.haui.edu.vn/vn/bao-chi-viet-ve-haui/hon-700-sinh-vien-tranh-tai-tai-olympic-tin-hoc-sinh-vien-viet-nam-lan-thu-33-procon-va-icpc-asia-hanoi-2024/65804) - [**Link tham khảo**](https://www.haui.edu.vn/vn/bao-chi-viet-ve-haui/hon-700-sinh-vien-tranh-tai-tai-olympic-tin-hoc-sinh-vien-viet-nam-lan-thu-33-procon-va-icpc-asia-hanoi-2024/65804). 

Nếu bạn cần thêm thông tin hoặc có câu hỏi khác, hãy cho tôi biết!","Huawei là nhà tài trợ cho kỳ thi ICPC toàn cầu, điều này thể hiện sự ủng hộ từ các doanh nghiệp lớn đối với cuộc thi Olympic Tin học Sinh viên Việt Nam. Sự tham gia của Huawei không chỉ khẳng định vị thế của Việt Nam trong lĩnh vực công nghệ thông tin mà còn tạo cơ hội cho sinh viên Việt Nam cọ xát và trau dồi các kỹ năng thiết yếu của một chuyên gia CNTT tương lai.",0.8290688267806073,0.0,0.34285714285714286,0.0,0.8003971576690674,29.556655883789062
HaUI Kid lab la gi?,"['content: đơn vị trao biểu trưng tài trợ phòng máy HaUI eSports Training Room trị giá 500 triệu đồng Anh Nguyễn Hoàng Vinh - Đại diện Viresa chia sẻ trong buổi khai trương: “Viresa rất vui khi được đồng hành cùng các nhà tài trợ ở đây để xây dựng hệ thống eSports Training Room và đẩy mạnh phong trào thể thao điện tử cho sinh viên tại Trường Đại học Công nghiệp Hà Nội”. HaUI eSports Training Room là một dự án nhằm đẩy mạnh phong trào eSports từ sinh viên được thực hiện bởi công ty VBE với sự bảo trợ từ Viresa. Trường Đại học Công nghiệp Hà Nội là một trong những trường đầu tiên thực hiện dự án này cùng với sự đầu tư từ các thương hiệu công nghệ nổi tiếng: Intel, LogitechG, ViewSonic và Western Digital. Câu lạc bộ thể thao điện tử HaUI hào hứng ra mắt tại sự kiện Các thiết bị được trang bị tại HaUI eSports Training Room Thứ Sáu, 13:48 12/08/2022 Tags: Đại học Công nghiệp Hà Nội khai trương thể thao điện tử eSport Training Room VBE Intel LogitechG ViewSonic Western Digital Viresa Công nghệ Thông tin\\nnext_contents:\\n- Trường Đại học Công nghiệp Hà Nội khai trương phòng máy thể thao điện tử Thứ Sáu, 13:48 12/08/2022 2692 Sáng ngày 12/8/2022, Trường Đại học Công nghiệp Hà Nội tổ chức khai trương phòng máy thể thao điện tử (HaUI eSports Training Room) trị giá 500 triệu đồng do Công ty TNHH Giải trí và Truyền thông VBE, Intel, LogitechG, ViewSonic và Western Digital tài trợ. Các đại biểu cắt băng khánh thành HaUI eSports Training Room Tham dự sự kiện, có đại diện Hội thể thao điện tử giải trí Việt Nam (Viresa) cùng đại diện các nhà tài trợ: Công ty TNHH Giải trí và Truyền thông VBE, Intel, LogitechG, ViewSonic và Western Digital. Về phía Đại học Công nghiệp Hà Nội có TS.Kiều Xuân Thực - Phó Hiệu trưởng nhà trường cùng đại diện cán bộ quản lý trung tâm Hợp tác Doanh nghiệp, khoa Công nghệ Thông tin, đại diện giảng viên và sinh viên khoa CNTT. TS.Kiều Xuân Thực - Phó Hiệu trưởng nhà trường phát biểu tại sự kiện Phát biểu tại buổi khai trương, TS.Kiều Xuân Thực - Phó Hiệu trưởng nhà trường cảm ơn sự hợp tác, hỗ trợ từ phía các đối tác: VBE, Viresa, Intel, LogitechG, ViewSonic và Western Digital. Phó Hiệu trưởng bày tỏ vui mừng khi phòng máy eSports Training Room được đưa vào sử dụng tại Đại học Công nghiệp Hà Nội. TS.Kiều Xuân Thực thay mặt Trường Đại học Công nghiệp Hà Nội cam kết các trang thiết bị được tài trợ từ các đối tác sẽ được khai thác một cách hiệu quả nhất. Việc đưa phòng máy Esports vào hoạt động sẽ hỗ trợ tích cực cho giảng viên và sinh viên khoa Công nghệ Thông tin. Đại diện các đơn vị trao biểu trưng tài trợ phòng máy HaUI eSports Training Room trị giá 500 triệu đồng Anh Nguyễn Hoàng Vinh - Đại diện Viresa chia sẻ trong buổi khai trương: “Viresa rất vui khi được đồng hành cùng các nhà tài trợ ở đây để xây dựng hệ thống eSports Training Room và đẩy mạnh phong trào thể thao điện tử cho sinh viên tại Trường Đại học Công nghiệp Hà Nội”. HaUI eSports Training Room là một dự án nhằm đẩy mạnh phong trào eSports từ sinh viên được thực hiện bởi công ty VBE với sự bảo trợ từ\\n', 'content: nhắn nhủ. Mỗi người hãy cứ tin rằng những ước mơ sẽ thể trở thành hiện thực. Đừng ngần ngại bước ra khỏi vùng an toàn và khám phá những khả năng vô hạn mà bạn mang trong mình. Dám nghĩ lớn và dám hành động là chìa khóa để mở ra cánh cửa của thành công. Một số thành tích tiêu biểu của Hồ Đức Thuận: Giải khuyến khích Olympic Toán học cấp trường năm 2022 – 2023; Điểm rèn luyện 81/100 - Đạt loại tốt; Top 5 - Á quân 3 cuộc thi “Unveiling Vietnam: HaUI’s 2023 Journey”; Top 6 - Giải khuyến khích cuộc thi “Sinh viên với sáng kiến ESG năm 2023”; Giải ba tiểu phẩm - cuộc thi “Sinh viên HaUI với công tác Phòng cháy chữa cháy và Cứu nạn cứu hộ năm học 2022 - 2023”; Giải nhất tiểu phẩm - cuộc thi “Sinh viên HaUI tìm hiểu luật giao thông đường bộ 2022 - 2023”; Giải nhì thuyết trình tại “Ngày hội chào tân của trường Reveus 2022 - 2023”; Top 30 cuộc thi ""4FLAMES - Người trẻ phá bỏ định kiến giới trong gia đình""; Top 19 cuộc thi Khơi Nguồn Kinh Doanh 2024 tại Viện Quản trị kinh doanh - Trường Đại học Thương mại; Á quân cuộc thi Brand Review Award 2023-2024; Đại sứ truyền thông cho nhiều chương trình, sự kiện. Nguồn: Báo điện tử Tiền Phong Thứ Tư, 10:21 15/05/2024 Tags: Đại học Công nghiệp Hà Nội HaUI ĐHCNHN sinh viên Quản lý kinh doanh Quản trị kinh doanh\\nnext_contents:\\n- trình, tự tin cầm mic làm MC - hát, thử sức diễn xuất, dũng cảm trong việc nhận khuyết điểm,... đến việc ngày hôm nay đã dám nói lên câu chuyện của bản thân để phần nào truyền động lực đến mọi người. Cuộc sống là chuyến phiêu lưu mạo hiểm hoặc không là gì cả Bên cạnh học tập, Thuận đang là nhân viên kinh doanh, Official Salesman tại một trung tâm Tiếng Anh. Làm việc trong môi trường giáo dục, với sự tìm hiểu kỹ càng, Thuận tin rằng đây là môi trường tốt cũng như công việc chân chính để bản thân có thể giúp đỡ, hỗ trợ mọi người trong việc học Tiếng Anh và truyền cảm hứng cho mọi người. Thuận cho biết, sau một thời gian đi làm và tham gia các hoạt động trên, bản thân rất tâm đắc với câu nói: “Sự an toàn hầu như chỉ là hoang tưởng. Cuộc sống hoặc là một chuyến phiêu lưu mạo hiểm hoặc không là gì cả” (Helen Keller). Nhân viên kinh doanh - Official Salesman tại trung tâm IELTS. “Mình biết giới trẻ của chúng ta ngày nay đang phải chịu những áp lực từ tác động bên ngoài hoặc nội tại bên trong như: “peer pressure”, hay bị gắn mác những cụm từ như “thế hệ vô cảm”, “thế hệ luôn chỉ biết healing”,... Vì mình đã và đang trải qua những khoảnh khắc của lứa tuổi 20, có chút khủng hoảng về mọi mặt. Trên con đường đầy gian nan này, sức mạnh của đam mê và kiên nhẫn là thứ mình tích góp mỗi ngày. Bởi, mỗi thất bại là một bài học, mỗi thành công là một bước tiến mới, quan trọng mình đã biết yêu bản thân, biết tận hưởng từng khoảnh khắc của hành trình và không ngừng rèn luyện bản thân!” - Thuận nhắn nhủ. Mỗi người hãy cứ tin rằng những ước mơ sẽ thể trở thành hiện thực. Đừng ngần ngại bước ra khỏi vùng an toàn và khám phá những khả năng vô hạn mà bạn mang trong mình. Dám nghĩ lớn và dám hành động là chìa khóa để mở ra cánh cửa của thành công. Một số thành tích tiêu biểu của Hồ Đức Thuận: Giải khuyến khích Olympic Toán học cấp trường năm 2022 – 2023; Điểm rèn luyện 81/100 - Đạt loại tốt; Top 5 - Á quân 3 cuộc thi “Unveiling Vietnam: HaUI’s 2023 Journey”; Top 6 - Giải khuyến khích cuộc\\n', 'content: sẽ tặng Bằng khen cho Giải Nhất (01 giải cao nhất) các khối Siêu CUP, Chuyên tin và Không chuyên. Thông tin về OLP’24, PROCON và ICPC Asia Hanoi 2024 trên: https://www.olp.vn. Chi tiết xin vui lòng liên hệ: Hội Tin học Việt Nam và Tạp chí Tin học và Đời sống: số 14 Trần Hưng Đạo, Hà Nội Tel: Mr.Duy Hợi 0913 207 066, Ms.Xuân Hương 0986 727 473 Email:hoinhabao209@gmail.com; office@vaip.vn HÌNH ẢNH OLP – PROCON – ICPC Các đội tuyển tham dự Kỳ thi Lập trình sinh viên quốc tế ICPC Asisa Pacific năm 2024. Đoàn Việt Nam tại World Final ICPC 2024. OLP’23 - Procon - ICPC Asia Hue City 2023. Ban tổ chức ICPC Asia Hue City 2023 trao cúp vô địch cho nhóm sinh viên ĐH Quốc gia Seoul (Hàn Quốc). Đội tuyển PAM (Trường Đại học Công nghệ - ĐHQG Hà Nội) giành ngôi vô địch giải lập trình đối kháng Procon Việt Nam năm 2023. Một số hình ảnh tại ICPC Quốc gia năm 2024: Nguồn: Tạp chí Tin học và Đời sống Chủ Nhật, 06:09 08/12/2024 Tags:\\nnext_contents:\\n- Procon Nhật Bản và nội dung OLP PMNM thi theo hình thức Hackathon. Tất cả kết quả các nội dung thi đều công khai, công bố trực tiếp theo thời gian thực, chỉ “đóng băng” một giờ trước khi kết thúc nhằm bảo mật kết quả đến khi công bố tại lễ Tổng kết – Trao giải vào chiều tối ngày 13/12/2024. Một số mốc thời gian Lễ Khai mạc và Bế mạc trao giải: 09h30 ngày 11/12/2024: Khai mạc Olympic Tin học Sinh viên Việt Nam 15h00 ngày 12/12/2024: Khai mạc Kỳ thi ICPC Asia Hanoi (các đội tuyển ICPC) 17h00 ngày 13/12/2024: Bế mạc và trao giải Olympic Tin học Sinh viên, Procon 19h00 tiếp phần công bố và trao giải ICPC Asia Hanoi 2024 (international) Lịch thi cá nhân và tập thể: Chiều 11/12/2024: Thi các khối cá nhân Olympic Tin học Sinh viên Việt Nam Sáng 12/12/2024 : Thi nội dung đối kháng Procon và nội dung OLP tập thể PMNM Sáng 13/12 /2024: Kỳ thi ICPC Asia Hanoi và 2 điểm Đà Nẵng, Tp HCM (THPT) CÁC GIẢI THƯỞNG OLP’24, PROCON VÀ ICPC ASIA HANOI 2024 Bộ Thông tin Truyền thông tặng Bằng khen cho khối thi tập thể ICPC Việt Nam. Liên hiệp các Hội KH&KT Việt Nam tặng Bằng khen của Liên hiệp Hội cho các giảng viên có thành tích huấn luyện sinh viên và đội tuyển. Căn cứ theo Quyết định số: 3566/QĐ-BGDĐT về tiêu chí và quy trình công nhận các cuộc thi Olympic: trao các Giải Nhất, Nhì, Ba các khối thi cá nhân Siêu CUP, Chuyên Tin, Không Chuyên Tin không quá 40% số thí sinh tham dự mỗi nội dùng cá nhân. Hội sinh viên Việt Nam trao bằng khen cho các Giải Nhất, Nhì các Khối thi OLP. Dự kiến Bộ GD&ĐT sẽ tặng Bằng khen cho Giải Nhất (01 giải cao nhất) các khối Siêu CUP, Chuyên tin và Không chuyên. Thông tin về OLP’24, PROCON và ICPC Asia Hanoi 2024 trên: https://www.olp.vn. Chi tiết xin vui lòng liên hệ: Hội Tin học Việt Nam và Tạp chí Tin học và Đời sống: số 14 Trần Hưng Đạo, Hà Nội Tel: Mr.Duy Hợi 0913 207 066, Ms.Xuân Hương 0986 727 473 Email:hoinhabao209@gmail.com; office@vaip.vn HÌNH ẢNH OLP – PROCON – ICPC Các đội tuyển tham dự Kỳ thi Lập trình sinh viên quốc tế ICPC Asisa Pacific năm\\n', 'content: bảo hiểm FPT care… Cơ hội phát triển bản thân và làm việc cùng các chuyên gia giỏi nhất của FPT Software và khách hàng lớn đến từ Mỹ, Pháp, Singapore, Nhật Bản… Tiếp cận với những công nghệ tiên tiến hàng đầu về Web, phát triển kỹ năng mềm & định hướng nghề nghiệp, tư vấn bí quyết thành công từ các chuyên gia. Trải nghiệm văn hóa đặc trưng, môi trường làm việc hiện đại bậc nhất Việt Nam tại các Campus của FPT Software. LIÊN HỆ: Ứng viên vui lòng gửi hồ sơ ứng tuyển bao gồm: CV/ Résume : Tóm tắt quá trình học tập, kinh nghiệm làm việc (bắt buộc) Bảng điểm và các chứng chỉ liên quan: Ảnh chụp hoặc file scan (không bắt buộc) Mail subject : [C#/.Net] Họ và tên _SĐT Email : bachdv1@fsoft.com.vn SĐT : 0969.125.248 Fanpage : FPT Software Academy Website : https://fsoft-academy.edu.vn/ Thứ Sáu, 15:54 15/12/2023 Tags:\\nnext_contents:\\n- vựng theo cấu trúc bài thi TOEIC. Cơ hội tham gia và trở thành trở thành “key member” trong các siêu dự án của FPT Software trong các lĩnh vực: Vận tải Logistic, Hàng không, Thương mại điện tử và Chăm sóc sức khỏe với công nghệ hiện đại về Web, Cloud/AWS…và đội ngũ chuyên gia giàu kinh nghiệm. YÊU CẦU: Là sinh viên đã/sắp tốt nghiệp chuyên ngành Công nghệ thông tin, Toán tin, Khoa học máy tính, Kỹ thuật phần mềm, Điện tử viễn thông… hoặc các chuyên ngành có liên quan. Nắm vững kiến thức cơ bản về Lập trình hướng đối tượng và C#/.Net. Có thể tham gia đào tạo/làm việc Full-time từ thứ 2 - thứ 6. Ham học hỏi, máu lửa, nhiệt huyết, sẵn sàng chinh chiến đối đầu với thử thách khó khăn tại các dự án phần mềm lớn. Tuân thủ kỷ luật & có trách nhiệm với công việc. Ưu tiên ứng viên có khả năng đọc hiểu tiếng Anh tốt. QUYỀN LỢI: Được nhận học bổng đào tạo lên đến 250% học phí (tương đương trợ cấp đào tạo toàn khóa học lên đến 20.000.000VND/khóa ) tùy theo mức độ đóng góp và kết quả đào tạo. Sau khi kết thúc đào tạo tại FSOFT Academy: Tham gia làm việc tại các dự án với mức thu nhập hấp dẫn tương xứng với kỹ năng và kinh nghiệm của bạn , trung bình từ 8.000.000 VNĐ - 15.000.000 VNĐ/tháng. Thu nhập trung bình 1 năm từ 13-18 tháng lương, tùy theo kết quả đào tạo và làm việc. Được đào tạo thêm các kiến thức về các công nghệ mới như: Cloud (AWS/ Azure…), DevOps; Frontend (Angular/ ReactJS…); Hưởng các chính sách như: Hỗ trợ thi các chứng chỉ chuyên nghiệp quốc tế (OCA/PMP…), hỗ trợ mua nhà, bảo hiểm FPT care… Cơ hội phát triển bản thân và làm việc cùng các chuyên gia giỏi nhất của FPT Software và khách hàng lớn đến từ Mỹ, Pháp, Singapore, Nhật Bản… Tiếp cận với những công nghệ tiên tiến hàng đầu về Web, phát triển kỹ năng mềm & định hướng nghề nghiệp, tư vấn bí quyết thành công từ các chuyên gia. Trải nghiệm văn hóa đặc trưng, môi trường làm việc hiện đại bậc nhất Việt Nam tại các Campus của FPT Software. LIÊN HỆ: Ứng viên vui lòng gửi hồ sơ ứng tuyển bao gồm: CV/ Résume : Tóm tắt\\n', 'content: Frontend (Angular/ ReactJS…); Hưởng các chính sách như: Hỗ trợ thi các chứng chỉ chuyên nghiệp quốc tế (OCA/PMP…), hỗ trợ mua nhà, bảo hiểm FPT care… - Cơ hội phát triển bản thân và làm việc cùng các chuyên gia giỏi nhất của FPT Software và khách hàng lớn đến từ Mỹ, Pháp, Singapore, Nhật Bản… - Tiếp cận với những công nghệ tiên tiến hàng đầu về Web, phát triển kỹ năng mềm & định hướng nghề nghiệp, tư vấn bí quyết thành công từ các chuyên gia. - Trải nghiệm văn hóa đặc trưng, môi trường làm việc hiện đại bậc nhất Việt Nam tại các Campus của FPT Software. Vui lòng click “Ứng tuyển” để gửi CV! LIÊN HỆ CHUNG CHO TẤT CẢ CÁC VỊ TRÍ: - Email : FA.HN@fpt.com / ThaoLT16@fpt.com - SĐT : 0969125248 - Fanpage : FPT Software Academy - Website : https://fpt.thinhns.com/ Thứ Tư, 08:48 03/04/2024 Tags:\\nnext_contents:\\n- FXCop), Unit Test (Nunit), kiểm tra chất lượng dự án. Luyện tập kỹ năng code trong dự án với các chuyên gia công nghệ & lập trình viên nhiều năm kinh nghiệm. Cơ hội tham gia và trở thành trở thành “key member” trong các siêu dự án của FPT Software trong các lĩnh vực: Vận tải Logistic, Hàng không, Thương mại điện tử và Chăm sóc sức khỏe với công nghệ hiện đại về Web, Cloud/AWS…và đội ngũ chuyên gia giàu kinh nghiệm. YÊU CẦU - Là sinh viên đã/sắp tốt nghiệp chuyên ngành Công nghệ thông tin, Toán tin, Khoa học máy tính, Kỹ thuật phần mềm, Điện tử viễn thông… hoặc các chuyên ngành có liên quan. - Nắm vững kiến thức cơ bản về Lập trình hướng đối tượng và C#/.Net. - Có thể tham gia đào tạo/làm việc Full-time từ thứ 2 – thứ 6. - Ham học hỏi, máu lửa, nhiệt huyết, sẵn sàng chinh chiến đối đầu với thử thách khó khăn tại các dự án phần mềm lớn. - Tuân thủ kỷ luật & có trách nhiệm với công việc. - Ưu tiên ứng viên có khả năng đọc hiểu tiếng Anh tốt. QUYỀN LỢI - Được nhận học bổng đào tạo lên đến 250% học phí (tương đương trợ cấp đào tạo toàn khóa học lên đến 20.000.000VND/khóa) tùy theo mức độ đóng góp và kết quả đào tạo. - Sau khi kết thúc đào tạo tại FSOFT Academy: Tham gia làm việc tại các dự án với mức thu nhập hấp dẫn tương xứng với kỹ năng và kinh nghiệm của bạn, trung bình từ 8.000.000 VNĐ – 15.000.000 VNĐ/tháng. Thu nhập trung bình 1 năm từ 13-18 tháng lương, tùy theo kết quả đào tạo và làm việc. Được đào tạo thêm các kiến thức về các công nghệ mới như: Cloud (AWS/ Azure…), DevOps; Frontend (Angular/ ReactJS…); Hưởng các chính sách như: Hỗ trợ thi các chứng chỉ chuyên nghiệp quốc tế (OCA/PMP…), hỗ trợ mua nhà, bảo hiểm FPT care… - Cơ hội phát triển bản thân và làm việc cùng các chuyên gia giỏi nhất của FPT Software và khách hàng lớn đến từ Mỹ, Pháp, Singapore, Nhật Bản… - Tiếp cận với những công nghệ tiên tiến hàng đầu về Web, phát triển kỹ năng mềm & định hướng nghề nghiệp, tư vấn bí quyết thành công từ các chuyên gia. - Trải nghiệm văn hóa đặc trưng, môi trường làm\\n']","['L·ªöP H·ªåC TH·ª¨ MI·ªÑN PH√ç - Robotic & L·∫≠p tr√¨nh Scratch d√†nh cho c√°c b√© L·ªöP H·ªåC TH·ª¨ MI·ªÑN PH√ç - Robotic & L·∫≠p tr√¨nh Scratch d√†nh cho c√°c b√©! B·∫°n ƒëang t√¨m ki·∫øm m·ªôt ho·∫°t ƒë·ªông b·ªï √≠ch v√† th√∫ v·ªã cho con v√†o d·ªãp cu·ªëi tu·∫ßn? H√£y ƒë·ªÉ b√© y√™u kh√°m ph√° th·∫ø gi·ªõi c√¥ng ngh·ªá v·ªõi l·ªõp h·ªçc Robotic & L·∫≠p tr√¨nh Scratch c·ª±c k·ª≥ h·∫•p d·∫´n t·∫°i HaUI Kid lab! Tham gia bu·ªïi h·ªçc th·ª≠, m·ªói b√© s·∫Ω nh·∫≠n ngay h·ªçc b·ªïng tr·ªã gi√° 1.000.000ƒë, ƒë∆∞·ª£c t·∫∑ng √°o ƒë·ªìng ph·ª•c c√πng nhi·ªÅu ph·∫ßn qu√† th√∫ v·ªã. Th·ªùi gian: 08:30AM - 11:00AM ‚Ä¢ Ch·ªß nh·∫≠t, ng√†y 18/08/2024 ƒê·ªãa ƒëi·ªÉm h·ªçc: Ph√≤ng h·ªôi th·∫£o 603 - T·∫ßng 6, nh√† A1, ƒê·∫°i h·ªçc C√¥ng Nghi·ªáp H√† N·ªôi, s·ªë 298 ƒë∆∞·ªùng C·∫ßu Di·ªÖn, Minh Khai, B·∫Øc T·ª´ Li√™m, H√† N·ªôi. Th√¥ng tin li√™n h·ªá: - Email: kidlab@haui.edu.vn - Hotline: Ms. Trinh - 0963 005 376 Link ƒëƒÉng k√Ω: https://bit.ly/kidlabhocthu _____________________________________ Trong bu·ªïi h·ªçc th·ª≠, gi·∫£ng vi√™n s·∫Ω ch·ªçn ra m·ªôt n·ªôi dung th√∫ v·ªã nh·∫•t trong t·ª´ng kh√≥a h·ªçc ƒë·ªÉ h∆∞·ªõng d·∫´n c√°c b√© trong 100 ph√∫t (Robotics: 50 ph√∫t; Scratch 50 ph√∫t), n·∫øu b√© h·ª©ng th√∫ v·ªõi b√†i h·ªçc, qu√Ω ph·ª• huynh c√≥ th·ªÉ ƒëƒÉng k√Ω cho b√© kh√≥a h·ªçc ho√†n ch·ªânh ngay sau khi k·∫øt th√∫c bu·ªïi h·ªçc th·ª≠, v·ªõi c√°c n·ªôi dung chi ti·∫øt nh∆∞ sau: KH√ìA H·ªåC STEM ROBOTICS - CH·ª¶ ƒê·ªÄ NƒÇNG L∆Ø·ª¢NG (Ph√π h·ª£p cho tr·∫ª 5-9 tu·ªïi) ‚Ä¢ Th·ªùi gian ƒë√†o t·∫°o: 16 bu·ªïi h·ªçc (M·ªói bu·ªïi 90 ph√∫t) ‚Ä¢ M·ª•c ti√™u kho√° h·ªçc: - Gi·ªõi thi·ªáu c√°c kh√°i ni·ªám c∆° b·∫£n v·ªÅ robot v√† l·∫≠p tr√¨nh cho tr·∫ª m·ªôt c√°ch vui v·∫ª v√† d·ªÖ hi·ªÉu. - Ph√°t tri·ªÉn t∆∞ duy logic, s√°ng t·∫°o, kh·∫£ nƒÉng gi·∫£i quy·∫øt v·∫•n ƒë·ªÅ v√† k·ªπ nƒÉng l√†m vi·ªác nh√≥m c·ªßa tr·∫ª. - Gi√∫p tr·∫ª t·ª± tin thi·∫øt k·∫ø, l·∫≠p tr√¨nh v√† ƒëi·ªÅu khi·ªÉn robot ƒë∆°n gi·∫£n. ‚Ä¢ N·ªôi dung kh√≥a h·ªçc: B√†i 1: T·ªïng quan v·ªÅ Lego Wedo 2.0 B√†i 2: X√¢y d·ª±ng v√† l·∫≠p tr√¨nh ƒëi·ªÅu khi·ªÉn m√¥ h√¨nh Tua-Bin gi√≥ B√†i 3: X√¢y d·ª±ng v√† l·∫≠p tr√¨nh ƒëi·ªÅu khi·ªÉn m√¥ h√¨nh tr·∫°m v·ªá tinh B√†i 4. X√¢y d·ª±ng v√† l·∫≠p tr√¨nh ƒëi·ªÅu khi·ªÉn m√¥ h√¨nh Milo the Science Robot thƒÉm d√≤ kho√°ng s·∫£n B√†i 5: X√¢y d·ª±ng v√† l·∫≠p tr√¨nh ƒëi·ªÅu khi·ªÉn m√¥ h√¨nh Xe oto ti·∫øt ki·ªám nƒÉng l∆∞·ª£ng B√†i 6: X√¢y d·ª±ng v√† l·∫≠p tr√¨nh ƒëi·ªÅu khi·ªÉn m√¥ h√¨nh Robot thu gom r√°c th·∫£i b·∫£o v·ªá m√¥i tr∆∞·ªùng xanh B√†i 7: X√¢y d·ª±ng v√† l·∫≠p tr√¨nh ƒëi·ªÅu khi·ªÉn m√¥ h√¨nh Xe oto thu gom r√°c v√† ch·ªü r√°c th·∫£i B√†i 8. ƒê√°nh gi√° gi·ªØa kho√° B√†i 9. X√¢y d·ª±ng v√† l·∫≠p tr√¨nh ƒëi·ªÅu khi·ªÉn m√¥ h√¨nh Thuy·ªÅn d·ªçn r√°c tr√™n bi·ªÉn B√†i 10: X√¢y d·ª±ng v√† l·∫≠p tr√¨nh ƒëi·ªÅu khi·ªÉn m√¥ h√¨nh H·ªá th·ªëng c·∫£nh b√°o ƒë·ªông ƒë·∫•t B√†i 11: L√†m quen v·ªõi b·ªô m√¥ h√¨nh Lego Spike B√†i 12: X√¢y d·ª±ng v√† l·∫≠p tr√¨nh ƒëi·ªÅu khi·ªÉn m√¥ h√¨nh Robot d·ª± b√°o th·ªùi ti·∫øt B√†i 13: X√¢y d·ª±ng v√† l·∫≠p tr√¨nh ƒëi·ªÅu khi·ªÉn m√¥ h√¨nh Robot ƒëo t·ªëc ƒë·ªô gi√≥ B√†i 14: X√¢y d·ª±ng v√† l·∫≠p tr√¨nh ƒëi·ªÅu khi·ªÉn m√¥ h√¨nh Robot ƒëo ƒë·ªô ·∫©m c·ªßa ƒë·∫•t B√†i 15: X√¢y d·ª±ng v√† l·∫≠p tr√¨nh ƒëi·ªÅu khi·ªÉn m√¥ h√¨nh Xe m√°y ƒëi·ªán b·∫£o v·ªá m√¥i tr∆∞·ªùng B√†i 16: D·ª± √°n cu·ªëi kho√°.']","### Thông tin về hoạt động khóa và các hoạt động đoàn hội tại Trường Đại học Công nghiệp Hà Nội

1. **Hoạt động khóa**:
   - Trường Đại học Công nghiệp Hà Nội thường xuyên tổ chức các hoạt động ngoại khóa nhằm khuyến khích sinh viên tham gia vào các hoạt động thực tiễn, mở rộng kiến thức và rèn luyện kỹ năng. 
   - Các hoạt động này bao gồm tham quan doanh nghiệp, diễn đàn chuyên đề, hội thảo, và các buổi chia sẻ kinh nghiệm từ các chuyên gia trong ngành.
   - Sinh viên được khuyến khích tham gia vào các dự án nghiên cứu, hợp tác với doanh nghiệp để áp dụng kiến thức đã học vào thực tế.

2. **Hoạt động đoàn hội**:
   - Trường có các hoạt động do Đoàn thanh niên và Hội sinh viên tổ chức, bao gồm các chương trình tình nguyện, hoạt động 5S, và các cuộc thi sáng tạo.
   - Các hoạt động này không chỉ giúp sinh viên phát triển kỹ năng mềm mà còn tạo cơ hội giao lưu, kết nối giữa các sinh viên và giữa sinh viên với cộng đồng.

### HaUI Kid Lab là gì?

- **HaUI Kid Lab** là một dự án nhằm phát triển phong trào STEM (Khoa học, Công nghệ, Kỹ thuật và Toán học) cho học sinh. Dự án này được thực hiện tại Trường Đại học Công nghiệp Hà Nội với mục tiêu tạo ra môi trường học tập sáng tạo và khuyến khích học sinh tham gia vào các hoạt động nghiên cứu khoa học.
- HaUI Kid Lab cung cấp các hoạt động thực hành, trải nghiệm và các khóa học ngắn hạn về công nghệ, giúp học sinh phát triển tư duy sáng tạo và kỹ năng giải quyết vấn đề.

Nếu bạn cần thêm thông tin chi tiết hoặc có câu hỏi khác, hãy cho tôi biết! 

[Ngành Công nghệ kỹ thuật khuôn mẫu: Tạo dựng tương lai từ sự sáng tạo] - [**Link tham khảo**](https://www.haui.edu.vn/vn/goc-nhin-haui/nganh-cong-nghe-ky-thuat-khuon-mau-tao-dung-tuong-lai-tu-su-sang-tao/65042).","HaUI Kid lab la mot lop hoc ve Robot va lap trinh Scratch cho cac be. Lop hoc nay giup cac be phat trien ky nang logic, sang tao va lam viec nhom.",0.8167410118394817,0.0,0.30303030303030304,0.0,0.882988691329956,8.845830917358398
Nhà trường có những hướng dẫn gì cho sinh viên trong quá trình nhập học trực tuyến?,"['content: Sinh viên được hỗ trợ gì khi học tại các trường đại học ngành Công Thương? Thứ Tư, 18:12 22/03/2023 1094 Để hỗ trợ sinh viên, nhiều chính sách và hoạt động đã được các trường đại học ngành Công Thương đưa ra trong những năm gần đây. Gần 40 tỷ đồng để hỗ trợ sinh viên Đây là con số mà Trường Đại học Công nghiệp Thực phẩm TP. Hồ Chí Minh dành để hỗ trợ cho sinh viên trong năm học 2022-2023. TS Thái Doãn Thanh – Phó Hiệu trưởng Trường Đại học Công nghệp Thực phẩm TP. Hồ Chí Minh (HUFI) cho biết: Cùng với các hoạt động đào tạo, nghiên cứu khoa học, Nhà trường rất quan tâm đến các hoạt động hỗ trợ sinh viên. Các sinh viên tham gia học tập, rèn luyện tại trường có cơ hội nhận được các chính sách hỗ trợ toàn diện từ học bổng; miễn giảm học phí; giới thiệu việc làm; cố vấn học tập; định hướng nghề nghiệp; tư vấn sức khỏe, tâm lý… “Trong năm học 2022 – 2023 này, HUFI đã có quyết định chi gần 40 tỷ đồng học bổng và các khoản chi hỗ trợ sinh viên”- TS Thái Doãn Thanh nhấn mạnh. Trong đó hơn 20 tỷ đồng dành cho học bổng, hỗ trợ sinh viên nghèo vượt khó, còn lại cho các hoạt động như: tiếp sức sinh viên đến trường, hỗ trợ sinh viên đau ốm, tai nạn đột xuất, miễn giảm học phí cho sinh viên, khen thưởng các sinh viên có thành tích tốt trong học tập, hoạt động học thuật và nghiên cứu khoa học, huấn luyện và trải nghiệm các kỹ năng mềm... “Hoạt động hỗ trợ sinh viên của nhà trường mang tính thiết thực, có chiều sâu, phù hợp với nhu cầu và hoàn cảnh thực tế của các sinh viên. Các sinh viên HUFI đều được giới thiệu việc làm trong và sau quá trình học tập, nhờ đó hơn 90% sinh viên tốt nghiệp có việc làm phù hợp”- TS Thanh cho biết thêm. Trường Đại học Công nghiệp Thực phẩm TP Hồ Chí Minh đã có nhiều hoạt động hỗ trợ sinh viên nghiên cứu khoa học Trong khi đó Trường Đại học Công nghiệp Hà Nội thời gian qua cũng đã dành hơn 1,5 tỷ đồng để trao gần 150 suất học bổng đầu vào cho các sinh viên trúng tuyển, nhập học vào trường có thành tích, điểm xét tuyển cao. Ngoài việc thực hiện miễn,\\nnext_contents:\\n', 'content: Đại học Công nghiệp Hà Nội đồng hành cùng hành trình “vượt vũ môn” của học sinh Trường THPT Xuân Đỉnh Thứ Hai, 11:53 18/03/2024 4101 Tiếp nối chuỗi hành trình đồng hành cùng các sĩ tử chuẩn bị hành trang cho mùa tuyển sinh 2024, sáng ngày 18/3, Đại học Công nghiệp Hà Nội tổ chức chương trình tư vấn tuyển sinh - hướng nghiệp 2024 tại Trường THPT Xuân Đỉnh. Đây là chuỗi hoạt động nhằm lan tỏa hình ảnh, thương hiệu Đại học Công nghiệp Hà Nội đến gần hơn với học sinh, đồng thời cung cấp cho học sinh THPT các thông tin tuyển sinh mới nhất; tư vấn, định hướng ngành nghề, hướng đi phù hợp và giải đáp những thắc mắc mà các bạn học sinh THPT đang gặp phải. Từ đó, các bạn học sinh có thể đưa ra lựa chọn phù hợp nhất với sở trường, học lực và điều kiện bản thân. Từ 7h sáng, gần 1200 học sinh Trường THPT Xuân Đỉnh tham dự chương trình TS.Thân Thanh Sơn - Trưởng phòng Đào tạo, Đại học Công nghiệp Hà Nội cho biết: Về cơ bản, các phương án tuyển sinh của trường năm nay vẫn giữ ổn định như năm ngoái, chỉ có một số điều chỉnh nhỏ về tỉ lệ chỉ tiêu cho từng phương thức. Nhà trường tuyển sinh 52 ngành/chương trình đào tạo đại học chính quy, trong đó tuyển sinh 01 ngành mới là An toàn thông tin và 01 chương trình liên kết đào tạo Ngôn ngữ Trung Quốc 2+2 với tổng chỉ tiêu 7.650. Vì vậy, chương trình tư vấn tuyển sinh hướng nghiệp ngày hôm nay sẽ cung cấp thêm các thông tin để học sinh và phụ huynh hiểu rõ trước khi đăng ký xét tuyển theo các phương thức riêng của nhà trường. Thầy Vi Văn Thắng - Phó Hiệu trưởng Trường THPT Xuân Đỉnh nhận định: Đại học Công nghiệp Hà Nội là cơ sở giáo dục đào tạo đa ngành, đa lĩnh vực và mức điểm trúng tuyển những năm gần đây rất phù hợp với năng lực nhiều học sinh của Trường THPT Xuân Đỉnh. Với những thông tin bổ ích được chia sẻ trong chương trình này, thầy Phó hiệu trưởng hy vọng rằng các em học sinh sẽ xác định được mục tiêu phù hợp với bản thân, từ đó đưa ra định hướng tốt nhất cho kỳ thi quan trọng sắp tới và phát triển nghề nghiệp trong tương lai.\\nnext_contents:\\n', 'content: nhà trường cũng nhận được học bổng của các tổ chức: Học bổng Toyota, học bổng năng lượng tương lai, học bổng jinko Solar, học bổng của Quỹ khuyến học tỉnh. Đặc biệt nhà trường có chương trình miễn phí ký túc xá cho sinh viên năm thứ nhất” - TS. Hoàng Hùng Thắng - Hiệu trưởng nhà trường cho biết. Hỗ trợ sinh viên cũng là một trong những hoạt động trọng tâm được Trường Đại học Công nghiệp TP Hồ Chí Minh (IUH) quan tâm, triển khai thực hiện. Chỉ tính riêng năm 2022, nhà trường chi trả tiền miễn, giảm học phí cho sinh viên hơn 8 tỷ đồng, trong đó chi từ ngân sách là 7,5 tỷ đồng. Ngân sách của nhà trường chi cho những sinh viên không thuộc diện chính sách, có hoàn cảnh gia đình khó khăn. Ông Hoàng Đơ – Trưởng phòng Công tác sinh viên - IUH cho biết: Tất cả những trường hợp sinh viên làm đơn xin miễn, giảm học phí đều được nhà trường hỗ trợ, có nhiều trường hợp được hiệu trưởng giảm 100% học phí. Sinh viên IUH nhận được nhiều chương trình học bổng đến từ các doanh nghiệp “Ngoài ra nhà trường còn giải quyết cho hàng ngàn sinh viên chậm nộp học phí. Riêng số tiền chi học bổng hàng năm của nhà trường cũng lên đến hơn 40 tỷ đồng, hỗ trợ sinh viên ở vùng miền bị lũ lụt, sinh viên bị ảnh hưởng do dịch Covid-19… Hàng năm IUH đã tổ chức khám sức khỏe miễn phí cho sinh viên với tổng chi phí gần 1 tỷ đồng”- ông Hoàng Đơn nhấn mạnh. Đảm bảo sinh viên có việc làm sau khi ra trường Là một trong những cơ sở đào tạo chuyên ngành về năng lượng hàng đầu tại Việt Nam, những năm qua, Trường Đại học Điện lực đã có nhiều hoạt động hỗ trợ sinh viên theo học tại trường, trong đó thành công nhất phải kể đến công tác hỗ trợ tìm kiếm việc làm cho sinh viên sau khi ra trường. Ông Nguyễn Tiến Thành - Trưởng phòng Công tác sinh viên- Trường Đại học Điện lực chia sẻ: Để đảm chỉ tiêu tuyển sinh hàng năm, Nhà trường luôn chú trọng đến công tác nâng cao chất lượng đào tạo và hỗ trợ người học, đặc biệt là hỗ trợ những sinh viên có hoàn cảnh khó khăn, dân tộc thiểu số, sinh viên thuộc đối tượng chính sách\\nnext_contents:\\n- học của sinh viên. Chương trình hỗ trợ tín dụng, miễn giảm học phí Tại Trường Đại học Công nghiệp Việt - Hung, bên cạnh các hoạt động hỗ trợ trong nghiên cứu khoa học, rèn luyện kỹ năng mềm, hỗ trợ công tác thực tập, tìm việc làm…Thời gian qua nhà trường đã áp dụng chính sách hỗ trợ tín dụng cho sinh viên. Theo đó, chính sách tín dụng đối với học sinh, sinh viên được áp dụng để hỗ trợ cho học sinh sinh viên có hoàn cảnh khó khăn góp phần trang trải chi phí cho việc học tập, sinh hoạt của sinh viên trong thời gian theo học tại trường. Học sinh, sinh viên sẽ được vay với lãi suất ưu đãi là 0,65%, Bên cạnh đó, là chính sách hỗ trợ về trợ cấp xã hội với đối tượng là dân tộc ít người ở vùng cao; mồ côi cha mẹ… Các đối tượng được trợ cấp xã hội đều có hoàn cảnh, nhân thân khó khăn mà chính họ không thể có đủ khả năng để thực hiện việc học tập một cách trọn vẹn, mặc dù mức trợ cấp được đánh giá là thấp, nhưng đây cũng là một phần khích lệ tinh thần và sự hỗ trợ ở một chừng mực nhất định để một phần giúp học sinh, sinh viên vượt qua khó khăn tạm thời. Còn tại Trường Đại học Công nghiệp Quảng Ninh, bên cạnh thực hiện đầy đủ kịp thời các chính sách hỗ trợ của nhà nước với sinh viên như các chương trình: miễn giảm học phí, trợ cấp xã hội, vay vốn tín dụng, học bổng khuyến khích cho các sinh viên có thành tích học tập xuất sắc, sinh viên nghèo vượt khó.. “Hàng năm Trường Đại học Công nghiệp Quảng Ninh dành 570 suất học bổng trị giá 11.800.000 đồng cho các sinh viên. Ngoài ra sinh viên nhà trường cũng nhận được học bổng của các tổ chức: Học bổng Toyota, học bổng năng lượng tương lai, học bổng jinko Solar, học bổng của Quỹ khuyến học tỉnh. Đặc biệt nhà trường có chương trình miễn phí ký túc xá cho sinh viên năm thứ nhất” - TS. Hoàng Hùng Thắng - Hiệu trưởng nhà trường cho biết. Hỗ trợ sinh viên cũng là một trong những hoạt động trọng tâm được Trường Đại học Công nghiệp TP Hồ Chí Minh (IUH) quan tâm, triển khai thực hiện. Chỉ tính riêng năm 2022, nhà trường chi trả tiền miễn,\\n', 'content: lực đã có nhiều hoạt động hỗ trợ sinh viên theo học tại trường, trong đó thành công nhất phải kể đến công tác hỗ trợ tìm kiếm việc làm cho sinh viên sau khi ra trường. Ông Nguyễn Tiến Thành - Trưởng phòng Công tác sinh viên- Trường Đại học Điện lực chia sẻ: Để đảm chỉ tiêu tuyển sinh hàng năm, Nhà trường luôn chú trọng đến công tác nâng cao chất lượng đào tạo và hỗ trợ người học, đặc biệt là hỗ trợ những sinh viên có hoàn cảnh khó khăn, dân tộc thiểu số, sinh viên thuộc đối tượng chính sách thông qua các loại hình và hình thức hỗ trợ cụ thể như: Hỗ trợ về học bổng khuyến khích học tập cho sinh viên, hỗ trợ cho sinh viên theo chế độ, chính sách của nhà nước, hỗ trợ việc làm… Chỉ riêng năm học 2021-2022, Trường Đại học Điện lực đã xét cấp học bổng khuyến khích học tập cho 1.971 sinh viên có kết quả học tập từ loại khá trở lên và kết quả rèn luyện xếp loại tốt, với tổng số tiền là hơn 16 tỷ đồng. Cùng với đó, Nhà trường cũng trao quỹ học bổng tài trợ từ các công ty, doanh nghiệp ngoài trường cho những sinh viên có hoàn cảnh khó khăn, sinh viên có kết quả học tập xuất sắc, rèn luyện tốt cho 72 sinh viên, với tổng số tiền là gần 1 tỷ đồng. ""Thực hiện chính sách hỗ trợ chi phí học tập đối với sinh viên là người dân tộc thiểu số học tại các cơ sở giáo dục đại học, năm học vừa qua Nhà trường đã hỗ trợ cho 477 sinh viên, với tổng số tiền là gần 3 tỷ đồng"" - ông Thành cho biết thêm. Việc làm là vấn đề được hầu hết người học quan tâm, để hỗ trợ sinh viên, hiện Trường Đại học Điện lực đã và đang hợp tác với hơn 200 Doanh nghiệp lớn, nhỏ trong và ngoài nước, trong đó: hợp tác với hơn 150 Doanh nghiệp trong nước và hơn 50 Doanh nghiệp nước ngoài, như: Tập đoàn Điện lực Việt Nam (EVN), Công ty CP chế tạo biến thế điện lực Hà Nội (MBT), Công ty cổ phần kỹ thuật công nghiệp Á Châu, Công ty CP Bkav, Công ty TNHH phần mềm FPT, Công ty Samsung Electronics Việt Nam, Công ty LG Electronics Việt Nam, Công ty AfterFit Nhật Bản, Công ty YM Connection Nhật Bản… Năm 2022 Trung tâm Hỗ trợ\\nnext_contents:\\n- nhà trường cũng nhận được học bổng của các tổ chức: Học bổng Toyota, học bổng năng lượng tương lai, học bổng jinko Solar, học bổng của Quỹ khuyến học tỉnh. Đặc biệt nhà trường có chương trình miễn phí ký túc xá cho sinh viên năm thứ nhất” - TS. Hoàng Hùng Thắng - Hiệu trưởng nhà trường cho biết. Hỗ trợ sinh viên cũng là một trong những hoạt động trọng tâm được Trường Đại học Công nghiệp TP Hồ Chí Minh (IUH) quan tâm, triển khai thực hiện. Chỉ tính riêng năm 2022, nhà trường chi trả tiền miễn, giảm học phí cho sinh viên hơn 8 tỷ đồng, trong đó chi từ ngân sách là 7,5 tỷ đồng. Ngân sách của nhà trường chi cho những sinh viên không thuộc diện chính sách, có hoàn cảnh gia đình khó khăn. Ông Hoàng Đơ – Trưởng phòng Công tác sinh viên - IUH cho biết: Tất cả những trường hợp sinh viên làm đơn xin miễn, giảm học phí đều được nhà trường hỗ trợ, có nhiều trường hợp được hiệu trưởng giảm 100% học phí. Sinh viên IUH nhận được nhiều chương trình học bổng đến từ các doanh nghiệp “Ngoài ra nhà trường còn giải quyết cho hàng ngàn sinh viên chậm nộp học phí. Riêng số tiền chi học bổng hàng năm của nhà trường cũng lên đến hơn 40 tỷ đồng, hỗ trợ sinh viên ở vùng miền bị lũ lụt, sinh viên bị ảnh hưởng do dịch Covid-19… Hàng năm IUH đã tổ chức khám sức khỏe miễn phí cho sinh viên với tổng chi phí gần 1 tỷ đồng”- ông Hoàng Đơn nhấn mạnh. Đảm bảo sinh viên có việc làm sau khi ra trường Là một trong những cơ sở đào tạo chuyên ngành về năng lượng hàng đầu tại Việt Nam, những năm qua, Trường Đại học Điện lực đã có nhiều hoạt động hỗ trợ sinh viên theo học tại trường, trong đó thành công nhất phải kể đến công tác hỗ trợ tìm kiếm việc làm cho sinh viên sau khi ra trường. Ông Nguyễn Tiến Thành - Trưởng phòng Công tác sinh viên- Trường Đại học Điện lực chia sẻ: Để đảm chỉ tiêu tuyển sinh hàng năm, Nhà trường luôn chú trọng đến công tác nâng cao chất lượng đào tạo và hỗ trợ người học, đặc biệt là hỗ trợ những sinh viên có hoàn cảnh khó khăn, dân tộc thiểu số, sinh viên thuộc đối tượng chính sách\\n', 'content: nếu có cơ hội cô mong muốn có thể tiếp tục học lên tiến sĩ: “Dự định của tôi là sẽ tiếp tục theo đuổi con đường học vấn và trau dồi thêm kiến thức chuyên sâu về ngôn ngữ Trung Quốc. Hiện nay, tôi đang theo học thạc sĩ Ngôn ngữ Trung Quốc tại trường, nếu có cơ hội, chắc chắn, tôi sẽ tiếp tục học lên tiến sĩ. Tôi muốn phát triển bản thân theo nghề giáo, em muốn truyền đạt, chia sẽ những kiến thức, kinh nghiệm mà em đã học được cho các bạn sinh viên, từ đó tạo động lực cho các bạn sinh viên, học sinh muốn theo đuổi ngành Ngôn ngữ Trung Quốc trong tương lai”. Phó giáo sư, Tiến sĩ Cầm Tú Tài cũng thông tin thêm: “Ngành Ngôn ngữ Trung Quốc tại Trường Đại học Công nghiệp Hà Nội có điểm khác biệt là định hướng khoa học kỹ thuật, nhằm đáp ứng nhu cầu của các doanh nghiệp nước ngoài đầu tư vào Việt Nam. Bởi vậy 100% sinh viên tốt nghiệp có việc làm. Phía khoa có nhiều quan hệ hợp tác với doanh nghiệp, tập đoàn, đặc biệt là của Trung Quốc. Chẳng hạn như Tập đoàn Khoa học kỹ thuật Hồng Hải, Công ty trách nhiệm hữu hạn Luxshare-ICT (Việt Nam)... Thông qua các đợt thực tập, khoa đã giới thiệu được các sinh viên có năng lực và nhiều người được giữ lại làm việc”. Tiến sĩ Đinh Bích Thảo - một giảng viên từng trực tiếp giảng dạy Ngọc Ánh chia sẻ: “Trong mắt tôi, Ánh là một sinh viên thông minh, hoạt bát, luôn luôn nghiêm túc trong học tập, lúc nào cũng ngồi bàn đầu tiên. Không chỉ vậy, cô học trò này còn rất năng nổ nhiệt tình trong các hoạt động đoàn thể. Cả thầy cô và bạn bè đều nhận xét, Ngọc Ánh luôn tỏa ra một nguồn năng lượng tích cực”. Nguồn: Tạp chí điện tử Giáo dục Việt Nam Thứ Sáu, 07:30 30/08/2024 Tags: Đại học Công nghiệp Hà Nội HaUI ĐHCNHN nữ thủ khoa ngôn ngữ Trung Quốc\\nnext_contents:\\n- trong các lĩnh vực công nghệ và kỹ thuật, việc thành thạo ngôn ngữ này là lợi thế lớn trong việc tiếp cận các tài liệu chuyên ngành, giao tiếp với đối tác quốc tế, và tìm kiếm cơ hội nghề nghiệp trong các doanh nghiệp có yếu tố nước ngoài”. Học ngoại ngữ theo hướng khoa học kỹ thuật, tất nhiên sẽ có những thách thức nhất định. Ngôn ngữ chuyên ngành thường có những thuật ngữ phức tạp, đòi hỏi không chỉ hiểu về ngôn ngữ, mà còn phải nắm vững các kiến thức chuyên môn liên quan. Điều này đôi khi khiến Ngọc Ánh cảm thấy áp lực, vừa học ngôn ngữ, vừa làm quen với các khái niệm khoa học kỹ thuật. Tuy nhiên, nhờ sự dạy dỗ, chỉ bảo của các thầy cô trong khoa Ngôn ngữ Trung Quốc, việc học và tiếp cận các tài liệu chuyên môn của Ngọc Ánh không gặp nhiều trở ngại. Phó giáo sư, Tiến sĩ Cầm Tú Tài, Trưởng khoa Ngôn ngữ Trung Quốc, Trường Ngoại ngữ - Du lịch (Trường Đại học Công nghiệp Hà Nội). Ảnh: Website trường. Là người trực tiếp dạy Ngọc Ánh ở bậc đại học và cao học, Phó giáo sư, Tiến sĩ Cầm Tú Tài, Trưởng khoa Ngôn ngữ Trung Quốc, Trường Ngoại ngữ - Du lịch (Trường Đại học Công nghiệp Hà Nội) nhận xét, cô là sinh viên xuất sắc với thành tích học tập, nghiên cứu tốt. Được biết, Ngọc Ánh đã được tuyển thẳng bậc cao học, với học bổng 30% học phí toàn chương trình. Hiện tại, cô đang tiếp tục trau dồi để chinh phục con đường học vấn. Điều này cũng phù hợp với định hướng tương lai của cô là trở thành giảng viên để tiếp tục truyền dạy kiến thức về tiếng Trung. Nữ thủ khoa cũng tiết lộ thêm, nếu có cơ hội cô mong muốn có thể tiếp tục học lên tiến sĩ: “Dự định của tôi là sẽ tiếp tục theo đuổi con đường học vấn và trau dồi thêm kiến thức chuyên sâu về ngôn ngữ Trung Quốc. Hiện nay, tôi đang theo học thạc sĩ Ngôn ngữ Trung Quốc tại trường, nếu có cơ hội, chắc chắn, tôi sẽ tiếp tục học lên tiến sĩ. Tôi muốn phát triển bản thân theo nghề giáo, em muốn truyền đạt, chia sẽ những kiến thức, kinh nghiệm mà em đã học được cho các bạn sinh viên, từ đó tạo động lực cho các bạn sinh viên, học\\n']","['Hướng dẫn nhập học Online BƯỚC 1: NHẬP HỌC TRỰC TUYẾN Thí sinh mở tài khoản ngân hàng BIDV(hướng dẫn tại đây) hoặc ví điện tử Viettel Money ( Đăng ký tại đây ) và nộp tiền vào tài khoản theo số tiền phải nộp trong Giấy báo nhập học (Nhà trường liên kết với BIDV và Viettel Money để thực hiện dịch vụ thu hộ học phí và trung gian thanh toán (miễn phí) ). Để có thể xác nhận nhập học trực tuyến thí sinh cần mở tài khoản BIDVhoặcViettel Money (Nhà trường khuyến khích thí sinh mở tài khoản của cả hai đơn vị cung cấp dịch vụ để đa dạng hóa phương thức và thuận tiện trong quá trình thực hiện thanh toán). Lưu ý: Sinh viên khi làm thủ tục nhập học và trong suốt quá trình học nên sử dụng duy nhất 01 số điện thoại cá nhân để thuận tiện cho việc làm thủ tục nhập học, thanh toán học phí hoặc nhận chi trả các khoản như: chế độ chính sách, học bổng, chi phí khác.... Anh/Chị có thể nhập học trực tuyến theo 03 cách sau: Cách 1: Tải và cài đặt ứng dụng “MyHaUI” trên Apple Store, CH Play Cách 2: Truy cập cổng thông tin nhập học trực tuyến https://nhaphoc.haui.edu.vn của Nhà trường Cách 3: Nộp tiền thông qua ứng dụng BIDV hoặc Viettel Money. Tải ứng dụng BIDV hoặc Viettel Money và làm theo hướng dẫn trên ứng dụng (Chi tiết tham khảo tại Website: https://nhaphoc.haui.edu.vn tại mục Mở tài khoản BIDV hoặc các điểm giao dịch của: BIDV– hotline: ; Viettel Money – hotline: 0965.778.999, 0979.928.068, 0987.538.788 * Cổng thanh toán: Hiện tại Nhà trường liên kết với BIDV và Viettel Money để thực hiện dịch vụ thu hộ học phí và trung gian thanh toán (miễn phí) . Để thực hiện nhập học trực tuyến sinh viên cần mở tài khoản BIDV hoặc Viettel Money (Nhà trường khuyến khích sinh viên mở tài khoản của cả hai đơn vị cung cấp dịch vụ để đa dạng hóa phương thức và thuận tiện trong quá trình thực hiện thanh toán). ** Anh/Chị có nguyện vọng ở Ký túc xá (KTX) tham khảo thông tin tại Website http://ssc.haui.edu.vn (Mọi thắc mắc liên quan đến nộp tiền nhập học, các khoản thu xin liên hệ số Hotline 0988.156.363, 0983.668.171 ) BƯỚC 2: KIỂM TRA VÀ CẬP NHẬP HỒ SƠ SINH VIÊN 1. Đăng nhập hệ thống: Truy cập ứng dụng MyHaUI hoặc cổng thông tin sinh viên theo địa chỉ: https://sv.haui.edu.vn và sử dụng tài khoản theo thông tin được cấp. 2. Kiểm tra và cập nhật thông tin sinh viên: Vào phần “Thông tin cá nhân” , mục “Cập nhật thông tin sinh viên” . Tại màn hình này, sinh viên thực hiện cập nhật đầy đủ, chính xác các thông tin: “Thông tin cá nhân” , “Thông tin gia đình” , “Thông tin liên hệ” * Một số chức năng cơ bản của Hệ thống đại học điện tử: - Nhận các thông báo từ Nhà trường liên quan đến các hoạt động: Học tập, khảo thí, chế độ chính sách, học bổng, khen thưởng, kế hoạch thực tập – việc làm… - Thực hiện các hoạt động: Cập nhật hồ sơ cá nhân, đăng ký các dịch vụ hành chính một cửa, nộp học phí, đăng ký học phần, đăng ký thực tập…. - Tham gia Cộng đồng HaUI: Trao đổi với Nhà trường, đội ngũ Cố vấn, sinh viên khác... * Lưu ý: Trường hợp cần cấp lại mật khẩu, tài khoản hệ thống đại học điện tử, sinh viên liên hệ Thầy Lê Thanh Đức (SĐT: 0968 981 994)']","### Thông tin về hoạt động khóa và các hoạt động đoàn hội tại Trường Đại học Công nghiệp Hà Nội

1. **Hoạt động khóa**:
   - Trường Đại học Công nghiệp Hà Nội khuyến khích sinh viên tham gia vào các hoạt động ngoại khóa và hợp tác doanh nghiệp. Những hoạt động này nhằm mở rộng kiến thức, rèn luyện kỹ năng và tạo cơ hội tiếp xúc với thực tế ngành nghề.
   - Nhà trường thường xuyên tổ chức các hoạt động như tham quan doanh nghiệp, diễn đàn chuyên đề, hội thảo, và buổi chia sẻ kinh nghiệm từ các chuyên gia trong ngành.
   - Sinh viên có cơ hội tham gia vào các dự án nghiên cứu, dự án hợp tác với doanh nghiệp, giúp áp dụng kiến thức đã học vào thực tiễn và xây dựng mối quan hệ với các doanh nghiệp trong ngành.

2. **Hoạt động đoàn hội**:
   - Các hoạt động đoàn hội tại trường rất đa dạng, bao gồm các chương trình tình nguyện, hoạt động 5S, và các cuộc thi sáng tạo như Robocon.
   - Sinh viên cũng được khuyến khích tham gia vào các hoạt động cộng đồng, giúp đỡ những hoàn cảnh khó khăn và tham gia vào các phong trào thanh niên.

### Hướng dẫn cho sinh viên trong quá trình nhập học trực tuyến

- Trường Đại học Công nghiệp Hà Nội đã có những hướng dẫn cụ thể cho sinh viên trong quá trình nhập học trực tuyến. Tuy nhiên, thông tin chi tiết về các bước cụ thể trong quy trình này không được cung cấp trong tài liệu hiện có.
- Để có thông tin chính xác và đầy đủ hơn về quy trình nhập học trực tuyến, sinh viên nên tham khảo trực tiếp từ trang web chính thức của trường hoặc liên hệ với bộ phận hỗ trợ sinh viên.

Nếu bạn cần thêm thông tin về các chủ đề liên quan hoặc có câu hỏi khác, hãy cho tôi biết! 

[Ngành Công nghệ kỹ thuật khuôn mẫu: Tạo dựng tương lai từ sự sáng tạo] - [**Link tham khảo**](https://www.haui.edu.vn/vn/goc-nhin-haui/nganh-cong-nghe-ky-thuat-khuon-mau-tao-dung-tuong-lai-tu-su-sang-tao/65042).","Nhà trường hướng dẫn sinh viên nhập học trực tuyến qua ba bước. BƯỚC 1: Sinh viên cần mở tài khoản ngân hàng BIDV hoặc ví điện tử Viettel Money để nộp tiền theo số tiền ghi trong Giấy báo nhập học. Nhà trường khuyến khích sinh viên mở tài khoản của cả hai đơn vị để thuận tiện trong thanh toán. BƯỚC 2: Sinh viên đăng nhập vào hệ thống để kiểm tra và cập nhật hồ sơ cá nhân. BƯỚC 3: Sinh viên có thể thực hiện các hoạt động như cập nhật hồ sơ, nộp học phí, và tham gia cộng đồng HaUI để trao đổi thông tin với nhà trường và sinh viên khác.",0.8324096431381401,0.0,0.0,1.0,0.7486071586608887,12.580763816833496
"Người dân tộc Lự cần chuẩn bị hồ sơ gì để được miễn, giảm học phí tại Đại học Công nghiệp Hà Nội?","['content: biết: “Mẹ em đã rất băn khoăn khi biết em muốn đăng kí vào khối ngành Kinh tế của ĐHCNHN nên hôm nay hai mẹ con cùng tham dự chương trình. Sau khi được các thầy của Trường tư vấn và chia sẻ những lợi ích khi tham gia vào ngành học này, mẹ em đã hoàn toàn yên tâm “gửi gắm” con gái vào học tập tại Đại học Công nghiệp Hà Nội”. Phụ huynh Nguyễn Thị Thanh Thủy đưa con gái Trần Lan Phương (đến từ Hưng Yên) tìm hiểu thông tin tuyển sinh Đại học Công nghiệp Hà Nội năm 2020 Ngày hội Tư vấn tuyển sinh - hướng nghiệp năm 2020 góp phần giúp học sinh định hướng nghề nghiệp, chọn ngành, trường học phù hợp với năng lực và sở thích của mình; đồng thời giải đáp những thắc mắc về phương án thi THPT, xét tuyển ĐH, CĐ giúp học sinh vững tin bước vào kỳ thi tốt nghiệp THPT sắp tới. MỌI CHI TIẾT VỀ TUYỂN SINH LIÊN HỆ: - Văn phòng Tuyển sinh - Học vụ, Phòng 110, Tầng 1, Nhà A2, Cơ sở 1, Trường Đại học Công nghiệp Hà Nội. - Địa chỉ: Số 298, Đường Cầu Diễn, Q.Bắc Từ Liêm, TP. Hà Nội. - Điện thoại: 024.37650051 hoặc 024.37655121 (Máy lẻ 277/224). - Hotline: 08.3456.0255; Fanpage: facebook.com/tuyensinh.haui - Website: https://www.haui.edu.vn hoặc https://tuyensinh.haui.edu.vn Một số hình ảnh tại Ngày hội tuyển sinh - hướng nghiệp năm 2020: Chủ Nhật, 17:32 21/06/2020 Tags: Đại học Công nghiệp Hà Nội ĐHCNHN Ngày hội Tư vấn tuyển sinh - hướng nghiệp năm 2020 tuyển sinh hướng nghiệp đào tạo nguyện vọng\\nnext_contents:\\n- nghiệp Hà Nội tiếp tục tuyển sinh các trình độ, loại hình đào tạo: 03 ngành Tiến sĩ, 11 ngành Thạc sĩ, 38 ngành Đại học và nhiều loại hình đào tạo Ngắn hạn, Liên thông, Vừa làm vừa học (VLVH) và đào tạo Hợp tác quốc tế. Cán bộ Ban tuyển sinh Nhà trường đang tư vấn cho các bạn trẻ Chỉ tiêu dự kiến của ĐHCNHN trong kỳ tuyển sinh 2020 là 7.120 hệ đại học chính quy, 200 học viên cao học, 09 nghiên cứu sinh.... Nhà trường sử dụng phương thức tuyển sinh là xét tuyển dựa vào kết quả thi THPT với 09 tổ hợp các môn xét tuyển (đối với hệ đại học chính quy). Năm nay, nhà trường tuyển sinh 04 ngành mới là Công nghệ kỹ thuật khuôn mẫu, Ngôn ngữ Nhật, Tiếng Việt và Văn hóa Việt Nam và ngành Logistic & Quản lý chuỗi cung ứng; nâng tổng số các ngành đào tạo hệ đại học chính quy là 38 ngành. Đến với gian tư vấn, quý vị phụ huynh và học sinh còn có thể theo dõi thông tin về ngành đào tạo thông qua 38 video mà Nhà trường xây dựng giới thiệu 38 ngành đào tạo đại học Bạn Nguyễn Văn Thành - học sinh Trường THPT Vĩnh Bảo, Hải Phòng chia sẻ: “Tham gia Ngày hội tư vấn tuyển sinh, em được biết thêm nhiều về các ngành nghề và định hướng nghề nghiệp, đặc biệt tại khu vực tư vấn chuyên sâu của Đại học Công nghiệp Hà Nội, em đã nhận được sự tư vấn rất nhiệt tình của các thầy cô. Em dự định sẽ dự thi vào ngành Công nghệ Ô tô của Trường”. Nam sinh đến từ Trường THPT Tô Hiệu, Hà Nội theo dõi thông tin về ngành quản trị kinh doanh Cùng mẹ tham dự ngày hội, Trần Lan Phương - học sinh đến từ Hưng Yên hào hứng cho biết: “Mẹ em đã rất băn khoăn khi biết em muốn đăng kí vào khối ngành Kinh tế của ĐHCNHN nên hôm nay hai mẹ con cùng tham dự chương trình. Sau khi được các thầy của Trường tư vấn và chia sẻ những lợi ích khi tham gia vào ngành học này, mẹ em đã hoàn toàn yên tâm “gửi gắm” con gái vào học tập tại Đại học Công nghiệp Hà Nội”. Phụ huynh Nguyễn Thị Thanh Thủy đưa con gái Trần Lan Phương (đến từ Hưng Yên) tìm hiểu thông tin tuyển sinh Đại học Công nghiệp Hà Nội năm 2020 Ngày hội Tư vấn tuyển sinh\\n', 'content: nhà trường cũng nhận được học bổng của các tổ chức: Học bổng Toyota, học bổng năng lượng tương lai, học bổng jinko Solar, học bổng của Quỹ khuyến học tỉnh. Đặc biệt nhà trường có chương trình miễn phí ký túc xá cho sinh viên năm thứ nhất” - TS. Hoàng Hùng Thắng - Hiệu trưởng nhà trường cho biết. Hỗ trợ sinh viên cũng là một trong những hoạt động trọng tâm được Trường Đại học Công nghiệp TP Hồ Chí Minh (IUH) quan tâm, triển khai thực hiện. Chỉ tính riêng năm 2022, nhà trường chi trả tiền miễn, giảm học phí cho sinh viên hơn 8 tỷ đồng, trong đó chi từ ngân sách là 7,5 tỷ đồng. Ngân sách của nhà trường chi cho những sinh viên không thuộc diện chính sách, có hoàn cảnh gia đình khó khăn. Ông Hoàng Đơ – Trưởng phòng Công tác sinh viên - IUH cho biết: Tất cả những trường hợp sinh viên làm đơn xin miễn, giảm học phí đều được nhà trường hỗ trợ, có nhiều trường hợp được hiệu trưởng giảm 100% học phí. Sinh viên IUH nhận được nhiều chương trình học bổng đến từ các doanh nghiệp “Ngoài ra nhà trường còn giải quyết cho hàng ngàn sinh viên chậm nộp học phí. Riêng số tiền chi học bổng hàng năm của nhà trường cũng lên đến hơn 40 tỷ đồng, hỗ trợ sinh viên ở vùng miền bị lũ lụt, sinh viên bị ảnh hưởng do dịch Covid-19… Hàng năm IUH đã tổ chức khám sức khỏe miễn phí cho sinh viên với tổng chi phí gần 1 tỷ đồng”- ông Hoàng Đơn nhấn mạnh. Đảm bảo sinh viên có việc làm sau khi ra trường Là một trong những cơ sở đào tạo chuyên ngành về năng lượng hàng đầu tại Việt Nam, những năm qua, Trường Đại học Điện lực đã có nhiều hoạt động hỗ trợ sinh viên theo học tại trường, trong đó thành công nhất phải kể đến công tác hỗ trợ tìm kiếm việc làm cho sinh viên sau khi ra trường. Ông Nguyễn Tiến Thành - Trưởng phòng Công tác sinh viên- Trường Đại học Điện lực chia sẻ: Để đảm chỉ tiêu tuyển sinh hàng năm, Nhà trường luôn chú trọng đến công tác nâng cao chất lượng đào tạo và hỗ trợ người học, đặc biệt là hỗ trợ những sinh viên có hoàn cảnh khó khăn, dân tộc thiểu số, sinh viên thuộc đối tượng chính sách\\nnext_contents:\\n- học của sinh viên. Chương trình hỗ trợ tín dụng, miễn giảm học phí Tại Trường Đại học Công nghiệp Việt - Hung, bên cạnh các hoạt động hỗ trợ trong nghiên cứu khoa học, rèn luyện kỹ năng mềm, hỗ trợ công tác thực tập, tìm việc làm…Thời gian qua nhà trường đã áp dụng chính sách hỗ trợ tín dụng cho sinh viên. Theo đó, chính sách tín dụng đối với học sinh, sinh viên được áp dụng để hỗ trợ cho học sinh sinh viên có hoàn cảnh khó khăn góp phần trang trải chi phí cho việc học tập, sinh hoạt của sinh viên trong thời gian theo học tại trường. Học sinh, sinh viên sẽ được vay với lãi suất ưu đãi là 0,65%, Bên cạnh đó, là chính sách hỗ trợ về trợ cấp xã hội với đối tượng là dân tộc ít người ở vùng cao; mồ côi cha mẹ… Các đối tượng được trợ cấp xã hội đều có hoàn cảnh, nhân thân khó khăn mà chính họ không thể có đủ khả năng để thực hiện việc học tập một cách trọn vẹn, mặc dù mức trợ cấp được đánh giá là thấp, nhưng đây cũng là một phần khích lệ tinh thần và sự hỗ trợ ở một chừng mực nhất định để một phần giúp học sinh, sinh viên vượt qua khó khăn tạm thời. Còn tại Trường Đại học Công nghiệp Quảng Ninh, bên cạnh thực hiện đầy đủ kịp thời các chính sách hỗ trợ của nhà nước với sinh viên như các chương trình: miễn giảm học phí, trợ cấp xã hội, vay vốn tín dụng, học bổng khuyến khích cho các sinh viên có thành tích học tập xuất sắc, sinh viên nghèo vượt khó.. “Hàng năm Trường Đại học Công nghiệp Quảng Ninh dành 570 suất học bổng trị giá 11.800.000 đồng cho các sinh viên. Ngoài ra sinh viên nhà trường cũng nhận được học bổng của các tổ chức: Học bổng Toyota, học bổng năng lượng tương lai, học bổng jinko Solar, học bổng của Quỹ khuyến học tỉnh. Đặc biệt nhà trường có chương trình miễn phí ký túc xá cho sinh viên năm thứ nhất” - TS. Hoàng Hùng Thắng - Hiệu trưởng nhà trường cho biết. Hỗ trợ sinh viên cũng là một trong những hoạt động trọng tâm được Trường Đại học Công nghiệp TP Hồ Chí Minh (IUH) quan tâm, triển khai thực hiện. Chỉ tính riêng năm 2022, nhà trường chi trả tiền miễn,\\n', 'content: Trong mùa tuyển sinh 2021, Đại học Công nghiệp Hà Nội sử dụng 03 phương thức xét tuyển hệ đại học chính quy, gồm tuyển thẳng theo quy chế tuyển sinh của Bộ GD&ĐT; xét tuyển thí sinh đoạt giải học sinh giỏi cấp tỉnh/thành phố, thí sinh có chứng chỉ quốc tế và xét tuyển dựa vào kết quả thi tốt nghiệp THPT năm 2021. Gian hàng của Đại học Công nghiệp Hà Nội đã thu hút nhiều lượt học sinh tham quan, tìm hiểu. Cũng bắt đầu từ năm học 2021 - 2022, nhà trường dành 350 trong số khoảng 7.120 chỉ tiêu để xét tuyển thí sinh đoạt giải học sinh giỏi cấp tỉnh/thành phố hoặc có chứng chỉ quốc tế như ACT, SAT, TOEFL iBT, IELTS... Điều này giúp thí sinh có chứng chỉ quốc tế có nhiều cơ hội lựa chọn các ngành học tại Đại học Công nghiệp Hà Nội. Một số hình ảnh tại Ngày hội Tư vấn hướng nghiệp tại Bắc Giang Thứ Ba, 15:30 20/04/2021 Tags: Đại học Công nghiệp Hà Nội Ngày hội tư vấn hướng nghiệp Tỉnh Bắc Giang\\nnext_contents:\\n- Sức hút của Đại học Công nghiệp Hà Nội tại Ngày hội tư vấn hướng nghiệp cho học sinh tỉnh Bắc Giang Thứ Ba, 15:30 20/04/2021 1075 Ngày 19/4, Ngày hội tư vấn hướng nghiêp cho học sinh tỉnh Bắc Giang với sự góp mặt của trên 24 gian hàng của các trường đại học, cao đẳng, các doanh nghiệp trong nước. Hơn 1000 học sinh của trường THPT Thái Thuận và các trường THPT khác trong thành phố tham dự ngày hội tuyển sinh và rất đông các bạn học sinh đã tham quan, tìm hiểu thông tin của gian hàng Đại học Công nghiệp Hà Nội. Gian tư vấn tuyển sinh của Đại học Công nghiệp Hà Nội luôn tấp nập phụ huynh, học sinh quan tâm Với chủ đề “Vững bước tương lai”, Ngày hội tư vấn hướng nghiệp có sự tham gia của 22 trường đại học, cao đẳng, doanh nghiệp, Hội Sinh viên Bắc Giang tại Hà Nội tổ chức, thu hút gần 1,5 nghìn học sinh trên địa bàn tỉnh. Ban tổ chức bố trí các gian tư vấn theo từng nhóm lĩnh vực: Kỹ thuật - công nghệ, quản lý nhân lực, tài nguyên - môi trường, y - dược, chăm sóc sắc đẹp, du học - xuất khẩu lao động để các em học sinh thuận tiện tìm hiểu thông tin về quy mô đào tạo, chỉ tiêu tuyển sinh, chế độ ưu đãi, học phí, cơ hội giành học bổng, du học... từ đó đưa ra quyết định chọn trường, chọn nghề phù hợp với nhu cầu. Đôi bạn học sinh của trường THPT Thái Thuận nghe tư vấn và tìm hiểu thông tin tuyển sinh của trường Năm 2021, Đại học Công nghiệp Hà Nội tiếp tục tuyển sinh các trình độ, loại hình đào tạo với 04 ngành tiến sĩ, 11 ngành thạc sĩ, 41 ngành đại học và nhiều loại hình đào tạo khác. Trong mùa tuyển sinh 2021, Đại học Công nghiệp Hà Nội sử dụng 03 phương thức xét tuyển hệ đại học chính quy, gồm tuyển thẳng theo quy chế tuyển sinh của Bộ GD&ĐT; xét tuyển thí sinh đoạt giải học sinh giỏi cấp tỉnh/thành phố, thí sinh có chứng chỉ quốc tế và xét tuyển dựa vào kết quả thi tốt nghiệp THPT năm 2021. Gian hàng của Đại học Công nghiệp Hà Nội đã thu hút nhiều lượt học sinh tham quan, tìm hiểu. Cũng bắt đầu từ năm học 2021 - 2022, nhà trường dành 350 trong số khoảng 7.120 chỉ tiêu\\n', 'content: Sinh viên được hỗ trợ gì khi học tại các trường đại học ngành Công Thương? Thứ Tư, 18:12 22/03/2023 1094 Để hỗ trợ sinh viên, nhiều chính sách và hoạt động đã được các trường đại học ngành Công Thương đưa ra trong những năm gần đây. Gần 40 tỷ đồng để hỗ trợ sinh viên Đây là con số mà Trường Đại học Công nghiệp Thực phẩm TP. Hồ Chí Minh dành để hỗ trợ cho sinh viên trong năm học 2022-2023. TS Thái Doãn Thanh – Phó Hiệu trưởng Trường Đại học Công nghệp Thực phẩm TP. Hồ Chí Minh (HUFI) cho biết: Cùng với các hoạt động đào tạo, nghiên cứu khoa học, Nhà trường rất quan tâm đến các hoạt động hỗ trợ sinh viên. Các sinh viên tham gia học tập, rèn luyện tại trường có cơ hội nhận được các chính sách hỗ trợ toàn diện từ học bổng; miễn giảm học phí; giới thiệu việc làm; cố vấn học tập; định hướng nghề nghiệp; tư vấn sức khỏe, tâm lý… “Trong năm học 2022 – 2023 này, HUFI đã có quyết định chi gần 40 tỷ đồng học bổng và các khoản chi hỗ trợ sinh viên”- TS Thái Doãn Thanh nhấn mạnh. Trong đó hơn 20 tỷ đồng dành cho học bổng, hỗ trợ sinh viên nghèo vượt khó, còn lại cho các hoạt động như: tiếp sức sinh viên đến trường, hỗ trợ sinh viên đau ốm, tai nạn đột xuất, miễn giảm học phí cho sinh viên, khen thưởng các sinh viên có thành tích tốt trong học tập, hoạt động học thuật và nghiên cứu khoa học, huấn luyện và trải nghiệm các kỹ năng mềm... “Hoạt động hỗ trợ sinh viên của nhà trường mang tính thiết thực, có chiều sâu, phù hợp với nhu cầu và hoàn cảnh thực tế của các sinh viên. Các sinh viên HUFI đều được giới thiệu việc làm trong và sau quá trình học tập, nhờ đó hơn 90% sinh viên tốt nghiệp có việc làm phù hợp”- TS Thanh cho biết thêm. Trường Đại học Công nghiệp Thực phẩm TP Hồ Chí Minh đã có nhiều hoạt động hỗ trợ sinh viên nghiên cứu khoa học Trong khi đó Trường Đại học Công nghiệp Hà Nội thời gian qua cũng đã dành hơn 1,5 tỷ đồng để trao gần 150 suất học bổng đầu vào cho các sinh viên trúng tuyển, nhập học vào trường có thành tích, điểm xét tuyển cao. Ngoài việc thực hiện miễn,\\nnext_contents:\\n', 'content: trị kinh doanh, ngành Quản trị khách sạn có thể đăng ký theo chương trình liên kết đào tạo 2+2 giữa Đại học Công nghiệp Hà Nội với Đại học Bách khoa Quế Lâm - Trung Quốc, học 2 năm tại Đại học Công nghiệp Hà Nội và 2 năm tại Đại học Bách khoa Quế Lâm. Sinh viên hoàn thành chương trình đào tạo và đủ điều kiện tốt nghiệp được cấp 2 bằng của Đại học Công nghiệp Hà Nội và Đại học Bách khoa Quế Lâm. Học bổng: Năm 2025, Đại học Công nghiệp Hà Nội dự kiến cấp học bổng cho sinh viên đại học chính quy có kết quả xét tuyển đầu vào xuất sắc với số tiền khoảng 2 tỷ đồng; học bổng cho sinh viên có thành tích học tập xuất sắc với số tiền khoảng 10 tỷ đồng; ngoài ra còn có các loại học bổng doanh nghiệp với số tiền khoảng 30 tỷ đồng. * Tuyển sinh Đại học từ xa: Dự kiến tuyển 750 chỉ tiêu tuyển sinh đại học từ xa gồm các ngành: Ngôn ngữ Anh, Ngôn ngữ Trung Quốc, Ngôn Ngữ Hàn Quốc, Quản trị kinh doanh, Kế toán. Thông tin chi tiết sẽ được cập nhật trên Cổng thông tin tuyển sinh của Nhà trường trước ngày 15/3/2025. * Tuyển sinh Cao đẳng chính quy: Dự kiến tuyển sinh 900 chỉ tiêu vào các ngành Cao đẳng chính quy. Thông tin chi tiết sẽ được cập nhật trên Cổng thông tin tuyển sinh của Nhà trường trước ngày 15/3/2025. Nguồn: Ban VĂN HÓA - XÃ HỘI Đài Tiếng nói Việt Nam Thứ Sáu, 18:10 20/12/2024 Tags:\\nnext_contents:\\n- GD&ĐT. Thông tin chi tiết sẽ được công bố trong Đề án tuyển sinh đại học năm 2025 (dự kiến trước ngày 15/03/2025). * Danh mục ngành/chương trình đào tạo tuyển sinh năm 2025: - Chương trình đào tạo Đại học chính quy theo thời gian chuẩn 4 năm, tuyển sinh đối với thí sinh tốt nghiệp THPT, chỉ tiêu 7.990, cấp bằng Cử nhân; từ năm thứ 2 sinh viên có thể đăng ký học thêm chương trình thứ 2 nếu đủ điều kiện, sinh viên có thể được công nhận tốt nghiệp cùng một lúc 2 chương trình. Dự kiến tổ hợp mới: *A0C: Toán, Vật lý, Công nghệ. *A0T: Toán, Vật lý, Tin học. *B0C: Toán, Hóa học, Công nghệ. *D0C: Toán, Tiếng Anh, Công nghệ. *D0G: Toán, Tiếng Anh, Giáo dục kinh tế và pháp luật. Chương trình đào tạo liên thông Đại học chính quy: tuyển sinh đối với người tốt nghiệp Cao đẳng, đăng ký xét tuyển và hoàn thành các học phần còn lại của chương trình đào tạo trình độ Đại học trong khoảng từ 2 - 2,5 năm; Chỉ tiêu dự kiến 250, gồm các ngành/CTĐT: Công nghệ kỹ thuật cơ khí; Công nghệ kỹ thuật ô tô; Công nghệ kỹ thuật điện, điện tử; Công nghệ kỹ thuật điện tử - viễn thông; Công nghệ thông tin. Chương trình đào tạo cấp bằng Kỹ sư: tuyển sinh đối với người có bằng Cử nhân, đăng ký xét tuyển vào chương trình đào tạo Đại học chuyên sâu đặc thù trong khoảng 1 năm; Chỉ tiêu dự kiến 120, gồm các ngành/CTĐT: Công nghệ kỹ thuật cơ khí; Công nghệ kỹ thuật điện, điện tử; Công nghệ kỹ thuật điện tử - viễn thông. Chương trình đào tạo liên kết quốc tế: Sinh viên trúng tuyển nhập học ngành Marketing, ngành Quản trị kinh doanh, ngành Quản trị khách sạn có thể đăng ký theo chương trình liên kết đào tạo 2+2 giữa Đại học Công nghiệp Hà Nội với Đại học Bách khoa Quế Lâm - Trung Quốc, học 2 năm tại Đại học Công nghiệp Hà Nội và 2 năm tại Đại học Bách khoa Quế Lâm. Sinh viên hoàn thành chương trình đào tạo và đủ điều kiện tốt nghiệp được cấp 2 bằng của Đại học Công nghiệp Hà Nội và Đại học Bách khoa Quế Lâm. Học bổng: Năm 2025, Đại học Công nghiệp Hà Nội dự kiến cấp học bổng cho sinh viên đại học chính quy\\n']","['BƯỚC 3.1: HỒ SƠ SINH VIÊN 1. Hồ sơ sinh viên gồm: - Giấy CN tốt nghiệp THPT/THBT đối với HS tốt nghiệp năm 2024 hoặc bản sao chứng thực Bằng tốt nghiệp đối với HS tốt nghiệp từ năm 2023 về trước; Bản sao chứng thực Học bạ; Bản sao chứng thực Giấy khai sinh, bản sao chứng thực CCCD. - Đối với nam sinh viên: Giấy giới thiệu di chuyển đăng ký nghĩa vụ quân sự. - Người nhập học là Đoàn viên: Chuyển sinh hoạt đoàn về Đoàn trường ĐH Công nghiệp Hà Nội. - Người nhập học là Đảng viên: Trong thời hạn tối đa 30 ngày, đảng viên nộp trực tiếp hồ sơ đảng viên về Đảng ủy Khối các trường Đại học, Cao đẳng Hà Nội - 219 Trần Phú, Hà Đông, Hà Nội (Thời gian làm việc là sáng thứ 3, 4, 5 hàng tuần). Sau khi đã hoàn thiện thủ tục tại Đảng ủy Khối, đảng viên chuyển hồ sơ đảng viên (đã niêm phong) về Văn phòng Đảng ủy trường Đại học Công nghiệp Hà Nội để làm thủ tục tiếp nhận sinh hoạt đảng. 2. Hồ sơ mở thẻ sinh viên tích hợp: Từ năm học 2024 – 2025, Nhà trường thực hiện mở thẻ sinh viên tích hợp với thẻ ATM của Ngân hàng TMCP Công thương Việt Nam (Vietinbank). Sinh viên nộp hồ sơ mở thẻ tích hợp cùng với hồ sơ sinh viên trong “Tuần sinh hoạt công dân – sinh viên” đầu khóa (kế hoạch cụ thể xem tại mục “ Thời khóa biểu/KH học tập đầu khóa ” trên ứng dụng MyHaUI hoặc Cổng thông tin sinh viên https://sv.haui.edu.vn ). Hồ sơ mở thẻ bao gồm: - 01 Giấy đề nghị kiêm hợp đồng mở, sử dụng tài khoản thanh toán & dịch vụ ngân hàng ( sinh viên tải, in giấy đề nghị và điền các thông tin theo mẫu gửi kèm ). - 01 bản sao chứng thực Căn cước công dân. - 01 bản in xác minh thông tin thuê bao số điện thoại chính chủ sinh viên sử dụng. (Soạn tin nhắn cú pháp “TTTB SốCCCD” gửi 1414, hệ thống trả lời tin nhắn xác nhận thông tin Họ và tên, số CCCD đăng kí sử dụng thuê bao phải trùng khớp Họ tên, số CCCD của sinh viên). Tải Giấy đề nghị, Mẫu điền Giấy đề nghị và Mẫu xác minh thông tin thuê bao tại đây: https://drive.google.com/drive/folders/1eSpKnhVsjfjvlxJkp7KCACVgHr8qntG- Trường hợp cần giải đáp thắc mắc về vấn đề hồ sơ mở thẻ tích hợp, sinh viên liên hệ Thầy Lê Thanh Đức (SĐT: 0968 981 994) 3. Hồ sơ miễn, giảm học phí (Nếu có) theo các đối tượng sau: TT Đối tượng miễn, giảm học phí Hồ sơ cần nộp 1 Người có công với cách mạng hoặc cha đẻ, mẹ đẻ, vợ, chồng, con đẻ, con nuôi người có công với cách mạng. - Giấy xác nhận thân nhân người có công (Mẫu số 45 Nghị định 131/2021/NĐ-CP) 2 Là người dân tộc thiểu số rất ít người gồm (La Hủ, La Ha, Pà Thẻn, Lự, Ngái, Chứt, Lô Lô, Mảng; Cống, Cờ Lao, Bố Y; Si La; Pu Péo; Rơ Măm; BRâu, Ơ Đu). - Giấy xác nhận vùng có điều kiện KTXH khó khăn hoặc đặc biệt khó khăn. - Giấy xác nhận thông tin cư trú (mẫu CT07) có xác nhận của Công An Phường/ Xã. 3 Là người dân tộc thiểu số (không phải là người dân tộc thiểu số rất ít người). - Giấy xác nhận vùng có điều kiện KTXH đặc biệt khó khăn HOẶC giấy chứng nhận hộ nghèo/cận nghèo năm 2024. - Giấy xác nhận thông tin về cư trú (mẫu CT07) có xác nhận của Công An Phường/ Xã. 4 Có cha/mẹ bị tai nạn lao động hoặc mắc bệnh nghề nghiệp. - Bản sao chứng thực Quyết định của cha/mẹ về việc hưởng chế độ tai nạn lao động hoặc mắc bệnh nghề nghiệp. 5 Là người tàn tật, khuyết tật. - Giấy xác nhận tàn tật, khuyết tật. 6 Mồ côi cả cha và mẹ. - Quyết định về việc trợ cấp xã hội của Chủ tịch UBND cấp huyện. * Lưu ý: Trường hợp cần giải đáp thắc mắc về vấn đề hồ sơ, sinh viên liên hệ Cô Nguyễn Thị Ngọc Anh (SĐT: 0387 828 968)']","### Thông tin về hoạt động khóa và các hoạt động đoàn hội tại Trường Đại học Công nghiệp Hà Nội

1. **Hoạt động khóa**:
   - Trường Đại học Công nghiệp Hà Nội khuyến khích sinh viên tham gia các hoạt động ngoại khóa và hợp tác doanh nghiệp. Những hoạt động này nhằm mở rộng kiến thức, rèn luyện kỹ năng và tạo cơ hội tiếp xúc với thực tế ngành nghề.
   - Các hoạt động bao gồm tham quan doanh nghiệp, diễn đàn chuyên đề, hội thảo, và các buổi chia sẻ kinh nghiệm từ các chuyên gia trong ngành.

2. **Hoạt động đoàn hội**:
   - Sinh viên được khuyến khích tham gia vào các hoạt động Đoàn - Hội như hoạt động 5S, tiếp sức mùa thi, mùa hè xanh, các hoạt động tình nguyện vì cộng đồng, hiến máu nhân đạo, và các cuộc thi sáng tạo.
   - Những hoạt động này không chỉ giúp sinh viên phát triển kỹ năng mềm mà còn tạo ra môi trường giao lưu, học hỏi và kết nối giữa các sinh viên.

### Hồ sơ cần chuẩn bị để được miễn, giảm học phí cho người dân tộc Lự

- Để được miễn, giảm học phí tại Trường Đại học Công nghiệp Hà Nội, người dân tộc Lự cần chuẩn bị hồ sơ bao gồm:
  - Giấy xác nhận dân tộc từ cơ quan có thẩm quyền.
  - Hồ sơ đăng ký học tập tại trường.
  - Các giấy tờ liên quan khác theo yêu cầu của nhà trường.

Nếu bạn cần thêm thông tin chi tiết hoặc có câu hỏi khác, hãy cho tôi biết! 

Nguồn tham khảo:
- [Ngành Công nghệ kỹ thuật khuôn mẫu: Tạo dựng tương lai từ sự sáng tạo] - [**Link tham khảo**](https://www.haui.edu.vn/vn/goc-nhin-haui/nganh-cong-nghe-ky-thuat-khuon-mau-tao-dung-tuong-lai-tu-su-sang-tao/65042).
- [Dự kiến chỉ tiêu và phương thức xét tuyển các ngành thuộc Khoa CNTT - Trường Đại học Công nghiệp Hà Nội năm 2025] - [**Link tham khảo**](https://fit.haui.edu.vn/vn/thong-bao/du-kien-chi-tieu-va-phuong-thuc-xet-tuyen-cac-nganh-thuoc-khoa-cntt-truong-dai-hoc-cong-nghiep-ha-noi-nam-2025/71207).","Người dân tộc Lự cần chuẩn bị hồ sơ gồm: Giấy xác nhận vùng có điều kiện kinh tế - xã hội khó khăn hoặc đặc biệt khó khăn, và Giấy xác nhận thông tin cư trú (mẫu CT07) có xác nhận của Công An Phường/Xã.",0.8070814028973771,0.49999999995,0.07407407407407407,0.0,0.6630802154541016,12.151304960250854
Nhà trường có kế hoạch gì cho năm học 2024-2025?,"['content: dục và Đào tạo, năm 2024 là năm cuối cùng thi tốt nghiệp Trung học phổ thông và tuyển sinh đại học theo chương trình giáo dục phổ thông hiện hành. Kể từ năm 2025, các kỳ thi sẽ có những thay đổi đáng kể về nội dung và hình thức. Vì thế, việc chuẩn bị từ sớm cho các kỳ thi và lên chiến lược lựa chọn các ngành học, trường đại học đúng với sở thích, sở trường sẽ gia tăng cơ hội hoàn thành những mục tiêu trong năm nay cho các thí sinh theo học chương trình hiện nay. Hẹn gặp các bạn tại các chương trình tư vấn tuyển sinh trực tiếp và trực tuyến năm 2024 của Đại học Công nghiệp Hà Nội tại Nam Định, Hải Phòng, Hà Nội. Chúc các bạn tự tin và thành công! Chủ Nhật, 10:12 14/01/2024 Tags: Đại học Công nghiệp Hà Nội HaUI ĐHCNHN tuyển sinh tư vấn hướng nghiệp Nghệ An Thanh Hóa THPT\\nnext_contents:\\n- Rạng rỡ mùa tuyển sinh 2024 tại Nghệ An, Thanh Hóa Chủ Nhật, 10:12 14/01/2024 1762 Trong hai ngày 13 và 14/1/2024, Đại học Công nghiệp Hà Nội đã tham gia Chương trình tư vấn tuyển sinh - hướng nghiệp năm 2024 tại tỉnh Nghệ An và tỉnh Thanh Hóa. Chương trình tư vấn tuyển sinh - hướng nghiệp năm 2024 với nhiều thông tin mới, hướng dẫn cụ thể, sẽ giúp các bạn học sinh tỉnh Nghệ An và Thanh Hóa chuẩn bị tốt nhất cho kỳ tuyển sinh 2024. Hàng chục nghìn học sinh, phụ huynh và các thầy cô giáo rạng rỡ trong ngày hội tư vấn hướng nghiệp,.. Tất cả đều hứng khởi và tin tưởng vào kỳ tuyển sinh 2024 thành công. PGS.TS. Phạm Văn Bổng - Phó Hiệu trưởng tại Chương trình tư vấn tuyển sinh - hướng nghiệp năm 2024 TS. Thân Thanh Sơn - Trưởng phòng Đào tạo, trực tiếp giải đáp thắc mắc về các phương thức tuyển sinh năm 2024 của HaUI cho Thu Hòa và Đan Lê - học sinh lớp 12 Trường THPT Dân tộc Nội trú tỉnh Thanh Hóa. Đôi bạn Đinh Lâm và Thảo Lộc - học sinh lớp 12 Trường THPT Hà Huy Tập (Vinh, Nghệ An) tham khảo điểm trúng tuyển phương thức xét tuyển kết quả thi THPT các năm gần đây đối với ngành Kinh tế đầu tư Ngọc Bảo - học sinh lớp 11 Trường THPT Hermann Gmeiner (Vinh, Nghệ An) quan tâm đến điều kiện học tập ngành Khoa học máy tính tại HaUI Bội Trân - học sinh lớp 12 Trường THPT Huỳnh Thúc Kháng (Vinh, Nghệ An) hứng thú với ngành Ngôn ngữ học của HaUI. Đăng Huy - học sinh lớp 12 Trường THPT Chuyên - Trường Đại học Vinh (Nghệ An) cùng bố mẹ tìm hiểu ngành học Kế toán Theo công bố của Bộ Giáo dục và Đào tạo, năm 2024 là năm cuối cùng thi tốt nghiệp Trung học phổ thông và tuyển sinh đại học theo chương trình giáo dục phổ thông hiện hành. Kể từ năm 2025, các kỳ thi sẽ có những thay đổi đáng kể về nội dung và hình thức. Vì thế, việc chuẩn bị từ sớm cho các kỳ thi và lên chiến lược lựa chọn các ngành học, trường đại học đúng với sở thích, sở trường sẽ gia tăng cơ hội hoàn thành những mục tiêu trong năm nay cho các thí sinh theo học chương trình hiện nay. Hẹn gặp các bạn tại các chương\\n', 'content: [daibieunhandan] Năm 2025, Trường Đại học Công nghiệp Hà Nội bỏ hình thức xét tuyển học bạ Thứ Tư, 08:54 18/12/2024 62 Điểm mới trong tuyển sinh đại học chính quy năm 2025 của Trường Đại học Công nghiệp Hà Nội là bỏ hình thức xét tuyển học bạ, chỉ áp dụng 5 phương thức tuyển sinh. Trường Đại học Công nghiệp Hà Nội cho biết, năm 2025, dự kiến tuyển 7.990 chỉ tiêu cho 62 ngành/chương trình đào tạo đại học chính quy theo 5 phương thức tuyển sinh (trong đó có 10 chương trình đào tạo bằng Tiếng Anh). Cụ thể, các phương thức tuyển sinh gồm: Phương thức 1 (PT1): Xét tuyển thẳng theo quy định của Bộ GD-ĐT (không giới hạn chỉ tiêu). Phương thức 2 (PT2): Xét tuyển theo điểm chứng chỉ quốc tế/giải học sinh giỏi kết hợp với điểm tổng kết học bạ cả năm lớp 10,11,12 của 3 môn theo tổ hợp xét tuyển (chỉ tiêu dự kiến 10%). Phương thức 3 (PT3): Xét tuyển dựa trên kết quả thi tốt nghiệp THPT năm 2025 (chỉ tiêu dự kiến 80%). Phương thức 4 (PT4): Xét tuyển dựa trên kết quả thi đánh giá năng lực năm 2025 do ĐH Quốc gia Hà Nội tổ chức kết hợp với điểm tổng kết học bạ cả năm lớp 10,11,12 của 3 môn theo tổ hợp xét tuyển (chỉ tiêu dự kiến 5%). Phương thức 5 (PT5): Xét tuyển dựa trên kết quả thi đánh giá tư duy năm 2025 do Đại học Bách khoa Hà Nội tổ chức kết hợp với điểm tổng kết học bạ cả năm lớp 10,11,12 của 3 môn theo tổ hợp xét tuyển (chỉ tiêu dự kiến 5%). Đối với phương thức 2,4,5, thí sinh đăng ký trên cổng https://xettuyen.haui.edu.vn dự kiến từ tháng 5.2025 để có dữ liệu đưa vào hệ thống xét tuyển và lọc ảo theo kế hoạch chung của Bộ GD-ĐT. Sinh viên Trường Đại học Công nghiệp Hà Nội (Ảnh: FBNT) Cũng từ năm 2025, Trường Đại học Công nghiệp Hà Nội dự kiến xét tuyển các tổ hợp mới như A0C (Toán, Vật lý, Công nghệ), A0T (Toán, Vật lý, Tin học), B0C (Toán, Hóa học, Công nghệ), D0C (Toán, Tiếng Anh, Công nghệ), D0G (Toán, Tiếng Anh, Giáo dục kinh tế và pháp luật). Trước đó, năm 2024, Trường Đại học Công nghiệp Hà Nội tuyển 52 ngành/chương trình đào tạo đại học chính quy theo 6 phương\\nnext_contents:\\n', 'content: [danviet] Sôi động mùa tuyển sinh 2024: Các trường tăng chỉ tiêu, mở ngành mới Thứ Hai, 07:15 18/03/2024 211 Thí sinh tham dự xét tuyển đại học năm 2024 có cơ hội trúng tuyển cao khi nhiều trường cho biết sẽ tăng chỉ tiêu tuyển sinh, mở thêm ngành mới ""hot"". Nhiều trường tăng chỉ tiêu, mở ngành mới trong năm 2024 Chia sẻ với PV báo Dân Việt về những điểm mới trong tuyển sinh năm 2024, Ths Nguyễn Quang Trung, Phó trưởng phòng Tuyển sinh và Truyền thông, Trường Đại học Thương mại, cho biết: ""Tổng chỉ tiêu tuyển sinh đại học chính quy của Trường Đại học Thương mại năm 2024 là 4.950, tăng 50 chỉ tiêu so với năm 2023 và có sự điều chỉnh chỉ tiêu giữa các ngành. Hiện trường có 38 chương trình đào tạo, trong đó 27 chương trình đào tạo chuẩn, 3 chương trình đào tạo định hướng nghề nghiệp và đặc biệt ưu tiên chỉ tiêu cho 8 chương trình đào tạo định hướng chuyên sâu nghề nghiệp quốc tế (IPOP) bắt đầu tuyển sinh từ năm 2024. Các chương trình IPOP có tính thực tiễn, tính toàn diện, đáp ứng nhu cầu xã hội trong bối cảnh hội nhập quốc tế, sinh viên có cơ hội việc làm phù hợp với lĩnh vực đào tạo ngay khi còn học ở giảng đường và sau khi tốt nghiệp. 8 chương trình đào tạo theo IPOP là Quản trị kinh doanh; Marketing thương mại; Kế toán tích hợp chứng chỉ quốc tế; Logistics và xuất nhập khẩu; Thương mại quốc tế; Tài chính – Ngân hàng thương mại; Quản trị nhân lực doanh nghiệp; Quản trị khách sạn"". Thí sinh quan tâm đến nhiều ngành hot tại Trường Đại học Thương mại. Ảnh: Tào Nga Cũng theo Ths Trung, năm 2024, Trường Đại học Thương mại giữ ổn định các phương thức tuyển sinh đại học chính quy như năm 2023, có điều chỉnh kỹ thuật nhằm tạo điều kiện thuận lợi và tăng cơ hội xét tuyển cho thí sinh. Các phương thức bao gồm: Xét tuyển thẳng, ưu tiên xét tuyển; Xét tuyển theo kết quả thi tốt nghiệp THPT năm 2024; Xét tuyển theo kết quả học tập cấp THPT đối với thí sinh trường chuyên/trọng điểm quốc gia; Xét tuyển theo kết quả thi đánh giá năng lực, đánh giá tư duy; Xét tuyển kết hợp chứng\\nnext_contents:\\n', 'content: [vietnamnet] Trường ĐH Công nghiệp Hà Nội bỏ phương thức xét tuyển chỉ bằng học bạ Thứ Ba, 19:19 17/12/2024 17 Một trong những điểm mới trong tuyển sinh đại học chính quy năm 2025 của Trường ĐH Công nghiệp Hà Nội là không còn phương thức xét tuyển chỉ thuần bằng học bạ. Trường ĐH Công nghiệp Hà Nội cho biết, năm 2025, dự kiến tuyển 7.990 chỉ tiêu cho 62 ngành/chương trình đào tạo đại học chính quy theo 5 phương thức tuyển sinh (trong đó có 10 chương trình đào tạo bằng Tiếng Anh). Cụ thể, các phương thức tuyển sinh gồm: - Phương thức 1 (PT1): Xét tuyển thẳng theo quy định của Bộ GD-ĐT (không giới hạn chỉ tiêu). - Phương thức 2 (PT2): Xét tuyển theo điểm chứng chỉ quốc tế/giải học sinh giỏi kết hợp với điểm tổng kết học bạ cả năm lớp 10,11,12 của 3 môn theo tổ hợp xét tuyển (chỉ tiêu dự kiến 10%). - Phương thức 3 (PT3): Xét tuyển dựa trên kết quả thi tốt nghiệp THPT năm 2025 (chỉ tiêu dự kiến 80%). - Phương thức 4 (PT4): Xét tuyển dựa trên kết quả thi đánh giá năng lực năm 2025 do ĐH Quốc gia Hà Nội tổ chức kết hợp với điểm tổng kết học bạ cả năm lớp 10,11,12 của 3 môn theo tổ hợp xét tuyển (chỉ tiêu dự kiến 5%). - Phương thức 5 (PT5): Xét tuyển dựa trên kết quả thi đánh giá tư duy năm 2025 do ĐH Bách khoa Hà Nội tổ chức kết hợp với điểm tổng kết học bạ cả năm lớp 10,11,12 của 3 môn theo tổ hợp xét tuyển (chỉ tiêu dự kiến 5%). Đối với phương thức 2, 4, 5 thí sinh đăng ký trên cổng https://xettuyen.haui.edu.vn dự kiến từ tháng 5/2025 để có dữ liệu đưa vào hệ thống xét tuyển và lọc ảo theo kế hoạch chung của Bộ GD-ĐT. Như vậy, so với năm 2024, Trường ĐH Công nghiệp Hà Nội dự kiến bỏ phương thức xét tuyển chỉ thuần bằng học bạ THPT. Nhà trường cho biết, thông tin chi tiết sẽ được công bố trong Đề án tuyển sinh đại học năm 2025, dự kiến trước ngày 15/3/2025. Danh mục ngành/chương trình đào tạo Trường ĐH Công nghiệp Hà Nội tuyển sinh năm 2025 như sau: Chương trình đào tạo liên thông đại học chính quy: tuyển sinh đối với người tốt nghiệp cao đẳng, đăng ký xét tuyển và hoàn\\nnext_contents:\\n', 'content: [danviet] Công bố một số điểm mới trong tuyển sinh năm 2025 gây chú ý, Trường ĐH Công nghiệp Hà Nội nói gì? Thứ Tư, 17:34 18/12/2024 32 Theo TS Thân Thanh Sơn, Trưởng phòng Đào tạo của Trường Đại học Công nghiệp Hà Nội, năm 2025, trường có một số điều chỉnh về phương thức tuyển sinh, tổ hợp xét tuyển và tổ chức xét tuyển. Chia sẻ với PV báo Dân Việt, TS Thân Thanh Sơn, Trưởng phòng Đào tạo của Trường Đại học Công nghiệp Hà Nội cho biết, trường vừa công bố phương án dự kiến tuyển sinh đại học chính quy năm 2025. Theo đó, nhà trường sử dụng 5 phương thức xét tuyển như đã thông báo (so với 2024 bỏ phương thức xét tuyển chỉ dựa trên kết quả học tập ở bậc THPT, thay vào đó kết hợp kết quả học tập cả năm lớp 10,11,12 của các môn trong tổ hợp xét tuyển với điểm của các kỳ thi đánh giá khác). Về tổ hợp xét tuyển, trường bổ sung một số tổ hợp xét tuyển có các môn mới theo chương trình giáo dục THPT 2018 như A0C (Toán, Lý, Công nghệ), A0T (Toán, Lý, Tin học), B0C (Toán, Hoá, Công nghệ), D0C (Toán, Tiếng Anh, Công nghệ), D0G (Toán, Tiếng Anh, Giáo dục kinh tế và Pháp luật). Về tổ chức xét tuyển, nhà trường không xét tuyển sớm mà xét tuyển tất cả các phương thức theo kế hoạch xét tuyển chung của Bộ GDĐT. Điểm xét, điểm trúng tuyển của các phương thức quy đổi tương đương về một thang điểm chung, thí sinh được xét chọn bình đẳng theo điểm xét quy đổi tương đương, không phân biệt phương thức theo như dự thảo quy chế tuyển sinh 2025 của Bộ GDĐT. Trường Đại học Công nghiệp Hà Nội có một số điểm mới trong tuyển sinh năm 2025. Ảnh chụp ngày hội tư vấn tuyển sinh: Tào Nga TS Thanh Sơn lý giải sự thay đổi này: ""Căn cứ vào mục tiêu đào tạo của nhà trường, chương trình giáo dục THPT 2018, dự thảo quy chế tuyển sinh 2025 của Bộ GDĐT, nhà trường đã dự kiến các thay đổi như trên. Thay đổi này vừa có tính kế thừa các phương thức tuyển sinh đang sử dụng trong các năm gần đây, vừa sử dụng kết hợp được các kiến thức thí sinh đã tích lũy được theo chương trình giáo dục THPT 2018, đồng thời đáp\\nnext_contents:\\n']","['BƯỚC 3.2: THAM GIA TUẦN SINH HOẠT CÔNG DÂN VÀ THỰC HIỆN KẾ HOẠCH HỌC TẬP HỌC KỲ I NĂM HỌC 2024-2025 Thực hiện kế hoạch học tập năm học 2024-2025 được đăng tải trên ứng dụng MyHaUI hoặc cổng thông tin sinh viên https://sv.haui.edu.vn của Nhà trường. Thứ Tư, 15:27 04/09/2024 Tags:']","Trường Đại học Công nghiệp Hà Nội có nhiều hoạt động khóa và các hoạt động đoàn hội nhằm nâng cao đời sống sinh viên và phát triển kỹ năng mềm. Dưới đây là một số thông tin liên quan đến kế hoạch cho năm học 2024-2025:

### Hoạt động khóa và đoàn hội
- **Các hoạt động đoàn hội**: Trường thường xuyên tổ chức các hoạt động ngoại khóa, hội thảo, và các chương trình giao lưu nhằm tạo cơ hội cho sinh viên phát triển kỹ năng và kết nối với nhau.
- **Kỷ niệm các sự kiện**: Nhà trường tổ chức các lễ kỷ niệm, như kỷ niệm 20 năm thành lập các khoa, nhằm tôn vinh những đóng góp của giảng viên và sinh viên, đồng thời thúc đẩy tinh thần đoàn kết.

### Kế hoạch năm học 2024-2025
- **Nhiệm vụ trọng tâm**: Nhà trường sẽ tiếp tục thực hiện các nhiệm vụ và giải pháp trọng tâm trong giáo dục và đào tạo, bao gồm việc đổi mới nội dung và phương thức giảng dạy.
- **Đảm bảo chất lượng giáo dục**: Tăng cường các hoạt động giáo dục chính trị, tư tưởng, và đạo đức cho sinh viên, nhằm tạo ra những thế hệ sinh viên có trình độ chuyên môn cao và lòng yêu nước.
- **Hỗ trợ sinh viên**: Cấp học bổng cho sinh viên thủ khoa và á khoa nhằm khuyến khích học tập và nghiên cứu.

Nhà trường cũng sẽ tổ chức các chương trình tư vấn tuyển sinh và hướng nghiệp để giúp sinh viên chuẩn bị tốt cho kỳ thi và lựa chọn ngành học phù hợp.

Để biết thêm thông tin chi tiết, bạn có thể tham khảo tài liệu từ Bộ Giáo dục và Đào tạo hoặc trang web chính thức của trường. 

Nguồn tham khảo:
- [12 nhiệm vụ, giải pháp trọng tâm năm học 2024-2025 của ngành Giáo dục](https://www.haui.edu.vn/vn/su-kien/12-nhiem-vu-giai-phap-trong-tam-nam-hoc-2024-2025-cua-nganh-giao-duc/65418) - [**Link tham khảo**](https://www.haui.edu.vn/vn/su-kien/12-nhiem-vu-giai-phap-trong-tam-nam-hoc-2024-2025-cua-nganh-giao-duc/65418).

Nếu bạn có thêm câu hỏi hoặc cần thông tin chi tiết hơn, hãy cho tôi biết!",Nhà trường đã đăng tải kế hoạch học tập năm học 2024-2025 trên ứng dụng MyHaUI hoặc cổng thông tin sinh viên https://sv.haui.edu.vn.,0.8857403274206727,0.9999999999,0.1111111111111111,0.0,0.7201130390167236,8.536025047302246
AR/VR có vai trò gì trong cuộc thi DENSO Factory Hacks 2024?,"['content: Sinh viên Khoa Công nghệ thông tin đạt Top 10 dự án xuất sắc Cuộc thi Công nghệ Denso Factory Hacks năm 2024 Khởi động từ cuối tháng 8/2024, cuộc thi DENSO Factory Hacks 2024 là cuộc thi dành cho cộng đồng đam mê công nghệ, đưa ra ý tưởng giải quyết bài toán trong lĩnh vực sản xuất, thiết kế và vận hành trong nhà máy bằng các công nghệ cốt lõi như dữ liệu, trí tuệ nhân tạo, thực tế ảo (AR/VR), Internet of things, Cloud, Security,... Xuất sắc vượt qua Vòng Đánh giá ý tưởng và tiến vào vòng thuyết trình dự án, đội thi sinh viên Khoa Công nghệ thông tin Trường Đại học Công Nghiệp Hà Nội đã đạt được Top 10 Dự án xuất sắc “Hệ thống tra cứu sửa chữa và cảnh báo sự cố thông minh” Chúc cho đội thi sẽ vượt qua vòng 2 và lọt vào Top 5 phát triển hoàn thiện các ý tưởng, sản phẩm và trình bày tại vòng chung kết dự kiến tổ chức vào ngày 29/11/2024. Thứ Năm, 14:37 03/10/2024 Tags:\\nnext_contents:\\n', 'content: Workshop online ""Lập trình viên hiện đại với Microservices và Devops"" Microservice và DevOps đang là những xu hướng nổi bật, mở ra lộ trình mới cho những ai muốn phát triển mạnh trong sự nghiệp về CNTT, theo kịp sự phát triển của công nghệ hiện đại… Được các ""ông lớn"" như Google, Netflix, Amazon ứng dụng rộng rãi, Microservice và DevOps không chỉ giúp tối ưu hóa hiệu suất, mà còn đem lại sự linh hoạt và tự động hóa tối đa cho hệ thống. Dựa trên nhu cầu này, VTI Academy - đơn vị đào tạo và phát triển nguồn nhân lực hàng đầu trực thuộc tập đoàn công nghệ VTI tổ chức sự kiện “Lập trình hiện đại với Microservice và DevOps”. Timeline chương trình: - Thời gian: 19h30 - 21h30, Thứ 6, ngày 08/11/2024 - Hình thức: Online qua Zoom - Link đăng ký: https://forms.gle/woMXyhbvdfkUHZt16 Các nội dung chính sẽ có trong chương trình: - Từ mô hình Monolithic tới Microservice trong phát triển phần mềm - Xu hướng hiện đại trong phát triển phần mềm với Microservice và DevOps - Nhu cầu nhân sự lập trình cao với Microservice và DevOps - Lộ trình tiếp cận/học tập Sự kiện có sự tham gia của : - Anh Nguyễn Quyết - CEO VTI Academy, chuyên gia CNTT. Anh Quyết đã có hơn 15 năm kinh nghiệm trong ngành ở nhiều vị trí khác nhau tại các công ty lớn về IT như: FPT, CMC, VTI... - Thạc sĩ Phạm Quang Vượng - Giảng viên khoa Điện - Điện tử, Trường ĐH Phenikaa. Anh Vượng cũng đã có kinh nghiệm 10 năm xây dựng và triển khai các ứng dụng quản lý giáo dục và sàn giao dịch việc làm, 5 năm quản lý kỹ thuật và tư vấn xây dựng mô hình chuyển đổi số trong lĩnh vực giáo dục.. Sự kiện là không gian bổ ích để sinh viên được tiếp cận với lập trình theo góc nhìn doanh nghiệp, trực tiếp gặp gỡ là giao lưu với các chuyên gia CNTT hàng đầu. Thứ Năm, 08:03 31/10/2024 Tags:\\nnext_contents:\\n', 'content: [congnghevadoisong] OLP’24 - Procon - ICPC Asia Hanoi: Việt Nam giành 2 Huy chương Vàng tại ICPC Asia Hanoi 2024 Thứ Sáu, 21:47 13/12/2024 35 Olympic Tin học Sinh viên Việt Nam lần thứ 33 (OLP’24), Procon và Kỳ thi lập trình sinh viên quốc tế ICPC Asia Hanoi 2024 do Trường Đại học Công nghiệp Hà Nội đăng cai tổ chức từ 10 - 13/12 đã thành công tốt đẹp. Chung cuộc, Vô địch Siêu CUP OLP’24 thuộc về Nguyễn Đức Thắng (Trường Đại học Kinh tế Quốc dân Hà Nội). Đội tuyển HCMUS-AtCoder đến từ Đại học Khoa học tự nhiên - ĐHQG TP.HCM là đội có rank cao nhất của Việt Nam và ngôi Vô địch ICPC Asia Hanoi 2024 thuộc về đội fruit_advantages (Đại học Quốc gia Đài Loan). Diễn ra xuyên suốt 32 năm, Olympic Tin học Sinh viên Việt Nam được đánh giá là cuộc thi sôi động, thiết thực với sinh viên các trường Đại học & Cao đẳng, qua đó phát hiện sớm các tài năng trí tuệ của lớp trẻ Việt Nam bổ sung nguồn lực CNTT-TT chất lượng cao phục vụ công cuộc Chuyển đổi số và công nghiệp hoá - hiện đại hoá đất nước. Năm nay, cuộc thi vinh dự nhận được sự chỉ đạo và hỗ trợ của Bộ Giáo dục và Đào tạo, Bộ Thông tin & Truyền thông, Bộ Khoa học và Công nghệ, Liên hiệp các hội Khoa học và Kỹ thuật Việt Nam, Trung ương Đoàn Thanh niên Cộng sản Hồ Chí Minh và các ban ngành, đoàn thể TP Hà Nội. Hội đồng giám khảo do PGS.TS. Nhà giáo nhân dân Hồ Sĩ Đàm chủ trì vẫn tiếp tục khẳng định Hội đồng giám khảo thi lập trình hàng đầu Việt Nam. Ngoài ra, còn có PGS.TS Đỗ Phan Thuận, Phó Chủ tịch Hồi đồng giám khảo; ông Lê Đôn Khuê, Phó Giám đốc ICPC Vietnam, Thành viên HĐGK; PGS.TS Ngô Hồng Sơn, Chủ tịch HĐGK nội dung Phần mềm nguồn mở; ông Dương Lê Minh, Chủ tịch HĐGK PROCON Việt Nam; ông Trần Quang Lộc, Chủ tịch Hội đồng chọn đề ICPC; ông Lê Duy Thức, Giám đốc phụ trách Hệ thống thi và các Thầy cô, chuyên gia HĐGK. Toàn cảnh buổi lễ. Bên cạnh đó, kỳ thi còn nhận được sự hỗ trợ của toàn xã hội, nhiều doanh nghiệp đã đồng hành và tài trợ các giải thưởng cho sinh viên đoạt giải như: Công ty Pendle, Tập đoàn Viettel,\\nnext_contents:\\n', 'content: Frontend (Angular/ ReactJS…); Hưởng các chính sách như: Hỗ trợ thi các chứng chỉ chuyên nghiệp quốc tế (OCA/PMP…), hỗ trợ mua nhà, bảo hiểm FPT care… - Cơ hội phát triển bản thân và làm việc cùng các chuyên gia giỏi nhất của FPT Software và khách hàng lớn đến từ Mỹ, Pháp, Singapore, Nhật Bản… - Tiếp cận với những công nghệ tiên tiến hàng đầu về Web, phát triển kỹ năng mềm & định hướng nghề nghiệp, tư vấn bí quyết thành công từ các chuyên gia. - Trải nghiệm văn hóa đặc trưng, môi trường làm việc hiện đại bậc nhất Việt Nam tại các Campus của FPT Software. Vui lòng click “Ứng tuyển” để gửi CV! LIÊN HỆ CHUNG CHO TẤT CẢ CÁC VỊ TRÍ: - Email : FA.HN@fpt.com / ThaoLT16@fpt.com - SĐT : 0969125248 - Fanpage : FPT Software Academy - Website : https://fpt.thinhns.com/ Thứ Tư, 08:48 03/04/2024 Tags:\\nnext_contents:\\n- FXCop), Unit Test (Nunit), kiểm tra chất lượng dự án. Luyện tập kỹ năng code trong dự án với các chuyên gia công nghệ & lập trình viên nhiều năm kinh nghiệm. Cơ hội tham gia và trở thành trở thành “key member” trong các siêu dự án của FPT Software trong các lĩnh vực: Vận tải Logistic, Hàng không, Thương mại điện tử và Chăm sóc sức khỏe với công nghệ hiện đại về Web, Cloud/AWS…và đội ngũ chuyên gia giàu kinh nghiệm. YÊU CẦU - Là sinh viên đã/sắp tốt nghiệp chuyên ngành Công nghệ thông tin, Toán tin, Khoa học máy tính, Kỹ thuật phần mềm, Điện tử viễn thông… hoặc các chuyên ngành có liên quan. - Nắm vững kiến thức cơ bản về Lập trình hướng đối tượng và C#/.Net. - Có thể tham gia đào tạo/làm việc Full-time từ thứ 2 – thứ 6. - Ham học hỏi, máu lửa, nhiệt huyết, sẵn sàng chinh chiến đối đầu với thử thách khó khăn tại các dự án phần mềm lớn. - Tuân thủ kỷ luật & có trách nhiệm với công việc. - Ưu tiên ứng viên có khả năng đọc hiểu tiếng Anh tốt. QUYỀN LỢI - Được nhận học bổng đào tạo lên đến 250% học phí (tương đương trợ cấp đào tạo toàn khóa học lên đến 20.000.000VND/khóa) tùy theo mức độ đóng góp và kết quả đào tạo. - Sau khi kết thúc đào tạo tại FSOFT Academy: Tham gia làm việc tại các dự án với mức thu nhập hấp dẫn tương xứng với kỹ năng và kinh nghiệm của bạn, trung bình từ 8.000.000 VNĐ – 15.000.000 VNĐ/tháng. Thu nhập trung bình 1 năm từ 13-18 tháng lương, tùy theo kết quả đào tạo và làm việc. Được đào tạo thêm các kiến thức về các công nghệ mới như: Cloud (AWS/ Azure…), DevOps; Frontend (Angular/ ReactJS…); Hưởng các chính sách như: Hỗ trợ thi các chứng chỉ chuyên nghiệp quốc tế (OCA/PMP…), hỗ trợ mua nhà, bảo hiểm FPT care… - Cơ hội phát triển bản thân và làm việc cùng các chuyên gia giỏi nhất của FPT Software và khách hàng lớn đến từ Mỹ, Pháp, Singapore, Nhật Bản… - Tiếp cận với những công nghệ tiên tiến hàng đầu về Web, phát triển kỹ năng mềm & định hướng nghề nghiệp, tư vấn bí quyết thành công từ các chuyên gia. - Trải nghiệm văn hóa đặc trưng, môi trường làm\\n', 'content: [brandsvietnam] Cuộc Thi Marketing Journey 2024 - Pioneering: Đấu Trường Marketing Mới Dành Cho Các Marketers Trẻ Thứ Bảy, 08:14 08/06/2024 180 “Marketing Journey” là cuộc thi Marketing thực tế dành cho các bạn sinh viên được tổ chức và thực hiện dưới sự chỉ đạo của Khoa Quản lý kinh doanh, LCĐ - LCH SV Khoa QLKD, Bộ môn Quản trị Marketing và Câu lạc bộ Marketing MC8. Với sứ mệnh mang đến kiến thức chuyên môn, tiếp cận thực tiễn doanh nghiệp trong lĩnh vực Marketing và truyền thông, cuộc thi sẽ là một sân chơi bổ ích, kích thích kỹ năng tư duy, sáng tạo cho sinh viên có chung niềm đam mê với Marketing, là nơi để các bạn có thể bùng nổ và tỏa sáng với những ý tưởng của mình. “Marketing Journey 2024” với năm đầu tổ chức, hứa hẹn sẽ là một nét chấm phá mang dấu ấn khác biệt trên bản đồ các đấu trường danh vọng của các Marketers trẻ, tạo dựng uy tín trong cộng đồng sinh viên trong và ngoài trường, nơi trao giá trị trải nghiệm thực tiễn dành cho các bạn. ĐỐI TƯỢNG DỰ THI 1. Đối tượng dự thi phải thuộc đối tượng sau: Đội dự thi bao gồm 03 thành viên, là công dân Việt Nam, trong độ tuổi từ 18-24. Là sinh viên đang theo học tại các trường cao đẳng, đại học, và có niềm đam mê với lĩnh vực Marketing. 2. Mỗi cá nhân chỉ được đăng ký dự thi cùng tối đa 01 đội thi: Sau thời gian này, nếu một thí sinh đăng ký dự thi cùng nhiều hơn một nhóm, thì sẽ được coi là không hợp lệ. Ban Tổ chức có quyền loại bỏ tư cách dự thi của thí sinh và đội thi tương ứng. 3. Thí sinh tham dự “Marketing Journey” không được phép thuộc các nhóm sau: Thành viên Ban tổ chức của “Marketing Journey” Thành viên Ban Giám khảo, Ban Cố vấn của “Marketing Journey” Thí sinh dự thi Chung kết “Marketing Journey” (Top 06 Round 2) mùa trước. CƠ CẤU VÒNG THI Cuộc thi Marketing Journey 2024 chính thức khởi động từ ngày 12/05/2024 đến 21/06/2024 với 3 vòng thi chính như sau: Vòng 1: “Planning” – Từ 21/05/2024 đến 29/05/2024 Các đội thi sẽ thực hiện lên ý tưởng lập kế hoạch truyền thông tích hợp thông qua đề bài từ Nhà\\nnext_contents:\\n']","['DENSO Factory Hacks 2024 Ti·∫øp n·ªëi th√†nh c√¥ng c·ªßa cu·ªôc thi DENSO Factory Hacks nƒÉm 2023, nƒÉm nay cu·ªôc DENSO Factory Hacks nƒÉm th·ª© 2 ch√≠nh th·ª©c tr·ªü l·∫°i, ti·∫øp n·ªëi th√†nh c√¥ng c·ªßa m√πa gi·∫£i ƒë·∫ßu ti√™n v√†o nƒÉm 2023. FPT Software v√† DENSO Vi·ªát Nam ti·∫øp t·ª•c ƒë·ªìng h√†nh v·ªõi th·∫ø h·ªá GenZ y√™u c√¥ng ngh·ªá, mang l·∫°i tr·∫£i nghi·ªám m·ªõi m·∫ª nh∆∞ng ƒë·∫ßy th√°ch th·ª©c cho t√†i nƒÉng tr·∫ª chinh ph·ª•c, khai ph√≥ng kh·∫£ nƒÉng s√°ng t·∫°o trong lƒ©nh v·ª±c s·∫£n xu·∫•t, nh√† m√°y th√¥ng minh. Cu·ªôc thi DENSO Factory Hacks ƒë∆∞·ª£c t·ªï ch·ª©c l·∫ßn ƒë·∫ßu ti√™n v√†o nƒÉm 2023, ƒë√£ thu h√∫t g·∫ßn 800 th√≠ sinh ƒëƒÉng k√Ω tham d·ª±, ƒë·∫øn t·ª´ 32 tr∆∞·ªùng ƒê·∫°i h·ªçc/ H·ªçc vi·ªán/Cao ƒë·∫≥ng tr√™n to√†n qu·ªëc. √ù t∆∞·ªüng c·ªßa ƒë·ªôi v√¥ ƒë·ªãch (""Gi·∫£i ph√°p s·ªë h√≥a d·ªØ li·ªáu analog"") ƒë√£ ƒë∆∞·ª£c ƒë·∫ßu t∆∞ ƒë·ªÉ ti·∫øp t·ª•c ph√°t tri·ªÉn v√† th∆∞∆°ng m·∫°i h√≥a. D·ª± ki·∫øn gi·∫£i ph√°p n√†y s·∫Ω √°p d·ª•ng tr√™n to√†n b·ªô 75 d√¢y chuy·ªÅn c·ªßa nh√† m√°y DENSO t·ª´ 2/2025. DENSO Factory Hacks 2024 ti·∫øp t·ª•c t√¨m ki·∫øm c√°c √Ω t∆∞·ªüng gi·∫£i quy·∫øt c√°c b√†i to√°n trong nh√† m√°y v·ªõi t·ªïng gi√° tr·ªã gi·∫£i th∆∞·ªüng l√™n ƒë·∫øn 250 tri·ªáu ƒë·ªìng . ƒê·ªëi t∆∞·ª£ng tham gia cu·ªôc thi kh√° m·ªü, bao g·ªìm: Sinh vi√™n, c·ª±u sinh vi√™n, c√°n b·ªô gi·∫£ng vi√™n, c√°c nh√≥m nghi√™n c·ª©u, c√°c nh√¢n s·ª± trong ng√†nh c√¥ng ngh·ªá ‚Ä¶ CHI TI·∫æT V·ªÄ CU·ªòC THI: \\uf8ffüöÄ DENSO Factory Hacks 2024 - Cu·ªôc thi c√¥ng ngh·ªá v·ªõi t·ªïng gi·∫£i th∆∞·ªüng l√™n t·ªõi 250 tri·ªáu VNƒê \\uf8ffüí° ""DENSO Factory Hacks 2024"" l√† cu·ªôc thi d√†nh cho c·ªông ƒë·ªìng ƒëam m√™ c√¥ng ngh·ªá, ƒë∆∞a ra √Ω t∆∞·ªüng gi·∫£i quy·∫øt b√†i to√°n trong lƒ©nh v·ª±c s·∫£n xu·∫•t, thi·∫øt k·∫ø v√† v·∫≠n h√†nh trong nh√† m√°y b·∫±ng c√°c c√¥ng ngh·ªá c·ªët l√µi nh∆∞ d·ªØ li·ªáu, tr√≠ tu·ªá nh√¢n t·∫°o, th·ª±c t·∫ø ·∫£o (AR/VR), Internet of things, Cloud, Security,... \\uf8ffüèÖ Tham gia cu·ªôc thi, c√°c b·∫°n s·∫Ω ƒë∆∞·ª£c h∆∞·ªõng d·∫´n - tr·∫£i nghi·ªám tr·ª±c quan t·∫°i nh√† m√°y s·∫£n xu·∫•t c·ªßa DENSO Vi·ªát Nam v√† l√†m vi·ªác trao ƒë·ªïi c√πng c√°c chuy√™n gia h√†ng ƒë·∫ßu c·ªßa FPT & DENSO ƒë·ªÉ ƒë∆∞a ra c√°c √Ω t∆∞·ªüng gi·∫£i quy·∫øt c√°c b√†i to√°n trong nh√† m√°y, ƒë·ªìng th·ªùi c√≥ c∆° h·ªôi nh·∫≠n gi·∫£i th∆∞·ªüng v·ªõi t·ªïng tr·ªã gi√° l√™n t·ªõi 250 tri·ªáu ƒë·ªìng . \\uf8ffüë§ ƒê·ªêI T∆Ø·ª¢NG D·ª∞ THI - Sinh vi√™n c√°c ng√†nh k·ªπ thu·∫≠t (C√¥ng ngh·ªá th√¥ng tin, ƒêi·ªán t·ª≠ vi·ªÖn th√¥ng, ƒêi·ªÅu khi·ªÉn & t·ª± ƒë·ªông h√≥a, To√°n tin, C∆° ƒëi·ªán t·ª≠‚Ä¶) c√≥ ƒëam m√™ c√¥ng ngh·ªá v√† y√™u th√≠ch s√°ng t·∫°o. - C√°c nh√≥m nghi√™n c·ª©u t·∫°i c√°c tr∆∞·ªùng ƒë·∫°i h·ªçc, h·ªçc vi·ªán. - Nh√¢n s·ª± c·ªßa c√°c doanh nghi·ªáp quan t√¢m lƒ©nh v·ª±c s·∫£n xu·∫•t, nh√† m√°y. C∆† C·∫§U GI·∫¢I TH∆Ø·ªûNG \\uf8ffü•á01 Qu√°n Qu√¢n: 100.000.000 VND Ô∏è\\uf8ffü•àÔ∏è01 √Å Qu√¢n: 50.000.000 VND \\uf8ffü•â01 Qu√Ω Qu√¢n: 30.000.000 VND \\uf8ffüèÖ02 Gi·∫£i tri·ªÉn v·ªçng: 10.000.000 VND \\uf8ffü™ô Top 10 ƒë·ªôi thi s·∫Ω ƒë∆∞·ª£c h·ªó tr·ª£ kinh ph√≠ 5M/ƒë·ªôi ƒë·ªÉ ph√°t tri·ªÉn c√°c s·∫£n ph·∫©m gi·∫£i ph√°p \\uf8ffüìå L·ªò TR√åNH CU·ªòC THI (d·ª± ki·∫øn) \\uf8ffüîµ V√≤ng 1: ƒêƒÉng k√Ω & √ù t∆∞·ªüng 26/08 - 17/09: M·ªü ƒë∆°n ƒëƒÉng k√Ω tham gia cu·ªôc thi 12/09: Workshop1: Online Mini Bootcamp 19/09: Bootcamp v√† Factory Tour 1: Tham quan th·ª±c ƒë·ªãa nh√† m√°y DENSO 24/09 - 26/09: N·ªôp √Ω t∆∞·ªüng & ƒê√°nh gi√° √Ω t∆∞·ªüng d·ª± √°n online \\uf8ffüü¢ V√≤ng 2: X√¢y d·ª±ng gi·∫£i ph√°p - Top 10 ƒë·ªôi thi 03/10: Factory Tour 2: Tham quan v√† kh·∫£o s√°t chi ti·∫øt t·∫°i Nh√† m√°y DENSO 03/10: Tr√¨nh b√†y d·ª± √°n & b·∫£o v·ªá gi·∫£i ph√°p v·ªõi Ban Gi√°m kh·∫£o \\uf8ffüî¥ V√≤ng 3: Ph√°t tri·ªÉn d·ª± √°n v√† Chung k·∫øt - Top 5 ƒë·ªôi thi xu·∫•t s·∫Øc nh·∫•t 14/10: Factory Tour 3: Th·ª±c nghi·ªám hi·ªán tr∆∞·ªùng nh√† m√°y DENSO 29/11: V√≤ng Chung k·∫øt v√† L·ªÖ trao gi·∫£i ‚úÖ TH·ªÇ L·ªÜ CU·ªòC THI \\uf8ffüî∏ M·ªói ƒë·ªôi thi t·ªëi ƒëa g·ªìm 5 th√†nh vi√™n, ƒëƒÉng k√Ω tham d·ª± theo m·∫´u quy ƒë·ªãnh c·ªßa BTC. \\uf8ffüîπ C√°c ƒë·ªôi thi s·∫Ω tham d·ª± c√°c ch∆∞∆°ng tr√¨nh Bootcamps v√† Factory Tour ƒë·ªÉ x√¢y d·ª±ng c√°c √Ω t∆∞·ªüng ·ª©ng d·ª•ng c√¥ng ngh·ªá gi·∫£i quy·∫øt c√°c b√†i to√°n th·ª±c t·∫ø trong nh√† m√°y s·∫£n xu·∫•t c·ªßa DENSO. \\uf8ffüî∏ Ban T·ªï ch·ª©c s·∫Ω gi·∫£i ƒë√°p c√°c c√¢u h·ªèi v√† b·ªï sung l√†m r√µ th√™m ch·ªß ƒë·ªÅ cu·ªôc thi t·∫°i bu·ªïi Online Bootcamp v√†o 12/09/2024. \\uf8ffüîπ M·ªói ƒë·ªôi thi s·∫Ω c√≥ 01 mentor c·ªßa BTC h·ªó tr·ª£, v√† tham gia c√°c workshop training v·ªÅ x·ª≠ l√Ω d·ªØ li·ªáu v√† l·∫≠p tr√¨nh cho c√°c thi·∫øt b·ªã (n·∫øu c·∫ßn). \\uf8ffüî∏ C√°c ƒë·ªôi n·ªôp √Ω t∆∞·ªüng tr∆∞·ªõc ng√†y 26/09, BTC s·∫Ω ch·ªçn ra top 10 ƒë·ªôi √Ω t∆∞·ªüng t·ªët nh·∫•t v√† h·ªó tr·ª£ kinh ph√≠ 5M/ƒë·ªôi ƒë·ªÉ ti·∫øp t·ª•c ph√°t tri·ªÉn c√°c s·∫£n ph·∫©m, gi·∫£i ph√°p. \\uf8ffüîπ Top 10 ƒë·ªôi thi s·∫Ω tham d·ª± Factory Tour 2, ph√°t tri·ªÉn √Ω t∆∞·ªüng v√† b·∫£o v·ªá tr∆∞·ªõc Ban gi√°m kh·∫£o v√†o ng√†y 03/10/2024 ƒë·ªÉ ch·ªçn ra top 5 ƒë·ªôi thi xu·∫•t s·∫Øc nh·∫•t. \\uf8ffüî∏ Trong tr∆∞·ªùng h·ª£p c·∫ßn cung c·∫•p b·ªï sung th√¥ng tin d·ªØ li·ªáu ho·∫∑c c√°c y√™u c·∫ßu v·ªÅ ph·∫ßn c·ª©ng, c√°c ƒë·ªôi thi ƒë·ªÅ xu·∫•t v·ªõi BTC ƒë·ªÉ ƒë∆∞·ª£c xem x√©t h·ªó tr·ª£. \\uf8ffüîπ Top 5 ph√°t tri·ªÉn ho√†n thi·ªán c√°c √Ω t∆∞·ªüng, s·∫£n ph·∫©m v√† tr√¨nh b√†y t·∫°i v√≤ng chung k·∫øt d·ª± ki·∫øn t·ªï ch·ª©c v√†o ng√†y 29/11/2024. \\uf8ffüî∏ C√°c √Ω t∆∞·ªüng, s·∫£n ph·∫©m tham d·ª± ƒë∆∞·ª£c ƒë·∫£m b·∫£o v·ªÅ s·ªü h·ªØu tr√≠ tu·ªá v√† ch∆∞a t·ª´ng ƒë∆∞·ª£c th∆∞∆°ng m·∫°i h√≥a. \\uf8ffüåê Link ƒëƒÉng k√Ω tham d·ª± v√† th·ªÉ l·ªá chi ti·∫øt xem t·∫°i: https://densohackathon.com Link ƒëƒÉng k√Ω v√† th√¥ng tin cu·ªôc thi t·∫°i ƒë√¢y: https://densohackathon.com/register M·ªçi th√¥ng tin chi ti·∫øt, sinh vi√™n li√™n h·ªá: ƒê√†o Vi·ªát B√°ch ‚Äì 0969125248 ‚Äì bachdv1@fpt.com Th∆∞ÃÅ T∆∞, 14:04 04/09/2024 Tags:']","### Thông tin về hoạt động khóa và các hoạt động đoàn hội tại Trường Đại học Công nghiệp Hà Nội

1. **Hoạt động khóa**:
   - Sinh viên được khuyến khích tham gia vào các hoạt động ngoại khóa và hợp tác doanh nghiệp nhằm mở rộng kiến thức, rèn luyện kỹ năng và tạo cơ hội tiếp xúc với thực tế ngành nghề.
   - Trường thường xuyên tổ chức các hoạt động như tham quan doanh nghiệp, diễn đàn chuyên đề, hội thảo, và buổi chia sẻ kinh nghiệm từ các chuyên gia trong ngành.

2. **Hoạt động đoàn hội**:
   - Các hoạt động đoàn hội tại trường bao gồm các chương trình tình nguyện, hoạt động 5S, và các cuộc thi sáng tạo như Robocon.
   - Sinh viên cũng tham gia vào các hoạt động như mừng xuân, hiến máu nhân đạo, và các cuộc thi sáng tạo khác do Đoàn thanh niên - Hội sinh viên tổ chức.

### Vai trò của AR/VR trong cuộc thi DENSO Factory Hacks 2024

- Cuộc thi DENSO Factory Hacks 2024 là một sự kiện dành cho cộng đồng đam mê công nghệ, trong đó AR (Thực tế tăng cường) và VR (Thực tế ảo) đóng vai trò quan trọng trong việc đưa ra ý tưởng giải quyết bài toán trong lĩnh vực sản xuất.
- Các đội thi sẽ sử dụng công nghệ AR/VR để phát triển các giải pháp sáng tạo, giúp cải thiện quy trình sản xuất và vận hành trong nhà máy.
- Sinh viên Khoa Công nghệ thông tin của Trường Đại học Công nghiệp Hà Nội đã đạt Top 10 dự án xuất sắc trong cuộc thi này, với dự án ""Hệ thống tra cứu sửa chữa và cảnh báo sự cố thông minh"".

Nếu bạn cần thêm thông tin chi tiết về các hoạt động khác hoặc có câu hỏi nào khác, hãy cho tôi biết! 

**Nguồn tham khảo**:
- [Ngành Công nghệ kỹ thuật khuôn mẫu: Tạo dựng tương lai từ sự sáng tạo] - [**Link tham khảo**](https://www.haui.edu.vn/vn/goc-nhin-haui/nganh-cong-nghe-ky-thuat-khuon-mau-tao-dung-tuong-lai-tu-su-sang-tao/65042).
- [Sinh viên Khoa Công nghệ thông tin đạt Top 10 dự án xuất sắc Cuộc thi Công nghệ Denso Factory Hacks năm 2024] - [**Link tham khảo**](https://fit.haui.edu.vn/vn/guong-sang/sinh-vien-khoa-cong-nghe-thong-tin-dat-top-10-du-an-xuat-sac-cuoc-thi-cong-nghe-denso-factory-hacks-nam-2024/71083).","Trong cuộc thi DENSO Factory Hacks 2024, AR/VR được đề cập như một trong những công nghệ quan trọng trong lĩnh vực sản xuất, giúp cải thiện quy trình sản xuất và thiết kế trong nhà máy. Cuộc thi này nhằm khai thác các giải pháp công nghệ, bao gồm AR/VR, để nâng cao hiệu quả và đổi mới trong ngành công nghiệp.",0.9136657024550453,0.9999999999,0.28,1.0,0.7082521915435791,14.944153785705566
Có bao nhiêu sinh viên Khoa CNTT xuất sắc đạt trong năm nay?,"['content: Vinh danh 2 nữ thủ khoa tốt nghiệp xuất sắc Đại học Công nghiệp Hà Nội năm 2023 Thứ Sáu, 10:44 13/10/2023 5502 Trần Thị Thùy Minh và Nguyễn Thị Ánh Nguyệt - 2 thủ khoa xuất sắc của Đại học Công nghiệp Hà Nội được vinh danh trong Lễ tuyên dương thủ khoa xuất sắc tốt nghiệp các trường đại học, học viện trên địa bàn Thủ đô Hà Nội năm 2023. Nguyễn Thị Ánh Nguyệt - Chuyên ngành Kế toán Kiểm toán (3,87/4) Là cô gái đầy bản lĩnh, luôn luôn nỗ lực không ngừng trong học tập, hành trang sau 4 năm miệt mài ở Đại học Công nghiệp Hà Nội của Ánh Nguyệt là một bảng thành tích với nhiều danh hiệu: Thủ khoa đầu ra chuyên ngành Kế toán-Kiểm toán; khen thưởng sinh viên tiêu biểu tốt nghiệp năm 2023; đạt học bổng Xuất sắc 6 kỳ; khen thưởng sinh viên xuất sắc 3 năm học ; khen thưởng sinh viên Giỏi năm học 2022-2023; là một trong 2 sinh viên khoa Kế toán -Kiểm toán tham gia khóa học thực hành tư duy kế toán trưởng trên nền tảng ERP VBIS Oracle do Công ty TNHH tư vấn Kế toán - Kiểm toán Auditcare & Partners Việt Nam (ACV) trao tặng; hoàn thành khóa học: “Đào tạo kế toán thuế, kế toán tổng hợp thực hành” do công ty Tư Vấn và đào tạo Bác Thành tổ chức và được cấp chứng chỉ..... Nguyễn Thị Ánh Nguyệt rạng ngời trong lễ vinh danh Là thành viên của đội thanh niên xung kích của nhà trường, Ánh Nguyệt còn tích cực tham gia các hoạt động tình nguyện, hoạt động Đoàn trong và ngoài trường như Tham gia chương trình hỗ trợ nhập học, hiến máu nhân đạo, .... Ánh Nguyệt luôn tâm đắc với câu nói: Trên con đường thành công, không có dấu chân của kẻ lười biếng. Hãy nỗ lực bằng tất cả những gì mình có, rồi những cố gắng đó sẽ được đền đáp xứng đáng…. Ánh Nguyệt (thứ 2, từ trái sang) trong vòng tay bạn bè trong Lễ tốt nghiệp năm 2023 Trần Thị Thùy Minh - Chuyên Ngành Điện tử Viễn thông (3.88/4) Hãy tập trung và nỗ lực vượt qua chính mình, khi đó bạn sẽ thôi so sánh mình với người khác - Đó là câu nói yêu thích, cũng là kim chỉ nam giúp cô nữ sinh Trần Thị Thùy Minh đạt danh hiệu sinh viên xuất sắc, có điểm\\nnext_contents:\\n', 'content: công, không có dấu chân của kẻ lười biếng. Hãy nỗ lực bằng tất cả những gì mình có, rồi những cố gắng đó sẽ được đền đáp xứng đáng…. Ánh Nguyệt (thứ 2, từ trái sang) trong vòng tay bạn bè trong Lễ tốt nghiệp năm 2023 Trần Thị Thùy Minh - Chuyên Ngành Điện tử Viễn thông (3.88/4) Hãy tập trung và nỗ lực vượt qua chính mình, khi đó bạn sẽ thôi so sánh mình với người khác - Đó là câu nói yêu thích, cũng là kim chỉ nam giúp cô nữ sinh Trần Thị Thùy Minh đạt danh hiệu sinh viên xuất sắc, có điểm tốt nghiệp năm 2023 cao nhất của Trường Đại học Công nghiệp Hà Nội. Trần Thị Thùy Minh - Thủ khoa xuất sắc 2023 của Đại học Công nghiệp Hà Nội tại lễ tuyên dương Thùy Minh luôn nổi bật với bảng thành tích: điểm tích lũy tốt nghiệp: 3.88; đạt danh hiệu sinh viên Xuất sắc trong học tập và rèn luyện và đạt học bổng toàn phần các năm 2019-2023; đạt Giải Khuyến Khích “Sinh viên nghiên cứu khoa học” năm 2020-2021, 2021-2022; đạt Sinh viên 5 tốt cấp trường 2020-2021; Danh hiệu “Gương mặt trẻ tiêu biểu năm 2021”; Danh hiệu “Sinh viên khỏe năm 2021” cuộc thi “Chạy khỏe cùng Hội sinh viên” của Hội Sinh viên trường Đại học Công nghiệp Hà Nội; Giải Khuyến Khích cuộc thi “Viết về thư viện năm 2022”, và còn nhiều thành tích xuất sắc khác,…. Thùy Minh luôn nhắc nhủ với bản thân: Đủ nắng hoa sẽ nở, đủ đam mê, nỗ lực bạn sẽ thành công… Hiện tại, Thùy Minh đang làm việc tại Công ty Cybertan thuộc tập đoàn Foxconn và ở bộ phận IT. Là con gái, nhưng Minh luôn yêu thích và có niềm đam mê mãnh liệt với công việc lập trình và cô bạn cũng vạch ra những kế hoạch cụ thể cho tương lai, từng bước thực hiện đam mê của mình. Cùng chúc cho Thùy Minh và Ánh Nguyệt sẽ vững tin theo đuổi và từng bước thực hiện ước mơ của mình! Thứ Sáu, 10:44 13/10/2023 Tags: Đại học Công nghiệp Hà Nội vinh danh thủ khoa sinh viên xuất sắc thủ khoa\\nnext_contents:\\n- Vinh danh 2 nữ thủ khoa tốt nghiệp xuất sắc Đại học Công nghiệp Hà Nội năm 2023 Thứ Sáu, 10:44 13/10/2023 5502 Trần Thị Thùy Minh và Nguyễn Thị Ánh Nguyệt - 2 thủ khoa xuất sắc của Đại học Công nghiệp Hà Nội được vinh danh trong Lễ tuyên dương thủ khoa xuất sắc tốt nghiệp các trường đại học, học viện trên địa bàn Thủ đô Hà Nội năm 2023. Nguyễn Thị Ánh Nguyệt - Chuyên ngành Kế toán Kiểm toán (3,87/4) Là cô gái đầy bản lĩnh, luôn luôn nỗ lực không ngừng trong học tập, hành trang sau 4 năm miệt mài ở Đại học Công nghiệp Hà Nội của Ánh Nguyệt là một bảng thành tích với nhiều danh hiệu: Thủ khoa đầu ra chuyên ngành Kế toán-Kiểm toán; khen thưởng sinh viên tiêu biểu tốt nghiệp năm 2023; đạt học bổng Xuất sắc 6 kỳ; khen thưởng sinh viên xuất sắc 3 năm học ; khen thưởng sinh viên Giỏi năm học 2022-2023; là một trong 2 sinh viên khoa Kế toán -Kiểm toán tham gia khóa học thực hành tư duy kế toán trưởng trên nền tảng ERP VBIS Oracle do Công ty TNHH tư vấn Kế toán - Kiểm toán Auditcare & Partners Việt Nam (ACV) trao tặng; hoàn thành khóa học: “Đào tạo kế toán thuế, kế toán tổng hợp thực hành” do công ty Tư Vấn và đào tạo Bác Thành tổ chức và được cấp chứng chỉ..... Nguyễn Thị Ánh Nguyệt rạng ngời trong lễ vinh danh Là thành viên của đội thanh niên xung kích của nhà trường, Ánh Nguyệt còn tích cực tham gia các hoạt động tình nguyện, hoạt động Đoàn trong và ngoài trường như Tham gia chương trình hỗ trợ nhập học, hiến máu nhân đạo, .... Ánh Nguyệt luôn tâm đắc với câu nói: Trên con đường thành công, không có dấu chân của kẻ lười biếng. Hãy nỗ lực bằng tất cả những gì mình có, rồi những cố gắng đó sẽ được đền đáp xứng đáng…. Ánh Nguyệt (thứ 2, từ trái sang) trong vòng tay bạn bè trong Lễ tốt nghiệp năm 2023 Trần Thị Thùy Minh - Chuyên Ngành Điện tử Viễn thông (3.88/4) Hãy tập trung và nỗ lực vượt qua chính mình, khi đó bạn sẽ thôi so sánh mình với người khác - Đó là câu nói yêu thích, cũng là kim chỉ nam giúp cô nữ sinh Trần Thị Thùy Minh đạt danh hiệu sinh viên xuất sắc, có điểm\\n', 'content: Sinh viên HaUI đạt 7 giải tại kỳ thi Olympic Toán học sinh viên và học sinh toàn quốc năm 2024 Thứ Ba, 08:37 16/04/2024 9676 Tại kỳ thi Olympic Toán học sinh viên và học sinh toàn quốc lần thứ 30 diễn ra tại Đà Nẵng từ ngày 8 - 13/4/2024, đội tuyển Olympic Toán học Đại học Công nghiệp Hà Nội xuất sắc giành 7 giải (03 giải Nhì và 04 giải Ba). Kỳ thi Olympic Toán học sinh viên và học sinh năm nay có 95 đoàn đến từ các học viện, trường đại học trên cả nước. Tổng số sinh viên tham dự kỳ thi là 699 em với 809 lượt đăng ký dự thi, tăng hơn 10% so với kỳ thi năm 2023. Theo Ban tổ chức, đây là kỳ thi có số lượng thí sinh đạt kỷ lục trong lịch sử hơn 30 năm qua. Sinh viên HaUI đạt 7 giải tại kỳ thi Olympic Toán sinh viên toàn quốc năm 2024 Các thí sinh thi 2 môn độc lập là Đại số và Giải tích. Sinh viên các trường đại học, học viện tham gia dự thi ở một trong hai bảng: bảng A và bảng B. Giải thưởng được tính theo từng môn. Với sự chuẩn bị kỹ lưỡng và tinh thần quyết tâm, đội tuyển Olympic Toán học Đại học Công nghiệp Hà Nội đã chứng minh khả năng và trình độ của mình tại kỳ thi. Cụ thể, đội đã giành được 03 giải Nhì và 04 giải Ba trong các bài thi đầy thách thức ở cả 2 môn Giải tích và Đại số tuyến tính. Danh sách 7 sinh viên đạt giải gồm: - Sinh viên Nguyễn Thành Lân, lớp KHMT2-K17, giải Nhì môn Đại số; - Sinh viên Ngô Quốc Thái, lớp Robot1- K18, giải Nhì môn Giải tích; - Sinh viên Vũ Văn Thanh, lớp KHMT1-K18, giải Nhì môn Giải tích; - Sinh viên Đỗ Đức Anh, lớp KHMT1-K18, giải Ba môn Đại số; - Sinh viên Vương Ngô Ánh Hồng, lớp Robot1-K18, giải Ba môn Đại số; - Sinh viên Phùng Hải Dương, lớp CNTT5-K18, giải Ba môn Giải tích; - Sinh viên Nguyễn Quang Huy, lớp CNTT5-K18, giải Ba môn Giải tích. Thầy và trò đội tuyển Olympic Toán học Đại học Công nghiệp Hà Nội tham gia kỳ thi với quyết tâm cao Trưởng đoàn của đội tuyển, TS.Lê Bá Phương - Trưởng khoa Khoa học Cơ bản, chia sẻ: ""Chúng tôi rất tự hào về thành tích của các em sinh viên trong kỳ thi lần này. Đây là kết quả của sự nỗ\\nnext_contents:\\n', 'content: Cô gái Sán Dìu chinh phục ngôi vô địch Robocon quốc gia Thứ Năm, 08:52 02/11/2023 4389 Mê robot từ tiểu học, Diệp Thị Hiền không nghĩ có ngày cùng bạn bè vô địch cuộc thi Robocon quốc gia, nhận giải thưởng Nữ sinh khoa học công nghệ Việt Nam. Diệp Thị Hiền, 21 tuổi, là sinh viên năm cuối ngành Điện tử - Viễn thông, trường Đại học Công nghiệp Hà Nội. Hiền là một trong 20 nữ sinh tiêu biểu cả nước nhận giải thưởng Nữ sinh khoa học công nghệ Việt Nam hôm 27/10. Đây là giải thưởng do Trung ương Đoàn chủ trì, phối hợp với Bộ Khoa học và Công nghệ trao cho những nữ sinh có thành tích học tập, nghiên cứu xuất sắc trong một số lĩnh vực khoa học công nghệ đặc thù. ""Mình bất ngờ khi được trao giải bởi rất nhiều bạn xuất sắc từ các trường danh tiếng, có bài báo đăng trên tạp chí quốc tế trong khi thành tích của mình có phần khiêm tốn"", Hiền nói. Thành tích nổi bật nhất của Hiền là vô địch cuộc thi sáng tạo Robot Việt Nam - Robocon năm nay. Diệp Hiền trong ngày nhận danh hiệu gương mặt trẻ tiêu biểu trường Đại học Công nghiệp Hà Nội năm 2022 Hiền sinh ra trong gia đình có 5 chị em ở huyện Lục Ngạn, Bắc Giang. Bố Hiền là người dân tộc Sán Dìu, mẹ người Hoa, cùng làm nghề trồng trọt. Từ nhỏ, Hiền và các chị em không có điều kiện học thêm, chủ yếu bảo ban nhau tự học. Yêu thích chương trình Robocon và theo dõi từ tiểu học, rồi được truyền cảm hứng từ chị gái học Điện tử - Viễn thông của Đại học Thái Nguyên nên Huyền cũng thích ngành này. Năm 2020, với 25,6 điểm khối A, cựu học sinh trường Phổ thông dân tộc nội trú huyện Lục Ngạn đỗ nguyện vọng 1 vào trường Đại học Công nghiệp Hà Nội. Năm đầu, Hiền học tại cơ sở của trường ở Hà Nam. Môi trường không khác biệt quá nhiều ở quê nên em sớm thích nghi, chỉ gặp khó khăn bởi lịch học dày đặc, thường xuyên phải làm slide, thuyết trình môn học - điều khác biệt so với thời phổ thông. Đến khi chuyển lên Hà Nội, nữ sinh hụt hẫng khi phải học online vì Covid-19. ""Ngành học yêu cầu thực hành nhiều mà phải học online nên rất nhiều khó khăn"",\\nnext_contents:\\n', 'content: chỉ rõ, trong năm học vừa qua sinh viên của Trường đã tham gia và đạt nhiều thành tích cao trong các hoạt động NCKH như xếp thứ 4 khu vực Châu Á - Thái Bình Dương cuộc thi chế tạo xe tiết kiệm nhiên liệu; đạt giải Ba cuộc thi Robocon Việt Nam 2019; giải Nhất chương trình giải thưởng Lương Văn Can; đạt nhiều giải Nhì, Ba tại cuộc thi Olympic Cơ học, Olympic Tin học, Olympic Toán học và Olympic Vật lý toàn quốc năm 2019…. Tại Hội nghị, Ban tổ chức trao thưởng cho các sinh viên, nhóm sinh viên đạt giải thưởng sinh viên NCKH của Bộ GD&ĐT và sinh viên NCKH cấp trường. PGS.TS. Trần Đức Quý - Hiệu trưởng Nhà trường trao thưởng cho nhóm sinh viên đạt giải SV NCKH của Bộ GD&ĐT Đại diện các sinh viên, nhóm sinh viên đạt giải, bạn Vũ Thị Ngọc - sinh viên K10, khoa Công nghệ Thông tin đã gửi lời cảm ơn chân thành tới lãnh đạo Nhà trường, các thầy/cô giáo hướng dẫn, và các thầy cô thuộc các phòng, khoa đã luôn ủng hộ và tạo môi trường học tập, nghiên cứu sáng tạo, trí tuệ cho sinh viên. Nhờ đó, sinh viên có cơ hội phát triển bản thân và chạm đến ước mơ của mình. Bạn Vũ Thị Ngọc - sinh viên K10 khoa CNTT đại diện các bạn sinh viên phát biểu và chia sẻ về quá trình hoạt động NCKH của bản thân Với những kết quả NCKH của sinh viên trong năm học vừa qua, hy vọng trong năm học 2019 - 2020, sinh viên nhà trường sẽ tiếp tục nỗ lực và đạt được nhiều thành tựu cao hơn nữa trong học tập cũng như trong hoạt động nghiên cứu khoa học. Một số hình ảnh tại Hội nghị tổng kết và trao giải thưởng sinh viên NCKH: PGS.TS. Trần Đức Quý trao giải Nhất cho nhóm sinh viên đạt giải SV NCKH cấp trường năm học 2018 - 2019 PGS.TS. Phạm Văn Bổng - Phó Hiệu trưởng trao giải Nhì cho nhóm sinh viên đạt giải TS. Nguyễn Anh Tuấn - Phó Hiệu trưởng trao thưởng cho nhóm sinh viên đạt giải Nhì PGS.TS. Phạm Văn Đông - Trưởng phòng Khoa học Công nghệ trao giải Ba cho nhóm sinh viên Bà Trương Thị Thanh Hoài - Bí thư Đoàn trường trao thưởng cho nhóm sinh viên đạt giải Ba SV NCKH lần thứ X Thứ Sáu, 16:21 24/05/2019\\nnext_contents:\\n- sinh viên đạt giải. PGS.TS. Trần Đức Quý - Hiệu trưởng Nhà trường phát biểu tại Hội nghị Để nâng cao hơn nữa chất lượng NCKH trong Nhà trường, PGS.TS. Trần Đức Quý đề xuất 04 nội dung quan trọng: 1. Tạo môi trường NCKH, môi trường học thuật sâu rộng trong Nhà trường. Đó là việc tăng cường cơ sở hạ tầng, thiết bị, cơ chế, chính sách và nâng cao chất lượng đội ngũ nhà khoa học. 2. Mỗi sinh viên phải đam mê với lĩnh vực học tập, nghiên cứu của mình. 3. Đội ngũ nhà giáo, nhà khoa học phải là người truyền đam mê, tạo ra được nhiều chủ đề, gợi mở cho sinh viên. Từ đó giúp sinh viên có được nhiều ý tưởng, sáng tạo trong nghiên cứu khoa học. Bên cạnh đó, cần tạo ra các nhóm NCKH gồm các nhà khoa học cùng lĩnh vực nghiên cứu hoặc liên ngành, nghiên cứu sinh và sinh viên. 4. Các em sinh viên tự đề xuất các chủ đề, ý tưởng trong lĩnh vực mình nghiên cứu. PGS.TS. Vũ Minh Tân - Phó trưởng phòng Khoa học Công nghệ trình bày Báo cáo tổng kết công tác NCKH năm học 2018 - 2019 Nhằm cung cấp cho Hội nghị cái nhìn tổng quan, những ưu điểm và những tồn tại, thông báo kết quả, thành tích hoạt động SV NCKH năm học 2018 - 2019, PGS.TS. Vũ Minh Tân - Phó Trưởng phòng Khoa học Công nghệ đã trình bày báo cáo tổng kết công tác sinh viên NCKH. Phong trào sinh viên NCKH của trường Đại học Công nghiệp Hà Nội trong nhiều năm qua đã không ngừng phát triển, hiệu quả; nhiều công trình nghiên cứu của sinh viên đã hướng tới giải quyết các vấn đề thực tiễn trong cuộc sống và có tính ứng dụng cao. Báo cáo cũng chỉ rõ, trong năm học vừa qua sinh viên của Trường đã tham gia và đạt nhiều thành tích cao trong các hoạt động NCKH như xếp thứ 4 khu vực Châu Á - Thái Bình Dương cuộc thi chế tạo xe tiết kiệm nhiên liệu; đạt giải Ba cuộc thi Robocon Việt Nam 2019; giải Nhất chương trình giải thưởng Lương Văn Can; đạt nhiều giải Nhì, Ba tại cuộc thi Olympic Cơ học, Olympic Tin học, Olympic Toán học và Olympic Vật lý toàn quốc năm 2019…. Tại Hội nghị, Ban tổ chức trao thưởng cho các sinh viên, nhóm sinh viên đạt\\n']",['Gần 150 sinh viên Khoa CNTT xuất sắc đạt'],"### Thông tin về hoạt động khóa và các hoạt động đoàn hội tại Khoa Công nghệ thông tin

1. **Hoạt động ngoại khóa**:
   - Sinh viên Khoa Công nghệ thông tin được khuyến khích tham gia vào các hoạt động ngoại khóa và hợp tác doanh nghiệp. Những hoạt động này nhằm mở rộng kiến thức, rèn luyện kỹ năng và tạo cơ hội tiếp xúc với thực tế ngành nghề.
   - Trường thường xuyên tổ chức các hoạt động như tham quan doanh nghiệp, diễn đàn chuyên đề, hội thảo, và các buổi chia sẻ kinh nghiệm từ các chuyên gia trong ngành.

2. **Đoàn hội**:
   - Khoa có các hoạt động Đoàn Hội nhằm thúc đẩy phong trào sinh viên, tạo môi trường giao lưu học hỏi và phát triển bản thân.
   - Các hoạt động này bao gồm các chương trình tình nguyện, các cuộc thi học thuật, và các sự kiện văn hóa thể thao.

### Số lượng sinh viên Khoa CNTT xuất sắc đạt trong năm nay

- Trong năm 2023, Khoa Công nghệ thông tin đã vinh danh 2 nữ thủ khoa xuất sắc trong lễ tốt nghiệp, đó là Trần Thị Thúy Minh và Nguyễn Thị Ánh Nguyệt, với điểm số lần lượt là 3.88 và 3.87 trên thang điểm 4.0. Họ đã đạt được nhiều thành tích xuất sắc trong học tập và hoạt động đoàn hội.

### Tóm tắt
- Khoa Công nghệ thông tin tại Trường Đại học Công nghiệp Hà Nội có nhiều hoạt động ngoại khóa và đoàn hội phong phú, giúp sinh viên phát triển toàn diện. Năm 2023, có 2 sinh viên xuất sắc được vinh danh là thủ khoa tốt nghiệp.

Nếu bạn cần thêm thông tin chi tiết về các hoạt động khác hoặc về sinh viên, hãy cho tôi biết! 

[Ngành Công nghệ kỹ thuật khuôn mẫu: Tạo dựng tương lai từ sự sáng tạo] - [**Link tham khảo**](https://www.haui.edu.vn/vn/goc-nhin-haui/nganh-cong-nghe-ky-thuat-khuon-mau-tao-dung-tuong-lai-tu-su-sang-tao/65042).  
[Vinh danh 2 nữ thủ khoa tốt nghiệp xuất sắc Đại học Công nghiệp Hà Nội năm 2023] - [**Link tham khảo**](https://www.haui.edu.vn/vn/hoat-dong-sinh-vien/vinh-danh-2-nu-thu-khoa-tot-nghiep-xuat-sac-dai-hoc-cong-nghiep-ha-noi-nam-2023/64482).",Gần 150 sinh viên Khoa CNTT xuất sắc đạt.,0.7745970321352559,0.19999999998,0.25,0.0,0.7409460544586182,12.5216646194458
IoT có vai trò gì trong cuộc cách mạng công nghiệp lần thứ 4?,"['content: nghệ tháng 12 này để cùng trao đổi, đối thoại với cộng đồng nghiên cứu Việt Nam Mong chờ cơ hội lĩnh hội tri thức mới “Cơ hội lớn” là cụm từ được các chuyên gia nhắc đến nhiều nhất khi nói về “Chuỗi Đối thoại Khám phá Tương lai” nằm trong Tuần lễ Khoa học Công nghệ VinFuture 2024. Theo PGS.TS Ngô Văn Minh, Trường Đại học Giao thông Vận tải, hoạt động kết nối khoa học quy mô này này đang tạo ra làn sóng hứng khởi chưa từng có đối với giảng viên và sinh viên trường. “Bởi việc mời được các giáo sư hàng đầu thế giới, trong đó có cả chuyên gia phát triển bộ chỉ số đổi mới sáng tạo quốc tế, đến chia sẻ về trí tuệ nhân tạo - lĩnh vực đang ‘làm mưa làm gió’ toàn cầu - là điều không dễ dàng”, ông nhấn mạnh. Đại diện Trường Đại học Giao thông Vận tải cho biết thêm nhà trường mong đợi sẽ tận dụng tối đa cơ hội này để tìm hiểu cách ứng dụng AI trong giảng dạy và đào tạo, đồng thời nghiên cứu xây dựng bộ chỉ số đổi mới sáng tạo phù hợp với đặc thù của trường đại học Việt Nam. Cũng là một trong những đơn vị tham gia tổ chức sự kiện thuộc chuỗi đối thoại, Trường Đại học Công nghiệp Hà Nội kỳ vọng, không chỉ cán bộ, giảng viên mà cả sinh viên sẽ được hưởng lợi từ chia sẻ của các nhà khoa học hàng đầu thế giới. PGS.TS. Phạm Thị Thanh Ngà (phải) cho rằng vươn ra thế giới là hướng đi đúng đắn cho cộng đồng khoa học trong nước (Ảnh: UNESCO). PGS.TS Nguyễn Hồng Sơn - Trường Đại học Công nghiệp Hà Nội - cho biết cùng Quỹ VinFuture, nhà trường đã lựa chọn chủ đề năng lượng và vật liệu tiên tiến, vừa hấp dẫn người tham dự vừa gắn với định hướng phát triển thiết thực. “Tôi hy vọng chủ đề này sẽ mang lại giá trị cao cho trường, cũng như các đơn vị chuyên môn. Đây là nguồn tri thức mới, có ích đối với công tác đào tạo, nghiên cứu cũng như định hướng phát triển khoa học công nghệ trong tương lai”, PGS TS Nguyễn Hồng Sơn nói. Trong khi đó, PGS.TS Phạm Thị Thanh Ngà - Viện Khoa học Khí tượng Thủy văn và Biến đổi Khí hậu - hào hứng với khả năng mở rộng cơ hội hợp tác đa phương thông qua sự kiện\\nnext_contents:\\n- [baophunuthudo] Giới khoa học Việt chờ đón Tuần lễ Khoa học Công nghệ VinFuture 2024 Thứ Năm, 11:01 14/11/2024 42 (PNTĐ) - Sau 3 mùa gây tiếng vang, các nhà khoa học trong nước kỳ vọng sự trở lại của Tuần lễ Khoa học Công nghệ VinFuture 2024 với chuỗi hoạt động kết nối khoa học công nghệ, đặc biệt là “Chuỗi Đối thoại Khám phá tương lai VinFuture”, hứa hẹn mang đến “cơ hội vàng” để tiếp cận tri thức toàn cầu và hợp tác phát triển. “Chuỗi Đối thoại Khám phá Tương lai VinFuture” lần đầu tiên được tổ chức vào năm 2023, nhằm mở ra cơ hội hợp tác và chuyển giao công nghệ tiềm năng trên thế giới cho Việt Nam. Tại sự kiện, các nhà khoa học là thành viên Hội đồng Giải thưởng và Hội đồng Sơ khảo VinFuture, cùng những chuyên gia hàng đầu thế giới ở những lĩnh vực công nghệ “nóng”, sẽ cùng giao lưu, trao đổi tri thức, chia sẻ kinh nghiệm với các nhà khoa học, nhà nghiên cứu Việt Nam, đồng thời truyền cảm hứng về hành trình khoa học cho hàng chục nghìn sinh viên và nhà nghiên cứu trẻ trong nước. Trong năm 2024, 8 tổ chức gồm các viện nghiên cứu, trường đại học lớn nhất Việt Nam và các doanh nghiệp sẽ tham gia thảo luận chuyên sâu với những nhà khoa học hàng đầu thế giới xoay quanh lĩnh vực trọng yếu như trí tuệ nhân tạo (AI), y học, năng lượng, và môi trường... Các nhà khoa học VinFuture sẽ trở lại Hà Nội trong Tuần lễ Khoa học – Công nghệ tháng 12 này để cùng trao đổi, đối thoại với cộng đồng nghiên cứu Việt Nam. Các nhà khoa học VinFuture sẽ trở lại Hà Nội trong Tuần lễ Khoa học – Công nghệ tháng 12 này để cùng trao đổi, đối thoại với cộng đồng nghiên cứu Việt Nam Mong chờ cơ hội lĩnh hội tri thức mới “Cơ hội lớn” là cụm từ được các chuyên gia nhắc đến nhiều nhất khi nói về “Chuỗi Đối thoại Khám phá Tương lai” nằm trong Tuần lễ Khoa học Công nghệ VinFuture 2024. Theo PGS.TS Ngô Văn Minh, Trường Đại học Giao thông Vận tải, hoạt động kết nối khoa học quy mô này này đang tạo ra làn sóng hứng khởi chưa từng có đối với giảng viên và sinh viên trường. “Bởi việc mời được các giáo sư\\n', 'content: động kết nối khoa học “Chuỗi Đối thoại khám phá tương lai” nằm trong Tuần lễ Khoa học Công nghệ VinFuture 2024 đang tạo ra làn sóng hứng khởi chưa từng có đối với giảng viên và sinh viên trường. “Việc mời được các giáo sư hàng đầu thế giới, trong đó có cả chuyên gia phát triển bộ chỉ số đổi mới sáng tạo quốc tế, đến chia sẻ về trí tuệ nhân tạo - lĩnh vực đang ""làm mưa làm gió"" toàn cầu - là điều không dễ dàng”, ông nhấn mạnh. Đại diện Trường đại học Giao thông vận tải cho biết thêm nhà trường mong đợi sẽ tận dụng tối đa cơ hội này để tìm hiểu cách ứng dụng AI trong giảng dạy và đào tạo, đồng thời nghiên cứu xây dựng bộ chỉ số đổi mới sáng tạo phù hợp với đặc thù của trường đại học Việt Nam. Cũng là một trong những đơn vị tham gia tổ chức sự kiện thuộc chuỗi đối thoại, Trường đại học Công nghiệp Hà Nội kỳ vọng, không chỉ cán bộ, giảng viên mà cả sinh viên sẽ được hưởng lợi từ chia sẻ của các nhà khoa học hàng đầu thế giới. Phó Giáo sư, Tiến sĩ Nguyễn Hồng Sơn, Trường đại học Công nghiệp Hà Nội cho biết, cùng Quỹ VinFuture, nhà trường đã lựa chọn chủ đề năng lượng và vật liệu tiên tiến, vừa hấp dẫn người tham dự vừa gắn với định hướng phát triển thiết thực. “Tôi hy vọng chủ đề này sẽ mang lại giá trị cao cho trường, cũng như các đơn vị chuyên môn”, ông chia sẻ, “Đây là nguồn tri thức mới, có ích đối với công tác đào tạo, nghiên cứu cũng như định hướng phát triển khoa học công nghệ trong tương lai”, Phó Giáo sư, Tiến sĩ Nguyễn Hồng Sơn nói. Các nhà khoa học trong nước và quốc tế đề cao vai trò của VinFuture đem đến cơ hội gia tăng trao đổi, kết nối tri thức toàn cầu. Trong khi đó, Phó Giáo sư, Tiến sĩ Phạm Thị Thanh Ngà, Viện Khoa học Khí tượng Thủy văn và Biến đổi khí hậu hào hứng với khả năng mở rộng cơ hội hợp tác đa phương thông qua sự kiện đối thoại trực tiếp này. Các nhà khoa học trong nước và quốc tế đề cao vai trò của VinFuture đem đến cơ hội gia tăng trao đổi, kết nối tri thức toàn cầu Theo Phó Giáo sư, Tiến sĩ Thanh Ngà, từ trước đến nay, các đơn vị trong\\nnext_contents:\\n- [nhandan] Chờ đón gì ở Tuần lễ Khoa học công nghệ VinFuture 2024? Thứ Tư, 18:53 13/11/2024 47 NDO - Các nhà khoa học trong nước kỳ vọng sự trở lại của Tuần lễ Khoa học công nghệ VinFuture 2024 với chuỗi hoạt động kết nối khoa học công nghệ, đặc biệt là “Chuỗi Đối thoại khám phá tương lai VinFuture”, hứa hẹn mang đến “cơ hội vàng” để tiếp cận tri thức toàn cầu và hợp tác phát triển. Các nhà khoa học VinFuture sẽ trở lại Hà Nội trong Tuần lễ Khoa học – Công nghệ tháng 12 này để cùng trao đổi, đối thoại với cộng đồng nghiên cứu Việt Nam. “Chuỗi Đối thoại khám phá tương lai VinFuture” lần đầu tiên được tổ chức vào năm 2023, nhằm mở ra cơ hội hợp tác và chuyển giao công nghệ tiềm năng trên thế giới cho Việt Nam. Tại sự kiện, các nhà khoa học là thành viên Hội đồng Giải thưởng và Hội đồng sơ khảo VinFuture, cùng những chuyên gia hàng đầu thế giới ở những lĩnh vực công nghệ “nóng”, sẽ cùng giao lưu, trao đổi tri thức, chia sẻ kinh nghiệm với các nhà khoa học, nhà nghiên cứu Việt Nam, đồng thời truyền cảm hứng về hành trình khoa học cho hàng chục nghìn sinh viên và nhà nghiên cứu trẻ trong nước. Trong năm 2024, 8 tổ chức gồm các viện nghiên cứu, trường đại học lớn nhất Việt Nam và các doanh nghiệp sẽ tham gia thảo luận chuyên sâu với những nhà khoa học hàng đầu thế giới xoay quanh lĩnh vực trọng yếu như trí tuệ nhân tạo (AI), y học, năng lượng, và môi trường... Cơ hội lĩnh hội tri thức tiên tiến toàn cầu Theo Phó Giáo sư, Tiến sĩ Ngô Văn Minh, Trường Đại học Giao thông vận tải, hoạt động kết nối khoa học “Chuỗi Đối thoại khám phá tương lai” nằm trong Tuần lễ Khoa học Công nghệ VinFuture 2024 đang tạo ra làn sóng hứng khởi chưa từng có đối với giảng viên và sinh viên trường. “Việc mời được các giáo sư hàng đầu thế giới, trong đó có cả chuyên gia phát triển bộ chỉ số đổi mới sáng tạo quốc tế, đến chia sẻ về trí tuệ nhân tạo - lĩnh vực đang ""làm mưa làm gió"" toàn cầu - là điều không dễ dàng”, ông nhấn mạnh. Đại diện Trường đại học Giao thông vận tải cho biết thêm nhà trường\\n', 'content: hoạt động khoa học, công nghệ và đổi mới sáng tạo góp phần thực hiện khát vọng hùng cường, thịnh vượng của đất nước Trường Cơ khí – Ô tô, HaUI sẽ tiếp tục cuộc hành trình đồng hành cũng giáo dục STEM trên mọi miền của đất nước để nhiều thế hệ học sinh được chắp cánh ước mơ, kết nối sáng tạo và là nhịp cầu kết nối thế hệ trẻ Việt Nam với thế giới khoa học công nghệ trong cuộc cách mạng công nghiệp 4.0. Một số hình ảnh trong chuỗi hoạt động phục vụ cộng đồng phát triển giáo dục STEM: Thứ Tư, 06:56 26/06/2024 Tags: STEM Trường Cơ khí - Ô tô Đại học Công nghiệp khoa học công nghệ giáo dục STEM\\nnext_contents:\\n- tiết từ máy in 3D, Đỗ Trường Giang và Hoàng Xuân Lộc – Học sinh Trường THPT Quốc Oai, Hà Nội đã hiểu rõ hơn về ngành Công nghệ Kỹ thuật cơ khí, ngành Thiết kế Cơ khí và Kiểu dáng công nghiệp Giáo dục STEM nuôi dưỡng tình yêu khoa học cho các em học sinh ngay từ khi còn ngồi trên ghế nhà trường, truyền cảm hứng, thu hút nữ sinh Trường THPT Thạch Thất, Hà Nội theo đuổi sự nghiệp trong lĩnh vực STEM Chuẩn bị hành trang thích ứng với nghề nghiệp phù hợp, nhiều học sinh, đặc biệt nhóm học sinh khá - giỏi bày tỏ quyết tâm với mục tiêu cao nhất trở thành sinh viên của Trường Cơ khí – Ô tô, Đại học Công nghiệp Hà Nội PGS.TS. Hoàng Tiến Dũng cho biết, trong những năm gần đây, Trường Cơ khí – Ô tô, HaUI đã thực hiện nhiều giải pháp để nâng cao chất lượng đào tạo nguồn nhân lực trong lĩnh vực cộng nghệ, kỹ thuật. Nhà trường xây dựng các chương trình đào tạo phù hợp với nhu cầu của xã hội, chú trọng tới phát triển chương trình giảng dạy chuyên môn bằng tiếng Anh, chương trình liên kết đào tạo quốc tế. Các chương trình đào tạo luôn được nhà trường đổi mới, bảo đảm chất lượng và kiểm định quốc tế theo tiêu chuẩn ABET – Hoa Kỳ. Trường đã thiết lập mối quan hệ hợp tác chiến lược với nhiều doanh nghiệp, các viện nghiên cứu trong nghiên cứu khoa học và chuyển giao công nghệ. Đây chính là bệ phóng vững chắc để sinh viên tự tin hoà nhập, lĩnh hội những tri thức của nền khoa học tiên tiến, sẵn sàng tham gia thị trường lao động toàn cầu. Phát huy vai trò và sứ mệnh quan trọng của thế hệ trẻ trong hoạt động khoa học, công nghệ và đổi mới sáng tạo góp phần thực hiện khát vọng hùng cường, thịnh vượng của đất nước Trường Cơ khí – Ô tô, HaUI sẽ tiếp tục cuộc hành trình đồng hành cũng giáo dục STEM trên mọi miền của đất nước để nhiều thế hệ học sinh được chắp cánh ước mơ, kết nối sáng tạo và là nhịp cầu kết nối thế hệ trẻ Việt Nam với thế giới khoa học công nghệ trong cuộc cách mạng công nghiệp 4.0. Một số hình ảnh trong chuỗi hoạt động phục vụ cộng đồng phát triển giáo dục STEM: Thứ Tư,\\n', 'content: TS.Lê Ba Phong với công bố quốc tế “vai trò trung gian của niềm tin trong việc thúc đẩy mối quan hệ giữa lãnh đạo chuyển đổi và các quá trình chia sẻ tri thức” Thứ Hai, 08:12 10/06/2019 3422 TS. Lê Ba Phong, giảng viên khoa Quản lý Kinh doanh - Đại học Công nghiệp Hà Nội đã có nhiều công trình nghiên cứu công bố trong nước và quốc tế. Một trong những công bố quốc tế nổi bật chúng tôi muốn giới thiệu, đó là “The mediating role of trust in stimulating the relationship between transformational leadership and knowledge sharing processes” (vai trò trung gian của niềm tin trong việc thúc đẩy mối quan hệ giữa lãnh đạo chuyển đổi và các quá trình chia sẻ tri thức). Đại học Công nghiệp Hà Nội được biết đến với nhiều giá trị đào tạo theo hướng công nghệ ứng dụng. Trong những năm gần đây, Đại học Công nghiệp Hà Nội nổi lên với nhiều công trình nghiên cứu khoa học của cán bộ, giảng viên, sinh viên, có giá trị cả về lý luận và thực tiễn; nhiều công bố quốc tế có giá trị học thuật cao, thu hút sự quan tâm đông đảo từ các độc giả là các nhà nghiên cứu trong và ngoài nước. Trong hơn 100 công bố quốc tế của cán bộ, giảng viên Đại học Công nghiệp Hà Nội năm 2018, chúng tôi đặc biệt quan tâm đến nghiên cứu của TS. Lê Ba Phong, giảng viên khoa Quản lý Kinh doanh, với tựa đề: “The mediating role of trust in stimulating the relationship between transformational leadership and knowledge sharing processes” (Vai trò trung gian của niềm tin trong việc thúc đẩy mối quan hệ giữa lãnh đạo chuyển đổi và các quá trình chia sẻ tri thức). Mô hình nghiên cứu đề xuất được minh họa trong Hình 1. Công trình nghiên cứu được công bố trên tạp chí Journal of Knowledge Management, một tạp chí trọng điểm trong lĩnh vực Quản trị Tri thức thuộc danh mục ISI (có chỉ số Impact Factor năm 2017 là 2.551, và chỉ số Impact Factor trong 5 năm là: 3.489). Mặc dù nghiên cứu mới được công bố trên cơ sở dữ liệu của nhà xuất bản Emeraldinsight ( https://www.emeraldinsight.com/ ) và Web of Science (\\nnext_contents:\\n', 'content: tăng cường truyền thông về vai trò quan trọng của nguồn nhân lực chất lượng cao đối với sự phát triển của đất nước. Việc thu hút và phát triển nhân tài là một quá trình lâu dài và đòi hỏi sự nỗ lực của cả hệ thống chính trị. Tôi tin rằng, với những giải pháp trên, chúng ta sẽ xây dựng được một đội ngũ nhân lực chất lượng cao, đáp ứng yêu cầu của cuộc cách mạng công nghiệp lần thứ tư và hội nhập quốc tế. Phóng viên: Trân trọng cảm ơn những chia sẻ của đại biểu! Nguồn: Tạp chí điện tử Giáo dục Việt Nam Thứ Ba, 09:11 19/11/2024 Tags:\\nnext_contents:\\n- lượng sinh viên tốt nghiệp ngày càng tăng nhưng chất lượng chưa đáp ứng được yêu cầu của thị trường lao động, đặc biệt là các ngành công nghệ cao; một số chính sách về thu hút, phát triển nhân tài còn chưa đồng bộ, chưa tạo được môi trường thuận lợi; chưa thu hút được nhiều chuyên gia, nhà khoa học nước ngoài về làm việc tại Việt Nam… Học viện Công nghệ Bưu chính Viễn thông ra mắt chứng chỉ “Thiết kế và Kiểm thử vi mạch bán dẫn chuyên sâu” dành cho sinh viên năm cuối và cử nhân mới tốt nghiệp các ngành kỹ thuật, cùng chương trình đào tạo STEM - Nhập môn vi mạch bán dẫn cho học sinh phổ thông. Ảnh: NTCC. Học viện Công nghệ Bưu chính Viễn thông ra mắt chứng chỉ “Thiết kế và Kiểm thử vi mạch bán dẫn chuyên sâu” dành cho sinh viên năm cuối và cử nhân mới tốt nghiệp các ngành kỹ thuật, cùng chương trình đào tạo STEM - Nhập môn vi mạch bán dẫn cho học sinh phổ thông. Ảnh: NTCC. Từ những thách thức ấy, tôi xin đưa ra một số kiến nghị cụ thể như sau: Thứ nhất, đầu tư mạnh mẽ cho giáo dục, cụ thể, tăng cường đầu tư cho giáo dục từ mầm non đến đại học, đặc biệt là các ngành khoa học tự nhiên và công nghệ. Thứ hai, xây dựng, phát triển các trung tâm nghiên cứu cấp quốc gia và quốc tế để thu hút các nhà khoa học hàng đầu thế giới. Thứ ba, tăng cường hợp tác quốc tế trong lĩnh vực giáo dục và đào tạo, đưa sinh viên đi học tập và làm việc tại các nước phát triển. Thứ tư, xây dựng hệ sinh thái khởi nghiệp, tạo điều kiện thuận lợi cho các startup, doanh nghiệp công nghệ phát triển. Cuối cùng, tăng cường truyền thông về vai trò quan trọng của nguồn nhân lực chất lượng cao đối với sự phát triển của đất nước. Việc thu hút và phát triển nhân tài là một quá trình lâu dài và đòi hỏi sự nỗ lực của cả hệ thống chính trị. Tôi tin rằng, với những giải pháp trên, chúng ta sẽ xây dựng được một đội ngũ nhân lực chất lượng cao, đáp ứng yêu cầu của cuộc cách mạng công nghiệp lần thứ tư và hội nhập quốc tế. Phóng viên: Trân trọng cảm ơn những chia sẻ của đại biểu! Nguồn: Tạp chí điện tử Giáo dục\\n']","['Chứng nhận Samsung Innovation Campus Không ngừng học hỏi, khám phá, sáng tạo và vượt qua giới hạn bản thân để chinh phục những đỉnh cao công nghệ là vô cùng quan trọng trong bối cảnh công nghệ đang phát triển thần tốc như hiện nay. Gần 150 sinh viên Khoa Công nghệ thông tin Trường Đại học Công Nghiệp Hà Nội đã xuất sắc đạt được chứng nhận Samsung Innovation Campus. Gần 150 SV các lớp SIC (Samsung Innovation Campus) được nhận chứng nhận Tinh thần này được lan tỏa tích cực tại Samsung Innovation Campus (SIC) thông qua cách chương trình thiết kế các khóa học kiến thức kết hợp kỹ năng ứng dụng công nghệ đa dạng, hấp dẫn và hiệu quả. Mang đến những thay đổi sâu sắc trên mọi lĩnh vực đời sống xã hội, cuộc cách mạng công nghiệp lần thứ 4 (CMCN 4.0) đang diễn ra với tốc độ chóng mặt trên toàn cầu. Trong đó, công nghệ đóng vai trò dẫn dắt, là động lực thúc đẩy sự phát triển của các ngành kinh tế, xã hội. Chưa bao giờ các công nghệ cốt lõi như AI (trí tuệ nhân tạo), IoT (vạn vật kết nối internet), dữ liệu lớn, đám mây, nền tảng di động… trở nên quan trọng như hiện nay. Cung cấp cho thế hệ trẻ một ""chương trình giảng dạy cốt lõi chung"", cho phép sinh viên có được các kiến thức cơ bản nhất của 5 công nghệ nền tảng cũng chính là mục tiêu Samsung hướng đến khi đầu tư và phát triển dự án Innovation Campus, với tư cách là doanh nghiệp công nghệ hàng đầu. Khởi động từ 2019, cho đến nay, Innovation Campus đã đào tạo những kiến thức công nghệ mới nhất cho hơn 6.000 học sinh, sinh viên trên khắp mọi miền đất nước, qua đó khẳng định vị thế hàng đầu của Samsung trong việc nỗ lực thúc đẩy phát triển nguồn nhân lực công nghệ chất lượng cao tại Việt Nam. TS. Phạm Văn Hà - Phó Trưởng khoa CNTT Đại học Công nghiệp trao chứng nhận cho những sinh viên xuất sắc tại Khóa học Với chương trình học được thiết kế dựa trên nền tảng các công nghệ lõi của tương lai, kết hợp kỹ năng thực hành ứng dụng, đồng thời sát với xu hướng và yêu cầu tuyển dụng từ các doanh nghiệp công nghệ đầu ngành, SIC mỗi niên khóa đều nhận được sự hưởng ứng tích cực của hàng ngàn học viên tham gia. Không chỉ hướng đến cung cấp kho kiến thức nền tảng về công nghệ mới nhất, SIC còn khuyến khích học viên ứng dụng kiến thức đã được trau dồi vào thực tiễn. Theo đó, không chỉ được tạo điều kiện thực hành ngay trong khóa học, học viên tốt nghiệp SIC còn có cơ hội áp dụng kiến thức và kỹ năng đã học để tham dự Cuộc thi Innovation Tech Challenge, thông qua việc tháo gỡ bài toán hóc búa được ban tổ chức đề ra bằng các ý tưởng, giải pháp sáng tạo, hay thêm cơ hội để được thực tập tại Samsung Việt Nam']","### Thông tin về hoạt động khóa và các hoạt động đoàn hội tại Khoa Công nghệ thông tin, Trường Đại học Công nghiệp Hà Nội

1. **Hoạt động ngoại khóa**:
   - Sinh viên được khuyến khích tham gia vào các hoạt động ngoại khóa và hợp tác doanh nghiệp nhằm mở rộng kiến thức, rèn luyện kỹ năng và tạo cơ hội tiếp xúc với thực tế ngành nghề.
   - Trường thường xuyên tổ chức các hoạt động như tham quan doanh nghiệp, diễn đàn chuyên đề, hội thảo, và buổi chia sẻ kinh nghiệm từ các chuyên gia trong ngành.
   - Các hoạt động này giúp sinh viên hiểu rõ hơn về quy trình sản xuất thực tế và các xu hướng mới trong ngành công nghiệp khuôn mẫu.

2. **Cơ hội nghề nghiệp**:
   - Sau khi tốt nghiệp, sinh viên có thể phát triển sự nghiệp trong nhiều lĩnh vực khác nhau như thiết kế và gia công khuôn mẫu, quản lý sản xuất, và các vị trí liên quan đến công nghệ thông tin.
   - Trường cũng tạo điều kiện cho sinh viên tham gia vào các dự án nghiên cứu và hợp tác với doanh nghiệp, giúp sinh viên áp dụng kiến thức đã học vào thực tế.

### Vai trò của IoT trong cuộc cách mạng công nghiệp lần thứ 4

- **Kết nối và tự động hóa**: IoT (Internet of Things) cho phép kết nối các thiết bị và hệ thống, tạo ra một mạng lưới thông minh giúp tự động hóa quy trình sản xuất và quản lý.
- **Tăng cường hiệu quả**: IoT giúp thu thập và phân tích dữ liệu từ các thiết bị, từ đó tối ưu hóa quy trình sản xuất, giảm thiểu lãng phí và tăng cường hiệu quả hoạt động.
- **Cải thiện chất lượng sản phẩm**: Thông qua việc giám sát liên tục và phân tích dữ liệu, IoT giúp phát hiện sớm các vấn đề trong sản xuất, từ đó cải thiện chất lượng sản phẩm.
- **Tạo ra sản phẩm và dịch vụ mới**: IoT mở ra cơ hội cho việc phát triển các sản phẩm và dịch vụ mới, đáp ứng nhu cầu ngày càng cao của thị trường.

### Tài liệu tham khảo
- [Ngành Công nghệ kỹ thuật khuôn mẫu: Tạo dựng tương lai từ sự sáng tạo] - [**Link tham khảo**](https://www.haui.edu.vn/vn/goc-nhin-haui/nganh-cong-nghe-ky-thuat-khuon-mau-tao-dung-tuong-lai-tu-su-sang-tao/65042).
- [Sinh viên Trường Đại học Công nghiệp Hà Nội sáng tạo túi thời trang tái chế, lan tỏa thông điệp bảo vệ môi trường] - [**Link tham khảo**](https://www.haui.edu.vn/vn/tin-tuc/sinh-vien-truong-dai-hoc-cong-nghiep-ha-noi-sang-tao-tui-thoi-trang-tai-che-lan-toa-thong-diep-bao-ve-moi-truong/65351).

Nếu bạn cần thêm thông tin hoặc có câu hỏi khác, hãy cho tôi biết!","IoT (vạn vật kết nối internet) là một trong những công nghệ cốt lõi quan trọng trong cuộc cách mạng công nghiệp lần thứ 4, đóng vai trò dẫn dắt và là động lực thúc đẩy sự phát triển của các ngành kinh tế, xã hội.",0.7767801355659524,0.0,0.0,0.5,0.9946520328521729,13.577773094177246
Dự án Innovation Campus của Samsung mang lại lợi ích gì cho sinh viên trong lĩnh vực công nghệ thông tin?,"['content: Sinh viên được hỗ trợ gì khi học tại các trường đại học ngành Công Thương? Thứ Tư, 18:12 22/03/2023 1094 Để hỗ trợ sinh viên, nhiều chính sách và hoạt động đã được các trường đại học ngành Công Thương đưa ra trong những năm gần đây. Gần 40 tỷ đồng để hỗ trợ sinh viên Đây là con số mà Trường Đại học Công nghiệp Thực phẩm TP. Hồ Chí Minh dành để hỗ trợ cho sinh viên trong năm học 2022-2023. TS Thái Doãn Thanh – Phó Hiệu trưởng Trường Đại học Công nghệp Thực phẩm TP. Hồ Chí Minh (HUFI) cho biết: Cùng với các hoạt động đào tạo, nghiên cứu khoa học, Nhà trường rất quan tâm đến các hoạt động hỗ trợ sinh viên. Các sinh viên tham gia học tập, rèn luyện tại trường có cơ hội nhận được các chính sách hỗ trợ toàn diện từ học bổng; miễn giảm học phí; giới thiệu việc làm; cố vấn học tập; định hướng nghề nghiệp; tư vấn sức khỏe, tâm lý… “Trong năm học 2022 – 2023 này, HUFI đã có quyết định chi gần 40 tỷ đồng học bổng và các khoản chi hỗ trợ sinh viên”- TS Thái Doãn Thanh nhấn mạnh. Trong đó hơn 20 tỷ đồng dành cho học bổng, hỗ trợ sinh viên nghèo vượt khó, còn lại cho các hoạt động như: tiếp sức sinh viên đến trường, hỗ trợ sinh viên đau ốm, tai nạn đột xuất, miễn giảm học phí cho sinh viên, khen thưởng các sinh viên có thành tích tốt trong học tập, hoạt động học thuật và nghiên cứu khoa học, huấn luyện và trải nghiệm các kỹ năng mềm... “Hoạt động hỗ trợ sinh viên của nhà trường mang tính thiết thực, có chiều sâu, phù hợp với nhu cầu và hoàn cảnh thực tế của các sinh viên. Các sinh viên HUFI đều được giới thiệu việc làm trong và sau quá trình học tập, nhờ đó hơn 90% sinh viên tốt nghiệp có việc làm phù hợp”- TS Thanh cho biết thêm. Trường Đại học Công nghiệp Thực phẩm TP Hồ Chí Minh đã có nhiều hoạt động hỗ trợ sinh viên nghiên cứu khoa học Trong khi đó Trường Đại học Công nghiệp Hà Nội thời gian qua cũng đã dành hơn 1,5 tỷ đồng để trao gần 150 suất học bổng đầu vào cho các sinh viên trúng tuyển, nhập học vào trường có thành tích, điểm xét tuyển cao. Ngoài việc thực hiện miễn,\\nnext_contents:\\n', 'content: [autonet] Uni Care Day - Ngày hội chăm sóc, bảo dưỡng xe máy miễn phí cho sinh viên đầu tiên tại Hà Nội Thứ Năm, 13:25 07/11/2024 83 Hơn 1.000 xe máy của sinh viên và giảng viên Trường Đại học Công nghiệp Hà Nội đã được chăm sóc, bảo dưỡng tại chuỗi chương trình “Uni Care Day” trong hai ngày vừa qua. Công ty Cổ phần Giải pháp Xe phối hợp cùng Trường Đại học Công nghiệp Hà Nội lần đầu tiên tổ chức Chương trình “Uni Care Day – Ngày hội chăm sóc, bảo dưỡng xe máy miễn phí tại các trường đại học” tại Việt Nam, mang đến cho sinh viên cơ hội trải nghiệm thực tế ngành dịch vụ xe máy. hơn 1.000 xe máy của sinh viên và giảng viên Trường Đại học Công nghiệp Hà Nội đã được chăm sóc, bảo dưỡng Trong hai ngày diễn ra sự kiện, hơn 1.000 xe máy của sinh viên và giảng viên Trường Đại học Công nghiệp Hà Nội đã được chăm sóc, bảo dưỡng. Sự kiện không chỉ đem đến những dịch vụ thiết yếu mà còn tổ chức nhiều hoạt động sôi động như giao lưu âm nhạc acoustic, các trò chơi Pickeball và Football, và gian hàng giải khát miễn phí từ Nescafe, thu hút hơn 3.000 sinh viên tham gia. Chuỗi sự kiện đặc biệt này nhằm hỗ trợ sinh viên các ngành ô tô và cơ khí động lực tiếp cận với những quy trình bảo dưỡng hiện đại. Bên cạnh hai đơn vị tổ chức, chương trình nhận được sự đồng hành từ các thương hiệu lớn như IRC Việt Nam (Nhà tài trợ kim cương), AP Saigon Petro, 3M, Enimac và hỗ trợ kỹ thuật từ hệ thống sửa xe máy chuyên nghiệp Tiến Sơn Motor. Các xe được kiểm tra lốp, ắc quy, thay nhớt, vệ sinh các chi tiết gỉ sét và kim phun Tại sự kiện, sinh viên và giảng viên sẽ được phục vụ các dịch vụ chăm sóc xe máy hoàn toàn miễn phí, bao gồm: kiểm tra lốp, ắc quy, thay nhớt, vệ sinh các chi tiết gỉ sét và kim phun… Các công đoạn được thực hiện bởi đội ngũ kỹ thuật viên giàu kinh nghiệm cùng với các sinh viên khoa ô tô và cơ khí động lực đã qua đào tạo chuyên sâu. Để tạo thêm không khí sôi động trước sự kiện, ban tổ chức đã khởi động cuộc thi Tiktok Challenge mang tên “Vivu Uni” – thử thách cover bài nhảy\\nnext_contents:\\n', 'content: [toquoc] Giới khoa học Việt chờ đón Tuần lễ Khoa học Công nghệ VinFuture 2024 Thứ Tư, 10:34 13/11/2024 38 (Tổ Quốc) -Sau 3 mùa gây tiếng vang, các nhà khoa học trong nước kỳ vọng sự trở lại của Tuần lễ Khoa học Công nghệ VinFuture 2024 với chuỗi hoạt động kết nối khoa học công nghệ, đặc biệt là “Chuỗi Đối thoại Khám phá tương lai VinFuture”, hứa hẹn mang đến “cơ hội vàng” để tiếp cận tri thức toàn cầu và hợp tác phát triển. ""Chuỗi Đối thoại Khám phá Tương lai VinFuture"" lần đầu tiên được tổ chức vào năm 2023, nhằm mở ra cơ hội hợp tác và chuyển giao công nghệ tiềm năng trên thế giới cho Việt Nam. Tại sự kiện, các nhà khoa học là thành viên Hội đồng Giải thưởng và Hội đồng Sơ khảo VinFuture, cùng những chuyên gia hàng đầu thế giới ở những lĩnh vực công nghệ ""nóng"", sẽ cùng giao lưu, trao đổi tri thức, chia sẻ kinh nghiệm với các nhà khoa học, nhà nghiên cứu Việt Nam, đồng thời truyền cảm hứng về hành trình khoa học cho hàng chục nghìn sinh viên và nhà nghiên cứu trẻ trong nước. Trong năm 2024, 8 tổ chức gồm các viện nghiên cứu, trường đại học lớn nhất Việt Nam và các doanh nghiệp sẽ tham gia thảo luận chuyên sâu với những nhà khoa học hàng đầu thế giới xoay quanh lĩnh vực trọng yếu như trí tuệ nhân tạo (AI), y học, năng lượng, và môi trường... Các nhà khoa học VinFuture sẽ trở lại Hà Nội trong Tuần lễ Khoa học – Công nghệ tháng 12 này để cùng trao đổi, đối thoại với cộng đồng nghiên cứu Việt Nam Mong chờ cơ hội lĩnh hội tri thức mới ""Cơ hội lớn"" là cụm từ được các chuyên gia nhắc đến nhiều nhất khi nói về ""Chuỗi Đối thoại Khám phá Tương lai"" nằm trong Tuần lễ Khoa học Công nghệ VinFuture 2024. Theo PGS.TS Ngô Văn Minh, Trường Đại học Giao thông Vận tải, hoạt động kết nối khoa học quy mô này này đang tạo ra làn sóng hứng khởi chưa từng có đối với giảng viên và sinh viên trường. ""Bởi việc mời được các giáo sư hàng đầu thế giới, trong đó có cả chuyên gia phát triển bộ chỉ số đổi mới sáng tạo quốc tế, đến chia sẻ về trí tuệ nhân tạo - lĩnh vực đang ‘làm mưa làm gió’\\nnext_contents:\\n', 'content: [baophunuthudo] Giới khoa học Việt chờ đón Tuần lễ Khoa học Công nghệ VinFuture 2024 Thứ Năm, 11:01 14/11/2024 42 (PNTĐ) - Sau 3 mùa gây tiếng vang, các nhà khoa học trong nước kỳ vọng sự trở lại của Tuần lễ Khoa học Công nghệ VinFuture 2024 với chuỗi hoạt động kết nối khoa học công nghệ, đặc biệt là “Chuỗi Đối thoại Khám phá tương lai VinFuture”, hứa hẹn mang đến “cơ hội vàng” để tiếp cận tri thức toàn cầu và hợp tác phát triển. “Chuỗi Đối thoại Khám phá Tương lai VinFuture” lần đầu tiên được tổ chức vào năm 2023, nhằm mở ra cơ hội hợp tác và chuyển giao công nghệ tiềm năng trên thế giới cho Việt Nam. Tại sự kiện, các nhà khoa học là thành viên Hội đồng Giải thưởng và Hội đồng Sơ khảo VinFuture, cùng những chuyên gia hàng đầu thế giới ở những lĩnh vực công nghệ “nóng”, sẽ cùng giao lưu, trao đổi tri thức, chia sẻ kinh nghiệm với các nhà khoa học, nhà nghiên cứu Việt Nam, đồng thời truyền cảm hứng về hành trình khoa học cho hàng chục nghìn sinh viên và nhà nghiên cứu trẻ trong nước. Trong năm 2024, 8 tổ chức gồm các viện nghiên cứu, trường đại học lớn nhất Việt Nam và các doanh nghiệp sẽ tham gia thảo luận chuyên sâu với những nhà khoa học hàng đầu thế giới xoay quanh lĩnh vực trọng yếu như trí tuệ nhân tạo (AI), y học, năng lượng, và môi trường... Các nhà khoa học VinFuture sẽ trở lại Hà Nội trong Tuần lễ Khoa học – Công nghệ tháng 12 này để cùng trao đổi, đối thoại với cộng đồng nghiên cứu Việt Nam. Các nhà khoa học VinFuture sẽ trở lại Hà Nội trong Tuần lễ Khoa học – Công nghệ tháng 12 này để cùng trao đổi, đối thoại với cộng đồng nghiên cứu Việt Nam Mong chờ cơ hội lĩnh hội tri thức mới “Cơ hội lớn” là cụm từ được các chuyên gia nhắc đến nhiều nhất khi nói về “Chuỗi Đối thoại Khám phá Tương lai” nằm trong Tuần lễ Khoa học Công nghệ VinFuture 2024. Theo PGS.TS Ngô Văn Minh, Trường Đại học Giao thông Vận tải, hoạt động kết nối khoa học quy mô này này đang tạo ra làn sóng hứng khởi chưa từng có đối với giảng viên và sinh viên trường. “Bởi việc mời được các giáo sư\\nnext_contents:\\n', 'content: động kết nối khoa học “Chuỗi Đối thoại khám phá tương lai” nằm trong Tuần lễ Khoa học Công nghệ VinFuture 2024 đang tạo ra làn sóng hứng khởi chưa từng có đối với giảng viên và sinh viên trường. “Việc mời được các giáo sư hàng đầu thế giới, trong đó có cả chuyên gia phát triển bộ chỉ số đổi mới sáng tạo quốc tế, đến chia sẻ về trí tuệ nhân tạo - lĩnh vực đang ""làm mưa làm gió"" toàn cầu - là điều không dễ dàng”, ông nhấn mạnh. Đại diện Trường đại học Giao thông vận tải cho biết thêm nhà trường mong đợi sẽ tận dụng tối đa cơ hội này để tìm hiểu cách ứng dụng AI trong giảng dạy và đào tạo, đồng thời nghiên cứu xây dựng bộ chỉ số đổi mới sáng tạo phù hợp với đặc thù của trường đại học Việt Nam. Cũng là một trong những đơn vị tham gia tổ chức sự kiện thuộc chuỗi đối thoại, Trường đại học Công nghiệp Hà Nội kỳ vọng, không chỉ cán bộ, giảng viên mà cả sinh viên sẽ được hưởng lợi từ chia sẻ của các nhà khoa học hàng đầu thế giới. Phó Giáo sư, Tiến sĩ Nguyễn Hồng Sơn, Trường đại học Công nghiệp Hà Nội cho biết, cùng Quỹ VinFuture, nhà trường đã lựa chọn chủ đề năng lượng và vật liệu tiên tiến, vừa hấp dẫn người tham dự vừa gắn với định hướng phát triển thiết thực. “Tôi hy vọng chủ đề này sẽ mang lại giá trị cao cho trường, cũng như các đơn vị chuyên môn”, ông chia sẻ, “Đây là nguồn tri thức mới, có ích đối với công tác đào tạo, nghiên cứu cũng như định hướng phát triển khoa học công nghệ trong tương lai”, Phó Giáo sư, Tiến sĩ Nguyễn Hồng Sơn nói. Các nhà khoa học trong nước và quốc tế đề cao vai trò của VinFuture đem đến cơ hội gia tăng trao đổi, kết nối tri thức toàn cầu. Trong khi đó, Phó Giáo sư, Tiến sĩ Phạm Thị Thanh Ngà, Viện Khoa học Khí tượng Thủy văn và Biến đổi khí hậu hào hứng với khả năng mở rộng cơ hội hợp tác đa phương thông qua sự kiện đối thoại trực tiếp này. Các nhà khoa học trong nước và quốc tế đề cao vai trò của VinFuture đem đến cơ hội gia tăng trao đổi, kết nối tri thức toàn cầu Theo Phó Giáo sư, Tiến sĩ Thanh Ngà, từ trước đến nay, các đơn vị trong\\nnext_contents:\\n- [nhandan] Chờ đón gì ở Tuần lễ Khoa học công nghệ VinFuture 2024? Thứ Tư, 18:53 13/11/2024 47 NDO - Các nhà khoa học trong nước kỳ vọng sự trở lại của Tuần lễ Khoa học công nghệ VinFuture 2024 với chuỗi hoạt động kết nối khoa học công nghệ, đặc biệt là “Chuỗi Đối thoại khám phá tương lai VinFuture”, hứa hẹn mang đến “cơ hội vàng” để tiếp cận tri thức toàn cầu và hợp tác phát triển. Các nhà khoa học VinFuture sẽ trở lại Hà Nội trong Tuần lễ Khoa học – Công nghệ tháng 12 này để cùng trao đổi, đối thoại với cộng đồng nghiên cứu Việt Nam. “Chuỗi Đối thoại khám phá tương lai VinFuture” lần đầu tiên được tổ chức vào năm 2023, nhằm mở ra cơ hội hợp tác và chuyển giao công nghệ tiềm năng trên thế giới cho Việt Nam. Tại sự kiện, các nhà khoa học là thành viên Hội đồng Giải thưởng và Hội đồng sơ khảo VinFuture, cùng những chuyên gia hàng đầu thế giới ở những lĩnh vực công nghệ “nóng”, sẽ cùng giao lưu, trao đổi tri thức, chia sẻ kinh nghiệm với các nhà khoa học, nhà nghiên cứu Việt Nam, đồng thời truyền cảm hứng về hành trình khoa học cho hàng chục nghìn sinh viên và nhà nghiên cứu trẻ trong nước. Trong năm 2024, 8 tổ chức gồm các viện nghiên cứu, trường đại học lớn nhất Việt Nam và các doanh nghiệp sẽ tham gia thảo luận chuyên sâu với những nhà khoa học hàng đầu thế giới xoay quanh lĩnh vực trọng yếu như trí tuệ nhân tạo (AI), y học, năng lượng, và môi trường... Cơ hội lĩnh hội tri thức tiên tiến toàn cầu Theo Phó Giáo sư, Tiến sĩ Ngô Văn Minh, Trường Đại học Giao thông vận tải, hoạt động kết nối khoa học “Chuỗi Đối thoại khám phá tương lai” nằm trong Tuần lễ Khoa học Công nghệ VinFuture 2024 đang tạo ra làn sóng hứng khởi chưa từng có đối với giảng viên và sinh viên trường. “Việc mời được các giáo sư hàng đầu thế giới, trong đó có cả chuyên gia phát triển bộ chỉ số đổi mới sáng tạo quốc tế, đến chia sẻ về trí tuệ nhân tạo - lĩnh vực đang ""làm mưa làm gió"" toàn cầu - là điều không dễ dàng”, ông nhấn mạnh. Đại diện Trường đại học Giao thông vận tải cho biết thêm nhà trường\\n']","['Dự án Innovation Campus là minh chứng cho sự cam kết của Samsung trong nỗ lực thúc đẩy nguồn năng lực chất lượng cao trong lĩnh vực CNTT Từ hấp thu kiến thức đến trau dồi kỹ năng thực hành, ứng dụng, có thể thấy SIC đã mang đến cho thế hệ trẻ những trải nghiệm học tập quý giá, giúp sinh viên nâng cao năng lực công nghệ, sẵn sàng làm chủ tương lai số. Tham gia khóa học SIC là ""bệ phóng"" giúp nhiều bạn trẻ hoàn thành giấc mơ chinh phục công nghệ Thứ Tư, 13:23 30/10/2024 Tags:']","Dưới đây là thông tin về hoạt động khóa, các hoạt động đoàn hội và lợi ích của dự án Innovation Campus của Samsung cho sinh viên trong lĩnh vực công nghệ thông tin tại trường Đại học Công nghiệp Hà Nội:

### 1. Hoạt động khóa và hoạt động đoàn hội
- **Hoạt động Đoàn - Hội**: Sinh viên tại Khoa Công nghệ Thông tin rất tích cực tham gia các hoạt động ngoại khóa và công tác Đoàn - Hội. Các hoạt động này bao gồm:
  - **Hoạt động tình nguyện**: Như tiếp sức mùa thi, mùa hè xanh, hiến máu nhân đạo.
  - **Cuộc thi sáng tạo**: Tham gia các cuộc thi như Robocon, thi lập trình Game AI, và các hoạt động thể thao, văn hóa văn nghệ.
  - **Ngày hội Công nghệ Thông tin**: Tổ chức các sự kiện như IT Festival với các nội dung thi đấu thể thao điện tử, triển lãm sản phẩm sáng tạo, và các hoạt động văn hóa khác.
  
- **Thành tích sinh viên**: Nhiều sinh viên đã đạt thành tích xuất sắc trong học tập và công tác Đoàn - Hội, như Hồ Thị Dung, người đã được vinh danh là thủ khoa tốt nghiệp xuất sắc năm 2020 và tích cực tham gia các hoạt động nghiên cứu khoa học.

### 2. Dự án Innovation Campus của Samsung
- **Lợi ích cho sinh viên**: Dự án Innovation Campus là một sáng kiến hợp tác giữa Samsung và các trường đại học nhằm phát triển nguồn nhân lực chất lượng cao trong lĩnh vực công nghệ thông tin. Một số lợi ích bao gồm:
  - **Học bổng Tài năng Samsung**: Hỗ trợ tài chính cho sinh viên xuất sắc, giúp họ có điều kiện học tập tốt hơn.
  - **Đào tạo và tuyển dụng**: Samsung phối hợp với trường trong công tác đào tạo và tuyển dụng, tạo cơ hội việc làm cho sinh viên sau khi tốt nghiệp.
  - **Tài trợ thiết bị và tổ chức cuộc thi**: Samsung thường xuyên tài trợ thiết bị phục vụ giảng dạy và tổ chức các cuộc thi, giúp sinh viên có cơ hội thực hành và phát triển kỹ năng.

Thông qua các hoạt động này, sinh viên không chỉ được trang bị kiến thức chuyên môn mà còn có cơ hội phát triển kỹ năng mềm và trải nghiệm thực tế trong môi trường làm việc.

Nếu bạn cần thêm thông tin hoặc có câu hỏi khác, hãy cho tôi biết! 

[Học bổng là phần thưởng xứng đáng cho nỗ lực của sinh viên] - [**Link tham khảo**](https://fit.haui.edu.vn/vn/guong-sang/hoc-bong-la-phan-thuong-xung-dang-cho-no-luc-cua-sinh-vien/70891).","Dự án Innovation Campus là minh chứng cho sự cam kết của Samsung trong việc thúc đẩy nguồn năng lực chất lượng cao trong lĩnh vực CNTT. Dự án này mang đến cho sinh viên những trải nghiệm học tập quý giá, giúp họ nâng cao năng lực công nghệ và sẵn sàng làm chủ tương lai số.",0.9323358871683668,0.0,0.0,0.0,0.7992889881134033,8.910897254943848
Ủy ban Cạnh tranh Quốc gia đã tổ chức cuộc thi nào cho sinh viên và mục đích của cuộc thi đó là gì?,"['content: lời cảm ơn tới Ban Giám hiệu nhà trường, Ban tổ chức cuộc thi và các thầy, cô, đã tạo điều kiện cho sinh viên cơ hội để khám phá kiến thức trí tuệ trong lĩnh vực Cơ học. Sinh viên Nguyễn Công Cao - lớp Cơ khí 4 K13 đại diện cho các bạn sinh viên tham dự cuộc thi phát biểu Cuộc thi Olympic Cơ học cấp trường năm 2022 có 42 thí sinh đến từ hai khoa Cơ khí và Công nghệ Ô tô tham dự ở 04 nội dung thi: Cơ học kỹ thuật, Sức bền vật liệu, Nguyên lý máy và Chi tiết máy. Những thí sinh đạt thành tích cao từ cuộc thi cấp trường sẽ được ban tổ chức bồi dưỡng để tham dự cuộc thi cấp toàn quốc diễn ra vào tháng 6/2022. 42 sinh viên chuẩn bị bước vào các nội dung thi Chủ Nhật, 09:29 22/05/2022 Tags: Khai mạc cuộc thi Olympic Cơ học cấp trường năm 2022\\nnext_contents:\\n- Khai mạc cuộc thi Olympic Cơ học cấp trường năm 2022 Chủ Nhật, 09:29 22/05/2022 1310 Nhằm đẩy mạnh phong trào học tập và nghiên cứu khoa học trong sinh viên, sáng ngày 22/5/2022 Trường Đại học Công nghiệp Hà Nội tổ chức cuộc thi Olympic Cơ học cấp trường năm 2022. Tham dự buổi khai mạc có PGS.TS.Phạm Văn Bổng - Phó Hiệu trưởng nhà trường; PGS.TS.Hoàng Tiến Dũng - Trưởng khoa Cơ khí cùng các thầy, cô giáo và sinh viên tham gia cuộc thi. Toàn cảnh buổi Khai mạc Phát biểu khai mạc, PGS.TS.Phạm Văn Bổng - Phó Hiệu trưởng nhà trường khẳng định: Olympic Cơ học là hoạt động thường niên tại Trường Đại học Công nghiệp Hà Nội. Cuộc thi góp phần đẩy mạnh phong trào học tập nghiên cứu, nhằm nâng cao chất lượng đào tạo của trường. Qua cuộc thi, giúp phát hiện, bồi dưỡng và khuyến khích tài năng trẻ đam mê cơ học phát triển, trưởng thành trong lĩnh vực chuyên ngành. Không những thế, Olympic Cơ học còn là cơ hội tạo nên không gian trao đổi học thuật, là môi trường gắn kết sinh viên, tạo điều kiện để các em giao lưu, học hỏi, rèn luyện bản lĩnh, tự tin và khẳng định mình. Từ sân chơi này, đã có nhiều sinh viên tiến bộ vượt bậc và trở thành những kỹ sư giỏi, các chuyên gia, các nhà khoa học có uy tín trong và ngoài nước sau khi ra trường. PGS.TS.Phạm Văn Bổng chúc các em sinh viên bình tĩnh, tự tin, làm bài tốt và đạt kết quả cao. PGS.TS.Phạm Văn Bổng - Phó Hiệu trưởng nhà trường phát biểu khai mạc Đại diện cho các thí sinh tham dự cuộc thi, sinh viên Nguyễn Công Cao - lớp Cơ khí 4 K13 gửi lời cảm ơn tới Ban Giám hiệu nhà trường, Ban tổ chức cuộc thi và các thầy, cô, đã tạo điều kiện cho sinh viên cơ hội để khám phá kiến thức trí tuệ trong lĩnh vực Cơ học. Sinh viên Nguyễn Công Cao - lớp Cơ khí 4 K13 đại diện cho các bạn sinh viên tham dự cuộc thi phát biểu Cuộc thi Olympic Cơ học cấp trường năm 2022 có 42 thí sinh đến từ hai khoa Cơ khí và Công nghệ Ô tô tham dự ở 04 nội dung thi: Cơ học kỹ thuật, Sức bền vật liệu, Nguyên lý máy và Chi tiết máy. Những thí sinh đạt thành tích cao\\n', 'content: Phát động cuộc thi Olympic Cơ học cấp trường năm 2015 Nhằm phát triển mạnh phong trào nghiên cứu khoa học và thi đua học tập đạt thành tích tốt, đồng thời tìm kiếm và bồi dưỡng đội tuyển tham gia Cuộc thi Olympic Cơ học sinh viên toàn quốc lần thứ XXVII sắp được tổ chức vào tháng 4/2015, khoa Cơ khí phát động cuộc thi Olympic Cơ học cấp trường năm 2015 dành cho những sinh viên, học sinh Nhà trường yêu thích cơ học. Lễ phát động cuộc thi sẽ được diễn ra vào lúc 14 giờ, ngày 04/02/2015 tại hội trường tầng 3 nhà A11 . Năm nay, cuộc thi cấp trường vẫn sẽ được tổ chức với 07 môn thi: Cơ học lý thuyết, Sức bền vật liệu, Nguyên lý máy, Chi tiết máy, Ứng dụng tin học trong Cơ học lý thuyết, Ứng dụng tin học trong Chi tiết máy, Ứng dụng tin học trong Nguyên lý máy. Những thí sinh đạt thành tích cao từ cuộc thi cấp trường sẽ được ban tổ chức bồi dưỡng để tham dự cuộc thi cấp toàn quốc. Đội tuyển trường trong lễ tổng kết và trao giải Olympic Cơ học sinh viên toàn quốc lần thứ XXVI (2014) Từ lần tham dự đầu tiên (2009) chỉ với 2 thí sinh cho đến nay, trải qua 6 lần tham dự, đội tuyển Olympic Cơ học Nhà trường đã không ngừng phát triển mạnh mẽ về số lượng, tham dự tất cả các nội dung thi và đem về nhiều phần thưởng cao quý, đóng góp chung vào thành tích xuất sắc của toàn trường. Cuộc thi Olympic Cơ học sinh viên toàn quốc do Bộ Giáo dục và Đào tạo phối hợp với Liên hiệp các Hội Khoa học - Kỹ thuật Việt Nam, Hội Cơ học Việt Nam, Hội sinh viên Việt Nam tổ chức, đã thực sự trở thành một sân chơi trí tuệ, bổ ích cho tuổi trẻ trường Đại học Công nghiệp Hà Nội nói riêng và Việt Nam nói chung, đóng góp tìm kiếm, phát hiện và bồi dưỡng nhiều tài năng thuộc lĩnh vực cơ học của nước nhà. Thứ Ba, 20:43 27/01/2015 Tags:\\nnext_contents:\\n', 'content: Thông báo tổ chức cuộc thi “Giọng hát hay sinh viên HaUI” năm 2023 Thứ Tư, 10:53 10/05/2023 2202 Thực hiện kế hoạch tổng thể tổ chức các hoạt động Giáo dục chính trị - Tư tưởng, Văn hóa - Văn nghệ, Thể dục - Thể thao năm 2023 đã được Hiệu trưởng phê duyệt, nhà trường tổ chức cuộc thi “Giọng hát hay sinh viên” năm 2023. I. MỤC ĐÍCH, YÊU CẦU: 1. Mục đích: - Tuyển chọn sinh viên có năng khiếu đặc biệt về văn nghệ để tham gia Hội thi “Tiếng hát HSSV” Bộ GDĐT và Toàn quốc năm 2023. - Trên cơ sở kết quả cuộc thi để xét chọn các hạt nhân văn nghệ tài năng tham gia vào đội văn nghệ xung kích phục vụ các sự kiện quan trọng của nhà trường. 2. Yêu cầu: - Tổ chức cuộc thi “Giọng hát hay sinh viên” năm 2023 phải chất lượng về nội dung và hình thức nghệ thuật, có ý nghĩa giáo dục sâu sắc. - Đảm bảo công tác an ninh, trật tự và an toàn. II. NỘI DUNG VÀ HÌNH THỨC NGHỆ THUẬT TÁC PHẨM DỰ THI: 1. Nội dung nghệ thuật: - Các ca khúc dự thi phải thể hiện ca ngợi Đảng quang vinh; Bác Hồ vĩ đại; Tình yêu quê hương, Đất nước con người Việt Nam; Tình yêu lứa đôi; Tình yêu mái trường và thủ đô Hà Nội… 2. Hình thức nghệ thuật: - Hát đúng lời, đúng nhạc. - Phong cách biểu diễn, biểu cảm tốt. - Trang phục, trang điểm phù hợp. - Phối khí, hòa âm hay - Ưu tiên các ca khúc có múa phụ họa. III. CƠ CẤU GIẢI THƯỞNG: 1. Giải tiết mục: - 01 giải đặc biệt: Giấy Khen và 2.000.000đ x 01 giải = 2.000.000 đồng - 02 giải nhất: Giấy khen và 1.500.000đ x 02 giải = 3.000.000 đồng - 03 giải nhì: Giấy khen và 1. 000.000đ x 03 giải = 3.000.000 đồng - 05 giải ba: Giấy khen và 700.000đ x 05 giải = 3.500.000 đồng - 07 giải khuyến khích: 500.000đ x 07 giải = 3.500.000 đồng 2. Giải khác: - Giải cho thí sinh có phong cách biểu diễn hay nhất cho 3 dòng nhạc; - Giải cho thí sinh có phần múa phụ họa hiệu quả nhất; - Giải cho thí sinh có sáng tạo nghệ thuật hay nhất. 05 giải x 500.000đ = 2.500.000 đồng Tổng tiền giải thưởng: 17.500.000 đồng (Bằng chữ: Mười bảy triệu năm trăm nghìn đồng). IV. Đăng Ký TẠI ĐÂY Hạn đăng ký: Hết\\nnext_contents:\\n', 'content: [dms] Tổng cục Quản lý thị trường đoạt giải nhất Cuộc thi Tuyên truyền pháp luật bảo vệ quyền lợi người tiêu dùng Chủ Nhật, 21:29 15/12/2024 17 Chiều ngày 15/12/2024 tại Trường Đại học Công nghiệp Hà Nội diễn ra Vòng Chung kết 2 Cuộc thi: “Tuyên truyền pháp luật bảo vệ quyền lợi người tiêu dùng” và “Người tiêu dùng trẻ trong thương mại điện tử” năm 2024. Đội thi Tổng cục Quản lý thị trường xuất sắc giành Giải Nhất Cuộc thi Tuyên truyền pháp luật bảo vệ quyền lợi người tiêu dùng với số điểm gần như tuyệt đối 49,17/50 điểm. Cuộc thi do Bộ Công Thương giao Ủy ban Cạnh tranh Quốc gia phối hợp với Tạp chí Công Thương tổ chức. Tới dự Vòng Chung kết Cuộc thi, có lãnh đạo Ủy ban Khoa học, Công nghệ và Môi trường của Quốc hội; lãnh đạo Ủy ban Cạnh tranh Quốc gia, đại diện lãnh đạo các Bộ, ngành Trung ương, địa phương và gần 1.000 cán bộ, sinh viên của các trường, các đơn vị đến tham dự và cổ vũ cho cuộc thi. Ban cố vấn, Ban giám khảo cuộc thi là những chuyên gia, nhà báo và nghệ sĩ có nhiều kinh nghiệm như Ông Tạ Đình Thi, Phó Chủ nhiệm Ủy ban Khoa học công nghệ và Môi trường của Quốc hội; Ông Nguyễn Lâm Thanh, Tổng Giám đốc Công ty TNHH Công nghệ TikTok Việt Nam; Nghệ sĩ ưu tú Chiều Xuân, Đạo diễn truyền hình VTV Trương Công Tú... Ban Giám khảo cho điểm tại Vòng thi Trình diễn tình huống tuyên truyền. 6 đội thi xuất sắc tiến vào vòng chung kết hai Cuộc thi đó là: Học viện Báo chí và Tuyên truyền, Tổng cục Quản lý thị trường, và Công ty CP Phương tiện điện Thông minh Selex (Selex Motors) cùng tranh tài tại Cuộc thi “Tuyên truyền pháp luật bảo vệ quyền lợi người tiêu dùng” năm 2024; Đại học Công nghiệp Hà Nội, Trường Đại học Thương mại, và Trường Đại học Kinh tế - Kỹ thuật Công nghiệp tham gia tranh tài tại Cuộc thi Người tiêu dùng trẻ trong thương mại điện tử” năm 2024. Trước khi bước vào vòng chung kết, riêng đối với Hội thi “Tuyên truyền về pháp luật bảo vệ quyền lợi người tiêu dùng” đã thu hút gần 16.000 lượt tiếp cận, hơn 6.500 lượt người tham gia theo hình thức trực\\nnext_contents:\\n', 'content: Thông báo tổ chức cuộc thi “Giọng hát hay sinh viên” năm 2021 Thứ Tư, 14:10 14/04/2021 4417 Thực hiện kế hoạch tổng thể tổ chức các hoạt động Giáo dục chính trị - Tư tưởng, Văn hóa - Văn nghệ, Thể dục - Thể thao năm 2021 đã được Hiệu trưởng phê duyệt, nhà trường tổ chức cuộc thi “Giọng hát hay sinh viên” năm 2021. I. MỤC ĐÍCH, YÊU CẦU: 1. Mục đích: - Tuyển chọn sinh viên có năng khiếu đặc biệt về văn nghệ để tham gia Hội thi “Tiếng hát HSSV” Bộ GDĐT và Toàn quốc năm 2021. - Trên cơ sở kết quả cuộc thi để xét chọn các hạt nhân văn nghệ tài năng tham gia vào đội văn nghệ xung kích phục vụ các sự kiện quan trọng của nhà trường. 2. Yêu cầu: - Tổ chức cuộc thi “Giọng hát hay sinh viên” năm 2021 phải chất lượng về nội dung và hình thức nghệ thuật, có ý nghĩa giáo dục sâu sắc. - Đảm bảo công tác an ninh, trật tự và an toàn. II. NỘI DUNG VÀ HÌNH THỨC NGHỆ THUẬT TÁC PHẨM DỰ THI: 1. Nội dung nghệ thuật: - Các ca khúc dự thi phải thể hiện ca ngợi Đảng quang vinh; Bác Hồ vĩ đại; Tình yêu quê hương, Đất nước con người Việt Nam; Tình yêu lứa đôi; Tình yêu mái trường và thủ đô Hà Nội… 2. Hình thức nghệ thuật: - Hát đúng lời, đúng nhạc. - Phong cách biểu diễn, biểu cảm tốt. - Trang phục, trang điểm phù hợp. - Phối khí, hòa âm hay - Ưu tiên các ca khúc có múa phụ họa. III. CƠ CẤU GIẢI THƯỞNG: 1. Giải tiết mục: - 01 giải đặc biệt: Giấy Khen và 2.000.000đ x 01 giải = 2.000.000 đồng - 02 giải nhất: Giấy khen và 1.500.000đ x 02 giải = 3.000.000 đồng - 03 giải nhì: Giấy khen và 1. 000.000đ x 03 giải = 3.000.000 đồng - 05 giải ba: Giấy khen và 700.000đ x 05 giải = 3.500.000 đồng - 07 giải khuyến khích: 500.000đ x 07 giải = 3.500.000 đồng 2. Giải khác: - 01 giải cho thí sinh có phong cách biểu diễn hay nhất - 01 giải cho thí sinh có phần múa phụ họa hiệu quả nhất - 01 giải cho thí sinh trang phục, trang điểm đẹp, phù hợp nhất 03 giải x 300.000đ = 900.000 đồng Tổng tiền giải thưởng: 15.900.000 đồng (Bằng chữ: Mười lăm triệu, chín trăm nghìn đồng). 3. Đăng ký dự thi TẠI ĐÂY Thứ Tư, 14:10\\nnext_contents:\\n']","['Sinh viên Khoa Công nghệ thông tin đạt giải tại Cuộc thi “Sinh viên thông thái 2024” Ngày 25/11/2024, chung kết cuộc thi Sinh viên thông thái 2024 với chủ đề: “Tìm hiểu pháp luật quản lý hoạt động kinh doanh theo phương thức đa cấp” đã diễn ra tại Đại học Kinh tế Quốc dân, Hà Nội. Đội thi Trường ĐH Công Nghiệp Hà Nội lọt vào vòng chung kết ""Sinh viên thông thái 2024"" Đây là cuộc thi do Ủy ban Cạnh tranh Quốc gia phối hợp với Vụ Pháp chế, Bộ Công Thương chủ trì tổ chức thực hiện. Cuộc thi nhằm phổ biến, tuyên truyền rộng rãi và nâng cao kiến thức, hiểu biết đúng đắn của sinh viên về hoạt động bán hàng đa cấp và và tầm quan trọng của công tác quản lý hoạt động kinh doanh theo phương thức đa cấp. Qua đó, góp phần tích cực trong việc bảo vệ cộng đồng, phòng chống hoạt động bán hàng đa cấp bất chính, xây dựng ngành bán hàng đa cấp trong sạch đảm bảo quyền và lợi ích cho người dân nói chung và sinh viên nói riêng. Phần thi giới thiệu của Đội thi Trường ĐH Công Nghiệp Hà Nội Đối tượng tham gia là sinh viên các trường đại học, cao đẳng khu vực phía Bắc. Nội dung thi gồm: Tìm hiểu các quy định của pháp luật liên quan đến hoạt động kinh doanh theo phương thức đa cấp và quản lý hoạt động kinh doanh theo phương thức đa cấp; xử lý các tình huống giả định có liên quan tới hoạt động kinh doanh theo phương thức đa cấp; phòng chống đa cấp bất chính; đề xuất các giải pháp nhằm nâng cao hiệu quả thực thi pháp luật quản lý hoạt động kinh doanh theo phương thức đa cấp; tuyên truyền, cảnh báo các dấu hiệu đa cấp bất chính… Phần thi Tiểu phẩm của Đội thi Trường ĐH Công Nghiệp Hà Nội Với 3 phần thi giới thiệu - tiểu phẩm - hùng biện, Sinh viên Lê Văn Thọ lớp ĐH CN Đa phương tiện Khóa 18 và sinh viên Trần Đức Quân lớp ĐH CNTT1 Khóa 18 thuộc Đội thi Trường Đại học Công Nghiệp Hà Nội đã trổ tài tranh biện với những lập luận sắc bén và phản biện thông minh để thuyết phục ban giám khảo là những chuyên gia uy tín hàng đầu về Luật Cạnh tranh và bảo vệ người tiêu dùng. Phần thi hùng biện của Đội thi Trường ĐH Công Nghiệp Hà Nội. Sinh viên Lê Văn Thọ và Trần Đức Quân (đứng giữa) Khoa Công nghệ thông tin đang thể hiện phần thi Đội thi Trường Đại học Công Nghiệp Hà Nội đã chuẩn bị cẩn thận, kỹ lưỡng ngay từ khi tổng duyệt đến từng phần thi. Những giọt nước mắt hạnh phúc đã rơi cùng với những cái ôm thật chặt, niềm vui sướng và tự hào vô bờ bến của toàn đội sau hành trình hai tháng đầy nỗ lực và thử thách, tập luyện mỗi ngày.']","Ủy ban Cạnh tranh Quốc gia đã tổ chức cuộc thi ""Tuyên truyền pháp luật bảo vệ quyền lợi người tiêu dùng"" và ""Người tiêu dùng trẻ trong thương mại điện tử"". Mục đích của cuộc thi này là nhằm nâng cao nhận thức của sinh viên về quyền lợi của người tiêu dùng, đồng thời khuyến khích sinh viên tham gia vào các hoạt động tuyên truyền pháp luật liên quan đến bảo vệ quyền lợi người tiêu dùng.

Cuộc thi không chỉ tạo ra một sân chơi trí tuệ cho sinh viên mà còn giúp họ phát triển kỹ năng giao tiếp, tư duy phản biện và khả năng làm việc nhóm. Đây là cơ hội để sinh viên thể hiện tài năng và kiến thức của mình trong lĩnh vực này.

Nếu bạn cần thêm thông tin về các hoạt động khác của khoa Công nghệ thông tin hoặc các hoạt động đoàn hội, hãy cho tôi biết! 

[Thông báo tổ chức cuộc thi Tuyên truyền pháp luật bảo vệ quyền lợi người tiêu dùng] - [**Link tham khảo**](https://www.haui.edu.vn/vn/bao-chi-viet-ve-haui/dms-tong-cuc-quan-ly-thi-truong-doat-giai-nhat-cuoc-thi-tuyen-truyen-phap-luat-bao-ve-quyen-loi-nguoi-tieu-dung/65855).","Ủy ban Cạnh tranh Quốc gia đã phối hợp với Vụ Pháp chế, Bộ Công Thương tổ chức cuộc thi “Sinh viên thông thái 2024”. Mục đích của cuộc thi là nhằm phổ biến, tuyên truyền rộng rãi và nâng cao kiến thức, hiểu biết đúng đắn của sinh viên về hoạt động bán hàng đa cấp và tầm quan trọng của công tác quản lý hoạt động kinh doanh theo phương thức đa cấp.",0.8147229240706904,0.0,0.42857142857142855,0.0,0.873845100402832,6.33489990234375
Trường Đại học Công nghiệp Hà Nội có đạt giải gì trong cuộc thi Sinh viên thông thái 2024 không và chủ đề của cuộc thi là gì?,"['content: Sinh viên HaUI đạt thành tích cao tại Cuộc thi Olympic Tin học sinh viên Việt Nam lần thứ 30 Tiếp nối truyền thống ham học hỏi từ những thế hệ đi trước. Năm 2022, sinh viên Khoa Công nghệ thông tin Trường Đại học Công Nghiệp Hà Nội đã gặt hái được nhiều thành tích tại kỳ thi Olympic Tin học sinh viên Việt Nam lần thứ 30 và kỳ thi lập trình sinh viên quốc tế ICPC Asia Hanoi Đội tuyển sinh viên khoa Công nghệ thông tin, Đại học Công nghiệp Hà Nội xuất sắc đạt 01 giải Nhất, 03 giải Nhì, 04 giải Ba, 01 giải Khuyến khích tại cuộc thi Olympic Tin học sinh viên Việt Nam (OLP) lần thứ 30, Procon và Lập trình sinh viên quốc tế ICPC Asia Hanoi 2021 vừa diễn ra tại Hà Nội từ ngày 22 - 25/3/2022. Thầy và trò đội tuyển Olympic Tin học Đại học Công nghiệp Hà Nội Cuộc thi do Bộ Giáo dục và Đào tạo, Hội Tin học Việt Nam và Hội Sinh viên Việt Nam phối hợp tổ chức với sự đăng cai của trường đại học FPT Hà Nội. Sự kiện quy tụ gần 700 sinh viên đến từ 67 trường đại học và cao đẳng cả nước với 68 sinh viên dự thi khối Siêu Cup, 171 sinh viên khối Chuyên Tin, 114 sinh viên khối không chuyên tin, 9 sinh viên Khối cao đẳng, 27 sinh viên dự khối Phần mềm nguồn mở, 46 sinh viên tham dự PROCON Việt Nam và 126 đội tuyển với 378 sinh viên tham dự khối ICPC Asia Hanoi 2021. Đội tuyển OLP Tin học Đại học Công nghiệp Hà Nội với sự tham dự của 15 sinh viên tranh tài ở các nội dung sau: Cá nhân siêu cúp (02 sinh viên), Olympic cá nhân chuyên tin (03 sinh viên), Olympic cá nhân không chuyên tin (03 sinh viên), Procon Việt Nam (03 đội, mỗi đội gồm 03 thành viên), Lập trình sinh viên quốc tế ICPC (03 đội, mỗi đội gồm 03 thành viên). Sinh viên Đại học Công nghiệp Hà Nội trong phần thi Procon Với sự chuẩn bị, tập luyện, ý chí quyết tâm cao, sau 04 ngày tranh tài, sinh viên Đại học Công nghiệp Hà Nội xuất sắc đạt 01 giải Nhất, 03 giải Nhì, 04 giải Ba, 01 giải Khuyến khích, cụ thể: 1. Olympic tin học sinh viên - 01 giải Nhì Olympic khối chuyên tin: Tô Văn Sang - Lớp CNTT02-K14 - 01 giải Nhì Olympic khối\\nnext_contents:\\n', 'content: Đại học Công nghiệp Hà Nội đạt giải Nhất toàn đoàn Cuộc thi Olympic Vật lý sinh viên toàn quốc 2021 Thứ Hai, 08:34 19/04/2021 2738 Cuộc thi Olympic Vật lý sinh viên toàn quốc lần thứ 23 năm 2021 vừa diễn ra tại Trường Đại học Sư phạm Kỹ thuật Vĩnh Long từ ngày 14 - 17/4/2021, đội tuyển sinh viên Đại học Công nghiệp Hà Nội xuất sắc đạt giải Nhất toàn đoàn với 07 giải. Thầy và trò đội tuyển Olympic Vật lý Đại học Công nghiệp Hà Nội giành giải Nhất toàn đoàn Cuộc thi Olympic Vật lý sinh viên toàn quốc lần thứ 23 năm 2021 Cuộc thi Olympic vật lý sinh viên toàn quốc lần thứ 23 năm 2021 quy tụ 300 giảng viên, sinh viên của 36 đoàn đến từ các trường đại học, học viện trên cả nước. Olympic Vật lý sinh viên toàn quốc là cuộc thi thường niên do Bộ Giáo dục & Đào tạo, Liên hiệp các hội Khoa học kỹ thuật Việt Nam, Hội Vật lý Việt Nam và các trường đại học, cao đẳng trong cả nước tổ chức. Đội tuyển OLP Vật lý Đại học Công nghiệp Hà Nội với sự tham dự của 06 sinh viên ở 03 nội dung thi: môn Thực nghiệm, môn Bài tập và môn Trắc nghiệm. 06 sinh viên Đại học Công nghiệp Hà Nội đạt 07 giải cá nhân Cuộc thi Kết quả, sinh viên ĐHCNHN đã xuất sắc giành 07 giải gồm: 02 giải Nhất môn Thực nghiêm, 03 giải Nhì môn Trắc nghiệm, 01 giải Ba môn Bài tập và 01 giải Khuyến khích môn Bài tập. Đội tuyển Olympic Vật lý Đại học Công nghiệp Hà Nội xuất sắc đạt giải Nhất toàn đoàn. Thành tích của các em tiếp tục khẳng định truyền thống, bề dày và năng lực nổi trội về các môn khoa học cơ bản của sinh viên Đại học Công nghiệp Hà Nội tại sân chơi Olympic. Danh sách sinh viên đạt giải: TT Họ và tên Lớp Giải thưởng 1 Đinh Tuấn Anh ĐH-TĐH1- K15 Giải nhất môn Thực nghiệm 2 Vũ Văn Diễn ĐH-TĐH4- K15 Giải nhất môn Thực nghiệm 3 Phạm Ngọc Thắng ĐH-TĐH1- K15 Giải Nhì môn Trắc nghiệm, Giải Ba môn Bài tập 4 Phạm Sơn Lâm ĐH-TĐH4-K14 Giải Nhì môn Trắc nghiệm 5 Nguyễn Anh Quý ĐH-TĐH1- K14 Giải Nhì môn Trắc nghiệm 6 Nguyễn Văn Hoàng ĐH-TĐH4- K15 Giải Khuyến khích môn Bài tập Thứ Hai, 08:34 19/04/2021 Tags: Đại học\\nnext_contents:\\n', 'content: Sinh viên Đại học Công nghiệp Hà Nội nhận 11 giải Olympic Cơ học toàn quốc lần thứ XXXI – năm 2019 Thứ Bảy, 16:10 18/05/2019 2290 Sáng ngày 18 tháng 5 năm 2019 tại trường Đại học Bách khoa Hà Nội, Hội cơ học Việt Nam, Ban tổ chức Olympic cơ học toàn quốc đã long trọng tổ chức lễ trao giải Olympic Cơ học toàn quốc lần thứ XXXI – năm 2019. Sinh viên Đại học Công nghiệp Hà Nội vinh dự nhận 11 giải tại kỳ Olympic năm nay. Năm 2019 với 1226 thí sinh đến từ 40 trường tham dự kỳ Olympic, được tổ chức tại 3 địa điểm, miền Bắc có 17 trường tham gia, miền nam có 19 trường tham gia, khu vực miền trung có 04 trường tham gia; tổng số môn thi là 12 môn. Ban tổ chức đã chọn được 26 giải Nhất, 71 giải Nhì, 146 giải Ba và 56 giải đồng đội Tập thể sinh viên và Thầy cô giáo trường Đại học Công nghiệp Hà Nội chụp ảnh lưu niệm tại lễ trao giải Olympic Cơ học toàn quốc lần thứ XXXI – năm 2019 Sinh viên Đại học Công nghiệp Hà Nội tham dự kỳ thi lần này đã vinh dự nhận 03 giải Nhì môn Ứng dụng tin học trong nguyên lý máy, Ứng dụng tin học trong chi tiết máy và Nguyên lý máy; 06 giải Ba cho các môn Nguyên lý máy, Ứng dụng tin học trong nguyên lý máy, Sức bền vật liệu và 01 giải Nhì đồng đội cho môn Ứng dụng tin học trong nguyên lý máy, 01 giải Ba đồng đội cho môn Nguyên lý máy 03 giải Nhì cá nhân 06 giải Ba cá nhân Phong trào học tập các môn cơ học trong các trường đại học ngày càng được đông đảo các bạn sinh viên say mê, hưởng ứng. Cuộc thi Olympic cơ học hàng năm là sân chơi khoa học cho sinh viên khối ngành kỹ thuật, cũng là cơ hội để các trường Đại học chia sẻ kinh nghiệm về đào tạo và nghiên cứu về lĩnh vực cơ học. 02 giải Nhì và Ba đồng đội Thứ Bảy, 16:10 18/05/2019 Tags:\\nnext_contents:\\n', 'content: kiến thức chuyên ngành nâng cao, mà còn là cơ hội để đạt điểm tuyệt đối của học phần tương ứng nếu đạt từ giải ba trở lên. Những thí sinh đạt thành tích cao từ cuộc thi cấp trường sẽ được ban tổ chức bồi dưỡng để tham dự cuộc thi cấp toàn quốc diễn ra vào tháng 5/2024. Tại các kỳ thi Olympic cơ học cấp quốc gia từ năm 2009 đến 2023, đội tuyển Đại học Công nghiệp Hà Nội luôn đạt được các thành tích ấn tượng với 125 huy chương các loại, bao gồm 5 huy chương vàng, 20 huy chương bạc, 100 huy chương đồng. Gần đây nhất, kỳ thi Olympic cơ học toàn quốc lần thứ XXXIII năm 2023, HaUI đạt 3 giải đồng đội gồm 1 giải nhất và 2 giải nhì; 30 giải cá nhân gồm 3 huy chương bạc và 27 huy chương đồng. Thứ Bảy, 10:50 23/03/2024 Tags: Đại học Công nghiệp Hà Nội HaUI ĐHCNHN khai mạc cuộc thi Olympic cơ học\\nnext_contents:\\n- Gần 100 sinh viên tham dự cuộc thi Olympic cơ học cấp trường năm 2024 Thứ Bảy, 10:50 23/03/2024 1510 Sáng 23/3, lễ khai mạc Cuộc thi Olympic Cơ học cấp trường năm 2024 đã diễn ra tại Đại học Công nghiệp Hà Nội, với gần 100 sinh viên tham gia ở 8 môn thi. Cuộc thi Olympic cơ học là hoạt động được tổ chức thường niên tại Đại học Công nghiệp Hà Nội. Phát biểu tại lễ khai mạc, PGS.TS. Phạm Văn Đông - Phó Hiệu trưởng nhà trường, Trưởng ban tổ chức nhấn mạnh: Cuộc thi Olympic cơ học góp phần đẩy mạnh phong trào học tập, nghiên cứu trong cộng đồng sinh viên HaUI. Thông qua cuộc thi giúp nhà trường phát hiện, bồi dưỡng và khuyến khích tài năng trẻ đam mê cơ học phát triển, trưởng thành trong lĩnh vực chuyên ngành. Đại diện cho các thí sinh tham dự cuộc thi, sinh viên Trần Bá Anh - lớp Công nghệ kỹ thuật cơ khí 3 K17 gửi lời cảm ơn tới Ban Giám hiệu nhà trường, Ban tổ chức cuộc thi và các thầy, cô, đã tạo điều kiện cho sinh viên cơ hội để khám phá kiến thức trí tuệ trong lĩnh vực Cơ học. Cuộc thi Olympic cơ học cấp trường năm 2024 có gần 100 thí sinh của Trường Cơ khí - Ô tô tham dự ở 8 nội dung thi: cơ học kỹ thuật, sức bền vật liệu, nguyên lý máy và chi tiết máy, ứng dụng tin học trong chi tiết máy, ứng dụng tin học trong cơ học kỹ thuật, ứng dụng tin học trong sức bền vật liệu, ứng dụng tin học trong nguyên lý máy. Sinh viên Lương Thị Vân Hồng - lớp Công nghệ kỹ thuật cơ điện tử 3 K17 cho rằng, tham gia cuộc thi Olympic cơ học cấp trường không chỉ là dịp được tiếp cận với những kiến thức chuyên ngành nâng cao, mà còn là cơ hội để đạt điểm tuyệt đối của học phần tương ứng nếu đạt từ giải ba trở lên. Những thí sinh đạt thành tích cao từ cuộc thi cấp trường sẽ được ban tổ chức bồi dưỡng để tham dự cuộc thi cấp toàn quốc diễn ra vào tháng 5/2024. Tại các kỳ thi Olympic cơ học cấp quốc gia từ năm 2009 đến 2023, đội tuyển Đại học Công nghiệp Hà Nội luôn đạt được các thành tích ấn tượng với 125 huy chương các loại, bao gồm 5 huy chương vàng, 20 huy chương bạc, 100 huy chương\\n', 'content: Sinh viên HaUI đạt thành tích cao tại Kỳ thi Olympic Cơ học toàn quốc lần thứ XXXIII Thứ Bảy, 12:15 10/06/2023 4018 Vượt qua 1200 sinh viên đến từ 36 trường đại học, học viện kỹ thuật và công nghệ trong cả nước, sinh viên Trường Đại học Công nghiệp Hà Nội tiếp tục khẳng định vị thế, đạt giải cao tại Olympic Cơ học toàn quốc lần thứ XXXIII. Kỳ thi Olympic Cơ học toàn quốc được đánh giá là một cuộc thi trí tuệ nhằm phát triển và khuyến khích các tài năng trẻ trong lĩnh vực Cơ học, đẩy mạnh phong trào học tập các môn Cơ học trong các trường đại học. Kỳ thi Olympic cơ học diễn ra từ ngày 07/5 đồng thời ở ba khu vực: Miền Bắc (Học viện Kỹ thuật Quân sự đăng cai); miền Trung (Đại học Bách khoa Đà Nẵng đăng cai); miền Nam (Đại học Sư phạm Kỹ thuật Vĩnh Long đăng cai). Tại miền Bắc: Tổng số môn thi: 12 môn (7 môn lý thuyết và 5 môn ứng dụng tin học). Kỳ thi Olympic Cơ học toàn quốc lần thứ XXXIII, năm 2023 đã chính thức khép lại với những thành tích xuất sắc của bạn sinh viên. Đây là dịp để sinh viên Trường Đại học Công nghiệp Hà Nội khẳng định bản thân và là cơ hội giao lưu, học hỏi với sinh viên các trường bạn. Những quả ngọt gặt hái được sau những nỗ lực không ngừng nghỉ trong chặng đường vừa qua là phần thưởng xứng đáng, ghi nhận những cố gắng của thầy và trò Trường Đại học Công nghiệp Hà Nội trong học tập và nghiên cứu khoa học; một dấu ấn đáng tự hào trên bản đồ giáo dục Việt Nam để viết tiếp trang sử vẻ vang của Nhà trường. Với sự hướng dẫn tận tình của các thầy cô cùng với năng lực, quyết tâm cao, các thí sinh đến từ Khoa Cơ khí - Trường Đại học Công nghiệp Hà Nội đã hoàn thành xuất sắc các phần thi với kết quả chung cuộc ấn tượng: 30 giải cá nhân gồm: 03 giải Nhì, 27 giải Ba; 03 giải đồng đội gồm: 01 giải Nhất, 02 giải Ba. Cụ thể như sau: Giải đồng đội: Giải Nhất: Môn thi Ứng dụng tin học – Nguyên lý máy Giải Ba: Môn thi Nguyên lý máy Môn thi Chi tiết máy Giải cá nhân: Giải Nhì: Hoàng Văn Thoan – Môn thi Nguyên lý máy Lưu Bá Quỳnh – Môn thi UDTH trong Nguyên lý\\nnext_contents:\\n']","['Chúc mừng đội thi Trường Đại học Công nghiệp Hà Nội đạt giải Khuyến khích Chung kết cuộc thi ""Sinh viên thông thái 2024"" với chủ đề đặc biệt ""Tìm hiểu về pháp luật quản lý hoạt động kinh doanh theo phương thức đa cấp"" Các đội thi chụp ảnh lưu niệm. Thứ Tư, 10:39 27/11/2024 Tags:']","### Thông tin về hoạt động khóa và các hoạt động đoàn hội tại Trường Đại học Công nghiệp Hà Nội

1. **Hoạt động khóa**:
   - Trường Đại học Công nghiệp Hà Nội thường xuyên tổ chức các hoạt động ngoại khóa nhằm khuyến khích sinh viên tham gia vào các hoạt động hợp tác doanh nghiệp, mở rộng kiến thức và rèn luyện kỹ năng.
   - Các hoạt động này bao gồm tham quan doanh nghiệp, diễn đàn chuyên đề, hội thảo, và chia sẻ kinh nghiệm từ các chuyên gia trong ngành.

2. **Hoạt động đoàn hội**:
   - Sinh viên được khuyến khích tham gia vào các hoạt động đoàn hội như hoạt động 5S, tiếp sức mùa thi, mùa hè xanh, và các hoạt động tình nguyện vì cộng đồng.
   - Trường cũng tổ chức các cuộc thi sáng tạo, cuộc thi Robocon và nhiều hoạt động khác do Đoàn thanh niên - Hội sinh viên tổ chức.

### Giải thưởng trong cuộc thi Sinh viên thông thái 2024

- **Giải thưởng**: Tôi không có thông tin này về việc Trường Đại học Công nghiệp Hà Nội có đạt giải gì trong cuộc thi Sinh viên thông thái 2024 hay không.
- **Chủ đề của cuộc thi**: Tôi không có thông tin này về chủ đề của cuộc thi Sinh viên thông thái 2024.

Khuyến nghị bạn tham khảo thêm thông tin từ các nguồn khác hoặc trang web chính thức của trường để có thông tin chi tiết hơn.

[Nguồn tài liệu] - [**Link tham khảo**](https://www.haui.edu.vn/vn/goc-nhin-haui/nganh-cong-nghe-ky-thuat-khuon-mau-tao-dung-tuong-lai-tu-su-sang-tao/65042). 

Nếu bạn có thêm câu hỏi nào khác hoặc cần thông tin chi tiết hơn, hãy cho tôi biết!","Trường Đại học Công nghiệp Hà Nội đã đạt giải Khuyến khích trong Chung kết cuộc thi ""Sinh viên thông thái 2024"" với chủ đề đặc biệt ""Tìm hiểu về pháp luật quản lý hoạt động kinh doanh theo phương thức đa cấp"".",0.0,0.0,0.2857142857142857,0.0,0.7557921409606934,10.503077983856201
"Học bổng HaUI có những tiêu chí nào để sinh viên có thể nhận được, và vai trò của Đại học Quốc gia Hà Nội trong quá trình xét tuyển là gì?","['content: Trong mùa tuyển sinh 2021, Đại học Công nghiệp Hà Nội sử dụng 03 phương thức xét tuyển hệ đại học chính quy, gồm Tuyển thẳng theo quy chế tuyển sinh của Bộ GD&ĐT; xét tuyển thí sinh đoạt giải học sinh giỏi cấp tỉnh/thành phố, thí sinh có chứng chỉ quốc tế và xét tuyển dựa vào kết quả thi tốt nghiệp THPT năm 2021. Cũng bắt đầu từ năm học 2021 - 2022, nhà trường dành 350 trong số khoảng 7.120 chỉ tiêu để xét tuyển thí sinh đoạt giải học sinh giỏi cấp tỉnh/thành phố hoặc có chứng chỉ quốc tế như ACT, SAT, TOEFL iBT, IELTS... Điều này giúp thí sinh có chứng chỉ quốc tế có nhiều cơ hội lựa chọn các ngành học tại Đại học Công nghiệp Hà Nội. Thầy Lê Văn Thái - Phó Trưởng phòng Đào tạo trực tiếp giải đáp những thắc mắc của học sinh tại Ngày hội Tư vấn tuyển sinh - hướng nghiệp 2021 Điểm nhấn của gian tư vấn tuyển sinh - hướng nghiệp năm nay chính là trải nghiệm thăm quan Đại học Công nghiệp Hà Nội bằng kính thực tế ảo (VR 360). Trước sự chuyển đổi số và phát triển công nghệ như vũ bão, để giúp cho người học, quý phụ huynh và xã hội có cái nhìn toàn cảnh về Đại học Công nghiệp Hà Nội, nhà trường đã ứng dụng công nghệ thực tế ảo 360 độ trong truyền thông các thông tin hình ảnh một cách tổng thể, chân thực nhất. Nam học sinh tham quan Đại học Công nghiệp Hà Nội bằng kính thực tế ảo Với sự nhiệt tình, luôn sẵn sàng giải đáp mọi thắc mắc, các cán bộ Ban tuyển sinh đã giúp quý vị phụ huynh, các bạn học sinh hiểu rõ hơn về các ngành nghề đào tạo, chương trình đào tạo, các thông tin xét tuyển, cũng như giúp các bạn định vị rõ hơn bản thân, sở trường năng lực cá nhân để lựa chọn ngành nghề phù hợp với năng lực và sở thích của mình; giải đáp những thắc mắc về kỳ thi THPT, xét tuyển đại học giúp học sinh vững tin bước vào kỳ thi tốt nghiệp THPT sắp tới. MỌI CHI TIẾT VỀ TUYỂN SINH LIÊN HỆ: - Văn phòng Tuyển sinh - Học vụ, Phòng 110, Tầng 1, Nhà A2, Cơ sở 1, Trường Đại học Công nghiệp Hà Nội. - Địa chỉ: Số 298, Đường Cầu Diễn, Q.Bắc Từ Liêm, TP. Hà Nội. - Điện thoại: 024.37650051 hoặc\\nnext_contents:\\n- Ngày hội tư vấn tuyển sinh - hướng nghiệp 2021: Sức hút của thương hiệu Đại học Công nghiệp Hà Nội Chủ Nhật, 15:20 11/04/2021 5312 Gian tư vấn tuyển sinh - hướng nghiệp của Đại học Công nghiệp Hà Nội luôn chật kín và rộn rã với hàng nghìn quý vị phụ huynh và các bạn học sinh THPT tìm hiểu thông tin tại Ngày hội tư vấn tuyển sinh - hướng nghiệp năm 2021 khai mạc sáng ngày 11/4/2021. Gian tư vấn tuyển sinh - hướng nghiệp luôn tấp nập của Đại học Công nghiệp Hà Nội Tham gia Ngày hội tư vấn tuyển sinh - hướng nghiệp năm 2021 và đến với gian tư vấn của Đại học Công nghiệp Hà Nội, hàng nghìn các em học sinh và bậc phụ huynh được gặp gỡ trực tiếp các chuyên gia của Ban tuyển sinh nhà trường để nắm bắt các thông tin mới nhất về mùa tuyển sinh năm 2021 cũng như được tư vấn, giải đáp trực tiếp mọi thắc mắc về ngành học, chỉ tiêu tuyển sinh, chính sách ưu tiên trong tuyển sinh, quy định đăng ký xét tuyển, tuyển thẳng, phương thức xét tuyển, các thông tin về học phí, học bổng … của nhà trường. Cán bộ Ban tuyển sinh nhà trường đang tư vấn cho các bạn trẻ Năm 2021, Đại học Công nghiệp Hà Nội tiếp tục tuyển sinh các trình độ, loại hình đào tạo với 04 ngành Tiến sĩ, 11 ngành Thạc sĩ, 41 ngành Đại học và nhiều loại hình đào tạo khác. Bắt kịp xu thế công nghệ mới hiện nay, Đại học Công nghiệp Hà Nội bắt đầu tuyển sinh ngành Robot và Trí tuệ nhân tạo từ năm 2021 với 50 chỉ tiêu. Thầy Nguyễn Anh Tú - Phó trưởng khoa Cơ khí tư vấn tuyển sinh ngành Robot và Trí tuệ nhân tạo cho một bạn nữ sinh Trong mùa tuyển sinh 2021, Đại học Công nghiệp Hà Nội sử dụng 03 phương thức xét tuyển hệ đại học chính quy, gồm Tuyển thẳng theo quy chế tuyển sinh của Bộ GD&ĐT; xét tuyển thí sinh đoạt giải học sinh giỏi cấp tỉnh/thành phố, thí sinh có chứng chỉ quốc tế và xét tuyển dựa vào kết quả thi tốt nghiệp THPT năm 2021. Cũng bắt đầu từ năm học 2021 - 2022, nhà trường dành 350 trong số khoảng 7.120 chỉ tiêu để xét tuyển thí sinh đoạt giải học sinh giỏi cấp tỉnh/thành phố hoặc có chứng chỉ quốc tế như\\n', 'content: Trong mùa tuyển sinh 2021, Đại học Công nghiệp Hà Nội sử dụng 03 phương thức xét tuyển hệ đại học chính quy, gồm tuyển thẳng theo quy chế tuyển sinh của Bộ GD&ĐT; xét tuyển thí sinh đoạt giải học sinh giỏi cấp tỉnh/thành phố, thí sinh có chứng chỉ quốc tế và xét tuyển dựa vào kết quả thi tốt nghiệp THPT năm 2021. Gian hàng của Đại học Công nghiệp Hà Nội đã thu hút nhiều lượt học sinh tham quan, tìm hiểu. Cũng bắt đầu từ năm học 2021 - 2022, nhà trường dành 350 trong số khoảng 7.120 chỉ tiêu để xét tuyển thí sinh đoạt giải học sinh giỏi cấp tỉnh/thành phố hoặc có chứng chỉ quốc tế như ACT, SAT, TOEFL iBT, IELTS... Điều này giúp thí sinh có chứng chỉ quốc tế có nhiều cơ hội lựa chọn các ngành học tại Đại học Công nghiệp Hà Nội. Một số hình ảnh tại Ngày hội Tư vấn hướng nghiệp tại Bắc Giang Thứ Ba, 15:30 20/04/2021 Tags: Đại học Công nghiệp Hà Nội Ngày hội tư vấn hướng nghiệp Tỉnh Bắc Giang\\nnext_contents:\\n- Sức hút của Đại học Công nghiệp Hà Nội tại Ngày hội tư vấn hướng nghiệp cho học sinh tỉnh Bắc Giang Thứ Ba, 15:30 20/04/2021 1075 Ngày 19/4, Ngày hội tư vấn hướng nghiêp cho học sinh tỉnh Bắc Giang với sự góp mặt của trên 24 gian hàng của các trường đại học, cao đẳng, các doanh nghiệp trong nước. Hơn 1000 học sinh của trường THPT Thái Thuận và các trường THPT khác trong thành phố tham dự ngày hội tuyển sinh và rất đông các bạn học sinh đã tham quan, tìm hiểu thông tin của gian hàng Đại học Công nghiệp Hà Nội. Gian tư vấn tuyển sinh của Đại học Công nghiệp Hà Nội luôn tấp nập phụ huynh, học sinh quan tâm Với chủ đề “Vững bước tương lai”, Ngày hội tư vấn hướng nghiệp có sự tham gia của 22 trường đại học, cao đẳng, doanh nghiệp, Hội Sinh viên Bắc Giang tại Hà Nội tổ chức, thu hút gần 1,5 nghìn học sinh trên địa bàn tỉnh. Ban tổ chức bố trí các gian tư vấn theo từng nhóm lĩnh vực: Kỹ thuật - công nghệ, quản lý nhân lực, tài nguyên - môi trường, y - dược, chăm sóc sắc đẹp, du học - xuất khẩu lao động để các em học sinh thuận tiện tìm hiểu thông tin về quy mô đào tạo, chỉ tiêu tuyển sinh, chế độ ưu đãi, học phí, cơ hội giành học bổng, du học... từ đó đưa ra quyết định chọn trường, chọn nghề phù hợp với nhu cầu. Đôi bạn học sinh của trường THPT Thái Thuận nghe tư vấn và tìm hiểu thông tin tuyển sinh của trường Năm 2021, Đại học Công nghiệp Hà Nội tiếp tục tuyển sinh các trình độ, loại hình đào tạo với 04 ngành tiến sĩ, 11 ngành thạc sĩ, 41 ngành đại học và nhiều loại hình đào tạo khác. Trong mùa tuyển sinh 2021, Đại học Công nghiệp Hà Nội sử dụng 03 phương thức xét tuyển hệ đại học chính quy, gồm tuyển thẳng theo quy chế tuyển sinh của Bộ GD&ĐT; xét tuyển thí sinh đoạt giải học sinh giỏi cấp tỉnh/thành phố, thí sinh có chứng chỉ quốc tế và xét tuyển dựa vào kết quả thi tốt nghiệp THPT năm 2021. Gian hàng của Đại học Công nghiệp Hà Nội đã thu hút nhiều lượt học sinh tham quan, tìm hiểu. Cũng bắt đầu từ năm học 2021 - 2022, nhà trường dành 350 trong số khoảng 7.120 chỉ tiêu\\n', 'content: trị kinh doanh, ngành Quản trị khách sạn có thể đăng ký theo chương trình liên kết đào tạo 2+2 giữa Đại học Công nghiệp Hà Nội với Đại học Bách khoa Quế Lâm - Trung Quốc, học 2 năm tại Đại học Công nghiệp Hà Nội và 2 năm tại Đại học Bách khoa Quế Lâm. Sinh viên hoàn thành chương trình đào tạo và đủ điều kiện tốt nghiệp được cấp 2 bằng của Đại học Công nghiệp Hà Nội và Đại học Bách khoa Quế Lâm. Học bổng: Năm 2025, Đại học Công nghiệp Hà Nội dự kiến cấp học bổng cho sinh viên đại học chính quy có kết quả xét tuyển đầu vào xuất sắc với số tiền khoảng 2 tỷ đồng; học bổng cho sinh viên có thành tích học tập xuất sắc với số tiền khoảng 10 tỷ đồng; ngoài ra còn có các loại học bổng doanh nghiệp với số tiền khoảng 30 tỷ đồng. * Tuyển sinh Đại học từ xa: Dự kiến tuyển 750 chỉ tiêu tuyển sinh đại học từ xa gồm các ngành: Ngôn ngữ Anh, Ngôn ngữ Trung Quốc, Ngôn Ngữ Hàn Quốc, Quản trị kinh doanh, Kế toán. Thông tin chi tiết sẽ được cập nhật trên Cổng thông tin tuyển sinh của Nhà trường trước ngày 15/3/2025. * Tuyển sinh Cao đẳng chính quy: Dự kiến tuyển sinh 900 chỉ tiêu vào các ngành Cao đẳng chính quy. Thông tin chi tiết sẽ được cập nhật trên Cổng thông tin tuyển sinh của Nhà trường trước ngày 15/3/2025. Nguồn: Ban VĂN HÓA - XÃ HỘI Đài Tiếng nói Việt Nam Thứ Sáu, 18:10 20/12/2024 Tags:\\nnext_contents:\\n- GD&ĐT. Thông tin chi tiết sẽ được công bố trong Đề án tuyển sinh đại học năm 2025 (dự kiến trước ngày 15/03/2025). * Danh mục ngành/chương trình đào tạo tuyển sinh năm 2025: - Chương trình đào tạo Đại học chính quy theo thời gian chuẩn 4 năm, tuyển sinh đối với thí sinh tốt nghiệp THPT, chỉ tiêu 7.990, cấp bằng Cử nhân; từ năm thứ 2 sinh viên có thể đăng ký học thêm chương trình thứ 2 nếu đủ điều kiện, sinh viên có thể được công nhận tốt nghiệp cùng một lúc 2 chương trình. Dự kiến tổ hợp mới: *A0C: Toán, Vật lý, Công nghệ. *A0T: Toán, Vật lý, Tin học. *B0C: Toán, Hóa học, Công nghệ. *D0C: Toán, Tiếng Anh, Công nghệ. *D0G: Toán, Tiếng Anh, Giáo dục kinh tế và pháp luật. Chương trình đào tạo liên thông Đại học chính quy: tuyển sinh đối với người tốt nghiệp Cao đẳng, đăng ký xét tuyển và hoàn thành các học phần còn lại của chương trình đào tạo trình độ Đại học trong khoảng từ 2 - 2,5 năm; Chỉ tiêu dự kiến 250, gồm các ngành/CTĐT: Công nghệ kỹ thuật cơ khí; Công nghệ kỹ thuật ô tô; Công nghệ kỹ thuật điện, điện tử; Công nghệ kỹ thuật điện tử - viễn thông; Công nghệ thông tin. Chương trình đào tạo cấp bằng Kỹ sư: tuyển sinh đối với người có bằng Cử nhân, đăng ký xét tuyển vào chương trình đào tạo Đại học chuyên sâu đặc thù trong khoảng 1 năm; Chỉ tiêu dự kiến 120, gồm các ngành/CTĐT: Công nghệ kỹ thuật cơ khí; Công nghệ kỹ thuật điện, điện tử; Công nghệ kỹ thuật điện tử - viễn thông. Chương trình đào tạo liên kết quốc tế: Sinh viên trúng tuyển nhập học ngành Marketing, ngành Quản trị kinh doanh, ngành Quản trị khách sạn có thể đăng ký theo chương trình liên kết đào tạo 2+2 giữa Đại học Công nghiệp Hà Nội với Đại học Bách khoa Quế Lâm - Trung Quốc, học 2 năm tại Đại học Công nghiệp Hà Nội và 2 năm tại Đại học Bách khoa Quế Lâm. Sinh viên hoàn thành chương trình đào tạo và đủ điều kiện tốt nghiệp được cấp 2 bằng của Đại học Công nghiệp Hà Nội và Đại học Bách khoa Quế Lâm. Học bổng: Năm 2025, Đại học Công nghiệp Hà Nội dự kiến cấp học bổng cho sinh viên đại học chính quy\\n', 'content: nhập học ngành Marketing, ngành Quản trị kinh doanh, ngành Quản trị khách sạn có thể đăng ký theo chương trình liên kết đào tạo 2+2 giữa Đại học Công nghiệp Hà Nội với Đại học Bách khoa Quế Lâm - Trung Quốc, học 2 năm tại Đại học Công nghiệp Hà Nội và 2 năm tại Đại học Bách khoa Quế Lâm. Sinh viên hoàn thành chương trình đào tạo và đủ điều kiện tốt nghiệp được cấp 2 bằng của Đại học Công nghiệp Hà Nội và Đại học Bách khoa Quế Lâm. Học bổng: Năm 2025, Đại học Công nghiệp Hà Nội dự kiến cấp học bổng cho sinh viên đại học chính quy có kết quả xét tuyển đầu vào xuất sắc với số tiền khoảng 2 tỷ đồng; học bổng cho sinh viên có thành tích học tập xuất sắc với số tiền khoảng 10 tỷ đồng; ngoài ra còn có các loại học bổng doanh nghiệp với số tiền khoảng 30 tỷ đồng. * Tuyển sinh Đại học từ xa: Dự kiến tuyển 750 chỉ tiêu tuyển sinh đại học từ xa gồm các ngành: Ngôn ngữ Anh, Ngôn ngữ Trung Quốc, Ngôn Ngữ Hàn Quốc, Quản trị kinh doanh, Kế toán. Thông tin chi tiết sẽ được cập nhật trên Cổng thông tin tuyển sinh của Nhà trường trước ngày 15/3/2025. * Tuyển sinh Cao đẳng chính quy: Dự kiến tuyển sinh 900 chỉ tiêu vào các ngành Cao đẳng chính quy. Thông tin chi tiết sẽ được cập nhật trên Cổng thông tin tuyển sinh của Nhà trường trước ngày 15/3/2025. @ Thông tin liên hệ: Thí sinh có thể truy cập Website https://tuyensinh.haui.edu.vn Fanpage https://facebook.com/tuyensinh.haui xem hướng dẫn và được tư vấn trực tiếp về ngành nghề, về các phương thức xét tuyển để có những lựa chọn phù hợp nhất cho bản thân, đồng thời chuẩn bị sẵn sàng mọi điều kiện cho đăng ký xét tuyển. Văn phòng Tuyển sinh & Học vụ - Trường Đại học Công nghiệp Hà Nội Đại chỉ: Số 298, Đường Cầu Diễn, Quận Bắc Từ Liêm, Thành phố Hà Nội Điện thoại: 02437655121 ): 0383371290; 0834560255 Website: tuyensinh.haui.edu.vn Fanpage: facebook.com/tuyensinh.haui Thứ Ba, 15:26 17/12/2024 Tags: Đại học Công nghiệp Hà Nội HaUI tuyển sinh điểm mới tuyển sinh đại học chính quy\\nnext_contents:\\n- A01, D01, *D0C 54 7540204 Công nghệ dệt, may 180 55 7810101 Du lịch 140 PT1, PT2, PT3, PT4 D01, D14, D15 56 7810101TA Du lịch (CTĐT bằng tiếng Anh) 40 57 7810103 Quản trị dịch vụ du lịch và lữ hành 130 58 7810103TA Quản trị dịch vụ du lịch và lữ hành (CTĐT bằng tiếng Anh) 40 59 7810201 Quản trị khách sạn 130 60 7810201TA Quản trị khách sạn (CTĐT bằng tiếng Anh) 40 61 7810202 Quản trị nhà hàng và dịch vụ ăn uống 60 62 7810202TA Quản trị nhà hàng và dịch vụ ăn uống (CTĐT bằng tiếng Anh) 40 Tổng cộng 7. 99 0 Dự kiến tổ hợp mới: *A0C: Toán, Vật lý, Công nghệ. *A0T: Toán, Vật lý, Tin học. *B0C: Toán, Hóa học, Công nghệ. *D0C: Toán, Tiếng Anh, Công nghệ. *D0G: Toán, Tiếng Anh, Giáo dục kinh tế và pháp luật. Chương trình đào tạo liên thông Đại học chính quy : tuyển sinh đối với người tốt nghiệp Cao đẳng, đăng ký xét tuyển và hoàn thành các học phần còn lại của chương trình đào tạo trình độ Đại học trong khoảng từ 2 - 2,5 năm; Chỉ tiêu dự kiến 250, gồm các ngành/CTĐT: Công nghệ kỹ thuật cơ khí; Công nghệ kỹ thuật ô tô; Công nghệ kỹ thuật điện, điện tử; Công nghệ kỹ thuật điện tử - viễn thông; Công nghệ thông tin. Chương trình đào tạo cấp bằng Kỹ sư : tuyển sinh đối với người có bằng Cử nhân, đăng ký xét tuyển vào chương trình đào tạo Đại học chuyên sâu đặc thù trong khoảng 1 năm; Chỉ tiêu dự kiến 120, gồm các ngành/CTĐT: Công nghệ kỹ thuật cơ khí; Công nghệ kỹ thuật điện, điện tử; Công nghệ kỹ thuật điện tử - viễn thông. Chương trình đào tạo liên kết quốc tế: Sinh viên trúng tuyển nhập học ngành Marketing, ngành Quản trị kinh doanh, ngành Quản trị khách sạn có thể đăng ký theo chương trình liên kết đào tạo 2+2 giữa Đại học Công nghiệp Hà Nội với Đại học Bách khoa Quế Lâm - Trung Quốc, học 2 năm tại Đại học Công nghiệp Hà Nội và 2 năm tại Đại học Bách khoa Quế Lâm. Sinh viên hoàn thành chương trình đào tạo và đủ điều kiện tốt nghiệp được cấp 2 bằng của Đại học Công nghiệp Hà Nội và Đại học Bách khoa Quế Lâm. Học bổng: Năm 2025, Đại học Công nghiệp Hà Nội dự kiến cấp học\\n', 'content: trị khách sạn có thể đăng ký theo chương trình liên kết đào tạo 2+2 giữa Đại học Công nghiệp Hà Nội với Đại học Bách khoa Quế Lâm - Trung Quốc, học 2 năm tại Đại học Công nghiệp Hà Nội và 2 năm tại Đại học Bách khoa Quế Lâm. Sinh viên hoàn thành chương trình đào tạo và đủ điều kiện tốt nghiệp được cấp 2 bằng của Đại học Công nghiệp Hà Nội và Đại học Bách khoa Quế Lâm. Học bổng: Năm 2025, Đại học Công nghiệp Hà Nội dự kiến cấp học bổng cho sinh viên đại học chính quy có kết quả xét tuyển đầu vào xuất sắc với số tiền khoảng 2 tỷ đồng; học bổng cho sinh viên có thành tích học tập xuất sắc với số tiền khoảng 10 tỷ đồng; ngoài ra còn có các loại học bổng doanh nghiệp với số tiền khoảng 30 tỷ đồng. * Tuyển sinh Đại học từ xa: Dự kiến tuyển 750 chỉ tiêu tuyển sinh đại học từ xa gồm các ngành: Ngôn ngữ Anh, Ngôn ngữ Trung Quốc, Ngôn Ngữ Hàn Quốc, Quản trị kinh doanh, Kế toán. Thông tin chi tiết sẽ được cập nhật trên Cổng thông tin tuyển sinh của Nhà trường trước ngày 15/3/2025. * Tuyển sinh Cao đẳng chính quy: Dự kiến tuyển sinh 900 chỉ tiêu vào các ngành Cao đẳng chính quy. Thông tin chi tiết sẽ được cập nhật trên Cổng thông tin tuyển sinh của Nhà trường trước ngày 15/3/2025. @ Thông tin liên hệ: Thí sinh có thể truy cập Website https://tuyensinh.haui.edu.vn Fanpage https://facebook.com/tuyensinh.haui xem hướng dẫn và được tư vấn trực tiếp về ngành nghề, về các phương thức xét tuyển để có những lựa chọn phù hợp nhất cho bản thân, đồng thời chuẩn bị sẵn sàng mọi điều kiện cho đăng ký xét tuyển. Văn phòng Tuyển sinh & Học vụ - Trường Đại học Công nghiệp Hà Nội Đại chỉ: Số 298, Đường Cầu Diễn, Quận Bắc Từ Liêm, Thành phố Hà Nội Điện thoại: 02437655121 ): 0383371290; 0834560255 Website: tuyensinh.haui.edu.vn Fanpage: facebook.com/tuyensinh.haui Thứ Tư, 09:14 18/12/2024 Tags:\\nnext_contents:\\n- trình đào tạo tuyển sinh năm 2025: - Chương trình đào tạo Đại học chính quy theo thời gian chuẩn 4 năm, tuyển sinh đối với thí sinh tốt nghiệp THPT, chỉ tiêu 7.990, cấp bằng Cử nhân; từ năm thứ 2 sinh viên có thể đăng ký học thêm chương trình thứ 2 nếu đủ điều kiện, sinh viên có thể được công nhận tốt nghiệp cùng một lúc 2 chương trình. Dự kiến chỉ tiêu và phương thức xét tuyển các ngành thuộc Khoa CNTT - Trường Đại học Công Nghiệp Hà Nội năm 2025 Dự kiến tổ hợp mới: *A0C: Toán, Vật lý, Công nghệ. *A0T: Toán, Vật lý, Tin học. *B0C: Toán, Hóa học, Công nghệ. *D0C: Toán, Tiếng Anh, Công nghệ. *D0G: Toán, Tiếng Anh, Giáo dục kinh tế và pháp luật. Chương trình đào tạo liên thông Đại học chính quy : tuyển sinh đối với người tốt nghiệp Cao đẳng, đăng ký xét tuyển và hoàn thành các học phần còn lại của chương trình đào tạo trình độ Đại học trong khoảng từ 2 - 2,5 năm; Chỉ tiêu dự kiến 250, gồm các ngành/CTĐT: Công nghệ kỹ thuật cơ khí; Công nghệ kỹ thuật ô tô; Công nghệ kỹ thuật điện, điện tử; Công nghệ kỹ thuật điện tử - viễn thông; Công nghệ thông tin. Chương trình đào tạo cấp bằng Kỹ sư : tuyển sinh đối với người có bằng Cử nhân, đăng ký xét tuyển vào chương trình đào tạo Đại học chuyên sâu đặc thù trong khoảng 1 năm; Chỉ tiêu dự kiến 120, gồm các ngành/CTĐT: Công nghệ kỹ thuật cơ khí; Công nghệ kỹ thuật điện, điện tử; Công nghệ kỹ thuật điện tử - viễn thông. Chương trình đào tạo liên kết quốc tế: Sinh viên trúng tuyển nhập học ngành Marketing, ngành Quản trị kinh doanh, ngành Quản trị khách sạn có thể đăng ký theo chương trình liên kết đào tạo 2+2 giữa Đại học Công nghiệp Hà Nội với Đại học Bách khoa Quế Lâm - Trung Quốc, học 2 năm tại Đại học Công nghiệp Hà Nội và 2 năm tại Đại học Bách khoa Quế Lâm. Sinh viên hoàn thành chương trình đào tạo và đủ điều kiện tốt nghiệp được cấp 2 bằng của Đại học Công nghiệp Hà Nội và Đại học Bách khoa Quế Lâm. Học bổng: Năm 2025, Đại học Công nghiệp Hà Nội dự kiến cấp học bổng cho sinh viên đại học chính quy có kết quả xét tuyển đầu\\n']","['Học bổng HaUI – Nguồn động viên vô cùng to lớn giúp sinh viên vươn lên học tập. Học bổng 100% năm thứ nhất là sinh viên có tổng điểm xét tuyển sau thủ khoa của 4 nhóm tổ hợp xét tuyển (A00), (A01), (D01), (B00, C00, D04, D06, D07, D14, DD2). Có tổng điểm xét tuyển sau thủ khoa của các phương thức xét tuyển, thí sinh đạt giải Học sinh giỏi cấp tình/ Thành phố, thí sinh có chứng chỉ quốc tế, dựa trên kết quả học tập của bậc học THPT, dựa trên kết quả thi đánh giá năng lực do Đại học Quốc gia Hà Nội tổ chức, dựa trên kết quả thi đánh giá tư duy do Đại học Bách khoa tổ chức. Học bổng năm thứ nhất được xét theo điểm xét tuyển từ cao xuống thấp được phân bổ chỉ tiêu cho các phương thức xét tuyển tại Đề án Tuyển sinh từng năm của Nhà trường.']","Dưới đây là thông tin về hoạt động khóa, các hoạt động đoàn hội, tiêu chí học bổng HaUI và vai trò của Đại học Quốc gia Hà Nội trong quá trình xét tuyển tại Trường Đại học Công nghiệp Hà Nội:

### 1. Hoạt động khóa và các hoạt động đoàn hội
- Trường Đại học Công nghiệp Hà Nội khuyến khích sinh viên tham gia các hoạt động ngoại khóa và hợp tác doanh nghiệp nhằm mở rộng kiến thức, rèn luyện kỹ năng và tạo cơ hội tiếp xúc với thực tế ngành nghề.
- Nhà trường thường xuyên tổ chức các hoạt động như tham quan doanh nghiệp, diễn đàn chuyên đề, hội thảo, và các buổi chia sẻ kinh nghiệm từ các chuyên gia trong ngành.
- Sinh viên có cơ hội tham gia vào các dự án nghiên cứu, dự án hợp tác với doanh nghiệp, giúp áp dụng kiến thức đã học vào thực tiễn và xây dựng mối quan hệ với doanh nghiệp.

### 2. Tiêu chí học bổng HaUI
- Học bổng HaUI được cấp cho sinh viên đại học chính quy đạt kết quả cao trong học tập và rèn luyện.
- Các tiêu chí cụ thể bao gồm:
  - Sinh viên có kết quả học tập xuất sắc trong các kỳ học.
  - Sinh viên tham gia tích cực vào các hoạt động ngoại khóa và phong trào đoàn hội.
  - Học bổng cũng có thể được cấp cho sinh viên có hoàn cảnh khó khăn nhưng đạt thành tích học tập tốt.

### 3. Vai trò của Đại học Quốc gia Hà Nội trong quá trình xét tuyển
- Đại học Quốc gia Hà Nội đóng vai trò quan trọng trong việc tổ chức và thực hiện các kỳ thi tuyển sinh, cũng như xét tuyển vào các trường đại học, bao gồm Trường Đại học Công nghiệp Hà Nội.
- Các tiêu chí xét tuyển được xác định dựa trên kết quả thi tốt nghiệp THPT và các tiêu chí khác như điểm thi đánh giá năng lực.
- Đại học Quốc gia Hà Nội cũng tham gia vào việc xây dựng các tiêu chí và phương thức xét tuyển nhằm đảm bảo tính công bằng và minh bạch trong quá trình tuyển sinh.

Nếu bạn cần thêm thông tin chi tiết về bất kỳ chủ đề nào khác, hãy cho tôi biết! 

[Ngành Công nghệ kỹ thuật khuôn mẫu: Tạo dựng tương lai từ sự sáng tạo] - [**Link tham khảo**](https://www.haui.edu.vn/vn/goc-nhin-haui/nganh-cong-nghe-ky-thuat-khuon-mau-tao-dung-tuong-lai-tu-su-sang-tao/65042).","Học bổng HaUI là nguồn động viên lớn giúp sinh viên vươn lên học tập. Để nhận học bổng 100% năm thứ nhất, sinh viên cần có tổng điểm xét tuyển sau thủ khoa của 4 nhóm tổ hợp xét tuyển (A00), (A01), (D01), (B00, C00, D04, D06, D07, D14, DD2). Ngoài ra, thí sinh cũng có thể đạt học bổng dựa trên tổng điểm xét tuyển sau thủ khoa của các phương thức xét tuyển khác, như thí sinh đạt giải Học sinh giỏi cấp tỉnh/thành phố, thí sinh có chứng chỉ quốc tế, hoặc dựa trên kết quả học tập của bậc học THPT. Đại học Quốc gia Hà Nội đóng vai trò quan trọng trong việc tổ chức thi đánh giá năng lực, và kết quả thi này cũng được sử dụng để xét học bổng.",0.8567322430671926,0.99999999998,0.029411764705882353,0.25,0.8805649280548096,14.259143352508545
Nguyễn Anh Tuấn quê ở đâu?,"['content: VN.HaUI_Miuxinhhh đạt Top 4 Procon 2023 tại Nhật Bản Thứ Tư, 15:17 18/10/2023 6643 Đại diện chính thức cho Việt Nam tham dự Procon 2023, những chàng trai đến từ Khoa Công nghệ thông tin – Đại học Công nghiệp Hà Nội, VN.HaUI_Miuxinhhh đã có những ngày thi đấu xuất sắc, lọt Top 4 và được đánh giá là đội nước ngoài mạnh nhất cuộc thi. Nguyễn Tiến Duy và Nguyễn Duy Minh Quân – 2 sinh viên của Khoa Công nghệ Thông tin tại cuộc thi Procon tại Nhật Bản PROCON (PROGRAMMING CONTEST) là cuộc thi được tổ chức thường niên dành cho sinh viên yêu thích Công nghệ Thông tin toàn nước Nhật và sinh viên các nước khác. VN.HaUI_Miuxinhhh của Đại học Công nghiệp Hà Nội dự thi ở hạng mục Competition, diễn ra trong 2 ngày, 14 -15 tháng 10 tại Nhật Bản, với sự tranh tài của 59 đội thi đến từ nhiều quốc gia khác nhau. VN.HaUI_Miuxinhhh chụp ảnh cùng thầy HIROFUMI KUWABARA - Chủ tịch Naprock Nhật Bản Chia sẻ sau cuộc thi, Nguyễn Tiến Duy – Kỹ thuật phần mềm 01, K15 tâm sự: Sau 2 trận đấu đầu tiên của vòng bảng, tâm lý của bọn em đã được giải toả khá nhiều, bớt căng thẳng hơn và đã có thể tự tin thi đấu đúng phong độ. Giao lưu cùng Hongkong team Tuy có một chút tiếc nuối, nhưng chúng em thấy thực sự rất vui khi lọt Top 4 và được đánh giá là đội nước ngoài mạnh nhất cuộc thi. Procon 2023 như một trải nghiệm mới mẻ, một sân chơi dành cho sinh viên đam mê Công nghệ thông tin để chúng em được thử sức, giao lưu và kết bạn với bè bạn quốc tế, Tiến Duy cho biết thêm. TS. Phạm Văn Hà - Phó khoa Công nghệ thông tin và Ths. Nguyễn Trung Phú – Giảng viên Khoa CNTT chúc mừng đội thi VN.HaUI_Miuxinhhh . Thứ Tư, 15:17 18/10/2023 Tags: Đại học Công nghiệp Hà Nội Công nghệ thông tin Procon 2023 HaUI thi đấu\\nnext_contents:\\n', 'content: Nghị lực và ước mơ của chàng sinh viên khuyết tật ngành Công nghệ Thông tin Thứ Ba, 07:27 16/04/2019 4979 “Em không có được ngoại hình phát triển bình thường như bao người khác nhưng em có nghị lực, sự lạc quan và những ước mơ cháy bỏng mặc dù mình là người khuyết tật. Biết vượt qua chính mình để sống, để làm cho gia đình, người thân của em luôn tự hào và không có gì phải buồn và bi quan cả”. Đó là những lời chia sẻ của em Nguyễn Quang Duy, sinh năm 1996, hiện đang là sinh viên lớp kỹ thuật phần mềm 5, K10 khoa Công nghệ Thông tin (CNTT), trường Đại học Công nghiệp Hà Nội. Chúng tôi có dip gặp Nguyễn Quang Duy tại khu Ký túc xá Nhà trường. Trái với suy nghĩ về một chàng trai rụt rè, sống khép mình, Duy lại là người rất cởi mở và tự tin. Em chia sẻ: “Mặc dù khiếm khuyết về ngoại hình nhưng không khi nào em buồn hay mặc cảm vì bản thân của mình cả.” Nguyễn Quang Duy tại góc học tập của mình Là người con thứ hai trong gia đình thuần nông ở huyện Văn Yên, tỉnh Yên Bái. Khi sinh ra, Duy cũng bình thường như bao đứa trẻ khác. Tuy nhiên đến năm em 2 tuổi thì biến cố ập đến. Chân em bỗng teo lại, đầu gối càng ngày càng khụy xuống. Bố mẹ vất vả ngược xuôi lo chữa bệnh cho Duy, vừa lo kinh tế gia đình cho 3 đứa con. Thăm khám nhiều lần, bác sĩ kết luận Duy bị bệnh chân chữ V: đôi chân của Duy lúc nào cũng quặt quẹo theo kiểu hình chữ V. Trải qua 5 lần mổ, chân Duy vẫn không đỡ hơn là bao. Tuy thiệt thòi về ngoại hình nhưng Duy không đầu hàng số phận, hàng ngày em vẫn đến trường như các bạn. Hồi nhỏ, trường gần nhà nên Duy được bố mẹ đưa đến lớp, lúc bố mẹ bận thì có thầy cô, bạn bè giúp Duy đến trường. Biết bản thân như vậy, Duy luôn lạc quan, học tốt để bù đắp cho những vất vả của bố của mẹ. Năm 2014, Duy thi đỗ Đại học Công nghiệp Hà Nội và theo học ngành CNTT như ước mơ bấy lâu của em. Duy chia sẻ: “Em chọn thi và học ngành CNTT vì đây là lĩnh vực mà em đam mê, cũng là ngành mà em có thể tìm kiếm được công việc phù hợp với thể trạng cơ thể sau khi ra trường. Em sẽ cố gắng\\nnext_contents:\\n', 'content: [qdnd] Những đường may “nối dài” ước mơ cho người khuyết tật Thứ Hai, 18:29 18/11/2024 66 Tại căn nhà nhỏ trong ngõ 84, phố Kim Ngưu (quận Hai Bà Trưng, Hà Nội), thầy giáo Nguyễn Duy Long với lớp học may Phố Xưa đang ngày ngày thắp sáng hy vọng cho người khuyết tật, giúp họ vượt qua nghịch cảnh, tìm lại niềm tin, vươn lên khẳng định giá trị bản thân. Từ lựa chọn ngẫu hứng đến tình yêu với đường kim, mũi chỉ 21 tuổi, Nguyễn Duy Long (sinh năm 1986) quyết định nộp hồ sơ vào Đại học Công nghiệp Hà Nội sau hai lần trượt nguyện vọng mà mình yêu thích. Ngẫu nhiên chọn Khoa Công nghệ may và Thiết kế thời trang qua lời giới thiệu của bạn, ban đầu, anh chỉ xem đây là một lựa chọn tạm thời. Tuy nhiên, càng đi sâu vào chuyên ngành, Long càng nhận ra mình có đam mê thực sự và quyết tâm theo đuổi nghề. Anh Nguyễn Duy Long - chủ nhiệm lớp cắt may Phố Xưa. Năm 2009, anh mở tiệm may đầu tiên trên phố Mai Hắc Đế (Hai Bà Trưng, Hà Nội), chuyên thiết kế đồ công sở và dạ tiệc. Với tay nghề khéo léo, giao tiếp tốt, cửa hàng của anh nhanh chóng thu hút đông đảo khách hàng. Long cho biết, chỉ sau 6 tháng, anh đã có đủ tài chính để xây nhà, lập gia đình và tự chủ trong cuộc sống. Năm 2010, vợ chồng anh có bé gái đầu lòng. Công việc ổn định, gia đình hạnh phúc, nhưng biến cố bất ngờ ập đến. Năm 2011, sau cơn sốt co giật, con gái anh được chẩn đoán mắc bệnh bại não. Cú sốc lớn khiến Long phải tạm gác lại mọi việc, dồn toàn bộ thời gian đưa con đi châm cứu, chữa trị khắp nơi. “Sau 3 năm ròng rã từ viện này sang viện khác, cuối cùng, mình buộc phải chấp nhận tình trạng của con. Đây cũng là lúc mình suy nghĩ về con đường tương lai của mình”, anh Long bộc bạch. Biến nỗi đau thành động lực Thời điểm ấy, tìm hiểu nhiều trung tâm dạy may thu phí cao nhưng chất lượng không tốt, anh Long quyết định chia sẻ miễn phí kiến thức của mình trên facebook cá nhân, nhận được sự quan tâm, phản hồi tích cực của lượng lớn người đọc. Trước sự ủng hộ nhiệt tình và nhu cầu học của nhiều người, anh mở lớp học cắt\\nnext_contents:\\n', 'content: Trọng Aden - Chàng TikToker giúp mọi người sống ảo dễ dàng hơn Thứ Tư, 10:00 25/08/2021 5093 Trọng Aden có tên thật là Đoàn Quang Trọng, sinh năm 1999, đến từ Hải Dương. Anh chàng đang là sinh viên năm 4 khoa Công nghệ Thông tin, trường Đại học Công nghiệp Hà Nội. Hiện tại, công việc chính của Quang Trọng là một nhân viên media & quản lý nhà sáng tạo tại Vulaci Network - MCN (trực thuộc KIDOTACO GROUP) đối tác của TikTok Việt Nam. Ngoài ra, 9X cũng là một creator và photography tự do. Từ những năm học cấp ba, Quang Trọng đã rất thích chụp ảnh. Hồi đó chưa có điều kiện tiếp xúc với máy ảnh nên Trọng dùng điện thoại, cứ rảnh là anh chàng rủ đám bạn thân ra đồng ruộng chụp ảnh. Sau đó lên đại học, Quang Trọng bắt đầu tham gia vào bộ phận truyền thông khoa CNTT FitMedia-HaUI. Tại đây, anh chàng được các anh, chị khóa trên hướng dẫn cách sử dụng máy ảnh, cách quay và edit video. Những năm tháng khoác lên mình màu áo FitMedia đã cho 9X Hải Dương nhiều kỷ niệm tuyệt vời cũng như kinh nghiệm, niềm đam mê với nhiếp ảnh. Đoàn Quang Trọng - Trọng Aden Quang Trọng chia sẻ, công việc nhiếp ảnh đã mang đến cho bản thân anh chàng rất nhiều cơ hội. Hiện tại, Trọng đang làm media tại Vulaci Network (trực thuộc KIDOTACO GROUP)- một công việc tốt, một môi trường linh hoạt mà anh chàng có thể làm việc, học hỏi và phát triển. Với Trọng, đó là những gì tuyệt vời với sinh viên sắp ra trường. Nghề nhiếp ảnh là một nghề mới nổi, được nhiều bạn trẻ lựa chọn theo đuổi. Khi được hỏi về niềm vui với nghề, Quang Trọng bộc bạch: “Niềm vui trong nghề chụp ảnh này thì nhiều lắm, ai mà đã đam mê cái này rồi ý, buồn đến mấy cứ cầm máy lên và được ấn chụp thôi đã có cảm giác thích thú, mà quên hết muộn phiền. Còn khó khăn, thì có lẽ khó khăn lớn nhất là về kinh tế, khi mà các thiết bị để chụp ảnh khá là đắt tiền”. Quang Trọng bắt đầu xây dựng kênh TikTok Trọng Aden – Chuyên Gia Sống Ảo từ giữa tháng 1 năm 2021. 9X Hải Dương chia sẻ mục đích xây dựng kênh TikTok này là muốn chia sẻ cho mọi người cách\\nnext_contents:\\n', 'content: Bỏ phố về quê làm nông nghiệp công nghệ cao Chủ Nhật, 08:58 01/09/2024 10351 (Tapchinongthonmoi.vn) - Nhờ mạnh dạn, tiên phong áp dụng khoa học kỹ thuật công nghệ vào trồng trọt, nông dân Nguyễn Việt Lâm ở xã Kháng Nhật huyện Sơn Dương, tỉnh Tuyên Quang đã khởi nghiệp thành công. Đồng chí Nguyễn Văn Sơn - Chủ tịch HĐND tỉnh Tuyên Quang (đứng thứ 2) thăm quan mô hình trồng dưa lưới của hội viên Nguyễn Văn Lâm. Ảnh Thanh Phúc “Có sức người sỏi đá cũng thành cơm” Anh Nguyễn Việt Lâm ở xã Kháng Nhật, huyện Sơn Dương, tỉnh Tuyên Quang tốt nghiệp Trường Đại học Công nghiệp Hà Nội, chuyên ngành Cơ điện tử. Sau khi tốt nghiệp anh Lâm đã quyết định ở Hà Nội làm việc cho công ty nước ngoài. Sau 4 năm làm việc ở Hà Nội, đến năm 2017, anh Lâm đã có quyết định táo bạo về quê khởi nghiệp với lĩnh vực nông nghiệp. Quyết định của anh Lâm đã được nhiều người thân, bạn bè khuyên ngăn do ở thành phố anh đang có mức thu nhập ổn định. Nhưng anh lại được gia đình và bố, mẹ hoàn toàn ủng hộ. Đây cũng là động lực quan trọng để giúp anh Lâm về quê “khởi nghiệp” với nông nghiệp. Song bố mẹ anh cũng cho anh lời khuyên, đất Kháng Nhật quê ánh trước đây vốn là vùng mỏ khai thác quặng, đất đai cằn cỗi, khó canh tác nông nghiệp, vì vậy nếu anh muốn về quê khởi nghiệp thì phải suy nghĩ thật kỹ lưỡng. Anh Lâm nhận thức được vấn đề mà bố mẹ chia sẻ và với suy nghĩ sản xuất làm nông nghiệp giờ đây không thể theo kiểu truyền thống “con trâu đi trước cái cày theo sau”, anh đã đưa ra quyết định sản xuất phải áp dụng khoa học công nghệ kỹ thuật cao vào sản xuất mới mong có được thành công. Để có kinh nghiệm về nông nghiệp công nghệ cao, trước khi bắt tay vào thực tế sản xuất ở quê nhà, với vốn tiếng anh trong quá trình đi làm ở Hà Nội, anh Lâm đã tự mình lên mạng tìm hiểu các mô hình sản xuất công nghệ cao của nước ngoài như: Mỹ, Israel… Lúc đó, Tuyên Quang chưa có mô hình sản xuất trong nhà kính, vì vậy Lâm đã tự mình tìm đến nhiều trang trại ngoài tỉnh Tuyên Quang đã sản xuất trồng rau trong nhà kính\\nnext_contents:\\n']","['Năm học 2024-2025, Khóa nhập học Khóa 19 Khoa Công nghệ thông tin vinh dự và tuyên dương nhiều sinh viên đạt được Học bổng HaUI 100% năm thứ nhất và Học bổng 5 triệu đồng. Với thành tích 3 năm Học sinh giỏi ở bậc học THPT và đạt chứng chỉ quốc tế IELTS 6.5, tân sinh viên Nguyễn Thế Sáng lớp 2024DHCNTT03 đã đỗ vào Khoa Công nghệ thông tin Trường Đại học Công Nghiệp Hà Nội với 29,07 điểm theo Phương thức 2 - Xét tuyển thí sinh đoạt giải học sinh giỏi cấp tỉnh/thành phố, thí sinh có chứng chỉ quốc tế. Em đã đạt Học bổng HaUI 100% năm thứ nhất. Lê Xuân Ngọc quê ở Bắc Giang, với thành tích đạt Giải Ba môn Hoá cơ sở năm lớp 11, giải khuyến khích môn Toán tỉnh lớp 12, em đã đỗ vào Khoa Công nghệ thông tin Trường Đại học Công Nghiệp Hà Nội với 27,05 điểm theo Phương thức 3 học lớp 2024DHCNTT04 - Xét tuyển dựa trên kết quả thi tốt nghiệp THPT năm 2024. Em đã đạt Học bổng HaUI 100% năm thứ nhất. Lê Xuân Ngọc đứng hàng 2 từ trái sang cùng tập thể lớp THPT Nguyễn Hoàng Anh quê ở Quốc Oai, Hà Nội với thành tích đạt được giải Ba cấp cụm môn Sinh học, em đã đỗ vào Khoa Công nghệ thông tin Trường Đại học Công Nghiệp Hà Nội với 20,06 điểm theo Phương thức 6 học lớp 2024DHCNTT01 - Xét tuyển dựa trên kết quả thi đánh giá tư duy. Em đã đạt Học bổng HaUI 100% năm thứ nhất. Lê Quốc Đạt quê ở Bắc Ninh, với thành tích đạt được 3 năm Học sinh giỏi bậc THPT, em đã đỗ vào Khoa Công nghệ thông tin Trường Đại học Công Nghiệp Hà Nội với 26,67 điểm theo Phương thức 3 học lớp 2024DHCNTT01 - Xét tuyển dựa trên kết quả thi tốt nghiệp THPT năm 2024. Em đã đạt học bổng HaUI 5 triệu đồng. Nguyễn Anh Tuấn quê ở Bắc Ninh, với thành tích đạt được 3 năm Học sinh giỏi bậc THPT và đạt chứng chỉ quốc tế IELTS 7.0, em đã đỗ vào Khoa Công nghệ thông tin Trường Đại học Công Nghiệp Hà Nội với 28,78 điểm theo Phương thức 2 học lớp 2024DHKHMT01 - Xét tuyển thí sinh đoạt giải học sinh giỏi cấp tỉnh/thành phố, thí sinh có chứng chỉ quốc tế. Em đã đạt học bổng HaUI 5 triệu đồng. Sinh viên Cao Đức Hoàng quê ở Nghệ An, với thành tích đạt được 3 năm Học sinh giỏi bậc THPT, em đã đỗ vào Khoa Công nghệ thông tin Trường Đại học Công Nghiệp Hà Nội với 29,04 điểm theo Phương thức 4 học lớp 2024DHCNTT03 - Xét tuyển dựa trên kết quả học tập ở bậc học THPT. Em đã đạt học bổng HaUI 5 triệu đồng. Sinh viên Nguyễn Đức Cảnh ở Đan Phượng, Hà Nội với ước mơ trở thành chuyên gia An ninh mạng em đã đỗ vào Khoa Công nghệ thông tin Trường Đại học Công Nghiệp Hà Nội với 19,43 điểm theo Phương thức 6 học lớp 2024DHCNTT01 - Xét tuyển dựa trên kết quả thi đánh giá tư duy. Em đã đạt học bổng HaUI 5 triệu đồng. Sinh viên Nguyễn Quang Khải ở Ba Vì, Hà Nội, với ước mơ trở thành Web developer và AI engineer em đã đỗ vào Khoa Công nghệ thông tin Trường Đại học Công Nghiệp Hà Nội với 19,39 điểm theo Phương thức 6 học lớp 2024DHCNTT01 - Xét tuyển dựa trên kết quả thi đánh giá tư duy. Em đã đạt học bổng HaUI 5 triệu đồng. Với các thành tích xuất sắc đã đạt được ở bậc học THPT cùng sự phấn đấu, nỗ lực học tập, hy vọng các em sẽ học tập tốt trên giảng đường đại học và hy vọng môi trường học tập tại Khoa Công nghệ thông tin Trường Đại học Công Nghiệp Hà Nội sẽ là nơi các em trau dồi và tích lũy để trở thành Lập trình viên chuyên nghiệp trong tương lai. Thứ Tư, 11:03 25/09/2024 Tags:']","### Thông tin về hoạt động khóa và các hoạt động đoàn hội tại Khoa Công nghệ thông tin, Trường Đại học Công nghiệp Hà Nội

1. **Hoạt động khóa**:
   - Sinh viên được khuyến khích tham gia vào các hoạt động ngoại khóa và hợp tác doanh nghiệp nhằm mở rộng kiến thức, rèn luyện kỹ năng và tạo cơ hội tiếp xúc với thực tế ngành nghề.
   - Nhà trường thường xuyên tổ chức các hoạt động ngoại khóa như tham quan doanh nghiệp, diễn đàn chuyên đề, hội thảo, giúp sinh viên hiểu rõ hơn về quy trình sản xuất thực tế và các xu hướng mới trong ngành công nghiệp.

2. **Hoạt động đoàn hội**:
   - Khoa Công nghệ thông tin có các hoạt động đoàn hội nhằm tạo môi trường giao lưu, học hỏi giữa sinh viên và các chuyên gia trong ngành.
   - Các hoạt động này bao gồm các cuộc thi, chương trình giao lưu, và các dự án nghiên cứu khoa học, giúp sinh viên phát triển kỹ năng mềm và khả năng làm việc nhóm.

### Về Nguyễn Anh Tuấn
Tôi không có thông tin này và khuyến nghị bạn tham khảo nguồn khác để biết thêm chi tiết về Nguyễn Anh Tuấn.

Nếu bạn cần thêm thông tin về các chủ đề liên quan khác, hãy cho tôi biết! 

[Ngành Công nghệ kỹ thuật khuôn mẫu: Tạo dựng tương lai từ sự sáng tạo] - [**Link tham khảo**](https://www.haui.edu.vn/vn/goc-nhin-haui/nganh-cong-nghe-ky-thuat-khuon-mau-tao-dung-tuong-lai-tu-su-sang-tao/65042).",Nguyễn Anh Tuấn quê ở Bắc Ninh.,0.767422834129088,0.0,0.07692307692307693,0.0,0.7505700588226318,9.705711841583252
Đội Thanh niên tình nguyện Khoa CNTT đã có những hoạt động gì trong 16 năm qua và vai trò của Đoàn Thanh niên trong sự phát triển của đội là gì?,"['content: trường, chắp cánh ước mơ và kết nối mở cánh cửa tương lai, với niềm tin và hy vọng không bạn nào bị bỏ lại phía sau; mong rằng các em sinh viên sẽ luôn nỗ lực phấn đấu, phát huy tinh thần học tập, lao động sáng tạo và khát vọng cống hiến của tuổi trẻ, đóng góp tích cực cho sự phát triển của xã hội. Thầy Trần Ngọc Khánh – Trưởng phòng Công tác Sinh viên tổng kết hoạt động quỹ khuyến học “Nguyễn Thanh Bình” Tại Hội nghị, Quỹ khuyến học Nguyễn Thanh Bình đã quyết định trao học bổng cho 261 sinh viên có hoàn cảnh khó khăn vượt khó vươn lên trong học tập và rèn luyện, sinh viên đạt giải Nhất nghiên cứu khoa học, sinh viên đạt thành tích cao trong học tập và rèn luyện và trao quà tết năm 2024 cho 56 sinh viên khuyết tật, mồ côi. PGS.TS.Phạm Văn Đông – Phó Hiệu trưởng Đại học Công nghiệp Hà Nội trao học bổng Nguyễn Thanh Bình và quà tết cho sinh viên khuyết tật mồ côi Thầy Trần Ngọc Khánh – Trưởng phòng Công tác sinh viên và cô Nguyễn Thị Thu Hương – Giám đốc Trung tâm Truyền thông và QHCC trao học bổng Nguyễn Thanh Bình cho các bạn sinh viên Thầy Nguyễn Văn Thành - Giám đốc Trung tâm Hợp tác doanh nghiệp và cô Đinh Mai Hương – Phó Trưởng khoa Công nghệ May và Thiết kế thời trang trao học bổng Nguyễn Thanh Bình cho các bạn sinh viên Thầy Nguyễn Lương Thành – Phó Trưởng phòng Tổ chức hành chính và cô Nguyễn Thị Thanh Loan – Phó Trưởng khoa Kế toán kiểm toán trao học bổng Nguyễn Thanh Bình cho các bạn sinh viên Thầy Lê Anh Đức – Phó Trưởng phòng Đào tạo, thầy Nguyễn Mạnh Cường – Phó Trưởng phòng Tài chính Kế toán và thầy Đỗ Minh Hiền – Bí thư Đoàn thanh niên trao học bổng Nguyễn Thanh Bình cho các bạn sinh viên Các đại biểu chụp hình lưu niệm Thứ Ba, 15:49 16/01/2024 Tags: Học bổng Nguyễn Thanh Bình sinh viên nghèo vượt khó học bổng\\nnext_contents:\\n- Học bổng Nguyễn Thanh Bình chắp cánh tương lai cho sinh viên Đại học Công nghiệp Hà Nội Thứ Ba, 15:49 16/01/2024 980 Mỗi một suất học bổng trao đi là một ước mơ được chắp cánh, một hy vọng được thắp lên. Suốt 20 năm trao cơ hội cho các bạn trẻ qua những suất học bổng, Quỹ khuyến học Nguyễn Thanh Bình đã và đang góp phần vẽ nên bức tranh tươi sáng cho thế hệ trẻ trong tương lai. Đại biểu tham dự chương trình Phát biểu tại Hội nghị, PGS.TS.Phạm Văn Đông – Phó Hiệu trưởng, Trưởng ban Quản lý hoạt động Quỹ khuyến học Nguyễn Thanh Bình chia sẻ: Thành lập từ năm 2003, từ số tiền 100 triệu đồng do bác Nguyễn Thanh Bình, Ủy viên Bộ chính trị trao tặng, đến nay số dư của quỹ đạt gần 8,2 tỷ đồng. Quỹ khuyến học Nguyễn Thanh Bình trở thành cái tên thân quen và là niềm tự hào của tinh thần tương thân, tương ái của Đại học Công nghiệp Hà Nội; đã giúp cho hàng ngàn sinh viên có hoàn cảnh khó khăn, ý chí vươn lên trong học tập bớt đi phần nào nỗi lo cơm áo gạo tiền, có thêm nguồn trang trải kinh phí học tập, vững vàng theo đuổi ước mơ và khát vọng. PGS.TS.Phạm Văn Đông – Phó Hiệu trưởng, Trưởng ban Quản lý hoạt động Quỹ khuyến học Nguyễn Thanh Bình phát biểu tại Hội nghị PGS.TS Phạm Văn Đông nhấn mạnh: Các bạn sinh viên có hoàn cảnh khó khăn, mồ côi, khuyết tật đã vượt lên hoàn cảnh để thực hiện ước mơ trên hành trình tìm kiếm cơ hội tốt hơn cho cuộc sống; các em luôn là ngọn đuốc truyền năng lượng tích cực cho các bạn trẻ. Nhà trường sẽ luôn đồng hành cùng các em, tiếp sức, nâng bước tới trường, chắp cánh ước mơ và kết nối mở cánh cửa tương lai, với niềm tin và hy vọng không bạn nào bị bỏ lại phía sau; mong rằng các em sinh viên sẽ luôn nỗ lực phấn đấu, phát huy tinh thần học tập, lao động sáng tạo và khát vọng cống hiến của tuổi trẻ, đóng góp tích cực cho sự phát triển của xã hội. Thầy Trần Ngọc Khánh – Trưởng phòng Công tác Sinh viên tổng kết hoạt động quỹ khuyến học “Nguyễn Thanh Bình” Tại Hội nghị, Quỹ khuyến học Nguyễn Thanh Bình đã quyết định trao học bổng cho 261 sinh\\n', 'content: học viên, sinh viên tốt nghiệp năm 2024: 6 nghiên cứu sinh, 47 học viên cao học; 5.515 sinh viên đại học, trong đó có 89 sinh viên tốt nghiệp hạng xuất sắc, 1.400 sinh viên tốt nghiệp hạng giỏi. Các tân Tiến sĩ, Thạc sĩ, Kĩ sư, Cử nhân sẽ là sứ giả lan tỏa tới xã hội những giá trị tốt đẹp, lan toả tinh thần giáo dục của Trường Đại học Công nghiệp Hà Nội để tiếp tục phụng sự đất nước, đóng góp nhiều hơn cho cộng đồng. Các tân khoa sẽ là những thế hệ tiếp nối, đem trí tuệ và sức trẻ của mình, phát huy truyền thống tốt đẹp, làm giàu thêm bảng vàng thành tích mà lớp lớp các thế hệ thầy và trò Trường Đại học Công nghiệp Hà Nội đã đạt được. Thành quả của thầy và trò ngày hôm nay là minh chứng rõ nét cho triết lí “Giáo dục toàn diện, vì sự phát triển bền vững và hội nhập” mà Trường Đại học Công nghiệp Hà Nội luôn theo đuổi. Như một lời hiệu triệu từ trái tim Trường Đại học Công nghiệp Hà Nội là “Nhà” – luôn rộng mở chào đón các bạn trở về góp sức mình cho sự phát triển của HaUI. Toàn cảnh Lễ tốt nghiệp năm 2024 Đại biểu tham dự chương trình Trong bối cảnh thế giới đang thay đổi không ngừng, với sự phát triển vượt bậc của công nghệ và sự hội nhập quốc tế sâu rộng, TS.Kiều Xuân Thực – Hiệu trưởng Trường Đại học Công nghiệp Hà Nội chia sẻ: Thế giới đang đứng trước nhiều cơ hội nhưng cũng không ít thách thức. Thầy Hiệu trưởng tin tưởng rằng các tân Tiến sĩ, Thạc sĩ, Kĩ sư, Cử nhân luôn giữ vững tinh thần học hỏi, sáng tạo và không ngừng hoàn thiện bản thân để thích ứng và phát triển. Dù ở bất cứ đâu, trong bất cứ hoàn cảnh nào, hãy tự tin là những người đã được trang bị đầy đủ kiến thức, kỹ năng và bản lĩnh để vượt qua mọi khó khăn, thử thách, nắm bắt cơ hội để thành công trong công việc, cuộc sống. Và luôn nhớ rằng, Trường Đại học Công nghiệp Hà Nội – ngôi trường truyền thống lịch sử 126 năm – luôn là mái nhà, là nơi các bạn có thể trở về, đồng hành và chia sẻ những thành công của mình Bằng tất cả niềm tự hào khi là sinh viên Trường Đại học Công nghiệp Hà Nội, sinh viên Phạm\\nnext_contents:\\n- Tân Tiến sĩ, Thạc sĩ, Kĩ sư, Cử nhân tốt nghiệp năm 2024: Sự khởi đầu cho một hành trình phát triển mới trong tương lai Thứ Bảy, 12:25 24/08/2024 3477 Lễ tốt nghiệp và trao bằng cho gần 6.000 tân Tiến sĩ, Thạc sĩ, Kĩ sư, Cử nhân năm 2024 không chỉ là dấu mốc đánh dấu chặng đường dài nỗ lực học tập, nghiên cứu và rèn luyện, mà hơn thế nữa, các bạn đã sở hữu tấm bằng của Trường Đại học Công nghiệp Hà Nội – một cơ sở giáo dục đại học đa ngành, đa lĩnh vực, nằm trong top những trường đại học kỹ thuật hàng đầu của cả nước, để tự tin bước tiếp trên những hành trình mới. Báo chí đưa tin về Lễ tốt nghiệp 2024: 1. Báo Công Thương 2. Báo Giáo dục và Thời đại 3. Báo Đại biểu Nhân dân 4. Tạp chí Giáo dục Việt Nam 5. Báo Dân trí 6. Tạp chí Công Thương 7. Báo Vietnamnet Các tân Tiến sĩ, Thạc sĩ, Kĩ sư, Cử nhân đã xuất sắc vượt qua hàng nghìn ngày đêm miệt mài học tập và nghiên cứu, tự tin đem những ý tưởng, sáng tạo ứng dụng vào thực tiễn để kiến tạo và làm chủ tương lai. Kết quả này là sự nỗ lực không quản ngày đêm của các tân khoa, sự tâm huyết của thầy cô, của những người thân yêu luôn ở bên. Hành trình này, Trường Đại học Công nghiệp Hà Nội đã luôn đồng hành, trao cơ hội để các bạn rèn ý chí, nuôi khát vọng, dệt ước mơ để đưa các bạn tới đích đến của sự phát triển toàn diện cả về tâm – thể - trí trong kỷ nguyên toàn cầu hoá hiện nay. Kể từ giây phút này, hành trình tương lai hứa hẹn đang mở ra đầy rạng rỡ, khởi đầu cho những năm tháng tươi đẹp phía trước đang chờ các bạn. Với gần 6.000 học viên, sinh viên tốt nghiệp năm 2024: 6 nghiên cứu sinh, 47 học viên cao học; 5.515 sinh viên đại học, trong đó có 89 sinh viên tốt nghiệp hạng xuất sắc, 1.400 sinh viên tốt nghiệp hạng giỏi. Các tân Tiến sĩ, Thạc sĩ, Kĩ sư, Cử nhân sẽ là sứ giả lan tỏa tới xã hội những giá trị tốt đẹp, lan toả tinh thần giáo dục của Trường Đại học Công nghiệp Hà Nội để tiếp tục phụng sự đất nước, đóng góp nhiều hơn cho cộng đồng. Các tân khoa sẽ là những thế hệ tiếp nối, đem trí tuệ và sức trẻ của mình,\\n', 'content: ương Hội Liên hiệp Thanh niên Việt Nam tổ chức. “Trong cuộc gặp năm 2023, Thủ tướng Phạm Minh Chính ân cần hỏi thăm và động viên: “Cố lên các cháu, cộng đồng đang cần mình!” Câu nói của Thủ tướng nhắc nhở tôi cần phải phấn đấu và cống hiến hơn nữa trong sự nghiệp hỗ trợ cộng đồng. Tôi luôn muốn dốc hết sức trẻ và nhiệt huyết của mình dành cho các hoạt động của thanh niên, đặc biệt là thanh niên khuyết tật. Tôi cũng mong muốn một ngày gần nhất sẽ được đứng trong hàng ngũ của Đảng, được Đảng soi sáng trên các hành trình tiếp theo,” chị Hằng nói./. Nguồn: VietnamPlus Thứ Bảy, 08:01 19/10/2024 Tags:\\nnext_contents:\\n- khó khăn của người khuyết tật, Hằng đã đề xuất và tổ chức các chương trình hỗ trợ học nghề, tặng quà cho gia đình người khuyết tật khó khăn, tổ chức khám chữa bệnh cho người khuyết tật. Hằng cũng tập trung hướng đến hỗ trợ trẻ khuyết tật với việc vận động quỹ học bổng “Chắp cánh ước mơ” tặng học bổng cho trẻ em khuyết tật và con em người khuyết tật, tổ chức các hoạt động để mọi người hiểu hơn về những thiệt thòi của người khuyết tật, để không còn trẻ khuyết tật nào phải chịu tổn thương về mặt tinh thần như cô bé “Hằng thọt” khi xưa. Vừa đi làm, vừa quán xuyến gia đình, vừa tham gia hỗ trợ cộng đồng khiến quỹ thời gian của Hằng trở nên vô cùng hạn hẹp, chị cho hay luôn phải cố gắng cân bằng để hoàn thành tốt công việc ở mỗi vai trò, tranh thủ các buổi tối, sau khi các con ngủ, để tìm hiểu và nghiên cứu thêm các chương trình phù hợp với người khuyết tật, từ đó lên kế hoạch tổ chức các hoạt động. Với những nỗ lực không mệt mỏi, vượt lên những khó khăn, thiệt thòi của bản thân để không chỉ có cuộc sống tốt cho chính mình mà còn cống hiến hết mình cho cộng đồng, Lê Thuý Hằng đã được nhận nhiều giấy khen cấp quận và thành phố Hà Nội. Chị là 1 trong 400 thanh niên tiêu biểu, đại diện cho hơn 2 triệu thanh niên Việt Nam tham gia chương trình Đối thoại cùng Thủ tướng Chính phủ nước Cộng hòa Xã hội Chủ nghĩa Việt Nam các năm 2023, 2024. Mới đây, Lê Thúy Hằng cũng được lựa chọn là một trong 38 gương mặt thanh niên khuyết tật được vinh danh trong chương trình Tỏa sáng nghị lực Việt do Trung ương Hội Liên hiệp Thanh niên Việt Nam tổ chức. “Trong cuộc gặp năm 2023, Thủ tướng Phạm Minh Chính ân cần hỏi thăm và động viên: “Cố lên các cháu, cộng đồng đang cần mình!” Câu nói của Thủ tướng nhắc nhở tôi cần phải phấn đấu và cống hiến hơn nữa trong sự nghiệp hỗ trợ cộng đồng. Tôi luôn muốn dốc hết sức trẻ và nhiệt huyết của mình dành cho các hoạt động của thanh niên, đặc biệt là thanh niên khuyết tật. Tôi cũng mong muốn một ngày gần nhất sẽ được đứng trong hàng ngũ của Đảng, được Đảng\\n', 'content: Sinh viên Khoa Công nghệ thông tin đạt nhiều giải cao tại Lễ tổng kết và trao giải Hội nghị sinh viên nghiên cứu khoa học lần thứ XIII (năm học 2021-2022). Sáng 30/6/2022, tại Trường Đại học Công Nghiệp Hà Nội đã diễn ra Hội nghị tổng kết và trao tặng Giải thưởng “Sinh viên nghiên cứu khoa học” lần thứ XIII năm học 2021-2022 dưới sự chủ trì của PGS.TS Trần Đức Qúy - Bí thư Đảng ủy, Hiệu trưởng Nhà trường. Tham dự Hội nghị có các Thầy trong BGH Nhà trường, lãnh đạo các Khoa chuyên môn, các phòng ban liên quan, Đoàn TN, Hội sinh viên và đặc biệt là các thầy cô giảng viên hướng dẫn cùng các em sinh viên có công trình tham gia xét tặng cấp Trường năm học 2021-2022. Nghiên cứu khoa học là hoạt động thường niên của Trường Đại học Công Nghiệp Hà Nội nhằm tạo điều kiện cho sinh viên trau dồi kiến thức, áp dụng khoa học vào giải quyết những vấn đề thực tiễn, tăng cường khả năng tư duy độc lập, tự nghiên cứu và kỹ năng làm việc nhóm. Với tinh thần ham học hỏi của các bạn sinh viên cùng sự nhiệt tình hỗ trợ của các giảng viên tại các Khoa, số lượng đề tài và sinh viên tham gia nghiên cứu khoa học năm học 2021-2022 tăng mạnh mặc dù vẫn còn dư âm ảnh hưởng của đại dịch Covid-19. Năm học 2021-2022, Khoa Công nghệ thông tin Trường Đại học Công Nghiệp Hà Nội có tổng số 38 đề tài NCKH với tham gia của 137 sinh viên từ các lớp trong Khoa. So với năm 2020-2021, số đề tài nghiên cứu khoa học của sinh viên đã tăng 23 đề tài (khoảng 11%). Các đề tài NCKH của sinh viên được thực hiện ở nhiều lĩnh vực khác nhau, nội dung nghiên cứu đa dạng phong phú như sử dụng công nghệ AI, ứng dụng thực tế ảo, sử dụng nền tảng học máy, trí tuệ nhân tạo... với sự hướng dẫn của các giảng viên có kinh nghiệm giảng dạy và chuyên môn lâu năm. Phần lớn đề tài sinh viên được định hướng gắn với công tác đào tạo và nghiên cứu của giảng viên hướng dẫn nên đã góp phần nâng cao chất lượng trong việc giảng dạy của giảng viên và học tập nghiên cứu của sinh viên. Kết quả, Hội nghị đã lựa chọn Khoa Công nghệ thông tin\\nnext_contents:\\n', 'content: giấy khen cho các tập thể và cá nhân đạt thành tích xuất sắc trong công tác Đoàn và phong trào thanh niên nhiệm kỳ 2019 - 2022. Thay mặt Chi bộ, TS Đặng Trọng Hợp - Bí thư chi bộ – Trưởng khoa CNTT đã có lẵng hoa chúc mừng đại hội và phát biểu chỉ đạo. Đồng chí ghi nhận những đóng góp của LCĐ trong nhiệm kỳ vừa qua. Đồng thời, cũng nhấn mạnh các công tác và phong trào của Liên chi cần đẩy mạnh hơn nữa tinh thần xung kích trong các chương trình, phong trào nghiên cứu khoa học, các cuộc thi, hoạt động của các câu lạc bộ đội nhóm. Đại hội Đại biểu Liên chi đoàn khoa Công nghệ thông tin nhiệm kỳ 2022 - 2024 đã diễn ra thành công tốt đẹp. Xin chúc mừng tất cả các đồng chí trong BCH khóa mới, chúc các đồng chí sẽ hoàn thành tốt mọi nhiệm vụ, tạo nên nhiều thành công mới, tiếp tục dẫn dắt LCĐ khoa Công nghệ thông tin luôn là điểm sáng trong công tác Đoàn - Hội của trường Đại học Công nghiệp Hà Nội! Thứ Hai, 15:00 18/04/2022 Tags:\\nnext_contents:\\n- Đại hội đại biểu Liên chi Đoàn khoa Công nghệ thông tin lần thứ X, nhiệm kỳ 2022 - 2024 Ngày 16/04/2022, Đại hội đại biểu Liên chi Đoàn khoa Công nghệ thông tin lần thứ X, nhiệm kỳ 2022 - 2024 đã diễn ra thành công tốt đẹp tại hội trường A11, CS1 Trường Đại học Công nghiệp Hà Nội. ĐẠI HỘI ĐẠI BIỂU LIÊN CHI ĐOÀN KHOA CÔNG NGHỆ THÔNG TIN LẦN THỨ X, NHIỆM KỲ 2022 - 2024 Ngày 16/04/2022, Đại hội đại biểu Liên chi Đoàn khoa Công nghệ thông tin lần thứ X, nhiệm kỳ 2022 - 2024 đã diễn ra thành công tốt đẹp tại hội trường A11, CS1 Trường Đại học Công nghiệp Hà Nội. Đây là một sự kiện chính trị quan trọng nhằm báo cáo kết quả hoạt động nhiệm kì 2019 - 2022 và bầu ra BCH Liên chi Đoàn khóa mới, nhiệm kì 2022 - 2024. Hướng tới 25 năm thành lập Khoa CNTT và tầm nhìn chiến lược đến năm 2025. Sau 02 phiên làm việc với tinh thần khẩn trương, nghiêm túc và hiệu quả, Đại hội đã đi đến thống nhất và thông qua Báo cáo Tổng kết nhiệm kỳ 2019 – 2022, đề ra phương hướng và nhiệm vụ nhiệm kỳ 2022 – 2024. Đại hội nhất trí bầu đ/c Trịnh Bá Quý giữ chức vụ Bí thư LCĐ khoa CNTT; đ/c Nguyễn Chiến Thắng và đ/c Lưu Thị Thảo giữ chức vụ Phó Bí thư LCĐ khoa CNTT; 8 đồng chí giữ vai trò Uỷ Viên ban chấp hành LCĐ khoa CNTT: 1. Nguyễn Trường An 2. Lê Thị Thanh Hoa 3. Cam Thị Liễu 4. Nguyễn Thuỳ Linh 5. Trần Hoàng Minh Quang 6. Thân Ngọc Thiện 7. Trịnh Sỹ Tới 8. Dương Trung Tú Ghi nhận và tuyên dương những đóng góp của Liên chi đoàn khoa CNTT với công tác Đoàn trong nhiệm kỳ vừa qua, Đoàn trường đã trao tặng giấy khen cho các tập thể và cá nhân đạt thành tích xuất sắc trong công tác Đoàn và phong trào thanh niên nhiệm kỳ 2019 - 2022. Thay mặt Chi bộ, TS Đặng Trọng Hợp - Bí thư chi bộ – Trưởng khoa CNTT đã có lẵng hoa chúc mừng đại hội và phát biểu chỉ đạo. Đồng chí ghi nhận những đóng góp của LCĐ trong nhiệm kỳ vừa qua. Đồng thời, cũng nhấn mạnh các công tác và phong trào của Liên chi cần đẩy mạnh hơn nữa tinh thần xung kích trong các chương trình, phong trào nghiên cứu khoa học, các cuộc thi, hoạt\\n']","['<1-hop>\\n\\nHành trình 16 thanh xuân tuổi trẻ Đội Thanh niên tình nguyện Với tinh thần “Đâu cần thanh niên có, việc gì khó có thanh niên”, màu áo xanh tình nguyện đã trở thành hình ảnh quen thuộc thể hiện vai trò xung kích và cống hiến của tuổi trẻ Khoa Công nghệ thông tin Trường Đại học Công Nghiệp Hà Nội cho cộng đồng, xã hội. Từ những ngày đầu non trẻ, giờ đây – sau 16 năm, Đội Thanh niên tình nguyện Khoa CNTT - HaUI ngày càng lớn mạnh, kết nối hàng trăm gương mặt ưu tú, nhiệt huyết, năng động, là “cánh tay đắc lực” của Đoàn Thanh niên. Tối 30/11 vừa qua, tất cả nam thanh, nữ tú từng khoác lên mình màu áo xanh tình nguyện đã tụ hội, cùng nâng ly chúc mừng sinh nhật 16 tuổi của Đội Thanh niên tình nguyện. Đội Thanh niên tình nguyên thuộc Ban chấp hành Liên chi Đoàn Khoa CNTT, được ra đời cùng gần với quá trình xây dựng và phát triển Khoa CNTT HaUI. Có thể nói, Đội TNTN là một gia đình nhỏ trong gia đình lớn Khoa CNTT HaUI, là mái nhà chung của của các bạn sinh viên yêu thích các hoạt động tình nguyện, tham gia các hoạt động công ích cho xã hội. Tại đây, các bạn trẻ đã “kề vai sát cánh” trong nhiều hoạt động ý nghĩa của Nhà trường và xã hội như: Tết ấm yêu thương, tình nguyện vì cộng đồng, đại lễ Vu lan, Phát cháo từ thiên, Tri ân thầy cô 20/11, hỗ trợ nhập học, hỗ trợ chào tân SV, hỗ trợ Lễ tốt nghiệp trao bằng…Mỗi dịp sinh nhật, Đội TNTN lại cùng nhau ôn lại những kỷ niệm đã cùng nhau trải qua, những thành tích đã đạt được cũng như những điều cần rút kinh nghiệm. Các thế hệ TNTN Khoa CNTT HaUI tề tựu mừng sinh nhật 16 tuổi của Đội TNTN. Thay mặt Ban chủ nhiệm Khoa, TS. Đặng Trọng Hợp – Trưởng khoa CNTT HaUI gửi lời chúc mừng sinh nhật Đội “Tấm lòng sáng, tinh thần nhiệt huyết, sống vì cộng đồng của các em đã giúp Đội TNTN lớn mạnh như ngày hôm nay. Các em chính là một trong những lực lượng nòng cốt, luôn sát cánh cùng Khoa, Nhà trường trong mọi hoạt động. Chúc cho tất cả những sinh viên đã và đang khoác trên mình chiếc áo xanh tình nguyện Khoa CNTT HaUI luôn giữ được nhiệt huyết của tuổi trẻ; hoàn thành tốt nhiệm vụ học tập, làm việc; duy trì và lan tỏa các công việc từ thiện, vì cộng đồng”.. TS. Đặng Trọng Hợp chúc mừng sự lớn mạnh của Đội TNTN – “cánh tay đắc lực” của Đoàn Thanh niên. Đại diện Ban Chủ nhiệm Khoa CNTT tặng quà sinh nhật Đội TNTN. Đại diện Ban Chủ nhiệm Khoa, Đoàn Thanh niên và Đội TNTN cắt bánh sinh nhật. Nguyễn Hữu Nhật – Đội trưởng Đội TNTN thay mặt toàn Đội cam kết: “Đội TNTN Khoa CNTT hứa sẽ tiếp tục cống hiến hết mình cho Nhà trường và xã hội; luôn là những người trẻ FIT-HaUI không ngại khó, ngại khổ; sẵn sàng tham gia mọi hoạt động có ích cho xã hội, cho cộng đồng”. Những cái bắt tay, cái ôm ấm áp của các thành viên, cựu thành viên cho thấy: Đội TNTN Khoa CNTT HaUI luôn là một đại gia đình. Những trái tim nhiệt huyết cùng tinh thần đoàn kết của tuổi trẻ tình nguyện sẽ luôn sát cánh cùng thầy cô trong mọi hoạt động Nhà trường và xã hội. Dù ở đâu, làm gì, tuổi trẻ FIT-HaUI vẫn luôn là những người trẻ năng động nhiệt huyết và thành công! Thứ Sáu, 10:37 06/12/2024 Tags:', '<2-hop>\\n\\nHội nghị kiện toàn Đội Thanh niên tình nguyện Khoa CNTT nhiệm kỳ 2023-2024 Chiều 30/11/2024, Hội nghị Kiện toàn Đội Thanh niên tình nguyện Khoa Công nghệ thông tin Trường ĐH Công Nghiệp Hà Nội nhiệm kỳ 2023-2024 đã diễn ra. Đội Thanh niên tình nguyện Khoa CNTT HaUI là một trong những Đội hình tình nguyện nòng cốt trực thuộc Liên chi Đoàn Khoa CNTT Trường Đại học Công Nghiệp Hà Nội. Bước sang năm hoạt động thứ 16 với 16 lần kiện toàn Ban Chủ nhiệm, Đội Thanh niên tình nguyện Khoa CNTT được tổ chức quy củ, nề nếp, có phương hướng và kế hoạch hoạt động cụ thể, bài bản theo từng giai đoạn. Đội là nhân tố quan trọng đóng góp vào sự phát triển của công tác Đoàn và phong trào thanh niên Khoa CNTT HaUI. Đội Thanh niên tình nguyện Khoa CNTT HaUI đã trải qua 16 năm hoạt động với phương châm được xác định: Tình nguyện bốn bể là nhà - Hai mươi năm ấy vẫn là thanh xuân Tại Lễ Kiện toàn bạn Lê Minh Hùng, Nguyên Đội trưởng Đội Thanh niên tình nguyện ULSA khoá trước chia sẻ: ""Trong nhiệm kỳ quản lý Đội, được giao trọng trách là đội trưởng, mình cảm thấy rất may mắn khi được Ban chủ nhiệm, các thành viên trong Đội và đặc biệt là Đoàn Thanh niên trường tin tưởng và giúp đỡ tận tình. Được gắn bó với Đội suốt 4 năm đại học, đối với mình Đội tình nguyện đã trở thành gia đình thứ 2. Mình có quá nhiều kỷ niệm không thể quên với tập thể Đội. Mình rất tự hào khi nói rằng “ngôi nhà xanh FIT-HaUI” là một tập thể luôn nhiệt huyết, đoàn kết và vững mạnh. Đội đã đi tới nhiều nơi và hoàn thành được nhiều công trình, phần việc vì cộng đồng ý nghĩa Mình mong muốn và tin tưởng Ban Chủ nhiệm Đội trong nhiệm kỳ mới sẽ luôn phát huy tốt tinh thần, nhiệt huyết của tuổi trẻ, theo sự phân công và giao nhiệm vụ của Đoàn Thanh niên trường, quản lý đội thật tốt, để tập thể “ngôi nhà xanh FIT-HaUI” luôn đi đầu trong các phong trào, hoạt động của Đoàn Thanh niên Khoa CNTT-HaUI"". Trong năm học 2023-2024, Đội Thanh niên tình nguyện Khoa CNTT HaUI với định hướng, chỉ đạo của Đoàn Thanh niên trường, cùng với sự cố gắng, nỗ lực của toàn thể đội viên, cộng tác viên, Ban chủ nhiệm, Đội đã hoàn thành xuất sắc các nhiệm vụ năm học 2024 - 2025 và ghi nhiều dấu ấn, thành tích nổi bật; Được Đoàn Thanh niên, Ban Giám hiệu nhà trường ghi nhận, đánh giá cao.']","Trong 16 năm qua, Đội Thanh niên tình nguyện Khoa Công nghệ thông tin (CNTT) tại Trường Đại học Công nghiệp Hà Nội đã thực hiện nhiều hoạt động ý nghĩa, góp phần tích cực vào sự phát triển của cộng đồng và nâng cao tinh thần tình nguyện trong sinh viên. Dưới đây là một số thông tin nổi bật về các hoạt động của đội và vai trò của Đoàn Thanh niên trong sự phát triển của đội:

### Các hoạt động của Đội Thanh niên tình nguyện Khoa CNTT
1. **Hoạt động tình nguyện**:
   - Tổ chức các chương trình tình nguyện như hiến máu nhân đạo, hỗ trợ cộng đồng trong các sự kiện lớn.
   - Tham gia các hoạt động bảo vệ môi trường, như dọn dẹp, trồng cây xanh.

2. **Hoạt động học thuật và nghiên cứu**:
   - Khuyến khích sinh viên tham gia nghiên cứu khoa học, tổ chức các cuộc thi sáng tạo, nghiên cứu khoa học.
   - Tổ chức các buổi hội thảo, tọa đàm về công nghệ thông tin và các lĩnh vực liên quan.

3. **Hoạt động văn hóa, thể thao**:
   - Tổ chức các sự kiện thể thao, văn hóa nhằm tạo sân chơi cho sinh viên, nâng cao tinh thần đoàn kết.
   - Tham gia các cuộc thi thể thao cấp trường và khu vực.

4. **Hoạt động hỗ trợ sinh viên**:
   - Tổ chức các chương trình hỗ trợ sinh viên mới nhập học, giúp họ hòa nhập với môi trường học tập.
   - Cung cấp thông tin và hỗ trợ trong việc tìm kiếm việc làm cho sinh viên.

### Vai trò của Đoàn Thanh niên trong sự phát triển của Đội
- **Định hướng và hỗ trợ**: Đoàn Thanh niên đóng vai trò quan trọng trong việc định hướng các hoạt động của Đội Thanh niên tình nguyện, giúp đội có kế hoạch và mục tiêu rõ ràng.
- **Khuyến khích và động viên**: Đoàn Thanh niên thường xuyên tổ chức các buổi tập huấn, đào tạo kỹ năng cho các thành viên trong đội, từ đó nâng cao năng lực và sự tự tin cho sinh viên.
- **Kết nối và mở rộng mạng lưới**: Đoàn Thanh niên giúp kết nối Đội Thanh niên tình nguyện với các tổ chức, đơn vị bên ngoài, tạo cơ hội cho sinh viên tham gia vào các hoạt động lớn hơn, có ý nghĩa hơn.

Những hoạt động và vai trò này không chỉ giúp sinh viên phát triển kỹ năng cá nhân mà còn góp phần xây dựng hình ảnh tích cực của sinh viên Khoa CNTT trong cộng đồng.

Nếu bạn cần thêm thông tin chi tiết về các hoạt động cụ thể hoặc các chủ đề liên quan khác, hãy cho tôi biết! 

[Chúc mừng Hành trình 16 thanh xuân tuổi trẻ Đội Thanh niên tình nguyện] - [**Link tham khảo**](https://fit.haui.edu.vn/vn/tin-tuc/chuc-mung-hanh-trinh-16-thanh-xuan-tuoi-tre-doi-thanh-nien-tinh-nguyen/71181).","Trong 16 năm qua, Đội Thanh niên tình nguyện Khoa CNTT Trường Đại học Công Nghiệp Hà Nội đã thực hiện nhiều hoạt động ý nghĩa như Tết ấm yêu thương, tình nguyện vì cộng đồng, đại lễ Vu lan, phát cháo từ thiện, tri ân thầy cô vào ngày 20/11, hỗ trợ nhập học, chào tân sinh viên, và lễ tốt nghiệp. Đoàn Thanh niên đóng vai trò quan trọng trong sự phát triển của đội, là lực lượng nòng cốt, luôn sát cánh cùng Khoa và Nhà trường trong mọi hoạt động, giúp đội ngày càng lớn mạnh và kết nối hàng trăm sinh viên nhiệt huyết, năng động.",0.8592094558824704,0.5833333333041666,0.14814814814814814,1.0,0.85257887840271,14.452257871627808
Tại sao gần 150 sinh viên Khoa Công nghệ thông tin Trường Đại học Công Nghiệp Hà Nội lại đạt được chứng nhận Samsung Innovation Campus và chương trình này đã có những ảnh hưởng gì đến sự phát triển công nghệ tại Việt Nam?,"['content: dụng kết hợp giữa 2 hình thức đào tạo trực tuyến (E-learning) và trực tiếp (offline) để mở rộng quy mô và tối ưu lịch trình học tập cho học viên. Sinh viên Khoa CNTT - Trường ĐH Công Nghiệp Hà Nội tại Lễ khởi động Dự kiến Samsung Innovation Campus 2024-2025 sẽ mang tới cơ hội học tập và phát triển năng lực công nghệ cho khoảng 6.600 học sinh và sinh viên tại Việt Nam. Cũng tại sự kiện, Samsung Việt Nam, Tổ chức Tuổi trẻ thành đạt Việt Nam và Công ty Letuin Việt Nam đã thực hiện Lễ ký kết biên bản ghi nhớ MOU, khẳng định cam kết đồng hành nhằm triển khai dự án Samsung Innovation Campus 2024-2025 tại Việt Nam. Thứ Hai, 14:07 25/11/2024 Tags:\\nnext_contents:\\n- Samsung khởi động Chương trình phát triển nhân tài công nghệ 2024-2025 Chiều 22/11, Tổ hợp Samsung Việt Nam chính thức khởi động Chương trình Phát triển nhân tài công nghệ – Samsung Innovation Campus 2024-2025 nhằm phát triển năng lực công nghệ cao cho thế hệ trẻ Việt Nam là những người sẽ dẫn dắt sự thành công của cuộc Cách mạng Công nghiệp 4.0 tại Việt Nam trong tương lai. Chương trình đào tạo được thiết kế trên nền tảng giáo dục kết hợp giữa kỹ năng công nghệ cốt lõi trong tương lai với các kỹ năng mềm và kỹ năng làm việc trong thực tiễn. Các nội dung đào tạo này được lựa chọn thông qua việc thực hiện khảo sát phân tầng theo các xu hướng phát triển trong các ngành công nghiệp ở từng khu vực khác nhau, kết hợp với nhu cầu tuyển dụng tại các công ty lớn. Lễ ký kết biên bản ghi nhớ MOU giữa các đơn vị triển khai dự án Samsung Innovation Campus 2024-2025 Học viên khi kết thúc khóa học và đạt kết quả theo yêu cầu của chương trình sẽ nhận được chứng nhận hoàn thành khóa học Samsung Innovation Campus, cũng như có cơ hội tham gia nhiều hoạt động có giá trị khác của dự án như Cuộc thi Sáng tạo khoa học công nghệ – Innovation Tech Challenge – cuộc thi nằm trong khuôn khổ của dự án nhằm tạo ra sân chơi giúp các học viên được áp dụng kiến thức, kỹ năng đã được học trong chương trình vào thực tế. Trong khuôn khổ dự án SIC 2024-2025, các nội dung đào tạo sẽ được phân bổ lại cấu trúc nhằm nâng cao chất lượng học tập và phù hợp hơn với tình hình thực tế triển khai. Đồng thời, tiếp tục áp dụng kết hợp giữa 2 hình thức đào tạo trực tuyến (E-learning) và trực tiếp (offline) để mở rộng quy mô và tối ưu lịch trình học tập cho học viên. Sinh viên Khoa CNTT - Trường ĐH Công Nghiệp Hà Nội tại Lễ khởi động Dự kiến Samsung Innovation Campus 2024-2025 sẽ mang tới cơ hội học tập và phát triển năng lực công nghệ cho khoảng 6.600 học sinh và sinh viên tại Việt Nam. Cũng tại sự kiện, Samsung Việt Nam, Tổ chức Tuổi trẻ thành đạt Việt Nam và Công ty Letuin Việt Nam đã thực hiện Lễ ký kết biên\\n', 'content: Sinh viên Khoa Công nghệ thông tin Trường Đại học Công Nghiệp Hà Nội đạt học bổng sinh viên xuất sắc Chương trình SIC 2023-2024 Kết thúc niên khoá 2023-2024, SIC tiếp tục chứng tỏ sức hút lớn của chương trình bồi đắp nhân tài công nghệ hàng đầu Việt Nam với số lượng học viên tăng đột phá, đạt gần 6.400 người, gấp đôi năm học 2022 – 2023. Lễ tổng kết chương trình Phát triển Nhân tài Công nghệ - Samsung Innovation Campus (SIC) niên khóa 2023-2024 do Samsung Việt Nam phối hợp cùng Tổ chức Tuổi trẻ thành đạt tổ chức chiều 29/8, tại Hà Nội. Sự kiện nhằm đánh giá hiệu quả thực hiện dự án sau một năm nỗ lực bồi đắp năng lực công nghệ cao cho thế hệ trẻ Việt Nam - những người sẽ dẫn dắt sự thành công của cuộc Cách mạng 4.0 trong hiện tại và tương lai. Buổi lễ có sự tham dự của ông Choi Joo Ho - Tổng Giám đốc Tổ hợp Samsung Việt Nam, ông Kim Yong Sup - Phó Tổng Giám đốc phụ trách Đối ngoại Tổ hợp Samsung Việt Nam, đại diện từ Chính phú, các đối tác, cũng như các trường THCS, THPT, Cao đẳngvà Đại học. Khởi động vào tháng 10/2023, Samsung Innovation Campus 2023-2024 đã mang đến các khóa học phát triển năng lực công nghệ đa dạng dành cho các bạn trẻ từ 13-22 tuổi, kết hợp giữa hai hình thức đào tạo trực tiếp và trực tuyến (E-Learning), nhằm tạo điều kiện cho các học viên trên cả nước đều có cơ hội tham gia. Chương trình năm nay cung cấp 3 khóa học phát triển năng lực công nghệ, bao gồm: Vạn vật kết nối (Internet of Things – IoT), Trí tuệ nhân tạo (Artificial Intelligence – AI), Dữ liệu lớn (Big Data) và 1 khóa học kỹ năng Lập trình cơ bản (Coding & Programming – C&P). Thầy Phạm Văn Đông - Phó Hiệu trưởng Trường ĐH Công Nghiệp Hà Nội tại Buổi tổng két Ngoài ra, dự án còn cung cấp các nội dung hướng nghiệp và kỹ năng mềm nhằm bổ trợ và nâng cao năng lực toàn diện cho học viên. Sau một năm triển khai, Samsung Innovation Campus 2023 - 2024 đã lan tỏa tới 67 trường, bao gồm các trường THCS, THPT và Đại học ở 13 tỉnh, thành phố trên cả nước, tương ứng với 21.000 giờ học được giảng\\nnext_contents:\\n', 'content: Sinh viên khoa Công nghệ thông tin tiếp tục giành học bổng STP năm 2019 Vào ngày 12/12/2019, tại trụ sở của Trung tâm nghiên cứu phát triển Samsung (SVMC) ở số 1, Phạm Văn Bạch, Hà Nội, công ty Samsung đã trao học bổng tài năng (Samsung Talent Program – STP) cho 04 sinh viên của Khoa Công nghệ thông tin Trường ĐH Công nghiệp Hà Nội. Chương trình học bổng tài năng Samsung đã được thực hiện với các trường Đại học uy tín trong những năm qua, với mục tiêu hỗ trợ ngày càng nhiều những sinh viên ưu tú có điều kiện vươn lên trong học tập để phát triển sự nghiệp. Tại Trường ĐH Công nghiệp Hà Nội, chương trình học bổng STP năm học 2019 - 2020 được Samsung phối hợp cùng Khoa CNTT phát động từ tháng 11/2019. Trị giá mỗi suất học bổng là hơn 66 triệu đồng tiền mặt, ngoài ra sinh viên nhận học bổng còn có nhiều lợi ích khác. Thầy Trưởng khoa Công nghệ thông tin chụp ảnh cùng sinh viên được học bổng Để nhận được học bổng, các sinh viên phải trải qua nhiều vòng thi tuyển của Samsung. Sau một thời gian thi tuyển, đã có 04 sinh viên của Khoa CNTT – Trường ĐH Công nghiệp Hà Nội được nhận giải thưởng. Tại buổi trao học bổng, Ông Tổng giám đốc đã trực tiếp trao các suất học bổng và phát biểu đánh giá cao nỗ lực của các sinh viên, ông cũng mong muốn chương trình STP sẽ góp phần thúc đẩy tạo nên nền tảng tri thức và kỹ năng vững chắc cho các Kỹ sư / Cử nhân tương lai trên con đường đi đến thành công của mình cũng như góp phần phát triển sự hợp tác giữa Samsung và các trường đại học. Thứ Tư, 09:53 25/12/2019 Tags:\\nnext_contents:\\n', 'content: Sinh viên Khoa Công nghệ thông tin xuất sắc đạt học bổng tài năng Samsung STP năm 2024 Vừa qua ngày 16/10/2024, Trung tâm Nghiên cứu và Phát triển Samsung Việt Nam (SRV) đã tổ chức Lễ trao học bổng sinh viên tài năng Samsung STP dành cho sinh viên các trường Đại học tại Việt Nam. Sinh viên Khoa Công nghệ thông tin Trường Đại học Công Nghiệp Hà Nội đã xuất sắc và vinh dự đạt được học bổng. Sinh viên Bùi Trường Giang khóa 16 ngành Khoa học máy tính Khoa CNTT – Trường ĐH Công Nghiệp Hà Nội giành được học bổng Tài năng STP năm 2024 sẽ được Samsung Việt Nam tài trợ học bổng trị giá 3000 USD. Cùng với đó, sinh viên sẽ có cơ hội được đào tạo chuyên sâu, thực tập nghề nghiệp với các đề tài công nghệ mới, dưới sự hướng dẫn của các Kỹ sư giàu kinh nghiệm tại SRV. Đồng thời, sinh viên sẽ được đào tạo các kỹ năng về lập trình, về thuật toán chuyên sâu, củng cố kiến thức chuyên môn vững chắc trước khi tốt nghiệp. Các sinh viên đạt học bổng STP đều đã hoàn thành các khóa học Thuật toán ứng dụng do Khoa Công nghệ thông tin phối hợp với Samsung SRV phối hợp tổ chức với kết quả xuất sắc. TS. Đặng Trọng Hợp – Trưởng Khoa CNTT Trường ĐH Công Nghiệp Hà Nội và các sinh viên HaUI nhận học bổng Tài năng Samsung STP 2024 Trường Đại học Công Nghiệp Hà Nội là một trong các trường đại học thuộc khu vực phía Bắc được thụ hưởng chương trình học bổng “Tài năng Samsung” – STP 2024. Chương trình học bổng STP 2024 là một nội dung trong Biên bản hợp tác toàn diện giữa Trường Đại học Công Nghiệp Hà Nội và Samsung Electronic Việt Nam cho giai đoạn 2023 – 2025. Theo biên bản hợp tác được ký kết, bên cạnh việc hai đơn vị thống nhất sẽ tiếp tục triển khai là chương trình học bổng STP, HaUI và Samsung sẽ triển khai các dự án hợp tác nghiên cứu về công nghệ di động, các khóa học đào tạo ngắn hạn về Thuật toán ứng dụng và các khóa đào tạo ngắn khác về IoT, Big Data, Security, Embedded System… giành cho sinh viên HaUI. Thứ Hai, 14:55 21/10/2024 Tags:\\nnext_contents:\\n', 'content: [vietnamplus] Truyền cảm hứng về hành trình khoa học cho hàng chục nghìn sinh viên Thứ Sáu, 17:46 15/11/2024 65 Trong tháng 12/2024 sẽ diễn ra các hoạt động kết nối khoa học công nghệ từ Tuần lễ Khoa học và Công nghệ VinFuture 2024 với điểm nhấn là “Chuỗi đối thoại khám phá tương lai VinFuture.” VinFuture 2023. (Nguồn: Báo chính phủ) Trong chuyến công tác tới Việt Nam dự Hội nghị khoa học quốc tế ""Điện tử lượng tử Tôpô tương tác trực diện"" diễn ra tại Trung tâm Quốc tế khoa học và giáo dục liên ngành (thành phố Quy Nhơn, tỉnh Bình Định), Giáo sư Duncan Haldane - người đoạt Giải Nobel Vật lý năm 2016, hiện đang giảng dạy tại Đại học Princeton (Hoa Kỳ) nói: “Động lực để giới trẻ học và tiếp thu được khoa học trong thời đại ngày nay không nhất thiết phải phụ thuộc vào sách vở hay chờ sự dìu dắt từ những nhà khoa học lớn. Việc giáo dục và truyền cảm hứng nghiên cứu khoa học cho học sinh, sinh viên phải được thực hiện càng sớm càng tốt, từ lúc họ còn ngồi trên ghế nhà trường. Trước tiên phải tạo sự thích thú, khi đã thích thú rồi thì các bạn trẻ sẽ tự phát triển kỹ năng tự tìm tòi, nghiên cứu. Có kỹ năng đó, họ tự đi theo con đường khoa học mong muốn.” Quan điểm của Giáo sư Duncan Haldane cũng nhận được sự đồng thuận của nhiều nhà khoa học Việt Nam và quốc tế. Trong tháng 12/2024 sẽ diễn ra các hoạt động kết nối khoa học công nghệ từ Tuần lễ Khoa học và Công nghệ VinFuture 2024 với điểm nhấn là “Chuỗi đối thoại khám phá tương lai VinFuture.” Tại sự kiện, các nhà khoa học là thành viên Hội đồng Giải thưởng và Hội đồng Sơ khảo VinFuture, chuyên gia hàng đầu thế giới ở những lĩnh vực công nghệ “nóng”, sẽ giao lưu, trao đổi tri thức, chia sẻ kinh nghiệm với các nhà khoa học, nhà nghiên cứu, truyền cảm hứng cho hàng chục nghìn sinh viên và nhà nghiên cứu trẻ trong nước. Trong năm 2024, 8 tổ chức gồm các viện nghiên cứu, trường đại học lớn nhất Việt Nam, doanh nghiệp sẽ thảo luận chuyên sâu với những nhà khoa học hàng đầu thế giới xoay quanh lĩnh vực trọng yếu như trí tuệ\\nnext_contents:\\n']","['<1-hop>\\n\\nSinh viên Khoa Công nghệ thông tin Trường Đại học Công Nghiệp Hà Nội đạt học bổng sinh viên xuất sắc Chương trình SIC 2023-2024 Kết thúc niên khoá 2023-2024, SIC tiếp tục chứng tỏ sức hút lớn của chương trình bồi đắp nhân tài công nghệ hàng đầu Việt Nam với số lượng học viên tăng đột phá, đạt gần 6.400 người, gấp đôi năm học 2022 – 2023. Lễ tổng kết chương trình Phát triển Nhân tài Công nghệ - Samsung Innovation Campus (SIC) niên khóa 2023-2024 do Samsung Việt Nam phối hợp cùng Tổ chức Tuổi trẻ thành đạt tổ chức chiều 29/8, tại Hà Nội. Sự kiện nhằm đánh giá hiệu quả thực hiện dự án sau một năm nỗ lực bồi đắp năng lực công nghệ cao cho thế hệ trẻ Việt Nam - những người sẽ dẫn dắt sự thành công của cuộc Cách mạng 4.0 trong hiện tại và tương lai. Buổi lễ có sự tham dự của ông Choi Joo Ho - Tổng Giám đốc Tổ hợp Samsung Việt Nam, ông Kim Yong Sup - Phó Tổng Giám đốc phụ trách Đối ngoại Tổ hợp Samsung Việt Nam, đại diện từ Chính phú, các đối tác, cũng như các trường THCS, THPT, Cao đẳngvà Đại học. Khởi động vào tháng 10/2023, Samsung Innovation Campus 2023-2024 đã mang đến các khóa học phát triển năng lực công nghệ đa dạng dành cho các bạn trẻ từ 13-22 tuổi, kết hợp giữa hai hình thức đào tạo trực tiếp và trực tuyến (E-Learning), nhằm tạo điều kiện cho các học viên trên cả nước đều có cơ hội tham gia. Chương trình năm nay cung cấp 3 khóa học phát triển năng lực công nghệ, bao gồm: Vạn vật kết nối (Internet of Things – IoT), Trí tuệ nhân tạo (Artificial Intelligence – AI), Dữ liệu lớn (Big Data) và 1 khóa học kỹ năng Lập trình cơ bản (Coding & Programming – C&P). Thầy Phạm Văn Đông - Phó Hiệu trưởng Trường ĐH Công Nghiệp Hà Nội tại Buổi tổng két Ngoài ra, dự án còn cung cấp các nội dung hướng nghiệp và kỹ năng mềm nhằm bổ trợ và nâng cao năng lực toàn diện cho học viên. Sau một năm triển khai, Samsung Innovation Campus 2023 - 2024 đã lan tỏa tới 67 trường, bao gồm các trường THCS, THPT và Đại học ở 13 tỉnh, thành phố trên cả nước, tương ứng với 21.000 giờ học được giảng dạy tại 227 lớp học cùng 16.320 giờ học E-learning được hoàn thành. Chương trình đã ghi nhận kết quả đột phá, với gần 6.400 học viên tham gia – gần gấp đôi số lượng học viên trong dự án SIC 2022 – 2023. Cũng tại sự kiện, Samsung đã trao tặng 60 suất học bổng cho 60 bạn học viên xuất sắc nhất của chương trình SIC 2023 – 2024. Xin chúc mừng các bạn sinh viên NGUYỄN THỊ NA lớp Big Data, NGUYỄN THÀNH NAM lớp AI, Nguyễn Xuân Khoa lớp IoT - Khoa CNTT - Trường ĐH Công nghiệp Hà Nội đã đạt được học bổng sinh viên xuất sắc của Chương trình', '<2-hop>\\n\\nChứng nhận Samsung Innovation Campus Không ngừng học hỏi, khám phá, sáng tạo và vượt qua giới hạn bản thân để chinh phục những đỉnh cao công nghệ là vô cùng quan trọng trong bối cảnh công nghệ đang phát triển thần tốc như hiện nay. Gần 150 sinh viên Khoa Công nghệ thông tin Trường Đại học Công Nghiệp Hà Nội đã xuất sắc đạt được chứng nhận Samsung Innovation Campus. Gần 150 SV các lớp SIC (Samsung Innovation Campus) được nhận chứng nhận Tinh thần này được lan tỏa tích cực tại Samsung Innovation Campus (SIC) thông qua cách chương trình thiết kế các khóa học kiến thức kết hợp kỹ năng ứng dụng công nghệ đa dạng, hấp dẫn và hiệu quả. Mang đến những thay đổi sâu sắc trên mọi lĩnh vực đời sống xã hội, cuộc cách mạng công nghiệp lần thứ 4 (CMCN 4.0) đang diễn ra với tốc độ chóng mặt trên toàn cầu. Trong đó, công nghệ đóng vai trò dẫn dắt, là động lực thúc đẩy sự phát triển của các ngành kinh tế, xã hội. Chưa bao giờ các công nghệ cốt lõi như AI (trí tuệ nhân tạo), IoT (vạn vật kết nối internet), dữ liệu lớn, đám mây, nền tảng di động… trở nên quan trọng như hiện nay. Cung cấp cho thế hệ trẻ một ""chương trình giảng dạy cốt lõi chung"", cho phép sinh viên có được các kiến thức cơ bản nhất của 5 công nghệ nền tảng cũng chính là mục tiêu Samsung hướng đến khi đầu tư và phát triển dự án Innovation Campus, với tư cách là doanh nghiệp công nghệ hàng đầu. Khởi động từ 2019, cho đến nay, Innovation Campus đã đào tạo những kiến thức công nghệ mới nhất cho hơn 6.000 học sinh, sinh viên trên khắp mọi miền đất nước, qua đó khẳng định vị thế hàng đầu của Samsung trong việc nỗ lực thúc đẩy phát triển nguồn nhân lực công nghệ chất lượng cao tại Việt Nam. TS. Phạm Văn Hà - Phó Trưởng khoa CNTT Đại học Công nghiệp trao chứng nhận cho những sinh viên xuất sắc tại Khóa học Với chương trình học được thiết kế dựa trên nền tảng các công nghệ lõi của tương lai, kết hợp kỹ năng thực hành ứng dụng, đồng thời sát với xu hướng và yêu cầu tuyển dụng từ các doanh nghiệp công nghệ đầu ngành, SIC mỗi niên khóa đều nhận được sự hưởng ứng tích cực của hàng ngàn học viên tham gia. Không chỉ hướng đến cung cấp kho kiến thức nền tảng về công nghệ mới nhất, SIC còn khuyến khích học viên ứng dụng kiến thức đã được trau dồi vào thực tiễn. Theo đó, không chỉ được tạo điều kiện thực hành ngay trong khóa học, học viên tốt nghiệp SIC còn có cơ hội áp dụng kiến thức và kỹ năng đã học để tham dự Cuộc thi Innovation Tech Challenge, thông qua việc tháo gỡ bài toán hóc búa được ban tổ chức đề ra bằng các ý tưởng, giải pháp sáng tạo, hay thêm cơ hội để được thực tập tại Samsung Việt Nam']","### Thông tin về hoạt động khóa và các hoạt động đoàn hội tại Khoa Công nghệ thông tin

1. **Hoạt động khóa**:
   - Khoa Công nghệ thông tin thường xuyên tổ chức các sự kiện như Ngày hội việc làm, hội thảo chuyên đề, và các cuộc thi sáng tạo công nghệ.
   - Các hoạt động này nhằm tạo điều kiện cho sinh viên giao lưu, học hỏi và tìm kiếm cơ hội việc làm.

2. **Hoạt động đoàn hội**:
   - Khoa có nhiều hoạt động đoàn hội như tham gia các cuộc thi, tổ chức các chương trình tình nguyện, và các hoạt động ngoại khóa khác.
   - Sinh viên được khuyến khích tham gia vào các câu lạc bộ, đội nhóm để phát triển kỹ năng mềm và kết nối với nhau.

### Chứng nhận Samsung Innovation Campus và ảnh hưởng đến sự phát triển công nghệ tại Việt Nam

- **Chứng nhận Samsung Innovation Campus**:
  - Gần 150 sinh viên Khoa Công nghệ thông tin Trường Đại học Công Nghiệp Hà Nội đã đạt được chứng nhận từ chương trình Samsung Innovation Campus (SIC) trong năm học 2023-2024.
  - Chương trình này nhằm phát triển năng lực công nghệ cho sinh viên, cung cấp các khóa học về Internet of Things (IoT), Trí tuệ nhân tạo (AI), và Dữ liệu lớn (Big Data).

- **Ảnh hưởng đến sự phát triển công nghệ tại Việt Nam**:
  - Chương trình SIC đã góp phần nâng cao chất lượng nguồn nhân lực trong lĩnh vực công nghệ thông tin tại Việt Nam.
  - Nó tạo ra cơ hội cho sinh viên tiếp cận với các công nghệ tiên tiến, từ đó giúp họ có thể tham gia vào cuộc Cách mạng Công nghiệp 4.0.
  - Sự hợp tác giữa Samsung và các trường đại học không chỉ giúp sinh viên có thêm kiến thức mà còn tạo ra những sản phẩm và giải pháp công nghệ phù hợp với nhu cầu thực tiễn của thị trường.

### Tài liệu tham khảo
- [Samsung khởi động Chương trình phát triển nhân tài công nghệ 2024-2025](https://fit.haui.edu.vn/vn/tin-tuc/samsung-khoi-dong-chuong-trinh-phat-trien-nhan-tai-cong-nghe-2024-2025/71163) - [**Link tham khảo**](https://fit.haui.edu.vn/vn/tin-tuc/samsung-khoi-dong-chuong-trinh-phat-trien-nhan-tai-cong-nghe-2024-2025/71163).
- [Sinh viên Khoa Công nghệ thông tin Trường Đại học Công Nghiệp Hà Nội đạt học bổng sinh viên xuất sắc Chương trình SIC 2023-2024](https://fit.haui.edu.vn/vn/guong-sang/sinh-vien-khoa-cong-nghe-thong-tin-truong-dai-hoc-cong-nghiep-ha-noi-dat-hoc-bong-sinh-vien-xuat-sac-chuong-trinh-sic-2023-2024/71031) - [**Link tham khảo**](https://fit.haui.edu.vn/vn/guong-sang/sinh-vien-khoa-cong-nghe-thong-tin-truong-dai-hoc-cong-nghiep-ha-noi-dat-hoc-bong-sinh-vien-xuat-sac-chuong-trinh-sic-2023-2024/71031).

Nếu bạn cần thêm thông tin hoặc có câu hỏi khác, hãy cho tôi biết!","Gần 150 sinh viên Khoa Công nghệ thông tin Trường Đại học Công Nghiệp Hà Nội đã xuất sắc đạt được chứng nhận Samsung Innovation Campus nhờ vào việc không ngừng học hỏi, khám phá, sáng tạo và vượt qua giới hạn bản thân trong bối cảnh công nghệ đang phát triển nhanh chóng. Chương trình Samsung Innovation Campus (SIC) đã thiết kế các khóa học kết hợp kiến thức và kỹ năng ứng dụng công nghệ đa dạng, hấp dẫn và hiệu quả, từ đó mang đến những thay đổi sâu sắc trong mọi lĩnh vực đời sống xã hội. Chương trình này không chỉ cung cấp kiến thức về các công nghệ cốt lõi như AI, IoT, và dữ liệu lớn mà còn khuyến khích học viên ứng dụng kiến thức vào thực tiễn, tạo cơ hội cho họ tham gia các cuộc thi như Innovation Tech Challenge và thực tập tại Samsung Việt Nam, góp phần thúc đẩy sự phát triển nguồn nhân lực công nghệ chất lượng cao tại Việt Nam.",0.8472990565493538,0.8874999999778125,0.41379310344827586,1.0,0.8651330471038818,15.062487125396729
Thầy Lê Thanh Đức có thể giúp gì cho sinh viên trong quá trình nhập học và hoàn thiện hồ sơ tại Đại học Công nghiệp Hà Nội?,"['content: tập, nghiên cứu theo chuẩn quốc tế. GS.WANG Dunqiu – Hiệu trưởng Đại học Bách khoa Quế Lâm (Trung Quốc), TS.Kiều Xuân Thực - Hiệu trưởng Trường Đại học Công nghiệp Hà Nội thăm, giao lưu với các bạn sinh viên tham gia chương trình đào tạo liên kết 2+2 Nhiều chính sách hấp dẫn, hỗ trợ tốt nhất cho người học Chương trình đào tạo liên kết quốc tế 2+2 thực sự đem lại lợi ích cho người học. Sau khi hoàn thành chương trình học, sinh viên sẽ được cấp song bằng. Một bằng do Trường Đại học Công nghiệp Hà Nội cấp và một bằng do đại học Trung Quốc cấp. Sinh viên tham gia chương trình tiết kiệm chi phí từ 30% đến 50% so với sinh viên tự túc đi học toàn phần tại Trung Quốc; đồng thời, giúp sinh viên nâng cao năng lực giao tiếp ngoại ngữ 2 là tiếng Trung trong môi trường bản ngữ. Với đối tượng tuyển sinh đa dạng, chương trình đào tạo liên kết 2+2 không chỉ mở ra cơ hội với các bạn học sinh đã tốt nghiệp trung học phổ thông mà còn với các bạn sinh viên đã trúng tuyển đầu vào đại học chính quy của Trường Đại học Công nghiệp Hà Nội theo quy định của Bộ Giáo dục và Đào tạo Việt Nam. Trong quá trình học nếu sinh viên gặp khó khăn trong hoàn thành yêu cầu chương trình học sẽ được hỗ trợ chuyển sang học chương trình của Việt Nam theo ngưỡng trúng tuyển ban đầu. Với những kết quả tích cực trong quan hệ hợp tác, Trường Đại học Công nghiệp Hà Nội và Đại học Bách khoa Quế Lâm (Trung Quốc) và Đại học Kỹ thuật Quảng Tây (Trung Quốc) có nhiều chính sách hỗ trợ học bổng, học phí, sinh hoạt phí cho các bạn sinh viên. Nhờ chính sách này, các bạn đi học theo chương trình hợp tác sẽ được hưởng nhiều ưu đãi, môi trường học tập thuận lợi, giảm chi phí không chỉ so với sinh viên Việt Nam đi du học tự túc mà còn thuận lợi nhiều so với sinh viên bản địa. HaUI trang bị phòng học thực hành phiên dịch góp phần tăng cơ hội thực hành kỹ năng phiên dịch cho sinh viên Bên cạnh thời gian học tập, sinh viên sẽ tham gia các hoạt động ngoại khóa để rèn luyện tư duy sáng tạo và phát triển các kỹ năng quan trọng trở\\nnext_contents:\\n- tuyển sinh chương trình liên kết đào tạo 2+2 ngành Marketing giữa Trường Đại học Công nghiệp Hà Nội (Việt Nam) và Đại học Bách khoa Quế Lâm (Trung Quốc), hứa hẹn sẽ là lựa chọn của nhiều bạn sinh viên yêu thích sự năng động và hội nhập. Trường Đại học Công nghiệp Hà Nội Trường Đại học Công nghiệp Hà Nội tự hào là cơ sở giáo dục đào tạo đa ngành, đa lĩnh vực hàng đầu của Việt Nam; được xã hội, doanh nghiệp và người học đánh giá cao. Có đội ngũ giảng viên giàu kinh nghiệm, trình độ cao (Giáo sư, Phó Giáo sư, Tiến sĩ, Thạc sĩ) được đào tạo tại các trường đại học nổi tiếng trong nước và quốc tế, đặc biệt có sự tham gia giảng dạy trực tiếp của giảng viên đến từ Trung Quốc. Trong 02 năm học tập tại Trường Đại học Công nghiệp Hà Nội, sinh viên sẽ được học các môn kiến thức đại cương, cơ sở ngành, và bồi dưỡng năng lực tiếng Trung, từ đó, xây dựng tiền đề để các em học tốt các môn học chuyên ngành khi chuyển tiếp và hòa nhập với môi trường văn hóa Trung Quốc. Bên cạnh đó, Đại học Bách khoa Quế Lâm (Trung Quốc) và Đại học Kỹ thuật Quảng Tây (Trung Quốc) là hai cơ sở giáo dục đại học uy tín, trọng điểm của tỉnh Quảng Tây và nằm trong Top các trường đại học có chất lượng giảng dạy tốt nhất tại khu vực phía Nam, Trung Quốc, thu hút rất nhiều sinh viên quốc tế đến học tập nghiên cứu, trong đó có nhiều sinh viên đến từ Việt Nam và các nước Đông Nam Á. Tham gia chương trình học liên kết, các bạn sinh viên còn được thụ hưởng cơ sở vật chất, trang thiết bị hiện đại, đồng bộ đáp ứng nhu cầu học tập, nghiên cứu theo chuẩn quốc tế. GS.WANG Dunqiu – Hiệu trưởng Đại học Bách khoa Quế Lâm (Trung Quốc), TS.Kiều Xuân Thực - Hiệu trưởng Trường Đại học Công nghiệp Hà Nội thăm, giao lưu với các bạn sinh viên tham gia chương trình đào tạo liên kết 2+2 Nhiều chính sách hấp dẫn, hỗ trợ tốt nhất cho người học Chương trình đào tạo liên kết quốc tế 2+2 thực sự đem lại lợi ích cho người học. Sau khi hoàn thành chương trình học, sinh viên sẽ được cấp song bằng. Một bằng do Trường Đại học Công nghiệp\\n', 'content: biết: “Mẹ em đã rất băn khoăn khi biết em muốn đăng kí vào khối ngành Kinh tế của ĐHCNHN nên hôm nay hai mẹ con cùng tham dự chương trình. Sau khi được các thầy của Trường tư vấn và chia sẻ những lợi ích khi tham gia vào ngành học này, mẹ em đã hoàn toàn yên tâm “gửi gắm” con gái vào học tập tại Đại học Công nghiệp Hà Nội”. Phụ huynh Nguyễn Thị Thanh Thủy đưa con gái Trần Lan Phương (đến từ Hưng Yên) tìm hiểu thông tin tuyển sinh Đại học Công nghiệp Hà Nội năm 2020 Ngày hội Tư vấn tuyển sinh - hướng nghiệp năm 2020 góp phần giúp học sinh định hướng nghề nghiệp, chọn ngành, trường học phù hợp với năng lực và sở thích của mình; đồng thời giải đáp những thắc mắc về phương án thi THPT, xét tuyển ĐH, CĐ giúp học sinh vững tin bước vào kỳ thi tốt nghiệp THPT sắp tới. MỌI CHI TIẾT VỀ TUYỂN SINH LIÊN HỆ: - Văn phòng Tuyển sinh - Học vụ, Phòng 110, Tầng 1, Nhà A2, Cơ sở 1, Trường Đại học Công nghiệp Hà Nội. - Địa chỉ: Số 298, Đường Cầu Diễn, Q.Bắc Từ Liêm, TP. Hà Nội. - Điện thoại: 024.37650051 hoặc 024.37655121 (Máy lẻ 277/224). - Hotline: 08.3456.0255; Fanpage: facebook.com/tuyensinh.haui - Website: https://www.haui.edu.vn hoặc https://tuyensinh.haui.edu.vn Một số hình ảnh tại Ngày hội tuyển sinh - hướng nghiệp năm 2020: Chủ Nhật, 17:32 21/06/2020 Tags: Đại học Công nghiệp Hà Nội ĐHCNHN Ngày hội Tư vấn tuyển sinh - hướng nghiệp năm 2020 tuyển sinh hướng nghiệp đào tạo nguyện vọng\\nnext_contents:\\n- nghiệp Hà Nội tiếp tục tuyển sinh các trình độ, loại hình đào tạo: 03 ngành Tiến sĩ, 11 ngành Thạc sĩ, 38 ngành Đại học và nhiều loại hình đào tạo Ngắn hạn, Liên thông, Vừa làm vừa học (VLVH) và đào tạo Hợp tác quốc tế. Cán bộ Ban tuyển sinh Nhà trường đang tư vấn cho các bạn trẻ Chỉ tiêu dự kiến của ĐHCNHN trong kỳ tuyển sinh 2020 là 7.120 hệ đại học chính quy, 200 học viên cao học, 09 nghiên cứu sinh.... Nhà trường sử dụng phương thức tuyển sinh là xét tuyển dựa vào kết quả thi THPT với 09 tổ hợp các môn xét tuyển (đối với hệ đại học chính quy). Năm nay, nhà trường tuyển sinh 04 ngành mới là Công nghệ kỹ thuật khuôn mẫu, Ngôn ngữ Nhật, Tiếng Việt và Văn hóa Việt Nam và ngành Logistic & Quản lý chuỗi cung ứng; nâng tổng số các ngành đào tạo hệ đại học chính quy là 38 ngành. Đến với gian tư vấn, quý vị phụ huynh và học sinh còn có thể theo dõi thông tin về ngành đào tạo thông qua 38 video mà Nhà trường xây dựng giới thiệu 38 ngành đào tạo đại học Bạn Nguyễn Văn Thành - học sinh Trường THPT Vĩnh Bảo, Hải Phòng chia sẻ: “Tham gia Ngày hội tư vấn tuyển sinh, em được biết thêm nhiều về các ngành nghề và định hướng nghề nghiệp, đặc biệt tại khu vực tư vấn chuyên sâu của Đại học Công nghiệp Hà Nội, em đã nhận được sự tư vấn rất nhiệt tình của các thầy cô. Em dự định sẽ dự thi vào ngành Công nghệ Ô tô của Trường”. Nam sinh đến từ Trường THPT Tô Hiệu, Hà Nội theo dõi thông tin về ngành quản trị kinh doanh Cùng mẹ tham dự ngày hội, Trần Lan Phương - học sinh đến từ Hưng Yên hào hứng cho biết: “Mẹ em đã rất băn khoăn khi biết em muốn đăng kí vào khối ngành Kinh tế của ĐHCNHN nên hôm nay hai mẹ con cùng tham dự chương trình. Sau khi được các thầy của Trường tư vấn và chia sẻ những lợi ích khi tham gia vào ngành học này, mẹ em đã hoàn toàn yên tâm “gửi gắm” con gái vào học tập tại Đại học Công nghiệp Hà Nội”. Phụ huynh Nguyễn Thị Thanh Thủy đưa con gái Trần Lan Phương (đến từ Hưng Yên) tìm hiểu thông tin tuyển sinh Đại học Công nghiệp Hà Nội năm 2020 Ngày hội Tư vấn tuyển sinh\\n', 'content: dục và Đào tạo, năm 2024 là năm cuối cùng thi tốt nghiệp Trung học phổ thông và tuyển sinh đại học theo chương trình giáo dục phổ thông hiện hành. Kể từ năm 2025, các kỳ thi sẽ có những thay đổi đáng kể về nội dung và hình thức. Vì thế, việc chuẩn bị từ sớm cho các kỳ thi và lên chiến lược lựa chọn các ngành học, trường đại học đúng với sở thích, sở trường sẽ gia tăng cơ hội hoàn thành những mục tiêu trong năm nay cho các thí sinh theo học chương trình hiện nay. Hẹn gặp các bạn tại các chương trình tư vấn tuyển sinh trực tiếp và trực tuyến năm 2024 của Đại học Công nghiệp Hà Nội tại Nam Định, Hải Phòng, Hà Nội. Chúc các bạn tự tin và thành công! Chủ Nhật, 10:12 14/01/2024 Tags: Đại học Công nghiệp Hà Nội HaUI ĐHCNHN tuyển sinh tư vấn hướng nghiệp Nghệ An Thanh Hóa THPT\\nnext_contents:\\n- Rạng rỡ mùa tuyển sinh 2024 tại Nghệ An, Thanh Hóa Chủ Nhật, 10:12 14/01/2024 1762 Trong hai ngày 13 và 14/1/2024, Đại học Công nghiệp Hà Nội đã tham gia Chương trình tư vấn tuyển sinh - hướng nghiệp năm 2024 tại tỉnh Nghệ An và tỉnh Thanh Hóa. Chương trình tư vấn tuyển sinh - hướng nghiệp năm 2024 với nhiều thông tin mới, hướng dẫn cụ thể, sẽ giúp các bạn học sinh tỉnh Nghệ An và Thanh Hóa chuẩn bị tốt nhất cho kỳ tuyển sinh 2024. Hàng chục nghìn học sinh, phụ huynh và các thầy cô giáo rạng rỡ trong ngày hội tư vấn hướng nghiệp,.. Tất cả đều hứng khởi và tin tưởng vào kỳ tuyển sinh 2024 thành công. PGS.TS. Phạm Văn Bổng - Phó Hiệu trưởng tại Chương trình tư vấn tuyển sinh - hướng nghiệp năm 2024 TS. Thân Thanh Sơn - Trưởng phòng Đào tạo, trực tiếp giải đáp thắc mắc về các phương thức tuyển sinh năm 2024 của HaUI cho Thu Hòa và Đan Lê - học sinh lớp 12 Trường THPT Dân tộc Nội trú tỉnh Thanh Hóa. Đôi bạn Đinh Lâm và Thảo Lộc - học sinh lớp 12 Trường THPT Hà Huy Tập (Vinh, Nghệ An) tham khảo điểm trúng tuyển phương thức xét tuyển kết quả thi THPT các năm gần đây đối với ngành Kinh tế đầu tư Ngọc Bảo - học sinh lớp 11 Trường THPT Hermann Gmeiner (Vinh, Nghệ An) quan tâm đến điều kiện học tập ngành Khoa học máy tính tại HaUI Bội Trân - học sinh lớp 12 Trường THPT Huỳnh Thúc Kháng (Vinh, Nghệ An) hứng thú với ngành Ngôn ngữ học của HaUI. Đăng Huy - học sinh lớp 12 Trường THPT Chuyên - Trường Đại học Vinh (Nghệ An) cùng bố mẹ tìm hiểu ngành học Kế toán Theo công bố của Bộ Giáo dục và Đào tạo, năm 2024 là năm cuối cùng thi tốt nghiệp Trung học phổ thông và tuyển sinh đại học theo chương trình giáo dục phổ thông hiện hành. Kể từ năm 2025, các kỳ thi sẽ có những thay đổi đáng kể về nội dung và hình thức. Vì thế, việc chuẩn bị từ sớm cho các kỳ thi và lên chiến lược lựa chọn các ngành học, trường đại học đúng với sở thích, sở trường sẽ gia tăng cơ hội hoàn thành những mục tiêu trong năm nay cho các thí sinh theo học chương trình hiện nay. Hẹn gặp các bạn tại các chương\\n', 'content: nhập học ngành Marketing, ngành Quản trị kinh doanh, ngành Quản trị khách sạn có thể đăng ký theo chương trình liên kết đào tạo 2+2 giữa Đại học Công nghiệp Hà Nội với Đại học Bách khoa Quế Lâm - Trung Quốc, học 2 năm tại Đại học Công nghiệp Hà Nội và 2 năm tại Đại học Bách khoa Quế Lâm. Sinh viên hoàn thành chương trình đào tạo và đủ điều kiện tốt nghiệp được cấp 2 bằng của Đại học Công nghiệp Hà Nội và Đại học Bách khoa Quế Lâm. Học bổng: Năm 2025, Đại học Công nghiệp Hà Nội dự kiến cấp học bổng cho sinh viên đại học chính quy có kết quả xét tuyển đầu vào xuất sắc với số tiền khoảng 2 tỷ đồng; học bổng cho sinh viên có thành tích học tập xuất sắc với số tiền khoảng 10 tỷ đồng; ngoài ra còn có các loại học bổng doanh nghiệp với số tiền khoảng 30 tỷ đồng. * Tuyển sinh Đại học từ xa: Dự kiến tuyển 750 chỉ tiêu tuyển sinh đại học từ xa gồm các ngành: Ngôn ngữ Anh, Ngôn ngữ Trung Quốc, Ngôn Ngữ Hàn Quốc, Quản trị kinh doanh, Kế toán. Thông tin chi tiết sẽ được cập nhật trên Cổng thông tin tuyển sinh của Nhà trường trước ngày 15/3/2025. * Tuyển sinh Cao đẳng chính quy: Dự kiến tuyển sinh 900 chỉ tiêu vào các ngành Cao đẳng chính quy. Thông tin chi tiết sẽ được cập nhật trên Cổng thông tin tuyển sinh của Nhà trường trước ngày 15/3/2025. @ Thông tin liên hệ: Thí sinh có thể truy cập Website https://tuyensinh.haui.edu.vn Fanpage https://facebook.com/tuyensinh.haui xem hướng dẫn và được tư vấn trực tiếp về ngành nghề, về các phương thức xét tuyển để có những lựa chọn phù hợp nhất cho bản thân, đồng thời chuẩn bị sẵn sàng mọi điều kiện cho đăng ký xét tuyển. Văn phòng Tuyển sinh & Học vụ - Trường Đại học Công nghiệp Hà Nội Đại chỉ: Số 298, Đường Cầu Diễn, Quận Bắc Từ Liêm, Thành phố Hà Nội Điện thoại: 02437655121 ): 0383371290; 0834560255 Website: tuyensinh.haui.edu.vn Fanpage: facebook.com/tuyensinh.haui Thứ Ba, 15:26 17/12/2024 Tags: Đại học Công nghiệp Hà Nội HaUI tuyển sinh điểm mới tuyển sinh đại học chính quy\\nnext_contents:\\n- A01, D01, *D0C 54 7540204 Công nghệ dệt, may 180 55 7810101 Du lịch 140 PT1, PT2, PT3, PT4 D01, D14, D15 56 7810101TA Du lịch (CTĐT bằng tiếng Anh) 40 57 7810103 Quản trị dịch vụ du lịch và lữ hành 130 58 7810103TA Quản trị dịch vụ du lịch và lữ hành (CTĐT bằng tiếng Anh) 40 59 7810201 Quản trị khách sạn 130 60 7810201TA Quản trị khách sạn (CTĐT bằng tiếng Anh) 40 61 7810202 Quản trị nhà hàng và dịch vụ ăn uống 60 62 7810202TA Quản trị nhà hàng và dịch vụ ăn uống (CTĐT bằng tiếng Anh) 40 Tổng cộng 7. 99 0 Dự kiến tổ hợp mới: *A0C: Toán, Vật lý, Công nghệ. *A0T: Toán, Vật lý, Tin học. *B0C: Toán, Hóa học, Công nghệ. *D0C: Toán, Tiếng Anh, Công nghệ. *D0G: Toán, Tiếng Anh, Giáo dục kinh tế và pháp luật. Chương trình đào tạo liên thông Đại học chính quy : tuyển sinh đối với người tốt nghiệp Cao đẳng, đăng ký xét tuyển và hoàn thành các học phần còn lại của chương trình đào tạo trình độ Đại học trong khoảng từ 2 - 2,5 năm; Chỉ tiêu dự kiến 250, gồm các ngành/CTĐT: Công nghệ kỹ thuật cơ khí; Công nghệ kỹ thuật ô tô; Công nghệ kỹ thuật điện, điện tử; Công nghệ kỹ thuật điện tử - viễn thông; Công nghệ thông tin. Chương trình đào tạo cấp bằng Kỹ sư : tuyển sinh đối với người có bằng Cử nhân, đăng ký xét tuyển vào chương trình đào tạo Đại học chuyên sâu đặc thù trong khoảng 1 năm; Chỉ tiêu dự kiến 120, gồm các ngành/CTĐT: Công nghệ kỹ thuật cơ khí; Công nghệ kỹ thuật điện, điện tử; Công nghệ kỹ thuật điện tử - viễn thông. Chương trình đào tạo liên kết quốc tế: Sinh viên trúng tuyển nhập học ngành Marketing, ngành Quản trị kinh doanh, ngành Quản trị khách sạn có thể đăng ký theo chương trình liên kết đào tạo 2+2 giữa Đại học Công nghiệp Hà Nội với Đại học Bách khoa Quế Lâm - Trung Quốc, học 2 năm tại Đại học Công nghiệp Hà Nội và 2 năm tại Đại học Bách khoa Quế Lâm. Sinh viên hoàn thành chương trình đào tạo và đủ điều kiện tốt nghiệp được cấp 2 bằng của Đại học Công nghiệp Hà Nội và Đại học Bách khoa Quế Lâm. Học bổng: Năm 2025, Đại học Công nghiệp Hà Nội dự kiến cấp học\\n', 'content: Sinh viên khoa Công nghệ thông tin nhận học bổng Sun* Scholarship Vừa qua, tại trụ sở công ty Sun-Asterisk, hai sinh viên Khoa Công nghệ thông tin Trường Đại học Công nghiệp Hà Nội là Trần Thị Mai lớp KTPM2-K12 và Đoàn Mạnh Duy lớp HTTT1-K12 đã xuất sắc nhận được học bổng Sun* Scholarship 2019 trị giá 10 triệu tiền mặt. Trải qua 3 vòng thi gay cấn: sơ khảo, ý tưởng và thuyết trình hai sinh viên đã vượt qua rất nhiều sinh viên các trường ĐH khác. Ngoài giá trị về tiền mặt, sinh viên còn được một khóa đào tạo free tại công ty về lĩnh vực IT mà mình mong muốn, và cơ hội được thực tập sinh tại công ty. Chương trình học bổng Sun* Scholarship có ý nghĩa rất quan trọng trong việc hỗ trợ đào tạo nguồn nhân lực trình độ cao, chất lượng cao của Khoa Công nghệ thông tin Trường ĐH Công nghiệp Hà Nội. Chương trình không chỉ giúp cho sinh viên có điều kiện học tập tốt hơn mà còn mở ra nhiều cơ hội mới với việc tiếp cận công nghệ hiện đại, phương thức tổ chức và quản lý tiên tiến của một tập đoàn kinh doanh lớn, có uy tín như Sun-Asterisk. Thứ Sáu, 09:05 06/03/2020 Tags:\\nnext_contents:\\n']","['<1-hop>\\n\\nHướng dẫn nhập học Online BƯỚC 1: NHẬP HỌC TRỰC TUYẾN Thí sinh mở tài khoản ngân hàng BIDV(hướng dẫn tại đây) hoặc ví điện tử Viettel Money ( Đăng ký tại đây ) và nộp tiền vào tài khoản theo số tiền phải nộp trong Giấy báo nhập học (Nhà trường liên kết với BIDV và Viettel Money để thực hiện dịch vụ thu hộ học phí và trung gian thanh toán (miễn phí) ). Để có thể xác nhận nhập học trực tuyến thí sinh cần mở tài khoản BIDVhoặcViettel Money (Nhà trường khuyến khích thí sinh mở tài khoản của cả hai đơn vị cung cấp dịch vụ để đa dạng hóa phương thức và thuận tiện trong quá trình thực hiện thanh toán). Lưu ý: Sinh viên khi làm thủ tục nhập học và trong suốt quá trình học nên sử dụng duy nhất 01 số điện thoại cá nhân để thuận tiện cho việc làm thủ tục nhập học, thanh toán học phí hoặc nhận chi trả các khoản như: chế độ chính sách, học bổng, chi phí khác.... Anh/Chị có thể nhập học trực tuyến theo 03 cách sau: Cách 1: Tải và cài đặt ứng dụng “MyHaUI” trên Apple Store, CH Play Cách 2: Truy cập cổng thông tin nhập học trực tuyến https://nhaphoc.haui.edu.vn của Nhà trường Cách 3: Nộp tiền thông qua ứng dụng BIDV hoặc Viettel Money. Tải ứng dụng BIDV hoặc Viettel Money và làm theo hướng dẫn trên ứng dụng (Chi tiết tham khảo tại Website: https://nhaphoc.haui.edu.vn tại mục Mở tài khoản BIDV hoặc các điểm giao dịch của: BIDV– hotline: ; Viettel Money – hotline: 0965.778.999, 0979.928.068, 0987.538.788 * Cổng thanh toán: Hiện tại Nhà trường liên kết với BIDV và Viettel Money để thực hiện dịch vụ thu hộ học phí và trung gian thanh toán (miễn phí) . Để thực hiện nhập học trực tuyến sinh viên cần mở tài khoản BIDV hoặc Viettel Money (Nhà trường khuyến khích sinh viên mở tài khoản của cả hai đơn vị cung cấp dịch vụ để đa dạng hóa phương thức và thuận tiện trong quá trình thực hiện thanh toán). ** Anh/Chị có nguyện vọng ở Ký túc xá (KTX) tham khảo thông tin tại Website http://ssc.haui.edu.vn (Mọi thắc mắc liên quan đến nộp tiền nhập học, các khoản thu xin liên hệ số Hotline 0988.156.363, 0983.668.171 ) BƯỚC 2: KIỂM TRA VÀ CẬP NHẬP HỒ SƠ SINH VIÊN 1. Đăng nhập hệ thống: Truy cập ứng dụng MyHaUI hoặc cổng thông tin sinh viên theo địa chỉ: https://sv.haui.edu.vn và sử dụng tài khoản theo thông tin được cấp. 2. Kiểm tra và cập nhật thông tin sinh viên: Vào phần “Thông tin cá nhân” , mục “Cập nhật thông tin sinh viên” . Tại màn hình này, sinh viên thực hiện cập nhật đầy đủ, chính xác các thông tin: “Thông tin cá nhân” , “Thông tin gia đình” , “Thông tin liên hệ” * Một số chức năng cơ bản của Hệ thống đại học điện tử: - Nhận các thông báo từ Nhà trường liên quan đến các hoạt động: Học tập, khảo thí, chế độ chính sách, học bổng, khen thưởng, kế hoạch thực tập – việc làm… - Thực hiện các hoạt động: Cập nhật hồ sơ cá nhân, đăng ký các dịch vụ hành chính một cửa, nộp học phí, đăng ký học phần, đăng ký thực tập…. - Tham gia Cộng đồng HaUI: Trao đổi với Nhà trường, đội ngũ Cố vấn, sinh viên khác... * Lưu ý: Trường hợp cần cấp lại mật khẩu, tài khoản hệ thống đại học điện tử, sinh viên liên hệ Thầy Lê Thanh Đức (SĐT: 0968 981 994)', '<2-hop>\\n\\nBƯỚC 3.1: HỒ SƠ SINH VIÊN 1. Hồ sơ sinh viên gồm: - Giấy CN tốt nghiệp THPT/THBT đối với HS tốt nghiệp năm 2024 hoặc bản sao chứng thực Bằng tốt nghiệp đối với HS tốt nghiệp từ năm 2023 về trước; Bản sao chứng thực Học bạ; Bản sao chứng thực Giấy khai sinh, bản sao chứng thực CCCD. - Đối với nam sinh viên: Giấy giới thiệu di chuyển đăng ký nghĩa vụ quân sự. - Người nhập học là Đoàn viên: Chuyển sinh hoạt đoàn về Đoàn trường ĐH Công nghiệp Hà Nội. - Người nhập học là Đảng viên: Trong thời hạn tối đa 30 ngày, đảng viên nộp trực tiếp hồ sơ đảng viên về Đảng ủy Khối các trường Đại học, Cao đẳng Hà Nội - 219 Trần Phú, Hà Đông, Hà Nội (Thời gian làm việc là sáng thứ 3, 4, 5 hàng tuần). Sau khi đã hoàn thiện thủ tục tại Đảng ủy Khối, đảng viên chuyển hồ sơ đảng viên (đã niêm phong) về Văn phòng Đảng ủy trường Đại học Công nghiệp Hà Nội để làm thủ tục tiếp nhận sinh hoạt đảng. 2. Hồ sơ mở thẻ sinh viên tích hợp: Từ năm học 2024 – 2025, Nhà trường thực hiện mở thẻ sinh viên tích hợp với thẻ ATM của Ngân hàng TMCP Công thương Việt Nam (Vietinbank). Sinh viên nộp hồ sơ mở thẻ tích hợp cùng với hồ sơ sinh viên trong “Tuần sinh hoạt công dân – sinh viên” đầu khóa (kế hoạch cụ thể xem tại mục “ Thời khóa biểu/KH học tập đầu khóa ” trên ứng dụng MyHaUI hoặc Cổng thông tin sinh viên https://sv.haui.edu.vn ). Hồ sơ mở thẻ bao gồm: - 01 Giấy đề nghị kiêm hợp đồng mở, sử dụng tài khoản thanh toán & dịch vụ ngân hàng ( sinh viên tải, in giấy đề nghị và điền các thông tin theo mẫu gửi kèm ). - 01 bản sao chứng thực Căn cước công dân. - 01 bản in xác minh thông tin thuê bao số điện thoại chính chủ sinh viên sử dụng. (Soạn tin nhắn cú pháp “TTTB SốCCCD” gửi 1414, hệ thống trả lời tin nhắn xác nhận thông tin Họ và tên, số CCCD đăng kí sử dụng thuê bao phải trùng khớp Họ tên, số CCCD của sinh viên). Tải Giấy đề nghị, Mẫu điền Giấy đề nghị và Mẫu xác minh thông tin thuê bao tại đây: https://drive.google.com/drive/folders/1eSpKnhVsjfjvlxJkp7KCACVgHr8qntG- Trường hợp cần giải đáp thắc mắc về vấn đề hồ sơ mở thẻ tích hợp, sinh viên liên hệ Thầy Lê Thanh Đức (SĐT: 0968 981 994) 3. Hồ sơ miễn, giảm học phí (Nếu có) theo các đối tượng sau: TT Đối tượng miễn, giảm học phí Hồ sơ cần nộp 1 Người có công với cách mạng hoặc cha đẻ, mẹ đẻ, vợ, chồng, con đẻ, con nuôi người có công với cách mạng. - Giấy xác nhận thân nhân người có công (Mẫu số 45 Nghị định 131/2021/NĐ-CP) 2 Là người dân tộc thiểu số rất ít người gồm (La Hủ, La Ha, Pà Thẻn, Lự, Ngái, Chứt, Lô Lô, Mảng; Cống, Cờ Lao, Bố Y; Si La; Pu Péo; Rơ Măm; BRâu, Ơ Đu). - Giấy xác nhận vùng có điều kiện KTXH khó khăn hoặc đặc biệt khó khăn. - Giấy xác nhận thông tin cư trú (mẫu CT07) có xác nhận của Công An Phường/ Xã. 3 Là người dân tộc thiểu số (không phải là người dân tộc thiểu số rất ít người). - Giấy xác nhận vùng có điều kiện KTXH đặc biệt khó khăn HOẶC giấy chứng nhận hộ nghèo/cận nghèo năm 2024. - Giấy xác nhận thông tin về cư trú (mẫu CT07) có xác nhận của Công An Phường/ Xã. 4 Có cha/mẹ bị tai nạn lao động hoặc mắc bệnh nghề nghiệp. - Bản sao chứng thực Quyết định của cha/mẹ về việc hưởng chế độ tai nạn lao động hoặc mắc bệnh nghề nghiệp. 5 Là người tàn tật, khuyết tật. - Giấy xác nhận tàn tật, khuyết tật. 6 Mồ côi cả cha và mẹ. - Quyết định về việc trợ cấp xã hội của Chủ tịch UBND cấp huyện. * Lưu ý: Trường hợp cần giải đáp thắc mắc về vấn đề hồ sơ, sinh viên liên hệ Cô Nguyễn Thị Ngọc Anh (SĐT: 0387 828 968)']","### Hoạt động khóa và các hoạt động đoàn hội tại Trường Đại học Công nghiệp Hà Nội

1. **Hoạt động khóa**:
   - Trường Đại học Công nghiệp Hà Nội thường xuyên tổ chức các hoạt động ngoại khóa nhằm mở rộng kiến thức và rèn luyện kỹ năng cho sinh viên. 
   - Sinh viên được khuyến khích tham gia vào các hoạt động hợp tác doanh nghiệp, tham quan các doanh nghiệp, hội thảo, và các buổi chia sẻ kinh nghiệm từ các chuyên gia trong ngành.
   - Các hoạt động này giúp sinh viên hiểu rõ hơn về quy trình sản xuất thực tế và các xu hướng mới trong ngành công nghiệp.

2. **Hoạt động đoàn hội**:
   - Đoàn thanh niên và hội sinh viên tại trường tổ chức nhiều hoạt động như: hoạt động 5S, tiếp sức mùa thi, các hoạt động tình nguyện vì cộng đồng, và các cuộc thi sáng tạo.
   - Các hoạt động này không chỉ giúp sinh viên phát triển kỹ năng mềm mà còn tạo cơ hội giao lưu, kết nối giữa các sinh viên với nhau và với cộng đồng.

### Hỗ trợ của Thầy Lê Thanh Đức cho sinh viên trong quá trình nhập học và hoàn thiện hồ sơ

- Thầy Lê Thanh Đức có thể hỗ trợ sinh viên trong việc hướng dẫn hoàn thiện hồ sơ nhập học, cung cấp thông tin cần thiết về các thủ tục và yêu cầu của trường.
- Thầy cũng có thể giúp sinh viên giải đáp các thắc mắc liên quan đến chương trình đào tạo, các hoạt động ngoại khóa, và các cơ hội học tập và làm việc sau khi tốt nghiệp.

Nếu bạn cần thêm thông tin chi tiết về các hoạt động hoặc hỗ trợ khác, hãy cho tôi biết! 

[Ngành Công nghệ kỹ thuật khuôn mẫu: Tạo dựng tương lai từ sự sáng tạo] - [**Link tham khảo**](https://www.haui.edu.vn/vn/goc-nhin-haui/nganh-cong-nghe-ky-thuat-khuon-mau-tao-dung-tuong-lai-tu-su-sang-tao/65042).","Thầy Lê Thanh Đức có vai trò quan trọng trong việc hỗ trợ sinh viên trong quá trình nhập học và hoàn thiện hồ sơ tại Đại học Công nghiệp Hà Nội. Sinh viên có thể liên hệ với thầy qua số điện thoại 0968 981 994 để giải đáp thắc mắc về các thủ tục nhập học, hồ sơ sinh viên, cũng như hồ sơ mở thẻ sinh viên tích hợp. Thầy cũng có thể cung cấp thông tin về các yêu cầu cần thiết cho hồ sơ, như giấy tờ cần nộp và quy trình thực hiện.",0.8276307519394127,0.999999999975,0.125,0.3333333333333333,0.8608219623565674,10.736339330673218
"Kỳ thi ICPC Asia Hanoi 2024 có ý nghĩa gì đối với sinh viên Việt Nam trong bối cảnh công nghệ hiện nay, và làm thế nào chương trình Samsung Innovation Campus hỗ trợ sinh viên trong việc phát triển kỹ năng công nghệ?","['content: dụng kết hợp giữa 2 hình thức đào tạo trực tuyến (E-learning) và trực tiếp (offline) để mở rộng quy mô và tối ưu lịch trình học tập cho học viên. Sinh viên Khoa CNTT - Trường ĐH Công Nghiệp Hà Nội tại Lễ khởi động Dự kiến Samsung Innovation Campus 2024-2025 sẽ mang tới cơ hội học tập và phát triển năng lực công nghệ cho khoảng 6.600 học sinh và sinh viên tại Việt Nam. Cũng tại sự kiện, Samsung Việt Nam, Tổ chức Tuổi trẻ thành đạt Việt Nam và Công ty Letuin Việt Nam đã thực hiện Lễ ký kết biên bản ghi nhớ MOU, khẳng định cam kết đồng hành nhằm triển khai dự án Samsung Innovation Campus 2024-2025 tại Việt Nam. Thứ Hai, 14:07 25/11/2024 Tags:\\nnext_contents:\\n- Samsung khởi động Chương trình phát triển nhân tài công nghệ 2024-2025 Chiều 22/11, Tổ hợp Samsung Việt Nam chính thức khởi động Chương trình Phát triển nhân tài công nghệ – Samsung Innovation Campus 2024-2025 nhằm phát triển năng lực công nghệ cao cho thế hệ trẻ Việt Nam là những người sẽ dẫn dắt sự thành công của cuộc Cách mạng Công nghiệp 4.0 tại Việt Nam trong tương lai. Chương trình đào tạo được thiết kế trên nền tảng giáo dục kết hợp giữa kỹ năng công nghệ cốt lõi trong tương lai với các kỹ năng mềm và kỹ năng làm việc trong thực tiễn. Các nội dung đào tạo này được lựa chọn thông qua việc thực hiện khảo sát phân tầng theo các xu hướng phát triển trong các ngành công nghiệp ở từng khu vực khác nhau, kết hợp với nhu cầu tuyển dụng tại các công ty lớn. Lễ ký kết biên bản ghi nhớ MOU giữa các đơn vị triển khai dự án Samsung Innovation Campus 2024-2025 Học viên khi kết thúc khóa học và đạt kết quả theo yêu cầu của chương trình sẽ nhận được chứng nhận hoàn thành khóa học Samsung Innovation Campus, cũng như có cơ hội tham gia nhiều hoạt động có giá trị khác của dự án như Cuộc thi Sáng tạo khoa học công nghệ – Innovation Tech Challenge – cuộc thi nằm trong khuôn khổ của dự án nhằm tạo ra sân chơi giúp các học viên được áp dụng kiến thức, kỹ năng đã được học trong chương trình vào thực tế. Trong khuôn khổ dự án SIC 2024-2025, các nội dung đào tạo sẽ được phân bổ lại cấu trúc nhằm nâng cao chất lượng học tập và phù hợp hơn với tình hình thực tế triển khai. Đồng thời, tiếp tục áp dụng kết hợp giữa 2 hình thức đào tạo trực tuyến (E-learning) và trực tiếp (offline) để mở rộng quy mô và tối ưu lịch trình học tập cho học viên. Sinh viên Khoa CNTT - Trường ĐH Công Nghiệp Hà Nội tại Lễ khởi động Dự kiến Samsung Innovation Campus 2024-2025 sẽ mang tới cơ hội học tập và phát triển năng lực công nghệ cho khoảng 6.600 học sinh và sinh viên tại Việt Nam. Cũng tại sự kiện, Samsung Việt Nam, Tổ chức Tuổi trẻ thành đạt Việt Nam và Công ty Letuin Việt Nam đã thực hiện Lễ ký kết biên\\n', 'content: [vietnamplus] Truyền cảm hứng về hành trình khoa học cho hàng chục nghìn sinh viên Thứ Sáu, 17:46 15/11/2024 65 Trong tháng 12/2024 sẽ diễn ra các hoạt động kết nối khoa học công nghệ từ Tuần lễ Khoa học và Công nghệ VinFuture 2024 với điểm nhấn là “Chuỗi đối thoại khám phá tương lai VinFuture.” VinFuture 2023. (Nguồn: Báo chính phủ) Trong chuyến công tác tới Việt Nam dự Hội nghị khoa học quốc tế ""Điện tử lượng tử Tôpô tương tác trực diện"" diễn ra tại Trung tâm Quốc tế khoa học và giáo dục liên ngành (thành phố Quy Nhơn, tỉnh Bình Định), Giáo sư Duncan Haldane - người đoạt Giải Nobel Vật lý năm 2016, hiện đang giảng dạy tại Đại học Princeton (Hoa Kỳ) nói: “Động lực để giới trẻ học và tiếp thu được khoa học trong thời đại ngày nay không nhất thiết phải phụ thuộc vào sách vở hay chờ sự dìu dắt từ những nhà khoa học lớn. Việc giáo dục và truyền cảm hứng nghiên cứu khoa học cho học sinh, sinh viên phải được thực hiện càng sớm càng tốt, từ lúc họ còn ngồi trên ghế nhà trường. Trước tiên phải tạo sự thích thú, khi đã thích thú rồi thì các bạn trẻ sẽ tự phát triển kỹ năng tự tìm tòi, nghiên cứu. Có kỹ năng đó, họ tự đi theo con đường khoa học mong muốn.” Quan điểm của Giáo sư Duncan Haldane cũng nhận được sự đồng thuận của nhiều nhà khoa học Việt Nam và quốc tế. Trong tháng 12/2024 sẽ diễn ra các hoạt động kết nối khoa học công nghệ từ Tuần lễ Khoa học và Công nghệ VinFuture 2024 với điểm nhấn là “Chuỗi đối thoại khám phá tương lai VinFuture.” Tại sự kiện, các nhà khoa học là thành viên Hội đồng Giải thưởng và Hội đồng Sơ khảo VinFuture, chuyên gia hàng đầu thế giới ở những lĩnh vực công nghệ “nóng”, sẽ giao lưu, trao đổi tri thức, chia sẻ kinh nghiệm với các nhà khoa học, nhà nghiên cứu, truyền cảm hứng cho hàng chục nghìn sinh viên và nhà nghiên cứu trẻ trong nước. Trong năm 2024, 8 tổ chức gồm các viện nghiên cứu, trường đại học lớn nhất Việt Nam, doanh nghiệp sẽ thảo luận chuyên sâu với những nhà khoa học hàng đầu thế giới xoay quanh lĩnh vực trọng yếu như trí tuệ\\nnext_contents:\\n', 'content: động kết nối khoa học “Chuỗi Đối thoại khám phá tương lai” nằm trong Tuần lễ Khoa học Công nghệ VinFuture 2024 đang tạo ra làn sóng hứng khởi chưa từng có đối với giảng viên và sinh viên trường. “Việc mời được các giáo sư hàng đầu thế giới, trong đó có cả chuyên gia phát triển bộ chỉ số đổi mới sáng tạo quốc tế, đến chia sẻ về trí tuệ nhân tạo - lĩnh vực đang ""làm mưa làm gió"" toàn cầu - là điều không dễ dàng”, ông nhấn mạnh. Đại diện Trường đại học Giao thông vận tải cho biết thêm nhà trường mong đợi sẽ tận dụng tối đa cơ hội này để tìm hiểu cách ứng dụng AI trong giảng dạy và đào tạo, đồng thời nghiên cứu xây dựng bộ chỉ số đổi mới sáng tạo phù hợp với đặc thù của trường đại học Việt Nam. Cũng là một trong những đơn vị tham gia tổ chức sự kiện thuộc chuỗi đối thoại, Trường đại học Công nghiệp Hà Nội kỳ vọng, không chỉ cán bộ, giảng viên mà cả sinh viên sẽ được hưởng lợi từ chia sẻ của các nhà khoa học hàng đầu thế giới. Phó Giáo sư, Tiến sĩ Nguyễn Hồng Sơn, Trường đại học Công nghiệp Hà Nội cho biết, cùng Quỹ VinFuture, nhà trường đã lựa chọn chủ đề năng lượng và vật liệu tiên tiến, vừa hấp dẫn người tham dự vừa gắn với định hướng phát triển thiết thực. “Tôi hy vọng chủ đề này sẽ mang lại giá trị cao cho trường, cũng như các đơn vị chuyên môn”, ông chia sẻ, “Đây là nguồn tri thức mới, có ích đối với công tác đào tạo, nghiên cứu cũng như định hướng phát triển khoa học công nghệ trong tương lai”, Phó Giáo sư, Tiến sĩ Nguyễn Hồng Sơn nói. Các nhà khoa học trong nước và quốc tế đề cao vai trò của VinFuture đem đến cơ hội gia tăng trao đổi, kết nối tri thức toàn cầu. Trong khi đó, Phó Giáo sư, Tiến sĩ Phạm Thị Thanh Ngà, Viện Khoa học Khí tượng Thủy văn và Biến đổi khí hậu hào hứng với khả năng mở rộng cơ hội hợp tác đa phương thông qua sự kiện đối thoại trực tiếp này. Các nhà khoa học trong nước và quốc tế đề cao vai trò của VinFuture đem đến cơ hội gia tăng trao đổi, kết nối tri thức toàn cầu Theo Phó Giáo sư, Tiến sĩ Thanh Ngà, từ trước đến nay, các đơn vị trong\\nnext_contents:\\n- [nhandan] Chờ đón gì ở Tuần lễ Khoa học công nghệ VinFuture 2024? Thứ Tư, 18:53 13/11/2024 47 NDO - Các nhà khoa học trong nước kỳ vọng sự trở lại của Tuần lễ Khoa học công nghệ VinFuture 2024 với chuỗi hoạt động kết nối khoa học công nghệ, đặc biệt là “Chuỗi Đối thoại khám phá tương lai VinFuture”, hứa hẹn mang đến “cơ hội vàng” để tiếp cận tri thức toàn cầu và hợp tác phát triển. Các nhà khoa học VinFuture sẽ trở lại Hà Nội trong Tuần lễ Khoa học – Công nghệ tháng 12 này để cùng trao đổi, đối thoại với cộng đồng nghiên cứu Việt Nam. “Chuỗi Đối thoại khám phá tương lai VinFuture” lần đầu tiên được tổ chức vào năm 2023, nhằm mở ra cơ hội hợp tác và chuyển giao công nghệ tiềm năng trên thế giới cho Việt Nam. Tại sự kiện, các nhà khoa học là thành viên Hội đồng Giải thưởng và Hội đồng sơ khảo VinFuture, cùng những chuyên gia hàng đầu thế giới ở những lĩnh vực công nghệ “nóng”, sẽ cùng giao lưu, trao đổi tri thức, chia sẻ kinh nghiệm với các nhà khoa học, nhà nghiên cứu Việt Nam, đồng thời truyền cảm hứng về hành trình khoa học cho hàng chục nghìn sinh viên và nhà nghiên cứu trẻ trong nước. Trong năm 2024, 8 tổ chức gồm các viện nghiên cứu, trường đại học lớn nhất Việt Nam và các doanh nghiệp sẽ tham gia thảo luận chuyên sâu với những nhà khoa học hàng đầu thế giới xoay quanh lĩnh vực trọng yếu như trí tuệ nhân tạo (AI), y học, năng lượng, và môi trường... Cơ hội lĩnh hội tri thức tiên tiến toàn cầu Theo Phó Giáo sư, Tiến sĩ Ngô Văn Minh, Trường Đại học Giao thông vận tải, hoạt động kết nối khoa học “Chuỗi Đối thoại khám phá tương lai” nằm trong Tuần lễ Khoa học Công nghệ VinFuture 2024 đang tạo ra làn sóng hứng khởi chưa từng có đối với giảng viên và sinh viên trường. “Việc mời được các giáo sư hàng đầu thế giới, trong đó có cả chuyên gia phát triển bộ chỉ số đổi mới sáng tạo quốc tế, đến chia sẻ về trí tuệ nhân tạo - lĩnh vực đang ""làm mưa làm gió"" toàn cầu - là điều không dễ dàng”, ông nhấn mạnh. Đại diện Trường đại học Giao thông vận tải cho biết thêm nhà trường\\n', 'content: [giadinhvaphapluat] Giới khoa học Việt chờ đón Tuần lễ Khoa học Công nghệ VinFuture 2024 Thứ Sáu, 15:39 15/11/2024 64 Sau 3 mùa gây tiếng vang, các nhà khoa học trong nước kỳ vọng sự trở lại của Tuần lễ Khoa học Công nghệ VinFuture 2024 với chuỗi hoạt động kết nối khoa học công nghệ, đặc biệt là “Chuỗi Đối thoại Khám phá tương lai VinFuture”, hứa hẹn mang đến “cơ hội vàng” để tiếp cận tri thức toàn cầu và hợp tác phát triển. “Chuỗi Đối thoại Khám phá Tương lai VinFuture” lần đầu tiên được tổ chức vào năm 2023, nhằm mở ra cơ hội hợp tác và chuyển giao công nghệ tiềm năng trên thế giới cho Việt Nam. Tại sự kiện, các nhà khoa học là thành viên Hội đồng Giải thưởng và Hội đồng Sơ khảo VinFuture, cùng những chuyên gia hàng đầu thế giới ở những lĩnh vực công nghệ “nóng”, sẽ cùng giao lưu, trao đổi tri thức, chia sẻ kinh nghiệm với các nhà khoa học, nhà nghiên cứu Việt Nam, đồng thời truyền cảm hứng về hành trình khoa học cho hàng chục nghìn sinh viên và nhà nghiên cứu trẻ trong nước. Trong năm 2024, 8 tổ chức gồm các viện nghiên cứu, trường đại học lớn nhất Việt Nam và các doanh nghiệp sẽ tham gia thảo luận chuyên sâu với những nhà khoa học hàng đầu thế giới xoay quanh lĩnh vực trọng yếu như trí tuệ nhân tạo (AI), y học, năng lượng, và môi trường... Các nhà khoa học VinFuture sẽ trở lại Hà Nội trong Tuần lễ Khoa học – Công nghệ tháng 12 này để cùng trao đổi, đối thoại với cộng đồng nghiên cứu Việt Nam. Mong chờ cơ hội lĩnh hội tri thức mới “Cơ hội lớn” là cụm từ được các chuyên gia nhắc đến nhiều nhất khi nói về “Chuỗi Đối thoại Khám phá Tương lai” nằm trong Tuần lễ Khoa học Công nghệ VinFuture 2024. Theo PGS.TS Ngô Văn Minh, Trường Đại học Giao thông Vận tải, hoạt động kết nối khoa học quy mô này này đang tạo ra làn sóng hứng khởi chưa từng có đối với giảng viên và sinh viên trường. “Bởi việc mời được các giáo sư hàng đầu thế giới, trong đó có cả chuyên gia phát triển bộ chỉ số đổi mới sáng tạo quốc tế, đến chia sẻ về trí tuệ nhân tạo - lĩnh vực đang ‘làm mưa làm gió’\\nnext_contents:\\n', 'content: [doanhnghiepcuocsong] Giới khoa học Việt chờ đón Tuần lễ Khoa học Công nghệ VinFuture 2024 Thứ Hai, 13:21 18/11/2024 52 Sau 3 mùa gây tiếng vang, các nhà khoa học trong nước kỳ vọng sự trở lại của Tuần lễ Khoa học Công nghệ VinFuture 2024 với chuỗi hoạt động kết nối khoa học công nghệ, đặc biệt là “Chuỗi Đối thoại Khám phá tương lai VinFuture”, hứa hẹn mang đến “cơ hội vàng” để tiếp cận tri thức toàn cầu và hợp tác phát triển. “Chuỗi Đối thoại Khám phá Tương lai VinFuture” lần đầu tiên được tổ chức vào năm 2023, nhằm mở ra cơ hội hợp tác và chuyển giao công nghệ tiềm năng trên thế giới cho Việt Nam. Tại sự kiện, các nhà khoa học là thành viên Hội đồng Giải thưởng và Hội đồng Sơ khảo VinFuture, cùng những chuyên gia hàng đầu thế giới ở những lĩnh vực công nghệ “nóng”, sẽ cùng giao lưu, trao đổi tri thức, chia sẻ kinh nghiệm với các nhà khoa học, nhà nghiên cứu Việt Nam, đồng thời truyền cảm hứng về hành trình khoa học cho hàng chục nghìn sinh viên và nhà nghiên cứu trẻ trong nước. Trong năm 2024, 8 tổ chức gồm các viện nghiên cứu, trường đại học lớn nhất Việt Nam và các doanh nghiệp sẽ tham gia thảo luận chuyên sâu với những nhà khoa học hàng đầu thế giới xoay quanh lĩnh vực trọng yếu như trí tuệ nhân tạo (AI), y học, năng lượng, và môi trường... Các nhà khoa học VinFuture sẽ trở lại Hà Nội trong Tuần lễ Khoa học – Công nghệ tháng 12 này để cùng trao đổi, đối thoại với cộng đồng nghiên cứu Việt Nam Mong chờ cơ hội lĩnh hội tri thức mới “Cơ hội lớn” là cụm từ được các chuyên gia nhắc đến nhiều nhất khi nói về “Chuỗi Đối thoại Khám phá Tương lai” nằm trong Tuần lễ Khoa học Công nghệ VinFuture 2024. Theo PGS.TS Ngô Văn Minh, Trường Đại học Giao thông Vận tải, hoạt động kết nối khoa học quy mô này này đang tạo ra làn sóng hứng khởi chưa từng có đối với giảng viên và sinh viên trường. “Bởi việc mời được các giáo sư hàng đầu thế giới, trong đó có cả chuyên gia phát triển bộ chỉ số đổi mới sáng tạo quốc tế, đến chia sẻ về trí tuệ nhân tạo - lĩnh vực đang ‘làm mưa làm gió’\\nnext_contents:\\n']","['<1-hop>\\n\\nCông tác tổ chức Trường đăng cai - Trường Đại học Công nghiệp Hà Nội đã có sự chuẩn bị kỹ lưỡng và toàn diện cho kỳ thi ICPC Asia Hanoi 2024 thể hiện qua các hoạt động như: Đảm bảo các phương tiện vật chất và công tác thi trong phạm vi nhà trường; Hoàn tất chuẩn bị máy PC và phương tiện kỹ thuật đáp ứng đủ yêu cầu cho kỳ thi, các công tác giám khảo, giám thị và sinh viên tình nguyện phục vụ Olympic và ICPC; Tổ chức Thi các giải cá nhân tại các phòng máy trung tâm và khoa CNTT (443 máy tính thi OLP và 40 máy dành riêng cho khối thi THPT), chuẩn bị thi ICPC Asia Hanoi tại Khu thi đấu với 140 máy thi; Hỗ trợ thông tin về ăn, nghỉ, đi lại cho các Đoàn tham dự; Đón tiếp và hỗ trợ các đoàn Quốc tế tham dự tại các khách sạn BTC chỉ định. Cuộc thi Olympic Tin học Sinh viên Việt Nam, với sự kết nối với kỳ thi PROCON và ICPC toàn cầu, không chỉ khẳng định vị thế của Việt Nam về nguồn lực trẻ CNTT trong khu vực và thế giới, mà còn là minh chứng cho khả năng hội nhập mạnh mẽ của tuổi trẻ Việt Nam trong lĩnh vực công nghệ thông tin. Kỳ thi đã nhận được sự ủng hộ từ các Doanh nghiệp như Viettel, Pendle, FPT, Samsung, Phygital… và từ nhà tài trợ ICPC toàn cầu Huawei, Jet Brain. Thông qua sân chơi quốc tế này, sinh viên Việt Nam có cơ hội cọ xát, trau dồi các kỹ năng thiết yếu của một chuyên gia CNTT tương lai, bao gồm lập trình, thuật toán, hoàn thiện sản phẩm, làm việc nhóm và ngoại ngữ. Hơn thế nữa, với đẳng cấp của kỳ thi ICPC Châu Á và toàn cầu, Việt Nam đang từng bước sánh vai top 100 trường đại học hàng đầu thế giới về chất lượng đào tạo sinh viên CNTT, góp phần nâng cao thương hiệu giáo dục và khẳng định tiềm năng phát triển vượt bậc của ngành công nghệ Việt Nam. Ban Tổ chức OLP’24, PROCON & ICPC Asia Hanoi 2024 đã ban hành đầy đủ các quy chế, nội quy và thông báo, đăng ký công khai mọi thông tin trên website: www.olp.vn ; https://icpc.global và http://acm-icpc.olp.vn/. Để đảm bảo chất lượng và chuyên môn, Ban ra đề, HĐGK được thành lập với sự tham gia của các chuyên gia giàu kinh nghiệm phần lớn ở độ tuổi 25-35 từng là học sinh giỏi Quốc gia, Quốc tế; Trường Đại học Công nghệ - ĐHQG Hà Nội đồng tham gia tổ chức thi PROCON, CLB VFOSSA vớicác chuyên gia trong lĩnh vực Phần mềm nguồn mở. Chủ tịch HĐGK OLP năm nay là PGS.TS NGND Hồ Sĩ Đàm và Chủ tịch Hội đồng ICPC là PGS.TS Đỗ Phan Thuận. Kỳ thi được vận hành toàn bộ trên các hệ thống chấm – theo dõi trực tuyến chuẩn Quốc tế: các nội dung thi lập trình OLP và ICPC trên hệ thống VNOJ do CLB Olympic Việt Nam vận hành, hệ thống thi đối kháng theo chuẩn Procon Nhật Bản và nội dung OLP PMNM thi theo hình thức Hackathon. Tất cả kết quả các nội dung thi đều công khai, công bố trực tiếp theo thời gian thực, chỉ “đóng băng” một giờ trước khi kết thúc nhằm bảo mật kết quả đến khi công bố tại lễ Tổng kết – Trao giải vào chiều tối ngày 13/12/2024. Thứ Tư, 10:06 11/12/2024 Tags:', '<2-hop>\\n\\nChứng nhận Samsung Innovation Campus Không ngừng học hỏi, khám phá, sáng tạo và vượt qua giới hạn bản thân để chinh phục những đỉnh cao công nghệ là vô cùng quan trọng trong bối cảnh công nghệ đang phát triển thần tốc như hiện nay. Gần 150 sinh viên Khoa Công nghệ thông tin Trường Đại học Công Nghiệp Hà Nội đã xuất sắc đạt được chứng nhận Samsung Innovation Campus. Gần 150 SV các lớp SIC (Samsung Innovation Campus) được nhận chứng nhận Tinh thần này được lan tỏa tích cực tại Samsung Innovation Campus (SIC) thông qua cách chương trình thiết kế các khóa học kiến thức kết hợp kỹ năng ứng dụng công nghệ đa dạng, hấp dẫn và hiệu quả. Mang đến những thay đổi sâu sắc trên mọi lĩnh vực đời sống xã hội, cuộc cách mạng công nghiệp lần thứ 4 (CMCN 4.0) đang diễn ra với tốc độ chóng mặt trên toàn cầu. Trong đó, công nghệ đóng vai trò dẫn dắt, là động lực thúc đẩy sự phát triển của các ngành kinh tế, xã hội. Chưa bao giờ các công nghệ cốt lõi như AI (trí tuệ nhân tạo), IoT (vạn vật kết nối internet), dữ liệu lớn, đám mây, nền tảng di động… trở nên quan trọng như hiện nay. Cung cấp cho thế hệ trẻ một ""chương trình giảng dạy cốt lõi chung"", cho phép sinh viên có được các kiến thức cơ bản nhất của 5 công nghệ nền tảng cũng chính là mục tiêu Samsung hướng đến khi đầu tư và phát triển dự án Innovation Campus, với tư cách là doanh nghiệp công nghệ hàng đầu. Khởi động từ 2019, cho đến nay, Innovation Campus đã đào tạo những kiến thức công nghệ mới nhất cho hơn 6.000 học sinh, sinh viên trên khắp mọi miền đất nước, qua đó khẳng định vị thế hàng đầu của Samsung trong việc nỗ lực thúc đẩy phát triển nguồn nhân lực công nghệ chất lượng cao tại Việt Nam. TS. Phạm Văn Hà - Phó Trưởng khoa CNTT Đại học Công nghiệp trao chứng nhận cho những sinh viên xuất sắc tại Khóa học Với chương trình học được thiết kế dựa trên nền tảng các công nghệ lõi của tương lai, kết hợp kỹ năng thực hành ứng dụng, đồng thời sát với xu hướng và yêu cầu tuyển dụng từ các doanh nghiệp công nghệ đầu ngành, SIC mỗi niên khóa đều nhận được sự hưởng ứng tích cực của hàng ngàn học viên tham gia. Không chỉ hướng đến cung cấp kho kiến thức nền tảng về công nghệ mới nhất, SIC còn khuyến khích học viên ứng dụng kiến thức đã được trau dồi vào thực tiễn. Theo đó, không chỉ được tạo điều kiện thực hành ngay trong khóa học, học viên tốt nghiệp SIC còn có cơ hội áp dụng kiến thức và kỹ năng đã học để tham dự Cuộc thi Innovation Tech Challenge, thông qua việc tháo gỡ bài toán hóc búa được ban tổ chức đề ra bằng các ý tưởng, giải pháp sáng tạo, hay thêm cơ hội để được thực tập tại Samsung Việt Nam']","### Thông tin về hoạt động khóa và các hoạt động đoàn hội tại Khoa Công nghệ Thông tin

Khoa Công nghệ Thông tin tại Trường Đại học Công nghiệp Hà Nội thường xuyên tổ chức các hoạt động ngoại khóa nhằm mở rộng kiến thức và rèn luyện kỹ năng cho sinh viên. Các hoạt động này bao gồm:

- **Tham quan doanh nghiệp**: Sinh viên được tham gia các chuyến tham quan đến các doanh nghiệp trong ngành công nghệ thông tin để hiểu rõ hơn về quy trình sản xuất và các xu hướng mới trong ngành.
- **Hội thảo và diễn đàn**: Khoa tổ chức các hội thảo với sự tham gia của các chuyên gia trong ngành, giúp sinh viên cập nhật kiến thức và kinh nghiệm thực tiễn.
- **Dự án nghiên cứu**: Sinh viên có cơ hội tham gia vào các dự án nghiên cứu và hợp tác với doanh nghiệp, áp dụng kiến thức đã học vào thực tế.
- **Hoạt động tình nguyện và xã hội**: Khoa khuyến khích sinh viên tham gia các hoạt động tình nguyện, góp phần nâng cao ý thức cộng đồng và trách nhiệm xã hội.

### Ý nghĩa của Kỳ thi ICPC Asia Hanoi 2024 đối với sinh viên Việt Nam

Kỳ thi ICPC Asia Hanoi 2024 là một sự kiện quan trọng, mang lại nhiều ý nghĩa cho sinh viên Việt Nam trong bối cảnh công nghệ hiện nay:

- **Cơ hội giao lưu và học hỏi**: Sinh viên có cơ hội giao lưu, học hỏi từ các đội tuyển quốc tế, nâng cao kỹ năng lập trình và giải quyết vấn đề.
- **Khẳng định năng lực**: Tham gia kỳ thi giúp sinh viên khẳng định năng lực của bản thân, so sánh với các bạn bè trong nước và quốc tế.
- **Khuyến khích sáng tạo**: Kỳ thi thúc đẩy tinh thần sáng tạo và đổi mới trong học tập và nghiên cứu, từ đó phát triển tư duy phản biện và khả năng làm việc nhóm.
- **Định hướng nghề nghiệp**: Sự kiện này cũng giúp sinh viên định hướng nghề nghiệp trong lĩnh vực công nghệ thông tin, mở ra nhiều cơ hội việc làm trong tương lai.

### Chương trình Samsung Innovation Campus hỗ trợ sinh viên phát triển kỹ năng công nghệ

Chương trình Samsung Innovation Campus (SIC) 2024-2025 được thiết kế nhằm phát triển năng lực công nghệ cho sinh viên, bao gồm:

- **Đào tạo kỹ năng công nghệ cao**: Chương trình cung cấp các khóa học về công nghệ thông tin, lập trình, và các kỹ năng mềm cần thiết cho sinh viên.
- **Thực hành và trải nghiệm thực tế**: Sinh viên có cơ hội tham gia vào các dự án thực tế, giúp áp dụng kiến thức vào thực tiễn và nâng cao kỹ năng làm việc.
- **Cơ hội tham gia các cuộc thi**: Chương trình tổ chức các cuộc thi như Innovation Tech Challenge, tạo sân chơi cho sinh viên thể hiện khả năng sáng tạo và kỹ năng giải quyết vấn đề.
- **Hỗ trợ kết nối với doanh nghiệp**: SIC tạo điều kiện cho sinh viên kết nối với các doanh nghiệp lớn, mở ra cơ hội thực tập và việc làm sau khi tốt nghiệp.

Thông qua các hoạt động này, chương trình không chỉ giúp sinh viên nâng cao kỹ năng mà còn chuẩn bị cho họ những kiến thức cần thiết để thành công trong môi trường làm việc hiện đại.

### Tài liệu tham khảo
- [Ngành Công nghệ kỹ thuật khuôn mẫu: Tạo dựng tương lai từ sự sáng tạo](https://www.haui.edu.vn/vn/goc-nhin-haui/nganh-cong-nghe-ky-thuat-khuon-mau-tao-dung-tuong-lai-tu-su-sang-tao/65042) - **Link tham khảo**
- [Trường Đại học Công nghiệp Hà Nội vinh dự đăng cai tổ chức Kỳ thi Olympic Tin học Sinh viên Việt Nam lần thứ 33 (OLP'24) và Kỳ thi lập trình sinh viên quốc tế ICPC Asia 2024](https://fit.haui.edu.vn/vn/tin-tuc/samsung-khoi-dong-chuong-trinh-phat-trien-nhan-tai-cong-nghe-2024-2025/71163) - **Link tham khảo**
- [Samsung khởi động Chương trình phát triển nhân tài công nghệ 2024-2025](https://fit.haui.edu.vn/vn/tin-tuc/samsung-khoi-dong-chuong-trinh-phat-trien-nhan-tai-cong-nghe-2024-2025/71163) - **Link tham khảo**

Nếu bạn cần thêm thông tin hoặc có câu hỏi khác, hãy cho tôi biết!","Kỳ thi ICPC Asia Hanoi 2024 không chỉ khẳng định vị thế của Việt Nam về nguồn lực trẻ trong lĩnh vực công nghệ thông tin mà còn tạo cơ hội cho sinh viên Việt Nam cọ xát và trau dồi các kỹ năng thiết yếu như lập trình, thuật toán, và làm việc nhóm. Cuộc thi này giúp nâng cao thương hiệu giáo dục và khẳng định tiềm năng phát triển của ngành công nghệ Việt Nam. Đồng thời, chương trình Samsung Innovation Campus (SIC) cũng đóng vai trò quan trọng trong việc trang bị cho sinh viên những kiến thức công nghệ mới nhất và kỹ năng ứng dụng thực tiễn. SIC đã đào tạo hơn 6.000 học sinh, sinh viên trên toàn quốc, giúp họ phát triển các kỹ năng cần thiết để tham gia vào các cuộc thi như Innovation Tech Challenge, từ đó thúc đẩy sự phát triển nguồn nhân lực công nghệ chất lượng cao tại Việt Nam.",0.8328657746847287,0.99999999995,0.0,0.5,0.7782762050628662,20.266183853149414
TS. Đặng Trọng Hợp đã có những phát biểu gì trong sự kiện Chào tân sinh viên Khóa 19 và trong buổi sinh nhật 16 tuổi của Đội Thanh niên tình nguyện Khoa CNTT?,"['content: Chúc mừng sinh nhật Đội Olympic Tin học – Hành trình 20 năm những dấu ấn vàng son 20 năm không phải khoảng thời gian quá dài trong chặng đường phát triển nhưng đó là khoảng thời gian đủ để mỗi thành viên trong Đội Olympic Tin học sinh viên Khoa CNTT Trường ĐH Công Nghiệp Hà Nội tự hào về những gì mình đã làm được. Và cũng thật may mắn khi đội luôn nhận được định hướng, hỗ trợ, động viên và giúp đỡ nhiệt tình từ Ban chủ nhiệm Khoa, quý Thầy Cô là giảng viên cố vấn và đại gia đình Khoa CNTT-HaUI. Trải qua hai mươi năm, với mỗi thành viên, Đội Olympic đã là nhà, là một gia đình nhỏ. Đội Olympic Tin học Khoa CNTT HaUI - Hành trình 20 năm những dấu ấn vàng son Để nhìn lại chặng đường đã đi qua. Vừa qua ngày 30/11/2024 Đội Olympic đã tổ chức Lễ kỷ niệm 20 năm ngày thành lập. Trong buổi sinh nhật ấm áp và xúc động có sự tham gia của TS. Đặng Trọng Hợp – Trưởng Khoa Công nghệ thông tin cùng quý Thầy Cô là Cựu giảng viên trực tiếp dẫn dắt đội trong các Kỳ thi và thành viên, cựu thành viên đội. TS. Đặng Trọng Hợp – Trưởng Khoa chia sẻ niềm vui trước sự phát triển mạnh mẽ của Đội Olympic Phát biểu mở đầu chương trình, TS. Đặng Trọng Hợp – Trưởng Khoa chia sẻ niềm vui trước sự phát triển mạnh mẽ của Đội Olympic, đội đã tạo nên một môi trường sinh hoạt học thuật và phát triển kỹ năng giúp cho các bạn rèn luyện và ứng dụng các phương pháp học tập, các kỹ năng mềm thiết yếu không chỉ trên lý thuyết mà còn là thực tiễn để trở thành những cá nhân vượt trội. TS. Đặng Trọng Hợp chúc mừng sinh nhật tuổi thứ 20 Đội Olympic Tin học Là đội tuyển đại diện cho khoa CNTT Trường Đại học Công nghiệp Hà Nội ôn luyện và tham gia các kì thi Olympic quốc gia và quốc tế .Trải qua gần 20 năm không ngừng phấn đấu và nỗ lực, Đội Olympic Tin học Trường Đại học Công nghiệp Hà Nội tự hào là đơn vị đạt được nhiều thành tích cao trong các cuộc thi trong nước do Hội Tin học Việt Nam tổ chức cũng như các cuộc thi trong khu vực. Với sự hướng dẫn tận tình của các thầy cô cùng với tài năng, tinh thần đoàn kết,\\nnext_contents:\\n', 'content: Sôi động chương trình Chào tân sinh viên Khóa 19 Khoa Công nghệ thông tin Trong không khí của mùa tựu trường, ngày 13/10/2024, sự kiện Chào tân sinh viên Khóa 19 Khoa Công nghệ thông tin “Programing your future” đã chính thức diễn ra với dư âm và cảm xúc còn mãi trong trái tim tân sinh viên K19 tại Hà Nam. Sự kiện không chỉ là dịp để chào đón các tân sinh viên mà còn là cơ hội để các bạn khám phá một thế giới hoàn toàn mới với những trải nghiệm thú vị, mở ra một môi trường đại học năng động, đa màu sắc cho các bạn tân sinh viên. Những kỷ niệm đẹp tại đây sẽ mãi là hành trang quý giá trong suốt hành trình học tập, trải nghiệm – một thanh xuân rực rỡ mà chắc hẳn các bạn sinh viên ai cũng mong muốn được trải qua. Phát biểu khai mạc chương trình, TS. Đặng Trọng Hợp Trưởng khoa CNTT đã có bài phát biểu giới thiệu về Khoa Công nghệ thông tin Trường Đại học Công nghiệp Hà Nội và chia sẻ động viên tinh thần học tập, nghiên cứu khoa học, hoạt động ngoại khóa cho tân sinh viên. TS. Đặng Trọng Hợp – Trưởng Khoa CNTT phát biểu Trong kỳ tuyển sinh năm 2024 vừa qua, Khoa Công nghệ thông tin vui mừng chào đón hơn gần 1000 tân sinh viên ra nhập ngôi nhà chung Khoa CNTT Trường Đại học Công Nghiệp Hà Nội. Trong số đó, có 06 Thủ khoa, 06 Á khóa của các ngành với số điểm cao hơn so với các năm trước. Kết quả này cho thấy Khoa đã thu hút được số lượng lớn tân sinh viên ưu tú, có tư duy logic tốt, chất lượng đầu vào được đảm bảo. Chắc hẳn sau 04 năm học, Khoa Công nghệ thông tin sẽ đào tạo ra những cử nhân có chất lượng cao đáp ứng nguồn nhân lực cho các doanh nghiệp trong và ngoài nước. TS. Đặng Trọng Hợp – Trưởng khoa CNTT và Đại diện Công ty FPT Software trao tặng khen thưởng các tân thủ khoa 06 ngành đại học K19 TS. Phạm Văn Hà – Phó Trưởng khoa CNTT và Đại diện Công ty ITPlus trao tặng khen thưởng các tân Á khoa 06 ngành đại học K19 Đại diện Công ty FPT Software chia sẻ các kỹ năng và vị trí công việc ngành CNTT Đại diện Công ty IT Plus giới thiệu về công ty và các xu hướng, cơ hội\\nnext_contents:\\n', 'content: học K19 PGS.TS.Nguyễn Thị Hồng Nga – Hiệu trưởng Trường Kinh tế; TS. Vũ Đình Khoa – Phó Hiệu trưởng, TS. Trương Thanh Hằng – Phó Hiệu trưởng chúc mừng Thủ khoa đầu vào của Trường Kinh tế, HaUI TS. Trần Ngọc Đức - Phó Hiệu trưởng Trường Ngoại ngữ - Du lịch và đồng chí Trần Thị Hương Giang - Phó Bí thư Đoàn Thanh niên, Chủ tịch Hội Sinh viên Trường Đại học Công nghiệp Hà Nội trao giải cho các vận động viên, đại đội đạt giải Nhất hội thao chào tân sinh viên Lan tỏa giá trị từ những “người truyền lửa” Chuỗi hoạt động “Chào tân sinh viên” không chỉ là dịp để chào đón các tân sinh viên gia nhập ngôi nhà chung HaUI, mà còn là nơi thắp sáng “truyền lửa” từ những thế hệ đi trước; các bạn được trò chuyện, trao đổi và chia sẻ trực tiếp từ đại diện doanh nghiệp, những doanh nhân thành đạt, những người luôn đồng hành, sẵn sàng hỗ trợ các bạn trên những hành trình tích lũy tri thức. Cựu sinh viên Khoa Công nghệ May và TKTT chia sẻ, phát biểu tại chương trình Chào tân sinh viên của Khoa Diễn giả của Ngân hàng Quân đội MB Bank chia sẻ chuyên sâu về định hướng nghề nghiệp, về “Gen Z và hội nhập kinh tế số” với sinh viên Trường Kinh tế Talk show, tọa đàm của doanh nghiệp với sinh viên Khoa CNTT với chủ đề về AI và trí tuệ nhân tạo Công ty Brother chia sẻ thông điệp rất tâm huyết với tân sinh viên khoa Điện tử Ông Nguyễn Hữu Toàn, cựu sinh viên Khoa Điện trao quà tặng từ doanh nghiệp cho 5 thủ Khoa của Khoa Điện Chị Lê Thảo - Phó Phòng Tuyển dụng và thu hút nhân tài FPT Software Academy chia sẻ với sinh viên khoa Điện tử Chia sẻ của cựu sinh viên Khoa Điện đến các bạn tân sinh viên Cựu sinh viên Nguyễn Thị Mến chia sẻ tại Ngày hội Chào tân sinh viên Trường Kinh tế, HaUI Bùng cháy những hoạt động sắc màu “Chào tân sinh viên 2024” là một bữa tiệc âm nhạc sôi động với những ca khúc “hít” đình đám, những màn nhảy hiện đại, trẻ trung, sôi động, những màn trình diễn thời trang mang màu sắc riêng của Khoa CN May và TKTT; chương trình “Ngọn lửa xanh” của sinh viên trường Ngoại ngữ Du\\nnext_contents:\\n- Chào tân sinh viên HaUI 2024: Bùng nổ cảm xúc cùng khát vọng của tuổi trẻ Thứ Tư, 17:38 16/10/2024 2190 Trong suốt những ngày cuối tháng 9, đầu tháng 10, chuỗi sự kiện “Chào tân sinh viên HaUI 2024” được các Khoa, Trường thuộc Trường Đại học Công nghiệp Hà Nội tổ chức, mang đến nhiều màu sắc, thu hút sự tham gia của đông đảo sinh viên với những hoạt động hấp dẫn. Vinh danh thủ khoa đầu vào năm học 2024 Vinh danh tân sinh viên xuất sắc là một trong những điểm nhấn của chương trình. Các bạn sinh viên thủ khoa đầu vào của trường trong kỳ thi tuyển sinh năm 2024 được trao thưởng, chúc mừng; được khích lệ, truyền lửa để các bạn trẻ viết tiếp ước mơ tại Đại học Công nghiệp Hà Nội. Thủ khoa đầu vào mùa tuyển sinh năm 2024 của Khoa Công nghệ May và Thiết kế thời trang rạng rỡ trong ngày Chào tân sinh viên của khoa PGS.TS. Phạm Thị Mai Hương -Trưởng Khoa CN Hóa; PGS.TS. Nguyễn Thế Hữu, PGS.TS. Nguyễn Tuấn Anh – Phó trưởng khoa chúc mừng sinh viên thủ khoa mùa tuyển sinh 2024 của Khoa TS.Đặng Trọng Hợp – Trưởng khoa CNTT chúc mừng thủ khoa mùa tuyển sinh 2024 TS.Nguyễn Văn Thiện – Phó Hiệu trưởng nhà trường; PGS.TS. Trịnh Trọng Chưởng – Phụ trách Khoa Điện chúc mừng các bạn sinh viên của Khoa TS.Hoàng Mạnh Kha – Trưởng khoa Điện tử và TS.Bồ Quốc Bảo – Phó trưởng khoa chúc mừng các bạn tân sinh viên thủ khoa PGS.TS. Hoàng Tiến Dũng – Hiệu trưởng Trường Cơ khí – Ô tô và Ông Nguyễn Duy Nghĩa – Giám đốc Công ty cổ phần Trí Lực Việt Nam trao tặng khen thưởng các tân thủ khoa 09 ngành đại học K19 PGS.TS.Nguyễn Thị Hồng Nga – Hiệu trưởng Trường Kinh tế; TS. Vũ Đình Khoa – Phó Hiệu trưởng, TS. Trương Thanh Hằng – Phó Hiệu trưởng chúc mừng Thủ khoa đầu vào của Trường Kinh tế, HaUI TS. Trần Ngọc Đức - Phó Hiệu trưởng Trường Ngoại ngữ - Du lịch và đồng chí Trần Thị Hương Giang - Phó Bí thư Đoàn Thanh niên, Chủ tịch Hội Sinh viên Trường Đại học Công nghiệp Hà Nội trao giải cho các vận động viên, đại đội đạt giải Nhất hội thao chào tân sinh viên Lan tỏa giá trị từ những “người truyền\\n', 'content: nền tảng vững chắc cho sự nghiệp của mình trong tương lai. Sáng ngày 29/9, Khoa Ngoại ngữ cũng đã tổ chức chương trình “Chào mừng tân sinh viên” ngành Ngôn ngữ Anh, Ngôn ngữ Trung Quốc, Ngôn ngữ Hàn Quốc và Ngôn ngữ Nhật Bản. 485 sinh viên mới của khoa đã sẵn sàng cho một năm học mới với niềm tin vào tình hình dịch bệnh sớm qua để các em sớm được tựu trường. Khoa CNTT để lại nhiều ấn tượng với chương trình chào mừng hơn 900 tân sinh viên khóa 16 gia nhập ngôi nhà chung HaUI. Khoa vinh dự khi có 01 Thủ khoa và 04 Á khoa và các em cũng nhận được các phần thưởng hấp dẫn, ý nghĩa của doanh nghiệp tài trợ. Đại diện lãnh đạo, cán bộ giảng viên Khoa Công nghệ Ô tô tham dự chương trình trực tuyến, chào đón 525 tân sinh viên khóa mới gia nhập Khoa Công nghệ Ô tô. Khoa Cơ khí cũng đã tổ chức chương trình ""Gặp mặt sinh viên K16 đầu khóa"", chào đón gần 1000 tân sinh viên K16 bước chân vào ngôi nhà chung khoa Cơ khí - HaUI. Chào tân sinh viên Khoa Điện tử diễn ra ấm áp với sự có mặt của Lãnh đạo khoa và hơn 700 tân sinh viên khóa 16 Chào Tân sinh viên ấm áp Khoa Kế toán Kiểm toán Tuần sinh hoạt đầu khóa là cơ hội để tân sinh viên được tìm hiểu truyền thống lịch sử, hiểu hơn về ngành nghề mình đã chọn, nắm bắt thông tin về quy chế đào tạo, định hướng học tập, cơ hội nghề nghiệp trong tương lai,…Chương trình Chào tân sinh viên và Tuần sinh hoạt công dân của các khoa trong trường còn diễn ra đến hết ngày 17/10/2021. Hơn 7000 tân sinh viên khóa mới gia nhập ngôi nhà chung HaUI và sẽ bắt đầu một chặng đường học tập, nghiên cứu với sự đồng hành của Lãnh đạo, cán bộ, giảng viên nhà trường. Chúc tân sinh viên K16 một năm học mới thành công. Với tinh thần “vượt khó để đạt thành tích cao nhất”, với phương châm “không để sinh viên nào bị bỏ lại phía sau”; Đại học Công nghiệp Hà Nội quyết tâm biến khó khăn thành cơ hội, đổi mới sáng tạo, hoàn thành tốt nhiệm vụ năm học 2021-2022. Thứ Ba, 20:14 12/10/2021 Tags: Chào tân sinh viên Tuần sinh hoạt công dân đầu khóa Sinh viên K16 Đại học Công\\nnext_contents:\\n- Chương trình “Chào tân sinh viên” đặc biệt của Đại học Công nghiệp Hà Nội Thứ Ba, 20:14 12/10/2021 35325 Từ ngày 9/10 - 17/10, Đại học Công nghiệp Hà Nội tổ chức chương trình “Chào tân sinh viên” và tuần sinh hoạt công dân cho sinh viên đại học K16. Một chương trình Chào tân sinh viên đặc biệt bằng hình thức trực tuyến, nhưng vẫn được sinh viên chào đón với tâm thế hào hứng và sẵn sàng cho một năm học mới. Rời xa tuổi học trò, bước những bước chân đầu tiên tới giảng đường đại học, chắc hẳn các bạn tân sinh viên ít nhiều đều mang trong mình những cảm xúc mới mẻ. Nhưng cảm xúc năm nay đặc biệt hơn bởi giảng đường đại học chỉ là hình ảnh, qua video và qua giới thiệu của thầy cô. Nhưng tất cả vẫn háo hức, vẫn tràn ngập niềm tin dịch bệnh sẽ qua đi để các em sớm được tựu trường, sớm được gặp thầy, cô bạn bè. PGS.TS. Trần Đức Quý - Bí thư Đảng ủy, Hiệu trưởng Nhà trường phát biểu trong Thông điệp chào mừng năm học mới 2021 - 2022 Sáng ngày 9/10, Khoa Công nghệ May và Thiết kế thời trang đã tổ chức “Chào tân sinh viên” khóa mới và thực hiện trao 04 suất học bổng cho các thủ khoa. Tân sinh viên khóa mới háo hức khi tham dự chương trình “Chào tân sinh viên” do Khoa CN May và Thiết kế thời trang tổ chức Chào Tân sinh viên là món quà đặc biệt mà thầy và trò Khoa Du Lịch gửi tặng cho 511 tân sinh viên của Khoa. Chương trình đã thành công rực rỡ, mang lại cho những tân binh Khoa Du lịch một nguồn năng lượng khởi đầu mới để các em tiếp tục thành công trên con đường đi tìm tri thức mới, đặt nền tảng vững chắc cho sự nghiệp của mình trong tương lai. Sáng ngày 29/9, Khoa Ngoại ngữ cũng đã tổ chức chương trình “Chào mừng tân sinh viên” ngành Ngôn ngữ Anh, Ngôn ngữ Trung Quốc, Ngôn ngữ Hàn Quốc và Ngôn ngữ Nhật Bản. 485 sinh viên mới của khoa đã sẵn sàng cho một năm học mới với niềm tin vào tình hình dịch bệnh sớm qua để các em sớm được tựu trường. Khoa CNTT để lại nhiều ấn tượng với chương trình chào mừng hơn 900 tân sinh viên khóa 16 gia nhập ngôi nhà chung HaUI. Khoa vinh dự khi\\n', 'content: bạn để tuổi trẻ của các tân sinh viên được gửi gắm ở mái nhà Đại học Công nghiệp Hà Nội thêm phần ý nghĩa. PGS.TS.Lê Hồng Quân - Bí thư Đảng ủy, Chủ tịch Hội đồng trường, TS.Kiều Xuân Thực - Hiệu trưởng Nhà trường, TS.Nguyễn Văn Thiện - Phó Hiệu trưởng, PGS.TS.Phạm Văn Đông - Phó Hiệu trưởng tham quan gian hàng khoa Điện tử Ngày hội Chào tân sinh viên năm 2023 gói ghém yêu thương, chắt chiu những ngọt bùi qua những hoạt động ý nghĩa, thiết thực, những bữa tiệc âm nhạc sôi động, những câu lạc bộ đa sắc màu sẽ là mảnh ghép thanh xuân tuyệt với nhất của tân sinh viên K18. Xin chúc các tân sinh viên K18 bước vào năm học mới với nhiều điều hạnh phúc và thành công. Trường Đại học Công nghiệp Hà Nội sẽ luôn là mái nhà chung ấm áp, là nơi chắp cánh và cùng các em thực hiện những ước mơ, hoài bão tuổi trẻ! Một số hình ảnh tại Ngày hội Chào tân sinh viên năm 2023: Thứ Sáu, 11:30 08/09/2023 Tags: tân sinh viên ngày hội chào tân sinh viên k18\\nnext_contents:\\n- Ngày hội Chào tân sinh viên 2023: Rực rỡ sắc màu thanh xuân của tân sinh viên K18 Thứ Sáu, 11:30 08/09/2023 3340 Chuyến tàu chinh phục những chân trời tri thức của hơn 7.500 tân sinh viên đại học K18 và 1.000 tân sinh cao đẳng K25 đã chính thức cập bến ngôi nhà chung HaUI vào ngày 08 & 10/09 tại cơ sở Hà Nội và Hà Nam. Ngày 10/09, tại cơ sở Hà Nội, gần 2.000 tân sinh viên đại học K18 thuộc Trường Ngoại ngữ - Du lịch, Khoa Công nghệ Hóa và Khoa Công nghệ May & Thiết kế thời trang đã chính thức gia nhập ngôi nhà chung HaUI. Cùng ngắm nhìn những khoảnh khoắc ấn tượng tại Ngày hội chào tân sinh viên 2023. *Trước đó, ngày 08/09, tại cơ sở Hà Nam, chương trình Ngày hội Chào tân sinh viên – Welcome to HaUI, diễn ra sôi động với nhiều hoạt động ý nghĩa. Ngày hội Chào tân sinh viên 2023 - Mảnh ghép thanh xuân hoàn hảo của tân sinh viên K18 Vào những ngày đầu thu, Trường Đại học Công nghiệp Hà Nội như một bức tranh nên thơ, luôn đầy yêu thương và trìu mến. Vạn vật hòa quyện vào nhau tạo nên sắc, khí và dư vị thấm đẫm Thu. Bầu trời HaUI đẹp hơn bao giờ hết, vì nó chứa đựng những ước mơ, khát vọng trong ánh mắt trong veo, niềm vui hân hoan đến trường của hơn 7.500 tân sinh viên K18. Đó sẽ là mảnh ký ức rực rỡ như những đóa hoa trong nắng sớm. Các thầy, cô, phụ huynh và sinh viên tham dự chương trình Những cái nắm tay gần gũi và giọng nói ấm áp chan chứa tình thân chở che của thầy cô, những yêu thương trong đôi mắt trìu mến động viên của mẹ, nụ cười của cha chất chứa yêu thương gửi đến các bạn để tuổi trẻ của các tân sinh viên được gửi gắm ở mái nhà Đại học Công nghiệp Hà Nội thêm phần ý nghĩa. PGS.TS.Lê Hồng Quân - Bí thư Đảng ủy, Chủ tịch Hội đồng trường, TS.Kiều Xuân Thực - Hiệu trưởng Nhà trường, TS.Nguyễn Văn Thiện - Phó Hiệu trưởng, PGS.TS.Phạm Văn Đông - Phó Hiệu trưởng tham quan gian hàng khoa Điện tử Ngày hội Chào tân sinh viên năm 2023 gói ghém yêu thương, chắt chiu những ngọt bùi qua những hoạt động ý nghĩa, thiết thực, những bữa tiệc âm nhạc sôi động, những câu lạc\\n']","['<1-hop>\\n\\nHành trình 16 thanh xuân tuổi trẻ Đội Thanh niên tình nguyện Với tinh thần “Đâu cần thanh niên có, việc gì khó có thanh niên”, màu áo xanh tình nguyện đã trở thành hình ảnh quen thuộc thể hiện vai trò xung kích và cống hiến của tuổi trẻ Khoa Công nghệ thông tin Trường Đại học Công Nghiệp Hà Nội cho cộng đồng, xã hội. Từ những ngày đầu non trẻ, giờ đây – sau 16 năm, Đội Thanh niên tình nguyện Khoa CNTT - HaUI ngày càng lớn mạnh, kết nối hàng trăm gương mặt ưu tú, nhiệt huyết, năng động, là “cánh tay đắc lực” của Đoàn Thanh niên. Tối 30/11 vừa qua, tất cả nam thanh, nữ tú từng khoác lên mình màu áo xanh tình nguyện đã tụ hội, cùng nâng ly chúc mừng sinh nhật 16 tuổi của Đội Thanh niên tình nguyện. Đội Thanh niên tình nguyên thuộc Ban chấp hành Liên chi Đoàn Khoa CNTT, được ra đời cùng gần với quá trình xây dựng và phát triển Khoa CNTT HaUI. Có thể nói, Đội TNTN là một gia đình nhỏ trong gia đình lớn Khoa CNTT HaUI, là mái nhà chung của của các bạn sinh viên yêu thích các hoạt động tình nguyện, tham gia các hoạt động công ích cho xã hội. Tại đây, các bạn trẻ đã “kề vai sát cánh” trong nhiều hoạt động ý nghĩa của Nhà trường và xã hội như: Tết ấm yêu thương, tình nguyện vì cộng đồng, đại lễ Vu lan, Phát cháo từ thiên, Tri ân thầy cô 20/11, hỗ trợ nhập học, hỗ trợ chào tân SV, hỗ trợ Lễ tốt nghiệp trao bằng…Mỗi dịp sinh nhật, Đội TNTN lại cùng nhau ôn lại những kỷ niệm đã cùng nhau trải qua, những thành tích đã đạt được cũng như những điều cần rút kinh nghiệm. Các thế hệ TNTN Khoa CNTT HaUI tề tựu mừng sinh nhật 16 tuổi của Đội TNTN. Thay mặt Ban chủ nhiệm Khoa, TS. Đặng Trọng Hợp – Trưởng khoa CNTT HaUI gửi lời chúc mừng sinh nhật Đội “Tấm lòng sáng, tinh thần nhiệt huyết, sống vì cộng đồng của các em đã giúp Đội TNTN lớn mạnh như ngày hôm nay. Các em chính là một trong những lực lượng nòng cốt, luôn sát cánh cùng Khoa, Nhà trường trong mọi hoạt động. Chúc cho tất cả những sinh viên đã và đang khoác trên mình chiếc áo xanh tình nguyện Khoa CNTT HaUI luôn giữ được nhiệt huyết của tuổi trẻ; hoàn thành tốt nhiệm vụ học tập, làm việc; duy trì và lan tỏa các công việc từ thiện, vì cộng đồng”.. TS. Đặng Trọng Hợp chúc mừng sự lớn mạnh của Đội TNTN – “cánh tay đắc lực” của Đoàn Thanh niên. Đại diện Ban Chủ nhiệm Khoa CNTT tặng quà sinh nhật Đội TNTN. Đại diện Ban Chủ nhiệm Khoa, Đoàn Thanh niên và Đội TNTN cắt bánh sinh nhật. Nguyễn Hữu Nhật – Đội trưởng Đội TNTN thay mặt toàn Đội cam kết: “Đội TNTN Khoa CNTT hứa sẽ tiếp tục cống hiến hết mình cho Nhà trường và xã hội; luôn là những người trẻ FIT-HaUI không ngại khó, ngại khổ; sẵn sàng tham gia mọi hoạt động có ích cho xã hội, cho cộng đồng”. Những cái bắt tay, cái ôm ấm áp của các thành viên, cựu thành viên cho thấy: Đội TNTN Khoa CNTT HaUI luôn là một đại gia đình. Những trái tim nhiệt huyết cùng tinh thần đoàn kết của tuổi trẻ tình nguyện sẽ luôn sát cánh cùng thầy cô trong mọi hoạt động Nhà trường và xã hội. Dù ở đâu, làm gì, tuổi trẻ FIT-HaUI vẫn luôn là những người trẻ năng động nhiệt huyết và thành công! Thứ Sáu, 10:37 06/12/2024 Tags:', '<2-hop>\\n\\nSôi động chương trình Chào tân sinh viên Khóa 19 Khoa Công nghệ thông tin Trong không khí của mùa tựu trường, ngày 13/10/2024, sự kiện Chào tân sinh viên Khóa 19 Khoa Công nghệ thông tin “Programing your future” đã chính thức diễn ra với dư âm và cảm xúc còn mãi trong trái tim tân sinh viên K19 tại Hà Nam. Sự kiện không chỉ là dịp để chào đón các tân sinh viên mà còn là cơ hội để các bạn khám phá một thế giới hoàn toàn mới với những trải nghiệm thú vị, mở ra một môi trường đại học năng động, đa màu sắc cho các bạn tân sinh viên. Những kỷ niệm đẹp tại đây sẽ mãi là hành trang quý giá trong suốt hành trình học tập, trải nghiệm – một thanh xuân rực rỡ mà chắc hẳn các bạn sinh viên ai cũng mong muốn được trải qua. Phát biểu khai mạc chương trình, TS. Đặng Trọng Hợp Trưởng khoa CNTT đã có bài phát biểu giới thiệu về Khoa Công nghệ thông tin Trường Đại học Công nghiệp Hà Nội và chia sẻ động viên tinh thần học tập, nghiên cứu khoa học, hoạt động ngoại khóa cho tân sinh viên. TS. Đặng Trọng Hợp – Trưởng Khoa CNTT phát biểu Trong kỳ tuyển sinh năm 2024 vừa qua, Khoa Công nghệ thông tin vui mừng chào đón hơn gần 1000 tân sinh viên ra nhập ngôi nhà chung Khoa CNTT Trường Đại học Công Nghiệp Hà Nội. Trong số đó, có 06 Thủ khoa, 06 Á khóa của các ngành với số điểm cao hơn so với các năm trước. Kết quả này cho thấy Khoa đã thu hút được số lượng lớn tân sinh viên ưu tú, có tư duy logic tốt, chất lượng đầu vào được đảm bảo. Chắc hẳn sau 04 năm học, Khoa Công nghệ thông tin sẽ đào tạo ra những cử nhân có chất lượng cao đáp ứng nguồn nhân lực cho các doanh nghiệp trong và ngoài nước. TS. Đặng Trọng Hợp – Trưởng khoa CNTT và Đại diện Công ty FPT Software trao tặng khen thưởng các tân thủ khoa 06 ngành đại học K19 TS. Phạm Văn Hà – Phó Trưởng khoa CNTT và Đại diện Công ty ITPlus trao tặng khen thưởng các tân Á khoa 06 ngành đại học K19 Đại diện Công ty FPT Software chia sẻ các kỹ năng và vị trí công việc ngành CNTT Đại diện Công ty IT Plus giới thiệu về công ty và các xu hướng, cơ hội việc làm ngành CNTT Trong thế giới hiện đại đầy biến động, khi trí tuệ nhân tạo (AI) đang thay đổi sâu sắc mọi lĩnh vực, chúng ta không chỉ đang đứng trước ngã rẽ của khoa học và công nghệ, mà còn ở thời điểm vàng để suy ngẫm về trách nhiệm của mỗi cá nhân đối với tương lai. Nếu ví quá trình phát triển AI như một hành trình vươn tới tương lai số hóa, thì sinh viên Khoa công nghệ thông tin trường Đại học Công nghiệp Hà Nội chính là những người cầm ngọn đuốc, dẫn đường và khai mở những cơ hội mới mẻ cho xã hội.']","### Phát biểu của TS. Đặng Trọng Hợp trong các sự kiện

1. **Sự kiện Chào tân sinh viên Khóa 19**:
   - Trong sự kiện ""Chào tân sinh viên Khóa 19"" diễn ra vào ngày 13/10/2024, TS. Đặng Trọng Hợp, Trưởng khoa Công nghệ thông tin, đã phát biểu chúc mừng hơn 1000 tân sinh viên gia nhập khoa. Ông nhấn mạnh về tinh thần học tập, nghiên cứu khoa học và các hoạt động ngoại khóa cho sinh viên. Ông cũng chia sẻ về những cơ hội nghề nghiệp trong lĩnh vực công nghệ thông tin, khuyến khích sinh viên tham gia vào các hoạt động của khoa để phát triển bản thân.
   - Phát biểu của ông thể hiện sự tự hào về số lượng tân sinh viên và cam kết của khoa trong việc đào tạo nguồn nhân lực chất lượng cao cho ngành công nghệ thông tin. [Sôi động chương trình Chào tân sinh viên Khóa 19 Khoa Công nghệ thông tin] - [**Link tham khảo**](https://fit.haui.edu.vn/vn/tin-tuc/soi-dong-chuong-trinh-chao-tan-sinh-vien-khoa-19-khoa-cong-nghe-thong-tin/71100).

2. **Buổi sinh nhật 16 tuổi của Đội Thanh niên tình nguyện Khoa CNTT**:
   - Trong buổi lễ kỷ niệm 16 năm thành lập Đội Thanh niên tình nguyện Khoa CNTT, TS. Đặng Trọng Hợp đã gửi lời chúc mừng và ghi nhận những đóng góp của đội trong các hoạt động tình nguyện và công tác xã hội. Ông nhấn mạnh rằng tinh thần nhiệt huyết và sự cống hiến của các thành viên trong đội đã góp phần quan trọng vào sự phát triển của khoa và nhà trường.
   - Ông cũng khuyến khích các thành viên tiếp tục phát huy tinh thần tình nguyện, tham gia tích cực vào các hoạt động có ích cho cộng đồng và xã hội. [Chúc mừng Hành trình 16 thanh xuân tuổi trẻ Đội Thanh niên tình nguyện] - [**Link tham khảo**](https://fit.haui.edu.vn/vn/tin-tuc/chuc-mung-hanh-trinh-16-thanh-xuan-tuoi-tre-doi-thanh-nien-tinh-nguyen/71181).

Nếu bạn cần thêm thông tin về các hoạt động khác của khoa hoặc trường, hãy cho tôi biết!","Trong sự kiện Chào tân sinh viên Khóa 19, TS. Đặng Trọng Hợp, Trưởng khoa CNTT, đã có bài phát biểu giới thiệu về Khoa Công nghệ thông tin Trường Đại học Công nghiệp Hà Nội và động viên tinh thần học tập, nghiên cứu khoa học, hoạt động ngoại khóa cho tân sinh viên. Ông cũng nhấn mạnh sự thu hút của Khoa đối với tân sinh viên ưu tú trong kỳ tuyển sinh năm 2024. Trong buổi sinh nhật 16 tuổi của Đội Thanh niên tình nguyện, TS. Đặng Trọng Hợp đã gửi lời chúc mừng và ghi nhận những cống hiến của các thành viên Đội TNTN, khẳng định họ là lực lượng nòng cốt trong các hoạt động của Khoa và Nhà trường.",0.0,0.5833333333041666,0.6470588235294118,0.6666666666666666,0.8239927291870117,14.509371280670166
Nhà trường đã hướng dẫn sinh viên tham gia tuần sinh hoạt công dân và thực hiện kế hoạch học tập như thế nào trong năm học 2024-2025?,"['content: Tin: “Dự kiến nhà trường tuyển sinh 52 ngành/chương trình đào tạo đại học chính quy, trong đó tuyển sinh 1 ngành mới là An toàn thông tin và 1 chương trình liên kết đào tạo Ngôn ngữ Trung Quốc với tổng chỉ tiêu 7.650”. TS.Thân Thanh Sơn - Trưởng Phòng Đào tạo Trường Đại học Công nghiệp Hà Nội. Cùng với đó năm nay, các phương thức tuyển sinh vẫn được giữ ổn định như năm 2023 với 6 phương thức và có thay đổi nhỏ về tỉ lệ chỉ tiêu cho từng phương thức. Dự kiến vào giữa tháng 3/2024 nhà trường sẽ công bố đề án tuyển sinh năm 2024. Với việc xét tuyển thẳng theo quy chế tuyển sinh của Bộ GD&ĐT sẽ không hạn chế chỉ tiêu; Xét tuyển thí sinh đoạt giải học sinh giỏi cấp tỉnh/thành phố, thí sinh có chứng chỉ quốc tế: 8% tổng chỉ tiêu. Xét tuyển dựa trên kết quả thi tốt nghiệp THPT năm 2024: 65% tổng chỉ tiêu; Xét tuyển dựa vào kết quả học tập THPT: 15% tổng chỉ tiêu; Phương thức 5: Xét tuyển dựa vào kết quả thi đánh giá năng lực của Đại học Quốc gia Hà Nội năm 2024: 6% tổng chỉ tiêu; Xét tuyển dựa vào kết quả thi đánh giá tư duy của Đại học Bách khoa Hà Nội năm 2024: 6% tổng chỉ tiêu. Hiện tại Trường Đại học Công nghiệp Hà Nội đang tuyển sinh 11 lĩnh vực ngành nghề: Kỹ thuật, Công nghệ kỹ thuật, Máy tính và công nghệ thông tin, Sản xuất và chế biến, Sức khỏe, Kinh doanh và quản lý, Nhân văn, Khoa học xã hội và hành vi, Báo chí và thông tin: Nghệ thuật, Du lịch, khách sạn. Ngành kỹ thuật đang cần lượng lớn nguồn nhân lực chất lượng cao. Thông tin về những ngành/nhóm ngành của nhà trường nhận được sự thu hút quan tâm của các em thí sinh, ông Sơn cho biết: “Qua theo dõi tuyển sinh các năm gần đây nhận thấy các ngành, nhóm ngành liên quan tới Kỹ thuật, Công nghệ kỹ thuật, Máy tính và công nghệ thông tin, Kinh doanh và quản lý và các ngành liên quan tới Ngoại ngữ luôn nhận được sự quan tâm hơn của các thí sinh”. Những ngành, nhóm ngành về công nghệ dệt, may, hóa học mặc dù nhu cầu nhân lực cho các ngành, nhóm ngành này với các vị trí việc làm và thu nhập tương đối hấp dẫn tuy\\nnext_contents:\\n- [nguoiduatin] Theo học nhóm ngành kỹ thuật, sinh viên cần có những tố chất gì? Chủ Nhật, 12:38 03/03/2024 295 Nhu cầu việc làm lớn, các ngành liên quan đến kỹ thuật, điện tử hiện nay vẫn được sự quan tâm của đông đảo thí sinh, tuy nhiên các em cần cân nhắc kỹ khi lựa chọn. Khối ngành kỹ thuật vẫn ghi nhận được nhiều thí sinh quan tâm, năm nay nhiều ngành đại học cũng có xu hướng mở ngành mới liên quan đến kỹ thuật công nghệ, đào tạo kỹ sư. Tuy nhiên, không dễ gì để lựa chọn được những ngành phù hợp với năng lực trước rất nhiều lựa chọn như hiện nay, đưa ra lời khuyên cho thí sinh, TS.Thân Thanh Sơn - Trưởng Phòng Đào tạo Trường Đại học Công nghiệp Hà Nội cho biết, khi thí sinh chọn ngành cần tìm hiểu ngành nghề đó đào tạo thế nào, ra trường làm gì có đúng sở thích và phù hợp với năng lực của mình không, nhu cầu nguồn lực xã hội của ngành đó, điều kiện gia đình có phù hợp để theo học hay không. ""Thí sinh không cần thiết chạy theo xu hướng ngành ”hot” ở hiện tại mà hãy phân tích các yếu tố trên để chọn đúng ngành và để mình ”hot” trong ngành”, ông Sơn nói. Ông Sơn cũng thông tin thêm riêng đối với khối ngành kỹ thuật của Trường Đại học Công nghiệp Hà Nội không đòi hỏi thí sinh có tố chất đặc biệt gì, tuy nhiên các bạn thí sinh có khả năng về các môn tự nhiên, thích tìm hiểu, mày mò, sáng tạo và có khả năng về ngoại ngữ và máy tính là các lợi thế khi các em tham gia học các ngành liên quan đến kỹ thuật. Về hoạt động tuyển sinh năm 2024, TS.Thân Thanh Sơn chia sẻ với Người Đưa Tin: “Dự kiến nhà trường tuyển sinh 52 ngành/chương trình đào tạo đại học chính quy, trong đó tuyển sinh 1 ngành mới là An toàn thông tin và 1 chương trình liên kết đào tạo Ngôn ngữ Trung Quốc với tổng chỉ tiêu 7.650”. TS.Thân Thanh Sơn - Trưởng Phòng Đào tạo Trường Đại học Công nghiệp Hà Nội. Cùng với đó năm nay, các phương thức tuyển sinh vẫn được giữ ổn định như năm 2023 với 6 phương thức và có thay đổi nhỏ về tỉ lệ chỉ tiêu cho từng phương thức. Dự kiến vào giữa tháng 3/2024 nhà trường sẽ\\n', 'content: Thông báo thành lập các lớp học phần trong học kỳ phụ 2 năm học 2023 – 2024 Căn cứ tiến độ, kế hoạch đào tạo năm học 2023-2024; Căn cứ kết quả đăng ký học tập học kỳ phụ 2 năm học 2023-2024 của sinh viên; Hiệu trưởng Nhà trường thông báo thành lập các lớp học phần cho sinh viên Đại học các khóa và phân công các đơn vị, cá nhân liên quan thực hiện một số công việc, cụ thể tại file đính kèm . thong-bao-thanh-lap-lop-hkp2-2023-2024-dai-hoc-05072024 Danh sách lớp được thành lập Thứ Hai, 13:58 22/07/2024 Tags:\\nnext_contents:\\n', 'content: công bố phương án tuyển sinh đại học chính quy năm 2025 với các tổ hợp mới. Đáng chú ý, tổ hợp Toán, Tiếng Anh, Tin học đã xuất hiện trong danh mục xét tuyển. Cụ thể, nhà trường công bố 4 tổ hợp môn xét tuyển, trong đó, có 1 tổ hợp có sự xuất hiện của môn Tin học là: Toán - Tiếng Anh - Tin học. Phương án tuyển sinh năm 2025 được nhà trường xây dựng nhằm chọn lọc những thí sinh giỏi, đảm bảo chất lượng đầu vào phù hợp với yêu cầu đào tạo của trường và đáp ứng nhu cầu khắt khe của thị trường lao động. Nhà trường sẽ công bố đề án tuyển sinh năm 2025 chi tiết trước tháng 2/2025. Trường hợp Bộ Giáo dục và Đào tạo ban hành quy chế tuyển sinh mới, trường sẽ cập nhật điều chỉnh lại phương án tuyển sinh đúng theo các quy định. Theo đề án tuyển sinh năm 2024, mức học phí của Trường Đại học Kinh tế - Luật (Đại học Quốc gia Thành phố Hồ Chí Minh) trong năm học 2024-2025 được xác định là 11,8 triệu đồng/học kỳ (tương đương 23,6 triệu đồng/năm học). Mức học phí dự kiến tăng không quá 10% mỗi năm tiếp theo. Trường Đại học Nha Trang Theo danh mục ngành và phương thức xét tuyển năm 2025, Trường Đại học Nha Trang dự kiến bổ sung tổ hợp xét tuyển gồm môn Toán, Ngữ văn, Tin học (trong đó môn Toán được nhân hệ số 2) đối với các ngành như: Công nghệ thông tin, Hệ thống thông tin quản lý, Quản trị kinh doanh, Marketing, Kinh doanh thương mại, Tài chính - Ngân hàng, Khoa học máy tính, Kế toán, Kiểm toán. Đặc biệt, đối với mỗi ngành và chuyên ngành đào tạo của trường, sẽ dự kiến sơ tuyển một số môn học ở trung học phổ thông theo quy định của trường. Kết quả học các môn này cần đạt yêu cầu tối thiểu do trường công bố hằng năm. Cụ thể: Nếu thí sinh không học các môn cần thiết ở bậc trung học phổ thông đối với ngành xét tuyển, Trường Đại học Nha Trang sẽ căn cứ vào kết quả học tập tại cấp trung học phổ thông và tiến hành đánh giá năng lực của thí sinh ở các môn học khác có thể thay thế. Ngoài ra, trường sẽ cung cấp các khóa bổ trợ kiến thức trong học kỳ đầu tiên của khóa học để bù đắp những\\nnext_contents:\\n- nghệ giúp học sinh hình thành các năng lực như: nhận thức, giao tiếp, ứng dụng, đánh giá công nghệ, thiết kế kỹ thuật,… Như vậy, môn Tin học và Công nghệ cùng với các môn Toán, Vật lý, Hoá học, Sinh học,… đóng vai trò quan trọng trong việc thúc đẩy giáo dục STEM, việc đưa các môn này vào tổ hợp xét tuyển là phù hợp với yêu cầu của một số lĩnh vực đào tạo chính của nhà trường như Công nghệ, Kỹ thuật, Máy tính và Công nghệ thông tin"", thầy Sơn cho hay. Trường Đại học Công thương Thành phố Hồ Chí Minh Dựa trên dữ liệu xét tuyển năm 2025, Trường Đại học Công thương Thành phố Hồ Chí Minh cung cấp đa dạng các tổ hợp môn để đáp ứng nhu cầu của thí sinh. Một số môn học chính thường xuyên xuất hiện trong các tổ hợp xét tuyển như môn Toán; được xem là môn học chính trong các ngành như Công nghệ thông tin, Kế toán, Tài chính ngân hàng và các ngành kỹ thuật. Trong mùa tuyển sinh năm 2025, Trường Đại học Công thương Thành phố Hồ Chí Minh lần đầu tiên đưa tổ hợp Toán học, Tiếng Anh, Tin học vào xét tuyển. Tổ hợp này dự kiến được áp dụng cho các ngành như Công nghệ thông tin, An toàn thông tin và Khoa học dữ liệu. Theo đề án tuyển sinh năm 2024, học phí hệ đại học chính quy năm học 2024-2025 được xác định là 836.000 đồng/tín chỉ lý thuyết và 1.100.000 đồng/tín chỉ thực hành. Lộ trình học phí hằng năm của trường tuân theo quy định của Chính phủ. Trường Đại học Kinh tế - Luật (Đại học Quốc gia Thành phố Hồ Chí Minh) Trường Đại học Kinh tế - Luật (Đại học Quốc gia Thành phố Hồ Chí Minh) cũng công bố phương án tuyển sinh đại học chính quy năm 2025 với các tổ hợp mới. Đáng chú ý, tổ hợp Toán, Tiếng Anh, Tin học đã xuất hiện trong danh mục xét tuyển. Cụ thể, nhà trường công bố 4 tổ hợp môn xét tuyển, trong đó, có 1 tổ hợp có sự xuất hiện của môn Tin học là: Toán - Tiếng Anh - Tin học. Phương án tuyển sinh năm 2025 được nhà trường xây dựng nhằm chọn lọc những thí sinh giỏi, đảm bảo chất lượng đầu vào phù hợp với yêu cầu đào tạo của trường và đáp ứng nhu cầu khắt khe của thị trường lao\\n', 'content: từ năm 2023 thu hút sự quan tâm của đông đảo thí sinh thì năm nay đã được tăng chỉ tiêu tuyển sinh. Số chỉ tiêu được tăng thêm cũng góp phần đáp ứng nhu cầu của người học ở một số ngành mới như: Sản xuất thông minh, Năng lượng tái tạo, Điện tử y sinh và An toàn thông tin. Trong đó, An toàn thông tin là ngành học phù hợp với xu hướng chuyển đổi số quốc gia. Học phí bình quân các ngành/chương trình đào tạo tuyển sinh trong năm học 2024-2025 là 24,6 triệu đồng/năm học. Học phí thực tế trong từng học kỳ phụ thuộc số tín chỉ sinh viên đăng ký học trong học kỳ, đơn giá học phí năm học 2024-2025 là 500.000 đồng/tín chỉ. Học phí các năm học tiếp theo tăng bình quân không quá 10%/năm học. Nguồn: Báo Giáo dục & Thời đại Thứ Sáu, 09:56 19/07/2024 Tags:\\nnext_contents:\\n- thuật cơ khí động lực A00, A01 ≥19.00 45 7540101 Công nghệ thực phẩm A00, B00, D07 ≥18.00 46 7540203 Công nghệ vật liệu dệt, may A00, A01, D01 ≥18.00 47 7540204 Công nghệ dệt, may A00, A01, D01 ≥18.00 48 7720203 Hóa dược A00, B00, D07 ≥19.00 49 7810101 Du lịch D01, D14, D15 ≥19.00 50 7810103 Quản trị dịch vụ du lịch và lữ hành A01, D01, D14 ≥19.00 51 7810201 Quản trị khách sạn A01, D01, D14 ≥19.00 52 7810202 Quản trị nhà hàng và dịch vụ ăn uống A01, D01, D14 ≥18.00 Thí sinh có điểm đủ mức điểm điều kiện đăng ký xét tuyển, đăng ký nguyện vọng xét tuyển trên hệ thống tuyển sinh của Bộ GD&ĐT từ ngày 18/7 đến 17h ngày 30/7. Địa chỉ đăng ký: https://thisinh.thithptquocgia.edu.vn. TS Thân Thanh Sơn - Trưởng Phòng Đào tạo, Trường ĐH Công nghiệp Hà Nội cho biết, năm nay nhà trường tuyển sinh 7.650 chỉ tiêu, tăng 150 em so với năm ngoái. TS Thân Thanh Sơn - Trưởng Phòng Đào tạo, Trường ĐH Công nghiệp Hà Nội tư vấn cho thí sinh lớp 12 năm 2024. Ảnh: Đình Tuệ. Trường áp dụng 6 phương thức xét tuyển gồm: Xét tuyển thẳng, xét thí sinh đoạt giải học sinh giỏi cấp tỉnh/thành phố, thí sinh có chứng chỉ quốc tế (8% tổng chỉ tiêu); xét kết quả thi tốt nghiệp THPT 2024 (khoảng 65%); xét học bạ THPT (dự kiến 15%); xét kết quả thi đánh giá năng lực 2024 của ĐHQG Hà Nội (6%); xét kết quả thi đánh giá tư duy 2024 của ĐH Bách khoa Hà Nội (6%). Thầy Sơn nhấn mạnh, công tác tuyển sinh của trường năm 2024 cơ bản giữ ổn định như năm ngoái để tạo thuận lợi nhất cho thí sinh. Với một số ngành được mở mới từ năm 2023 thu hút sự quan tâm của đông đảo thí sinh thì năm nay đã được tăng chỉ tiêu tuyển sinh. Số chỉ tiêu được tăng thêm cũng góp phần đáp ứng nhu cầu của người học ở một số ngành mới như: Sản xuất thông minh, Năng lượng tái tạo, Điện tử y sinh và An toàn thông tin. Trong đó, An toàn thông tin là ngành học phù hợp với xu hướng chuyển đổi số quốc gia. Học phí bình quân các ngành/chương trình đào tạo tuyển sinh trong năm học 2024-2025 là 24,6 triệu đồng/năm học. Học phí thực tế trong từng\\n', 'content: Sinh viên Đại học K13 và Cao đẳng K20 học tập tuần sinh hoạt công dân, năm học 2018 – 2019 Sau khi hoàn tất thủ tục nhập học cho sinh viên, Đại học Công nghiệp Hà Nội tổ chức học tập Tuần sinh hoạt công dân cho sinh viên Đại học K13 và Cao đẳng K20 mới nhập trường. Lịch học bắt đầu từ ngày 24/8/2018 đến 01/9/2018 tại cơ sở Hà Nam và từ ngày 26/8/2018 đến 31/8/2018 tại cơ sở Hà Nội. Tuần sinh hoạt công dân tại cơ sở Hà Nam Học tập chính trị đầu khóa giúp nâng cao nhận thức của sinh viên về chủ trương, đường lối của Đảng, chính sách pháp luật của Nhà nước; giúp sinh viên nắm được tình hình tổng quan kinh tế, chính trị, xã hội của đất nước và thế giới; các quy chế, quy định về giáo dục, đào tạo của Bộ Giáo dục & Đào tạo và của Nhà trường; quy định về công tác sinh viên, về chương trình đào tạo và nhiệm vụ năm học 2018 – 2019, để từ đó nâng cao nhận thức, ý thức trách nhiệm, tạo sự chuyển biến mạnh mẽ trong học tập và rèn luyện. PGS.TS. Trần Đức Quý – Hiệu trưởng Nhà trường giảng dạy chính trị đầu khóa cho sinh viên đại học K13 tại cơ sở Hà Nam Trong thời gian học tập, sinh viên được Nhà trường triển khai các nội dung học tập cụ thể như: Triển khai Nghị Quyết 29-NQ/TW về đổi mới căn bản giáo dục; Tình hình kinh tế, chính trị, xã hội trong nước và quốc tế; Sơ lược truyền thống lịch sử, sứ mạng, tầm nhìn của Đại học Công nghiệp Hà Nội; Công tác giáo dục đạo đức, lối sống, vấn đề văn hóa học đường, quy chế công tác học sinh sinh viên, chế độ chính sách cho sinh viên; Công tác phòng chống tội phạm, các tệ nạn và đảm bảo an ninh chính trị, trật tự an toàn xã hội. Bên cạnh đó, Khoa Ngoại ngữ giới thiệu về chương trình học Tiếng Anh cho sinh viên; Trung tâm đảm bảo chất lượng hướng dẫn sử dụng hệ thống đại học điện tử; Cán bộ Đoàn Thanh niên triển khai Công tác Đoàn thanh niên và Hội sinh viên trong nhà trường; Công ty Letco giới thiệu về đào tạo và xuất khẩu lao động; Các Khoa, trung tâm đào tạo dành thời gian giới thiệu về đơn vị mình, hệ thống học tập của đơn vị, quy chế\\nnext_contents:\\n']","['<1-hop>\\n\\nHướng dẫn nhập học Online BƯỚC 1: NHẬP HỌC TRỰC TUYẾN Thí sinh mở tài khoản ngân hàng BIDV(hướng dẫn tại đây) hoặc ví điện tử Viettel Money ( Đăng ký tại đây ) và nộp tiền vào tài khoản theo số tiền phải nộp trong Giấy báo nhập học (Nhà trường liên kết với BIDV và Viettel Money để thực hiện dịch vụ thu hộ học phí và trung gian thanh toán (miễn phí) ). Để có thể xác nhận nhập học trực tuyến thí sinh cần mở tài khoản BIDVhoặcViettel Money (Nhà trường khuyến khích thí sinh mở tài khoản của cả hai đơn vị cung cấp dịch vụ để đa dạng hóa phương thức và thuận tiện trong quá trình thực hiện thanh toán). Lưu ý: Sinh viên khi làm thủ tục nhập học và trong suốt quá trình học nên sử dụng duy nhất 01 số điện thoại cá nhân để thuận tiện cho việc làm thủ tục nhập học, thanh toán học phí hoặc nhận chi trả các khoản như: chế độ chính sách, học bổng, chi phí khác.... Anh/Chị có thể nhập học trực tuyến theo 03 cách sau: Cách 1: Tải và cài đặt ứng dụng “MyHaUI” trên Apple Store, CH Play Cách 2: Truy cập cổng thông tin nhập học trực tuyến https://nhaphoc.haui.edu.vn của Nhà trường Cách 3: Nộp tiền thông qua ứng dụng BIDV hoặc Viettel Money. Tải ứng dụng BIDV hoặc Viettel Money và làm theo hướng dẫn trên ứng dụng (Chi tiết tham khảo tại Website: https://nhaphoc.haui.edu.vn tại mục Mở tài khoản BIDV hoặc các điểm giao dịch của: BIDV– hotline: ; Viettel Money – hotline: 0965.778.999, 0979.928.068, 0987.538.788 * Cổng thanh toán: Hiện tại Nhà trường liên kết với BIDV và Viettel Money để thực hiện dịch vụ thu hộ học phí và trung gian thanh toán (miễn phí) . Để thực hiện nhập học trực tuyến sinh viên cần mở tài khoản BIDV hoặc Viettel Money (Nhà trường khuyến khích sinh viên mở tài khoản của cả hai đơn vị cung cấp dịch vụ để đa dạng hóa phương thức và thuận tiện trong quá trình thực hiện thanh toán). ** Anh/Chị có nguyện vọng ở Ký túc xá (KTX) tham khảo thông tin tại Website http://ssc.haui.edu.vn (Mọi thắc mắc liên quan đến nộp tiền nhập học, các khoản thu xin liên hệ số Hotline 0988.156.363, 0983.668.171 ) BƯỚC 2: KIỂM TRA VÀ CẬP NHẬP HỒ SƠ SINH VIÊN 1. Đăng nhập hệ thống: Truy cập ứng dụng MyHaUI hoặc cổng thông tin sinh viên theo địa chỉ: https://sv.haui.edu.vn và sử dụng tài khoản theo thông tin được cấp. 2. Kiểm tra và cập nhật thông tin sinh viên: Vào phần “Thông tin cá nhân” , mục “Cập nhật thông tin sinh viên” . Tại màn hình này, sinh viên thực hiện cập nhật đầy đủ, chính xác các thông tin: “Thông tin cá nhân” , “Thông tin gia đình” , “Thông tin liên hệ” * Một số chức năng cơ bản của Hệ thống đại học điện tử: - Nhận các thông báo từ Nhà trường liên quan đến các hoạt động: Học tập, khảo thí, chế độ chính sách, học bổng, khen thưởng, kế hoạch thực tập – việc làm… - Thực hiện các hoạt động: Cập nhật hồ sơ cá nhân, đăng ký các dịch vụ hành chính một cửa, nộp học phí, đăng ký học phần, đăng ký thực tập…. - Tham gia Cộng đồng HaUI: Trao đổi với Nhà trường, đội ngũ Cố vấn, sinh viên khác... * Lưu ý: Trường hợp cần cấp lại mật khẩu, tài khoản hệ thống đại học điện tử, sinh viên liên hệ Thầy Lê Thanh Đức (SĐT: 0968 981 994)', '<2-hop>\\n\\nBƯỚC 3.2: THAM GIA TUẦN SINH HOẠT CÔNG DÂN VÀ THỰC HIỆN KẾ HOẠCH HỌC TẬP HỌC KỲ I NĂM HỌC 2024-2025 Thực hiện kế hoạch học tập năm học 2024-2025 được đăng tải trên ứng dụng MyHaUI hoặc cổng thông tin sinh viên https://sv.haui.edu.vn của Nhà trường. Thứ Tư, 15:27 04/09/2024 Tags:']","Trong năm học 2024-2025, Trường Đại học Công nghiệp Hà Nội đã có những hoạt động và hướng dẫn cụ thể cho sinh viên tham gia vào các hoạt động khóa, đoàn hội và tuần sinh hoạt công dân như sau:

### 1. **Tuần sinh hoạt công dân**
- **Thời gian và địa điểm**: Tuần sinh hoạt công dân được tổ chức từ ngày 24/8 đến 01/9/2018 tại cơ sở Hà Nam và từ ngày 26/8 đến 31/8/2018 tại cơ sở Hà Nội.
- **Nội dung**: 
  - Giúp sinh viên nâng cao nhận thức về chủ trương, đường lối của Đảng, chính sách pháp luật của Nhà nước.
  - Cung cấp thông tin về tình hình kinh tế, chính trị, xã hội của đất nước và thế giới.
  - Thảo luận về các quy chế, quy định về giáo dục, đào tạo của Bộ Giáo dục và Đào tạo và của Nhà trường.
  - Định hướng công tác sinh viên và chương trình đào tạo trong năm học.

### 2. **Kế hoạch học tập**
- **Hướng dẫn thực hiện**: Sinh viên được hướng dẫn thực hiện kế hoạch học tập theo các nội dung học tập cụ thể, bao gồm:
  - Triển khai Nghị quyết 29-NQ/TW về đổi mới căn bản giáo dục.
  - Tình hình kinh tế, chính trị, xã hội trong nước và quốc tế.
  - Các quy chế, quy định về giáo dục, đào tạo.
  - Công tác giáo dục đạo đức, lối sống, văn hóa học đường và quy chế công tác học sinh sinh viên.

### 3. **Hoạt động đoàn hội**
- Sinh viên được khuyến khích tham gia các hoạt động của Đoàn Thanh niên và Hội Sinh viên, nhằm phát triển kỹ năng mềm, nâng cao tinh thần đoàn kết và trách nhiệm xã hội.

### 4. **Thông tin liên hệ**
Nếu bạn cần thêm thông tin chi tiết hoặc có câu hỏi khác, vui lòng liên hệ với dịch vụ khách hàng của trường để được hỗ trợ.

Thông tin trên được tổng hợp từ các tài liệu hướng dẫn và thông báo của Trường Đại học Công nghiệp Hà Nội. 
- [Sinh viên Đại học K13 và Cao đẳng K20 học tập tuần sinh hoạt công dân, năm học 2018 – 2019](https://www.haui.edu.vn/vn/tin-tuc/sinh-vien-dai-hoc-k13-va-cao-dang-k20-hoc-tap-tuan-sinh-hoat-cong-dan-nam-hoc-2018-2019/60592) - [**Link tham khảo**](https://www.haui.edu.vn/vn/tin-tuc/sinh-vien-dai-hoc-k13-va-cao-dang-k20-hoc-tap-tuan-sinh-hoat-cong-dan-nam-hoc-2018-2019/60592).

Nếu bạn có thêm câu hỏi nào khác hoặc cần thông tin chi tiết hơn, hãy cho tôi biết!",Nhà trường đã hướng dẫn sinh viên tham gia tuần sinh hoạt công dân và thực hiện kế hoạch học tập học kỳ I năm học 2024-2025 thông qua việc đăng tải kế hoạch học tập trên ứng dụng MyHaUI hoặc cổng thông tin sinh viên tại địa chỉ https://sv.haui.edu.vn.,0.8726881141879756,0.9999999999,0.7272727272727273,0.5,0.8742341995239258,11.386494159698486
"Tại sao Tọa đàm về số hóa trong lĩnh vực công nghiệp lại có sự tham gia của Trưởng khoa Công nghệ thông tin, Đại học Công nghiệp Hà Nội, và những nội dung nào sẽ được thảo luận tại sự kiện này?","['content: Hội thảo khoa học ""Công nghệ phần mềm & Khoa học dữ liệu"" năm 2022 Trong ngày 29/06/2022, Hội thảo khoa học với chủ đề ""Công nghệ phần mềm & Khoa học dữ liệu"" do Khoa Công nghệ thông tin Trường Đại học Công nghiệp Hà Nội tổ chức đã thu hút sự tham gia của hơn 40 nhà khoa học, giảng viên đang công tác tại các đơn vị liên quan đến lĩnh vực CNTT trong trường. Phát biểu khai mạc, TS. Đặng Trọng Hợp – Trưởng khoa CNTT nhấn mạnh: Hội thảo khoa học Khoa CNTT diễn ra hàng năm, là diễn đàn để các thầy cô và nhà khoa học thảo luận về các lĩnh vực mới, tiên tiến của CNTT và ứng dụng trong hoạt động dạy học, nghiên cứu khoa học tại Đại học Công nghiệp Hà Nội. Hội thảo được xuất bản kỷ yếu trong đó các báo cáo có hàm lượng khoa học cao sẽ được chọn lọc đăng tải ở các tạp chí uy tín trong và ngoài nước. Thế giới đang trải qua cuộc cách mạng công nghiệp 4.0 với đặc trưng là Dữ liệu lớn (Big data), Trí tuệ nhân tạo (AI), Internet vạn vật (IoT), Điện toán đám mây (Cloud computing) và Khoa học dữ liệu (Data Science). Theo xu hướng đó, Khoa học dữ liệu là chủ đề được quan tâm tại các Hội nghị Khoa học. Hội thảo tập trung thảo luận các báo cáo của các nhà khoa học và một số nhóm nghiên cứu nổi bật trình bày về một số đề tài tiềm năng, kết quả nghiên cứu ứng dụng trong công nghệ thông tin. PGS. TS. Nguyễn Quang Uy - Học viện Kỹ thuật quân sự trình bày Th.S Trần Thanh Hùng - Khoa Công nghệ thông tin trình bày ""Xây dựng ứng dụng hỗ trợ an toàn trong lái xe bằng công nghệ AI"" Thứ Tư, 15:28 29/06/2022 Tags:\\nnext_contents:\\n', 'content: triển khai trước mắt và trong dài hạn để xây dựng được lực lượng lao động có tay nghề, chất lượng cao cho các ngành công nghiệp hỗ trợ? Vấn đề này sẽ được chia sẻ dưới những góc nhìn đa dạng và sâu sắc hơn tại Tọa đàm hôm nay do Tạp chí Công Thương thực hiện. Tọa đàm với chủ đề “Nâng cao chất lượng nhân lực ngành công nghiệp hỗ trợ”. Tham dự Toạ đàm có các vị khách mời: - TS. Kiều Xuân Thực - Hiệu trưởng Đại học Công nghiệp Hà Nội - Ông Cao Văn Bình - Quyền Giám đốc Trung tâm Hỗ trợ phát triển công nghiệp, Cục Công nghiệp, Bộ Công Thương - Ông Phùng Anh Tuấn - Phó Giám đốc Công ty Cổ phần Manutronic Việt Nam - Ông Lê Quý Thành - Giám đốc Nhà máy TOMECO An Khang Nội dung Toạ đàm sẽ tập trung chia sẻ về những vấn đề: (i) Thực trạng nguồn nhân lực trong các lĩnh vực công nghiệp hỗ trợ tại Việt Nam, các hoạt động nâng cao chất lượng nguồn nhân lực và kết nối giữa doanh nghiệp với các cơ sở giáo dục đào tạo. (ii) Yêu cầu đang đặt ra đối với nguồn nhân lực Việt Nam trong bối cảnh mới. (iii) Các giải pháp của cơ quan quản lý nhà nước, cơ sở giáo dục đào tạo và doanh nghiệp trong nâng cao chất lượng nguồn nhân lực ngành công nghiệp hỗ trợ. Thông qua những góp ý, chia sẻ của cơ quan quản lý nhà nước, Hiệp hội, doanh nghiệp, Tọa đàm đề xuất giải pháp thúc đẩy liên kết giữa cơ sở đào tạo và doanh nghiệp, góp phần nâng cao số lượng cùng trình độ của nguồn nhân lực để ngành công nghiệp hỗ trợ thực sự phát triển xứng với tiềm năng và cơ hội đang đặt ra. Trân trọng kính mời quý độc giả quan tâm theo dõi. Streaming: Facebook Fanpage Tự hào hàng Việt https://www.facebook.com/TuhaohangVietNam.vn; Website Tạp chí Công Thương http://tapchicongthuong.vn; và Kênh Youtube Tạp chí Công Thương https://www.youtube.com/@tapchicongthuongofficial3584 Nguồn: Tạp chí Công Thương Thứ Tư, 20:23 11/10/2023 Tags: Đại học Công nghiệp Hà Nội HaUI ĐHCNHN tọa đàm trực tuyến nâng cao chất lượng nhân lực ngành công nghiệp hỗ trợ\\nnext_contents:\\n- [Toạ đàm trực tuyến] Nâng cao chất lượng nhân lực ngành công nghiệp hỗ trợ Thứ Tư, 20:23 11/10/2023 1377 Tọa đàm “Nâng cao chất lượng nhân lực ngành công nghiệp hỗ trợ” do Tạp chí Công Thương tổ chức sẽ phát trực tuyến trên nền tảng Tạp chí Công Thương điện tử và Fanpage Tự hào hàng Việt Nam vào 9h30 ngày 12/10/2023. Toạ đàm “Nâng cao chất lượng nhân lực ngành công nghiệp hỗ trợ” do Tạp chí Công Thương tổ chức sẽ phát trực tuyến vào 9h30 ngày 12/10/2023 Với sự quan tâm và đẩy mạnh hỗ trợ về cơ chế, chính sách cũng như sự chủ động nắm bắt cơ hội của cộng đồng doanh nghiệp, địa phương, ngành công nghiệp hỗ trợ Việt Nam đã có những bước phát triển rõ nét. Tuy nhiên, nguồn nhân lực còn thiếu, chất lượng chưa đồng đều đang là trở ngại lớn của nhiều doanh nghiệp ngành công nghiệp hỗ trợ. Ghi nhận tại nhiều địa phương về những khó khăn của doanh nghiệp từ đầu năm đến nay cho thấy, bên cạnh những bất ổn về thị trường, nguyên liệu... ảnh hưởng đến hoạt động sản xuất kinh doanh, thì việc thiếu hụt lao động cục bộ ở một số doanh nghiệp công nghiệp hỗ trợ, đặc biệt là lao động chất lượng cao, đang là vấn đề cần tháo gỡ. Trong bối cảnh xu hướng chuyển dịch chuỗi cung ứng đang mở ra nhiều cơ hội cho ngành công nghiệp hỗ trợ trong nước phát triển, bài toán nguồn nhân lực càng trở nên cấp thiết hơn để các doanh nghiệp có thể nâng cao năng lực sản xuất, tự tin cạnh tranh nhờ việc đáp ứng yêu cầu ngày càng cao của chuỗi giá trị. Bài toán nguồn nhân lực còn vướng mắc ở đâu? Giải pháp nào cần triển khai trước mắt và trong dài hạn để xây dựng được lực lượng lao động có tay nghề, chất lượng cao cho các ngành công nghiệp hỗ trợ? Vấn đề này sẽ được chia sẻ dưới những góc nhìn đa dạng và sâu sắc hơn tại Tọa đàm hôm nay do Tạp chí Công Thương thực hiện. Tọa đàm với chủ đề “Nâng cao chất lượng nhân lực ngành công nghiệp hỗ trợ”. Tham dự Toạ đàm có các vị khách mời: - TS. Kiều Xuân Thực - Hiệu trưởng Đại học Công nghiệp Hà Nội - Ông Cao Văn Bình - Quyền Giám đốc Trung tâm Hỗ trợ phát triển\\n', 'content: Hội thảo khoa Công nghệ thông tin năm 2020 với chủ đề ""Chuyển đổi số trong phát triển trường đại học thông minh"" Thứ Sáu, 12:35 25/12/2020 2752 Sáng ngày 25/12, Hội thảo khoa học khoa Công nghệ thông tin (CNTT) với chủ đề “Chuyển đổi số trong phát triển trường đại học thông minh” đã thu hút sự tham gia của hơn 30 nhà khoa học, giảng viên đang công tác tại các đơn vị liên quan đến lĩnh vực CNTT trong trường. Toàn cảnh hội thảo Phát biểu khai mạc, TS. Đặng Trọng Hợp - Phụ trách khoa CNTT nhấn mạnh: Hội thảo khoa học Khoa CNTT diễn ra hàng năm, là diễn đàn để các thầy cô và nhà khoa học thảo luận về các lĩnh vực mới, tiên tiến của CNTT và ứng dụng trong hoạt động dạy học, nghiên cứu khoa học tại Đại học Công nghiệp Hà Nội. Hội thảo được xuất bản kỷ yếu trong đó các báo cáo có hàm lượng khoa học cao sẽ được chọn lọc đăng tải ở các tạp chí uy tín trong và ngoài nước. TS. Đặng Trọng Hợp - Phụ trách khoa CNTT phát biểu khai mạc Hội thảo Với mục đích thảo luận về xu hướng chuyển đổi số ở Việt Nam và áp dụng chuyển đổi số trong phát triển trường đại học thông minh, thảo luận các chủ đề mới trong công nghệ phần mềm, khoa học dữ liệu và các vấn đề tiếp cận hiện đại của công nghệ thông tin, hội thảo khoa CNTT còn là cơ hội để các nhà khoa học, các giảng viên trao đổi chuyên môn về các mô hình, phương pháp dạy học trong xu thế chuyển đổi số. Đặc biệt, chương trình Hội thảo dành thời gian cho chuyên đề của PGS.TS. Nguyễn Ái Việt, nguyên Viện trưởng Viện CNTT - Đại học Quốc gia Hà Nội về chủ đề chuyển đổi số ở Việt Nam, tập trung (1) làm rõ một số khái niệm cơ bản về chuyển đổi số; (2) trình bày về cấu trúc tổ chức, cơ chế hoạt động của mô hình một hệ thống chuyển đổi số điển hình, về chính sách và môi trường dành cho nó, và về xu hướng phát triển của các hệ thống chuyển đổi số ở Việt Nam; (3) nêu các vấn đề cốt lõi và mô hình giải pháp chuyển đổi số trong việc phát triển một trường đại học thông minh; (4) thảo luận về cấu trúc chương trình đào tạo, năng lực chuyên môn của giảng\\nnext_contents:\\n', 'content: Tham dự Tọa đàm có sự tham gia của các vị khách mời: TS. Đặng Trọng Hợp - Trưởng khoa Công nghệ thông tin, Đại học Công nghiệp Hà Nội; Ông Nguyễn An Sơn - Trưởng phòng Phát triển dự án, Trung tâm Tin học và Công nghệ số, Cục Thương mại điện tử và Kinh tế số (Bộ Công Thương) TS. Nguyễn Hữu Phước Nguyên - Tổng Giám đốc điều hành Selex Motors Tại Tọa đàm, đại diện cơ quan quản lý Nhà nước, đại diện cơ sở đào tạo và doanh nghiệp sẽ cùng tham gia thảo luận, chia sẻ về những hành động cụ thể của Bộ Công Thương trong việc hỗ trợ và thúc đẩy chuyển đổi số trong ngành Công Thương nói chung và các lĩnh vực sản xuất công nghiệp nói riêng; Những khó khăn, rào cản và kinh nghiệm khi ứng dụng công tác chuyển đổi số trong ngành Công Thương; Những đòi hỏi về đổi mới trong công tác đào tạo nguồn nhân lực đáp ứng các yêu cầu về chuyển đổi số trong lĩnh vực công nghiệp hiện nay; Những giải pháp mà các cơ sở đào tạo đang áp dụng để đảm bảo đáp ứng được nguồn nhân lực chất lượng cao cung cấp cho nhu cầu chuyển đổi số tăng cao tại các doanh nghiệp; Những giải pháp, mong muốn và đề xuất của các doanh nghiệp khi bắt tay vào chuyển đổi số… Thứ Tư, 09:30 04/12/2024 Tags:\\nnext_contents:\\n- [Tọa đàm trực tuyến] Số hoá trong lĩnh vực công nghiệp - Bài toán cho các nhà sản xuất Thứ Tư, 09:30 04/12/2024 146 Thời gian qua, Bộ Công Thương đã ban hành nhiều văn bản, chính sách nhằm thúc đẩy chuyển đổi số ngành Công Thương, triển khai Chiến lược Quốc gia về phát triển kinh tế số và xã hội số, trong đó tập trung vào các nội dung: (i) tăng cường xây dựng Chính phủ điện tử Bộ Công Thương; (ii) thúc đẩy phát triển Kinh tế số ngành Công Thương theo ba lĩnh vực ưu tiên là thương mại, công nghiệp - năng lượng, và dịch vụ logistics. Vệc đẩy mạnh ứng dụng chuyển đổi số ngành Công Thương là vô cùng cần thiết trong nâng cao hiệu quả quản lý, điều hành Bộ Công Thương cũng như thúc đẩy kinh tế số trong ngành. Đặc biệt, trong lĩnh vực sản xuất, quá trình số hóa được đánh giá đã làm thay đổi diện mạo của ngành công nghiệp, đưa tỷ trọng của những ngành khai thác giảm dần và tỷ trọng ngành chế biến, chế tạo tăng dần. Tuy nhiên để phát triển kinh tế số ngành Công Thương nói chung cũng như số hóa các lĩnh vực công nghiệp một cách bền vững hiện vẫn tồn tại rất nhiều khó khăn, rào cản. Đây là bài toán của các nhà sản xuất cần được sự chung tay vào cuộc của nhiều thành phần với nỗ lực mạnh mẽ để thúc đẩy chuyển đổi số trong lĩnh vực công nghiệp trong thời gian tới. Vấn đề này sẽ được chia sẻ với góc nhìn đa dạng và sâu sắc hơn tại Tọa đàm do Tạp chí Công Thương thực hiện với chủ đề: ""Số hoá trong lĩnh vực công nghiệp – Bài toán cho các nhà sản xuất"", phát trực tuyến vào 9h30 ngày 04/12/2024. Tham dự Tọa đàm có sự tham gia của các vị khách mời: TS. Đặng Trọng Hợp - Trưởng khoa Công nghệ thông tin, Đại học Công nghiệp Hà Nội; Ông Nguyễn An Sơn - Trưởng phòng Phát triển dự án, Trung tâm Tin học và Công nghệ số, Cục Thương mại điện tử và Kinh tế số (Bộ Công Thương) TS. Nguyễn Hữu Phước Nguyên - Tổng Giám đốc điều hành Selex Motors Tại Tọa đàm, đại diện cơ quan quản lý Nhà nước, đại diện cơ sở đào tạo và doanh nghiệp sẽ cùng tham gia thảo luận, chia sẻ về những hành động cụ\\n', 'content: Thời gian vừa qua, Trường Đại học Công nghiệp Hà Nội luôn quan tâm đầu tư và đã đạt được nhiều thành quả trong lĩnh vực công nghệ thông tin và truyền thông. Để có được thành quả đó, nhà trường luôn chủ trương đẩy mạnh các hoạt động nghiên cứu khoa học, thúc đẩy các nghiên cứu quốc tế uy tín. Đồng thời, gắn nghiên cứu khoa học với đào tạo và phục vụ cộng đồng, nâng cao chất lượng giáo dục đào tạo. TS.Nguyễn Văn Thiện nhấn mạnh: Hội thảo khoa học là cơ hội để trường Đại học Công nghiệp Hà Nội trở thành một trong những điểm đến của tri thức và sáng tạo khoa học. Nhà trường sẽ có những đóng góp tích cực về mặt học thuật cũng như công tác tổ chức để góp phần vào sự thành công của Hội thảo VNICT 2022. PGS.TS.Nguyễn Long Giang – Phó Viện trưởng Viện Công nghệ thông tin phát biểu tại Hội thảo Thay mặt ban chương trình hội thảo, PGS.TS.Nguyễn Long Giang – Phó Viện trưởng Viện Công nghệ thông tin khẳng định: Hội thảo Quốc gia lần thứ XXV ""Một số vấn đề chọn lọc của Công nghệ thông tin và Truyền thông"" là diễn đàn được tổ chức thường niên nhằm giúp những người làm công tác nghiên cứu, triển khai, giảng dạy và quản lý trong lĩnh vực công nghệ thông tin và truyền thông trao đổi học thuật, chia sẻ kinh nghiệm ứng dụng và tìm kiếm sự hợp tác. Đặc biệt hội thảo khuyến khích các nhà khoa học trẻ, nghiên cứu sinh, học viên cao học tham gia báo cáo trao đổi kết quả nghiên cứu và học tập của mình, khuyến khích trưng bày giới thiệu các sản phẩm khoa học công nghệ và những kết quả nghiên cứu ứng dụng vào thực tiễn. Hội thảo VNICT 2022 đã nhận được hơn 100 báo cáo gửi về cho ban tổ chức. Thực hiện phản biện nghiêm túc, khoa học và khách quan, Ban tổ chức đã chọn ra 49 bài cáo cáo đăng trên kỷ yếu của hội thảo; 07 bài đăng trên chuyên san “Các công trình nghiên cứu, phát triển và ứng dụng CNTT&TT” (Tạp chí TT&TT – Bộ TT&TT); 04 bài đăng trên chuyên san “Nghiên cứu KH&CN trong lĩnh vực An toàn thông tin"" (Tạp chí An toàn thông tin – Ban cơ yếu chính phủ). PGS.TS.Bùi Thu Lâm, Học viện Kỹ\\nnext_contents:\\n- Hội thảo Quốc gia lần thứ XXV ""Một số vấn đề chọn lọc của Công nghệ thông tin và Truyền thông"" (VNICT 2022) Thứ Sáu, 07:56 09/12/2022 1999 Nhằm thúc đẩy hợp tác nghiên cứu khoa học trong lĩnh vực Công nghệ thông tin và truyền thông , ngày 8/12, trường Đại học Công nghiệp Hà Nội phối hợp với Viện Công nghệ thông tin - Viện Hàn lâm Khoa học tổ chức Hội thảo Quốc gia lần thứ XXV với chủ đề “Sản xuất thông minh”. Phiên toàn thể Hội thảo Quốc gia lần thứ XXV ""Một số vấn đề chọn lọc của Công nghệ thông tin và Truyền thông"" (VNICT 2022) Tham dự Hội thảo có: PGS.TS Nguyễn Long Giang - Phó Viện trưởng Viện Công nghệ thông tin; GS.TS Nguyễn Thanh Thủy - Chủ tịch CLB Khoa -Trường -Viện CNNT -Truyền thông Việt Nam (FISU); đại diện Trường Đại học Kỹ Thuật - Hậu cần CAND, Tạp chí Thông tin và Truyền thông, Tạp chí An toàn thông tin, Học viện Kỹ thuật mật mã, Trường Đại học CNTT&TT Thái Nguyên; thành viên các ban chuyên môn, các nhà khoa học, nhà nghiên cứu, tác giả bài báo, báo cáo đến từ các trường, viện nghiên cứu trên toàn quốc. Về phía Trường Đại học Công Nghiệp Hà Nội có PGS.TS.Trần Đức Qúy - Hiệu trưởng, Trưởng ban chỉ đạo Hội thảo; PGS.TS.Phạm Văn Bổng - Phó Hiệu trưởng, TS.Nguyễn Văn Thiện - Phó Hiệu trưởng, Phó trưởng ban chỉ đạo Hội thảo; cùng giảng viên và sinh viên nhà trường. TS.Nguyễn Văn Thiện - Phó Hiệu trưởng trường Đại học Công nghiệp Hà Nội phát biểu chào mừng Hội thảo Phát biểu tại hội thảo, TS.Nguyễn Văn Thiện - Phó Hiệu trưởng Trường Đại học Công nghiệp Hà Nội cho biết: Thời gian vừa qua, Trường Đại học Công nghiệp Hà Nội luôn quan tâm đầu tư và đã đạt được nhiều thành quả trong lĩnh vực công nghệ thông tin và truyền thông. Để có được thành quả đó, nhà trường luôn chủ trương đẩy mạnh các hoạt động nghiên cứu khoa học, thúc đẩy các nghiên cứu quốc tế uy tín. Đồng thời, gắn nghiên cứu khoa học với đào tạo và phục vụ cộng đồng, nâng cao chất lượng giáo dục đào tạo. TS.Nguyễn Văn Thiện nhấn mạnh: Hội thảo khoa học là cơ hội để trường Đại học Công nghiệp Hà Nội\\n']","['<1-hop>\\n\\nTọa đàm: “Số hoá trong lĩnh vực công nghiệp - Bài toán cho các nhà sản xuất” do Tạp chí Công Thương tổ chức sẽ phát trực tuyến trên nền tảng Tạp chí Công Thương điện tử và Fanpage Tự hào hàng Việt Nam vào 9h30 ngày 04/12/2024. Theo đánh giá của các chuyên gia, trước xu hướng và đà tăng trưởng hiện nay, thị trường thương mại điện tử và kinh tế số Việt Nam sẽ còn phát triển mạnh mẽ hơn nữa và trở thành một trong những động lực thúc đẩy tăng trưởng kinh tế. Đây cũng chính là thời điểm để chúng ta xây nên những mô hình và chiến lược mới, ứng dụng mạnh mẽ công nghệ số, tăng sức cạnh tranh trong bối cảnh mới. Theo đánh giá của các chuyên gia, trước xu hướng và đà tăng trưởng hiện nay, thị trường thương mại điện tử và kinh tế số Việt Nam sẽ còn phát triển mạnh mẽ hơn nữa và trở thành một trong những động lực thúc đẩy tăng trưởng kinh tế. Đây cũng chính là thời điểm để chúng ta xây nên những mô hình và chiến lược mới, ứng dụng mạnh mẽ công nghệ số, tăng sức cạnh tranh trong bối cảnh mới. Tọa đàm: “Số hoá trong lĩnh vực công nghiệp – Bài toán cho các nhà sản xuất” do Tạp chí Công Thương tổ chức sẽ phát trực tuyến trên nền tảng Tạp chí Công Thương điện tử và Fanpage Tự hào hàng Việt Nam vào 9h30 ngày 05/12/2024. Thời gian qua, Bộ Công Thương đã ban hành nhiều văn bản, chính sách nhằm thúc đẩy chuyển đổi số ngành Công Thương, triển khai Chiến lược Quốc gia về phát triển kinh tế số và xã hội số, trong đó tập trung vào các nội dung: (i) tăng cường xây dựng Chính phủ điện tử Bộ Công Thương ; (ii) thúc đẩy phát triển Kinh tế số ngành Công Thương theo ba lĩnh vực ưu tiên là thương mại, công nghiệp - năng lượng, và dịch vụ logistics. Vệc đẩy mạnh ứng dụng chuyển đổi số ngành Công Thương là vô cùng cần thiết trong nâng cao hiệu quả quản lý, điều hành Bộ Công Thương cũng như thúc đẩy kinh tế số trong ngành. Đặc biệt, trong lĩnh vực sản xuất, quá trình số hóa được đánh giá đã làm thay đổi diện mạo của ngành công nghiệp, đưa tỷ trọng của những ngành khai thác giảm dần và tỷ trọng ngành chế biến, chế tạo tăng dần. Tuy nhiên để phát triển kinh tế số ngành Công Thương nói chung cũng như số hóa các lĩnh vực công nghiệp một cách bền vững hiện vẫn tồn tại rất nhiều khó khăn, rào cản. Đây là bài toán của các nhà sản xuất cần được sự chung tay vào cuộc của nhiều thành phần với nỗ lực mạnh mẽ để thúc đẩy chuyển đổi số trong lĩnh vực công nghiệp trong thời gian tới. Vấn đề này sẽ được chia sẻ với góc nhìn đa dạng và sâu sắc hơn tại Tọa đàm do Tạp chí Công Thương thực hiện với chủ đề: "" Số hoá trong lĩnh vực công nghiệp – Bài toán cho các nhà sản xuất"", phát trực tuyến vào 9h30 ngày 04/12/2024. Tham dự Tọa đàm có sự tham gia của các vị khách mời: - TS. Đặng Trọng Hợp - Trưởng khoa Công nghệ thông tin, Đại học Công nghiệp Hà Nội; - Ông Nguyễn An Sơn - Trưởng phòng Phát triển dự án, Trung tâm Tin học và Công nghệ số, Cục Thương mại điện tử và Kinh tế số (Bộ Công Thương) - TS. Nguyễn Hữu Phước Nguyên - Tổng Giám đốc điều hành Selex Motors Tại Tọa đàm, đại diện cơ quan quản lý Nhà nước, đại diện cơ sở đào tạo và doanh nghiệp sẽ cùng tham gia thảo luận, chia sẻ về những hành động cụ thể của Bộ Công Thương trong việc hỗ trợ và thúc đẩy chuyển đổi số trong ngành Công Thương nói chung và các lĩnh vực sản xuất công nghiệp nói riêng; Những khó khăn, rào cản và kinh nghiệm khi ứng dụng công tác chuyển đổi số trong ngành Công Thương; Những đòi hỏi về đổi mới trong công tác đào tạo nguồn nhân lực đáp ứng các yêu cầu về chuyển đổi số trong lĩnh vực công nghiệp hiện nay; Những giải pháp mà các cơ sở đào tạo đang áp dụng để đảm bảo đáp ứng được nguồn nhân lực chất lượng cao cung cấp cho nhu cầu chuyển đổi số tăng cao tại các doanh nghiệp; Những giải pháp, mong muốn và đề xuất của các doanh nghiệp khi bắt tay vào chuyển đổi số… Trân trọng kính mời quý độc giả quan tâm theo dõi. Streaming: Facebook Fanpage Tự hào hàng Việt https://www.facebook.com/TuhaohangVietNam.vn ; Website Tạp chí Công Thương http://tapchicongthuong.vn ; và Kênh Youtube Tạp chí Công Thương https://www.youtube.com/ @tapchicongthuongofficial Thứ Ba, 14:40 03/12/2024 Tags:', '<2-hop>\\n\\nToàn cảnh đại hội Tới dự và chỉ đạo Đại hội, về phía Đoàn thanh niên Trường Đại học Công nghiệp Hà Nội có đồng chí Đỗ Minh Hiền – Bí thư Đoàn trường, đồng chí Nguyễn Tiến Tấn – Phó Bí thư Đoàn trường, đồng chí Lý Thị Ngọc Minh - Phó Chủ nhiệm Ủy Ban kiểm tra đoàn trường. Về phía Đảng bộ có TS. Đặng Trọng Hợp – Bí thư Chi bộ, Trưởng Khoa CNTT cùng các thầy cô cố vấn học tập, các Liên chi Đoàn bạn trong Trường. Với khẩu hiệu hành động: “Tuổi trẻ Khoa CNTT Khát vọng – Bản lĩnh – Dấn thân – Sáng tạo – Chuyển đổi”, Đại hội xác định nhiệm vụ đã đề ra trong nhiệm kỳ 2022 - 2024, thẳng thắn nhìn nhận, đánh giá thực trạng công tác Đoàn và phong trào thanh niên trong thời gian qua. Trên cơ sở đó, Đại hội sẽ thảo luận và quyết định mục tiêu, phương hướng, nhiệm vụ và các chương trình hành động trong nhiệm kỳ 2024 - 2027 phù hợp với yêu cầu và điều kiện thực tế. Đồng thời bầu ra Ban Chấp hành mới có đủ năng lực, trình độ, nhiệt huyết để hoàn thành sứ mệnh, nhiệm vụ chính trị được giao đồng thời trở thành người bạn đồng hành đáng tin cậy của đoàn viên, thanh niên Khoa CNTT. Đại hội được nghe đồng chí Nguyễn Chiến Thắng – Bí thư Ban chấp hành Liên chi Đoàn nhiệm kỳ 2022 - 2024 trình bày báo cáo kiểm điểm của Ban Chấp hành nhiệm kỳ 2022 - 2024. Theo đó Liên Chi Đoàn đã hoàn thành các nhiệm vụ Nhiều đồng chí được nhận các danh hiệu Chiến sỹ thi đua cấp cơ sở, Công đoàn viên hoàn thành xuất sắc nhiệm vụ, Sinh viên 5 tốt, đạt giải tại các cuộc thi trong và ngoài trường. Liên chi Đoàn nghiêm túc nhìn nhận cần tích cực tham gia hơn nữa các hoạt động gắn liền với kiến thức, chuyên môn. Nâng cao chất lượng công tác và chất lượng học tập. Đại hội được theo dõi Phóng sự tổng kết công tác Đoàn và phong trào thanh niên Khoa CNTT nhiệm kỳ 2022 – 2024, phương hướng nhiệm kỳ 2024 - 2027. Theo đó Liên chi Đoàn đã hoàn thành xuất sắc các chỉ tiêu cơ bản do Nghị quyết Đại hội đại biểu nhiệm kỳ 2022 – 2024 đã đề ra; đội ngũ cán bộ Đoàn cũng đã từng bước trưởng thành; vai trò của tuổi trẻ thông qua các phong trào như thanh niên tình nguyện, tuổi trẻ sáng tạo, các công tác tuyên truyền cũng đã được khẳng định và đóng góp tích cực vào mục tiêu chung của đơn vị. Liên chi Đoàn cũng đã tổ chức nhiều hoạt động mới mong muốn đẩy mạnh học tập, nghiên cứu khoa học với các chương trình hỗ trợ khởi nghiệp, hội nhập quốc tế. Ngoài ra Liên chi Đoàn cũng chú trọng việc xây dựng và phát triển tổ chức Đoàn, làm nòng cốt chính trị đối với tổ chức Hội Sinh viên. Tại Đại hội, đồng chí Đỗ Minh Hiền - Đảng ủy viên - Bí thư Đoàn trường đã ghi nhận và đánh giá cao nỗ lực của tập thể cán bộ đoàn, đoàn viên, sinh viên Khoa CNTT với phong trào Đoàn, phong trào Thanh niên; nhiệm kỳ 2022 – 2024 của Liên chi Khoa CNTT đã đánh dấu một bước tiến lớn trong nhiệm kỳ đầu tiên của Liên chi Đoàn. Đ/c Đỗ Minh Hiền - Đảng ủy viên - Bí thư đoàn Trường HAUI phát biểu tại đại hội']","### Thông tin về hoạt động khóa và các hoạt động đoàn hội tại Khoa Công nghệ thông tin, Trường Đại học Công nghiệp Hà Nội

1. **Hoạt động khóa**:
   - Khoa Công nghệ thông tin thường xuyên tổ chức các hội thảo khoa học, tọa đàm và các hoạt động giao lưu giữa sinh viên và doanh nghiệp.
   - Các hoạt động này nhằm nâng cao kiến thức, kỹ năng cho sinh viên, đồng thời tạo cơ hội cho sinh viên tiếp cận với thực tiễn và các xu hướng mới trong lĩnh vực công nghệ thông tin.

2. **Hoạt động đoàn hội**:
   - Khoa có các hoạt động đoàn hội như tổ chức các câu lạc bộ, nhóm nghiên cứu, và các sự kiện giao lưu văn hóa, thể thao.
   - Những hoạt động này không chỉ giúp sinh viên phát triển kỹ năng mềm mà còn tạo ra môi trường học tập và làm việc tích cực.

### Tại sao Tọa đàm về số hóa trong lĩnh vực công nghiệp lại có sự tham gia của Trưởng khoa Công nghệ thông tin?

- **Sự tham gia của Trưởng khoa**: 
   - Trưởng khoa Công nghệ thông tin, TS. Đặng Trọng Hợp, tham gia tọa đàm để chia sẻ kiến thức và kinh nghiệm về số hóa trong lĩnh vực công nghiệp, cũng như các ứng dụng công nghệ thông tin trong sản xuất và quản lý.
   - Sự hiện diện của ông thể hiện cam kết của khoa trong việc kết nối giữa giáo dục và thực tiễn, đồng thời thúc đẩy sự phát triển của ngành công nghiệp thông qua việc áp dụng công nghệ mới.

### Nội dung thảo luận tại sự kiện này

- **Nội dung thảo luận**:
   - Các vấn đề liên quan đến chuyển đổi số trong ngành công nghiệp.
   - Những thách thức và cơ hội mà các doanh nghiệp phải đối mặt trong quá trình số hóa.
   - Các giải pháp công nghệ và mô hình kinh doanh mới trong bối cảnh công nghiệp 4.0.
   - Kinh nghiệm thực tiễn từ các doanh nghiệp trong việc áp dụng công nghệ thông tin vào sản xuất và quản lý.

Thông tin chi tiết về tọa đàm có thể tham khảo tại tài liệu sau: [Tọa đàm trực tuyến] - [**Link tham khảo**](https://www.haui.edu.vn/vn/bao-chi-viet-ve-haui/toa-dam-truc-tuyen-so-hoa-trong-linh-vuc-cong-nghiep-bai-toan-cho-cac-nha-san-xuat/65787).

Nếu bạn cần thêm thông tin hoặc có câu hỏi khác, hãy cho tôi biết!","Tọa đàm về số hóa trong lĩnh vực công nghiệp có sự tham gia của TS. Đặng Trọng Hợp, Trưởng khoa Công nghệ thông tin, Đại học Công nghiệp Hà Nội, nhằm chia sẻ góc nhìn và kinh nghiệm trong việc thúc đẩy chuyển đổi số trong ngành Công Thương. Tại sự kiện, các nội dung sẽ được thảo luận bao gồm những hành động cụ thể của Bộ Công Thương trong việc hỗ trợ chuyển đổi số, những khó khăn và rào cản trong quá trình này, cũng như các giải pháp mà các cơ sở đào tạo đang áp dụng để đáp ứng nhu cầu nguồn nhân lực chất lượng cao cho chuyển đổi số trong lĩnh vực công nghiệp.",0.8483202551243526,0.8055555555287036,0.3333333333333333,1.0,0.8167343139648438,12.021972894668579
TS. Đặng Trọng Hợp đã có những phát biểu gì tại Đại hội Liên chi Đoàn Khoa CNTT và vai trò của ông trong việc định hướng cho thanh niên trong nhiệm kỳ tới?,"['content: những nỗ lực, kết quả mà Đoàn thanh niên, Hội sinh viên đã đạt được trong năm học vừa qua. Phó Hiệu trưởng đề nghị Đoàn TN, Hội sinh viên cần chú trọng vào đổi mới và sáng tạo hơn nữa trong các hoạt động để mang lại những lợi ích thiết thực cho mỗi đoàn viên. Đồng thời, TS. Bùi Thị Ngân tin tưởng mỗi đoàn viên, sinh viên sẽ tiếp tục học tập tốt, tham gia sôi nổi vào các hoạt động Đoàn - Hội, góp phần phát triển phong trào Đoàn - Hội nhà trường. Đ/c Ngô Văn Thiện - UVTV, Trưởng ban Thanh niên, trường học, Phó Chủ tịch Thường trực Hội sinh viên thành phố Hà Nội phát biểu gợi ý định hướng một số hoạt động của Đoàn - Hội Định hướng công tác Đoàn và phong trào thanh niên trong thời gian tới, Đồng chí Ngô Văn Thiện - UVTV, Trưởng ban Thanh niên, trường học, Phó Chủ tịch thường trực Hội sinh viên thành phố Hà Nội trao đổi, định hướng một số hoạt động của Đoàn - Hội: khi tổ chức các hoạt động Đoàn - Hội phải đặc biệt quan tâm đến giáo dục tư tưởng, đạo đức lối sống; Tổ chức Đoàn - Hội phải thật sự đổi mới, các hoạt động phải đa dạng; nhanh chóng kịp thời bổ sung cán bộ Hội để các hoạt động Hội không bị gián đoạn; các buổi sinh hoạt phải phong phú, đa dạng về nội dung cũng như hình thức tạo sự hứng thú và có hiệu quả để các đoàn viên tham gia; công tác kết nối, kết nghĩa chú trọng đến các hoạt động kết nghĩa ngay tại các đơn vị, Đoàn - Hội trong Trường. Với những kết quả đã đạt được, công tác Đoàn - Hội và phong trào thanh niên, sinh viên nhà trường đã góp phần tích cực và quan trọng vào việc thực hiện thắng lợi các nhiệm vụ chính trị của ĐHCNHN và phong trào chung của tuổi trẻ Thủ đô, được vinh dự trao tặng Bằng khen của Thủ tướng Chính phủ, Cờ thi đua của TW Đoàn, TW Hội Sinh viên Việt Nam, cờ thi đua dẫn đầu của Thành đoàn và Hội sinh viên TP Hà Nội. Đoàn thanh niên - Hội sinh viên Đại học Công nghiệp Hà Nội vinh dự nhận cờ thi đua xuất sắc của TW Hội sinh viên, cờ xuất sắc dẫn đầu của Thành đoàn Hà Nội, Bằng khen của TW Hội Sinh viên TS. Bùi Thị Ngân và đồng chí Ngô Văn\\nnext_contents:\\n- lập CLB SIP - Sinh viên với Đổi mới sáng tạo. Trong năm học vừa qua, Đoàn TN - Hội SV nhà trường luôn tích cực đảm nhận các chương trình hoạt động mới, nhiệm vụ đột xuất của nhà trường, Đoàn - Hội cấp trên như: Tổ chức cuộc thi I Choose HaUI - Tôi chọn Đại học Công nghiệp Hà Nội; tham gia các hoạt động kỷ niệm 50 thực hiện di chúc của Chủ tịch Hồ Chí Minh; đăng cai chung kết cuộc thi Tài năng Anh ngữ học sinh, sinh viên Thủ đô năm 2019. Phát huy những thành quả đạt được trong năm qua, đồng thời căn cứ vào các nội dung nhiệm vụ công tác Đoàn và định hướng của Đảng ủy, Ban Giám hiệu, của Đoàn cấp trên, Đoàn thanh niên và Hội sinh viên Trường ĐHCNHN đã xây dựng kế hoạch chương trình công tác năm học 2019 - 2020 với các nhiệm vụ trọng tâm: Giáo dục, bồi dưỡng lý tưởng, đạo đức cách mạng, xây dựng lớp thanh niên thời kỳ mới có bản lĩnh chính trị, ý thức chấp hành pháp luật, có tri thức, có sức khỏe, có kỹ năng; đổi mới phương thức, nâng cao chất lượng phong trào thanh niên tình nguyện; tiếp tục triển khai có hiệu quả các phong trào ""Sinh viên 5 tốt”; chú trọng các giải pháp thúc đẩy hoạt động sáng tạo trong đoàn viên, sinh viên, hỗ trợ sinh viên, học sinh khởi nghiệp sáng tạo; nâng cao chất lượng công tác phát triển đoàn viên mới, quản lý sinh viên, đoàn viên, sinh hoạt chi đoàn, đào tạo bồi dưỡng cán bộ đoàn. TS. Bùi Thị Ngân - Phó Hiệu trưởng nhà trường phát biểu tại Hội nghị Phát biểu tại Hội nghị tổng kết, TS. Bùi Thị Ngân - Phó Hiệu trưởng nhà trường đánh giá cao và biểu dương những nỗ lực, kết quả mà Đoàn thanh niên, Hội sinh viên đã đạt được trong năm học vừa qua. Phó Hiệu trưởng đề nghị Đoàn TN, Hội sinh viên cần chú trọng vào đổi mới và sáng tạo hơn nữa trong các hoạt động để mang lại những lợi ích thiết thực cho mỗi đoàn viên. Đồng thời, TS. Bùi Thị Ngân tin tưởng mỗi đoàn viên, sinh viên sẽ tiếp tục học tập tốt, tham gia sôi nổi vào các hoạt động Đoàn - Hội, góp phần phát triển phong trào Đoàn - Hội nhà trường. Đ/c Ngô Văn Thiện - UVTV, Trưởng ban Thanh niên,\\n', 'content: giấy khen cho các tập thể và cá nhân đạt thành tích xuất sắc trong công tác Đoàn và phong trào thanh niên nhiệm kỳ 2019 - 2022. Thay mặt Chi bộ, TS Đặng Trọng Hợp - Bí thư chi bộ – Trưởng khoa CNTT đã có lẵng hoa chúc mừng đại hội và phát biểu chỉ đạo. Đồng chí ghi nhận những đóng góp của LCĐ trong nhiệm kỳ vừa qua. Đồng thời, cũng nhấn mạnh các công tác và phong trào của Liên chi cần đẩy mạnh hơn nữa tinh thần xung kích trong các chương trình, phong trào nghiên cứu khoa học, các cuộc thi, hoạt động của các câu lạc bộ đội nhóm. Đại hội Đại biểu Liên chi đoàn khoa Công nghệ thông tin nhiệm kỳ 2022 - 2024 đã diễn ra thành công tốt đẹp. Xin chúc mừng tất cả các đồng chí trong BCH khóa mới, chúc các đồng chí sẽ hoàn thành tốt mọi nhiệm vụ, tạo nên nhiều thành công mới, tiếp tục dẫn dắt LCĐ khoa Công nghệ thông tin luôn là điểm sáng trong công tác Đoàn - Hội của trường Đại học Công nghiệp Hà Nội! Thứ Hai, 15:00 18/04/2022 Tags:\\nnext_contents:\\n- Đại hội đại biểu Liên chi Đoàn khoa Công nghệ thông tin lần thứ X, nhiệm kỳ 2022 - 2024 Ngày 16/04/2022, Đại hội đại biểu Liên chi Đoàn khoa Công nghệ thông tin lần thứ X, nhiệm kỳ 2022 - 2024 đã diễn ra thành công tốt đẹp tại hội trường A11, CS1 Trường Đại học Công nghiệp Hà Nội. ĐẠI HỘI ĐẠI BIỂU LIÊN CHI ĐOÀN KHOA CÔNG NGHỆ THÔNG TIN LẦN THỨ X, NHIỆM KỲ 2022 - 2024 Ngày 16/04/2022, Đại hội đại biểu Liên chi Đoàn khoa Công nghệ thông tin lần thứ X, nhiệm kỳ 2022 - 2024 đã diễn ra thành công tốt đẹp tại hội trường A11, CS1 Trường Đại học Công nghiệp Hà Nội. Đây là một sự kiện chính trị quan trọng nhằm báo cáo kết quả hoạt động nhiệm kì 2019 - 2022 và bầu ra BCH Liên chi Đoàn khóa mới, nhiệm kì 2022 - 2024. Hướng tới 25 năm thành lập Khoa CNTT và tầm nhìn chiến lược đến năm 2025. Sau 02 phiên làm việc với tinh thần khẩn trương, nghiêm túc và hiệu quả, Đại hội đã đi đến thống nhất và thông qua Báo cáo Tổng kết nhiệm kỳ 2019 – 2022, đề ra phương hướng và nhiệm vụ nhiệm kỳ 2022 – 2024. Đại hội nhất trí bầu đ/c Trịnh Bá Quý giữ chức vụ Bí thư LCĐ khoa CNTT; đ/c Nguyễn Chiến Thắng và đ/c Lưu Thị Thảo giữ chức vụ Phó Bí thư LCĐ khoa CNTT; 8 đồng chí giữ vai trò Uỷ Viên ban chấp hành LCĐ khoa CNTT: 1. Nguyễn Trường An 2. Lê Thị Thanh Hoa 3. Cam Thị Liễu 4. Nguyễn Thuỳ Linh 5. Trần Hoàng Minh Quang 6. Thân Ngọc Thiện 7. Trịnh Sỹ Tới 8. Dương Trung Tú Ghi nhận và tuyên dương những đóng góp của Liên chi đoàn khoa CNTT với công tác Đoàn trong nhiệm kỳ vừa qua, Đoàn trường đã trao tặng giấy khen cho các tập thể và cá nhân đạt thành tích xuất sắc trong công tác Đoàn và phong trào thanh niên nhiệm kỳ 2019 - 2022. Thay mặt Chi bộ, TS Đặng Trọng Hợp - Bí thư chi bộ – Trưởng khoa CNTT đã có lẵng hoa chúc mừng đại hội và phát biểu chỉ đạo. Đồng chí ghi nhận những đóng góp của LCĐ trong nhiệm kỳ vừa qua. Đồng thời, cũng nhấn mạnh các công tác và phong trào của Liên chi cần đẩy mạnh hơn nữa tinh thần xung kích trong các chương trình, phong trào nghiên cứu khoa học, các cuộc thi, hoạt\\n', 'content: Hội nghị lớp trưởng, bí thư chi đoàn năm học 2023 – 2024: Giải đáp hơn 140 ý kiến của sinh viên Thứ Năm, 15:49 09/05/2024 2008 Trong 2 ngày 08 và 09/5, Đại học Công nghiệp Hà Nội tổ chức Hội nghị Lớp trưởng, Bí thư chi đoàn các lớp năm học 2023 – 2024 tại cơ sở Hà Nội và Hà Nam. PGS.TS. Phạm Văn Đông – Phó Hiệu trưởng nhà trường chủ trì và trực tiếp giải đáp hơn 140 ý kiến của sinh viên. Hội nghị Lớp trưởng, Bí thư chi đoàn các lớp là hoạt động được tổ chức thường niên nhằm tạo ra diễn đàn trao đổi thông tin giữa Lãnh đạo nhà trường với sinh viên, giúp Lãnh đạo nhà trường nắm bắt và giải quyết kịp thời những khó khăn của sinh viên trong quá trình học tập, rèn luyện tại trường, nâng cao chất lượng đào tạo và phục vụ đào tạo. Đội ngũ lớp trưởng, bí thư các lớp là đầu mối kết nối, đại diện cho sinh viên để gửi gắm tâm tư, nguyện vọng đến lãnh đạo nhà trường Dự Hội nghị, còn có đại diện các phòng, khoa, trung tâm, cố vấn học tập và hơn 700 sinh viên là Lớp trưởng, Bí thư Chi đoàn các lớp trong toàn trường. Hội nghị lớp trưởng, bí thư chi đoàn các lớp năm học 2023 – 2024 tại cơ sở Hà Nội và Hà Nam Thông tin tới Hội nghị, PGS.TS.Phạm Văn Đông - Phó Hiệu trưởng Nhà trường cho biết: Để đảm bảo chất lượng đào tạo và đáp ứng nhu cầu về nguồn nhân lực chất lượng cao, Nhà trường phối hợp với các cơ quan, tổ chức, doanh nghiệp trong và ngoài nước để xây dựng chương trình đào tạo, trang bị kiến thức, kỹ năng chuyên môn phù hợp với nhu cầu của thực tiễn. Ngoài chương trình đào tạo sát với thực tế, Nhà trường sẽ tập trung đầu tư trang thiết bị, môi trường, cảnh quan, các điều kiện giảng dạy và học tập, nâng cao chất lượng đội ngũ cán bộ, giảng viên để thực hiện thành công mục tiêu đổi mới căn bản, toàn diện giáo dục và đào tạo. PGS.TS.Phạm Văn Đông - Phó Hiệu trưởng nhà trường trao đổi, chia sẻ tại Hội nghị bí thư, lớp trưởng năm học 2023 - 2024 Với tinh thần làm việc thẳng thắn, cởi mở và dân chủ, PGS.TS. Phạm Văn Đông - Phó Hiệu trưởng nhà trường trực tiếp trao đổi, giải đáp hơn\\nnext_contents:\\n', 'content: toàn Đoàn, đặc biệt tập trung vào 6 nhóm nội dung chủ đề của năm học 2018 – 2019. Thầy nhấn mạnh: “Bên cạnh việc khuyến khích các phong trào tình nguyện, phải nhấn mạnh vào học tập, nghiên cứu khoa học của đoàn viên thanh niên, định hướng đúng đắn trong tư tưởng, hành động của đoàn viên, đưa cuộc cách mạng công nghiệp lần thứ 4 vào cuộc sống và biến thành hiện thực…” Toàn cảnh Lễ tổng kết Phát biểu tại Hội nghị, đồng chí Ngô Văn Thiện - Ủy viên Thường vụ, Trưởng ban Thanh niên trường học thành đoàn, Phó Chủ tịch Thường trực Hội sinh viên TP Hà Nội chúc mừng những thành tích mà Đoàn thanh niên, Hội sinh viên Trường ĐHCNHN đã đạt được trong năm học vừa qua. Đồng chí Ngô Xuân Thiện cũng đặt niềm tin trong năm học tới, tuổi trẻ Nhà trường sẽ phát huy thế mạnh, tinh thần sáng tạo, lập nhiều thành tích đóng góp vào thành tích chung của Nhà trường. Thay mặt cho BCH Đoàn, đồng chí Trương Thị Thanh Hoài – Bí thư Đoàn trường gửi lời cảm ơn đến các cấp lãnh đạo, Đảng ủy, BGH Nhà trường đã tạo điều kiện thuận lợi để Đoàn thanh niên Nhà trường đạt được những thành tích đáng tự hào. Đồng chí cũng thay mặt cho tuổi trẻ Nhà trường hứa quyết tâm sẽ thực hiện xuất sắc Chương trình công tác năm học 2018 – 2019. Với những kết quả đã đạt được trong năm học 2017 - 2018, Đoàn TNCS Hồ Chí Minh Nhà trường đã được Trung ương Đoàn và Thành đoàn đánh giá cao và trao tặng Bằng khen, Cờ thi đua cho các tập thể và các cá nhân xuất sắc. Chủ Nhật, 21:16 21/10/2018 Tags:\\nnext_contents:\\n- công tác tuyên truyền, giáo dục, đặc biệt là giáo dục chính trị tư tưởng; chú trọng đẩy mạnh thực hiện có hiệu quả việc học tập và làm theo tấm gương đạo đức Hồ Chí Minh, tập trung phát hiện, nhân rộng những tấm gương đoàn viên, thanh niên tiêu biểu trong học tập và làm theo lời Bác; (3) Thực hiện tốt công tác nắm bắt tư tưởng trong đoàn viên thanh niên, đặc biệt là trước, trong và sau các ngày lễ, các sự kiện chính trị, xã hội được dư luận quan tâm; (4) Tiếp tục thực hiện sáng tạo, có hiệu quả các phong trào xây dựng, phát triển Nhà trường, Thủ đô và bảo vệ Tổ quốc, các chương trình đồng hành, hỗ trợ đoàn viên thanh niên, sinh viên và phòng trào “Sinh viên 5 tốt”; (5) Chú trọng nâng cao chất lượng công tác tổ chức xây dựng Đoàn, Hội đặc biệt là công tác đoàn viên, hội viên và công tác cán bộ, phát huy vai trò của Chi đoàn giáo viên tại các Liên chi đoàn; (6) Tích cực, chủ động trong công tác xây dựng Đảng, chủ động đảm nhận các nhiệm vụ mới, đột xuất của Nhà trường, Đoàn Thanh niên – Hội sinh viên cấp trên, góp phần phát huy truyền thống lịch sử vẻ vang của Nhà trường. Đoàn trường nhận cờ thi đua xuất sắc Ghi nhận những kết quả đạt được của tuổi trẻ Nhà trường trong năm học 2017-2018, thay mặt BGH Nhà trường, PGS.TS. Phạm Văn Bổng– Phó Hiệu trưởng Nhà trường đã biểu dương những thành tích và sự đóng góp của toàn thể đội ngũ cán bộ Đoàn và Hội viên sinh viên vào thành tích chung của Nhà trường. Đồng thời, PGS.TS. Phạm Văn Bổng cũng chỉ đạo, giao nhiệm vụ trong năm học tới cho toàn Đoàn, đặc biệt tập trung vào 6 nhóm nội dung chủ đề của năm học 2018 – 2019. Thầy nhấn mạnh: “Bên cạnh việc khuyến khích các phong trào tình nguyện, phải nhấn mạnh vào học tập, nghiên cứu khoa học của đoàn viên thanh niên, định hướng đúng đắn trong tư tưởng, hành động của đoàn viên, đưa cuộc cách mạng công nghiệp lần thứ 4 vào cuộc sống và biến thành hiện thực…” Toàn cảnh Lễ tổng kết Phát biểu tại Hội nghị, đồng chí Ngô Văn Thiện - Ủy viên Thường vụ, Trưởng ban Thanh niên trường học thành\\n', 'content: - Phó Bí thư Đảng ủy, Phó Hiệu trưởng nhà trường phát biểu Phát biểu tại đại hội, PGS.TS.Phạm Văn Bổng - Phó Bí thư Đảng ủy, Phó Hiệu trưởng nhà trường đánh giá cao vai trò của Hội CCB Trường. Từ khi thành lập đến nay, Hội CCB đã đóng góp có hiệu quả và ý nghĩa vào sự phát triển của Trường. PGS.TS.Phạm Văn Bổng hy vọng: Hội CCB Trường sẽ tiếp tục phát huy thành tích đã đạt được và luôn luôn giữ vững phẩn chất truyền thống tốt đẹp của “Bộ đội Cụ Hồ”, thực hiện tốt vai trò, nhiệm vụ của Hội, góp phần xây dựng Trường Đại học Công nghiệp Hà Nội ngày càng phát triển. Ban chấp hành Hội CCB Trường Đại học Công nghiệp Hà Nội nhiệm kỳ 2022-2027 ra mắt tại Đại hội Trong khuôn khổ buổi làm việc, Đại hội đã bầu ra Ban chấp hành Hội CCB Trường Đại học Công nghiệp Hà Nội nhiệm kỳ 2022-2027 gồm 03 đồng chí, trong đó đồng chí Lê Hồng Quân tiếp tục được tín nhiệm giữ chức vụ Chủ tịch Hội; đồng chí Phạm Văn Minh - Trưởng khoa Điện được bầu giữ chức Phó Chủ tịch Hội và đồng chí Nguyễn Đức Minh - Phó Giám đốc Trung tâm Truyền thông và Quan hệ công chúng là ủy viên. Sau hơn 3 giờ làm việc khẩn trương và trang trọng, Đại hội Hội CCB Trường Đại học Công nghiệp Hà Nội đã thành công tốt đẹp. Hội tin tưởng rằng, với sự chỉ đạo của Hội CCB quận Bắc Từ Liêm, Đảng uỷ, Ban Giám hiệu nhà trường và sự nhiệt tình công tác của các đồng chí BCH nhiệm kỳ 2022-2027 cùng sự nỗ lực phấn đấu, rèn luyện của các đồng chí hội viên, Hội CCB Trường ĐHCNHN sẽ đạt được nhiều thành tích xuất sắc trong giảng dạy, nghiên cứu khoa học và quản lý, phục vụ, góp phần vào sự nghiệp xây dựng Đại học Công nghiệp Hà Nội lên một tầm cao mới. Các đại biểu tham dự Đại hội chụp ảnh lưu niệm Một số hình ảnh tại Đại hội: Thứ Bảy, 13:47 21/05/2022 Tags: Đại hội Hội Cựu chiến binh Trường Đại học Công nghiệp Hà Nội nhiệm kỳ 2022-2027\\nnext_contents:\\n- Xã hội chủ nghĩa, góp phần giữ vững an ninh chính trị. Mỗi hội viên luôn nêu cao tinh thần chủ động, tham gia tích cực và hiệu quả vào việc thực hiện nhiệm vụ chính trị, các phong trào, trong sự nghiệp xây dựng phát triển nhà trường. Bên cạnh đó, Hội thực hiện rất tốt nhiệm vụ chuyên môn, giảng dạy và nghiên cứu khoa học; phối hợp với các đoàn thể trong Trường tổ chức, triển khai các phong trào, cuộc vận động do Trường phát động; chăm lo đời sống vật chất và tinh thần của hội viên, bảo vệ quyền lợi chính đáng của các hội viên và tạo điều kiện để các đồng chí hội viên gắn bó, hỗ trợ, giúp đỡ lẫn nhau trong công tác và đời sống. Báo cáo phương hướng thực hiện nhiệm vụ nhiệm kỳ 2022-2027, Hội CCB Trường khẳng định sẽ giữ vững và phát huy bản chất truyền thống “Bộ đội cụ Hồ”; Xây dựng Hội trong sạch, vững mạnh; 100% hội viên đạt danh hiệu “Cựu chiến binh gương mẫu”; Hoàn thành xuất sắc nhiệm vụ chính trị của Hội… Đồng chí Nguyễn Mạnh Hùng - Phó Chủ tịch Hội Cựu chiến binh quận Bắc Từ Liêm đánh giá cao vai trò của Hội CCB Trường Đại học Công nghiệp Hà Nội Tại Đại hội, đồng chí Nguyễn Mạnh Hùng - Phó Chủ tịch Hội Cựu chiến binh quận Bắc Từ Liêm ghi nhận những thành tích mà Hội CCB Trường Đại học Công nghiệp Hà Nội đã đạt được trong nhiệm kỳ 2017 - 2022, đồng thời đề nghị Hội tiếp tục đổi mới phương pháp, nội dung hoạt động, nêu cao vai trò của mỗi hội viên ở từng vị trí công tác, hoàn thành tốt các nhiệm vụ, tổ chức các hoạt động của Hội thiết thực và ý nghĩa. PGS.TS.Phạm Văn Bổng - Phó Bí thư Đảng ủy, Phó Hiệu trưởng nhà trường phát biểu Phát biểu tại đại hội, PGS.TS.Phạm Văn Bổng - Phó Bí thư Đảng ủy, Phó Hiệu trưởng nhà trường đánh giá cao vai trò của Hội CCB Trường. Từ khi thành lập đến nay, Hội CCB đã đóng góp có hiệu quả và ý nghĩa vào sự phát triển của Trường. PGS.TS.Phạm Văn Bổng hy vọng: Hội CCB Trường sẽ tiếp tục phát huy thành tích đã đạt được và luôn luôn giữ vững phẩn chất truyền thống tốt đẹp của “Bộ đội Cụ Hồ”, thực hiện tốt vai trò, nhiệm vụ của Hội, góp\\n']","['<1-hop>\\n\\nPhát biểu chỉ đạo Đại hội, đồng chí TS. Đặng Trọng Hợp – Trưởng Khoa CNTT mong muốn trong nhiệm kỳ tới, Liên chi Đoàn đẩy mạnh các hoạt động nghiên cứu khoa học, đổi mới sáng tạo và khởi nghiệp trong đoàn viên thanh niên.. Tăng cường, đổi mới việc nắm bắt tình hình và kịp thời định hướng tư tưởng cho thanh niên, đặc biệt trên không gian mạng. Thúc đẩy các xu hướng, phong trào tích cực; hạn chế, khắc phục các xu hướng tiêu cực trong đoàn viên thanh niên. Nâng cao nhận thức của đoàn viên, thanh niên về tầm quan trọng của chuyển đổi số. TS. Đặng Trọng Hợp - Trưởng Khoa CNTT phát biểu chỉ đạo tại đại hội Ghi nhận những đóng góp trong công tác Đoàn của Liên chi Đoàn Khoa CNTT, Đoàn Trường đã trao tặng giấy khen cho các cá nhân, tổ chức đạt thành tích xuất sắc trong công tác Đoàn và phong trào thanh niên nhiệm kỳ 2022 - 2024. Các tập thể, cá nhân có thành tích suất sắc nhận giấy khen của Đoàn trường Sau hai phiên làm việc với tinh thần nghiêm túc và hiệu quả, Đại hội đã sáng suốt lựa chọn và bầu ra Ban chấp hành Liên chi Đoàn Khoa CNTT Khóa XI nhiệm kỳ 2024 - 2027 gồm 11 đồng chí: Đ/c Nguyễn Chiến Thắng - Bí thư Đ/c Nguyễn Trường An - Phó Bí thư Đ/c Nguyễn Hoàng Trang Anh - Phó Bí thư Đ/c Nguyễn Huy Công - Uỷ viên Đ/c Phan Việt Anh - Uỷ viên Đ/c Nguyễn Đình Việt - Uỷ viên Đ/c Lê Ngọc Nam Anh - Uỷ viên Đ/c Vũ Thị Huế - Uỷ viên Đ/c Trần Xuân Đức - Uỷ viên Đ/c Võ Tá Học - Uỷ viên Đ/c Nguyễn Hữu Nhật - Uỷ viên Hi vọng rằng dưới sự dẫn dắt của bộ máy Ban chấp hành mới tài năng, nhiệt huyết, Liên chi Khoa CNTT sẽ thực hiện được toàn bộ những mục tiêu đã đề ra, gặt hái thêm nhiều thành tích xuất sắc. BCH Liên chi Đoàn Khoa Công nghệ thông tin ra mắt Đại hội Đại biểu Liên chi đoàn Khoa CNTT nhiệm kỳ 2024 - 2027 đã diễn ra thành công tốt đẹp. Với tinh thần Khát vọng - Tiên phong - Đoàn kết - Bản lĩnh - Đổi mới, đại hội và tuổi trẻ nhà trường tin tưởng các đồng chí trong Ban chấp hành Liên chi Đoàn và tất cả các đoàn viên đoàn kết, sáng tạo cùng hoàn thành tốt các chỉ tiêu đặt ra và phấn đấu là Liên chi Đoàn đi đầu trong công tác Đoàn và phong trào Đoàn trường Đại học Công nghiệp Hà Nội. Một số hình ảnh đặc sắc tại đại hội: Thứ Hai, 11:35 04/11/2024 Tags:', '<2-hop>\\n\\nToàn cảnh đại hội Tới dự và chỉ đạo Đại hội, về phía Đoàn thanh niên Trường Đại học Công nghiệp Hà Nội có đồng chí Đỗ Minh Hiền – Bí thư Đoàn trường, đồng chí Nguyễn Tiến Tấn – Phó Bí thư Đoàn trường, đồng chí Lý Thị Ngọc Minh - Phó Chủ nhiệm Ủy Ban kiểm tra đoàn trường. Về phía Đảng bộ có TS. Đặng Trọng Hợp – Bí thư Chi bộ, Trưởng Khoa CNTT cùng các thầy cô cố vấn học tập, các Liên chi Đoàn bạn trong Trường. Với khẩu hiệu hành động: “Tuổi trẻ Khoa CNTT Khát vọng – Bản lĩnh – Dấn thân – Sáng tạo – Chuyển đổi”, Đại hội xác định nhiệm vụ đã đề ra trong nhiệm kỳ 2022 - 2024, thẳng thắn nhìn nhận, đánh giá thực trạng công tác Đoàn và phong trào thanh niên trong thời gian qua. Trên cơ sở đó, Đại hội sẽ thảo luận và quyết định mục tiêu, phương hướng, nhiệm vụ và các chương trình hành động trong nhiệm kỳ 2024 - 2027 phù hợp với yêu cầu và điều kiện thực tế. Đồng thời bầu ra Ban Chấp hành mới có đủ năng lực, trình độ, nhiệt huyết để hoàn thành sứ mệnh, nhiệm vụ chính trị được giao đồng thời trở thành người bạn đồng hành đáng tin cậy của đoàn viên, thanh niên Khoa CNTT. Đại hội được nghe đồng chí Nguyễn Chiến Thắng – Bí thư Ban chấp hành Liên chi Đoàn nhiệm kỳ 2022 - 2024 trình bày báo cáo kiểm điểm của Ban Chấp hành nhiệm kỳ 2022 - 2024. Theo đó Liên Chi Đoàn đã hoàn thành các nhiệm vụ Nhiều đồng chí được nhận các danh hiệu Chiến sỹ thi đua cấp cơ sở, Công đoàn viên hoàn thành xuất sắc nhiệm vụ, Sinh viên 5 tốt, đạt giải tại các cuộc thi trong và ngoài trường. Liên chi Đoàn nghiêm túc nhìn nhận cần tích cực tham gia hơn nữa các hoạt động gắn liền với kiến thức, chuyên môn. Nâng cao chất lượng công tác và chất lượng học tập. Đại hội được theo dõi Phóng sự tổng kết công tác Đoàn và phong trào thanh niên Khoa CNTT nhiệm kỳ 2022 – 2024, phương hướng nhiệm kỳ 2024 - 2027. Theo đó Liên chi Đoàn đã hoàn thành xuất sắc các chỉ tiêu cơ bản do Nghị quyết Đại hội đại biểu nhiệm kỳ 2022 – 2024 đã đề ra; đội ngũ cán bộ Đoàn cũng đã từng bước trưởng thành; vai trò của tuổi trẻ thông qua các phong trào như thanh niên tình nguyện, tuổi trẻ sáng tạo, các công tác tuyên truyền cũng đã được khẳng định và đóng góp tích cực vào mục tiêu chung của đơn vị. Liên chi Đoàn cũng đã tổ chức nhiều hoạt động mới mong muốn đẩy mạnh học tập, nghiên cứu khoa học với các chương trình hỗ trợ khởi nghiệp, hội nhập quốc tế. Ngoài ra Liên chi Đoàn cũng chú trọng việc xây dựng và phát triển tổ chức Đoàn, làm nòng cốt chính trị đối với tổ chức Hội Sinh viên. Tại Đại hội, đồng chí Đỗ Minh Hiền - Đảng ủy viên - Bí thư Đoàn trường đã ghi nhận và đánh giá cao nỗ lực của tập thể cán bộ đoàn, đoàn viên, sinh viên Khoa CNTT với phong trào Đoàn, phong trào Thanh niên; nhiệm kỳ 2022 – 2024 của Liên chi Khoa CNTT đã đánh dấu một bước tiến lớn trong nhiệm kỳ đầu tiên của Liên chi Đoàn. Đ/c Đỗ Minh Hiền - Đảng ủy viên - Bí thư đoàn Trường HAUI phát biểu tại đại hội']","Tại Đại hội Liên chi Đoàn Khoa Công nghệ thông tin lần thứ X, nhiệm kỳ 2022 - 2024, TS. Đặng Trọng Hợp - Bí thư Chi bộ, Trưởng Khoa CNTT đã có những phát biểu quan trọng. Ông ghi nhận những đóng góp của Liên chi Đoàn trong nhiệm kỳ vừa qua và nhấn mạnh rằng các hoạt động và phong trào của Liên chi cần được đẩy mạnh hơn nữa, đặc biệt là trong các chương trình nghiên cứu khoa học, các cuộc thi và hoạt động của các câu lạc bộ.

Ông cũng đã đưa ra những định hướng cho nhiệm kỳ tới, bao gồm:
- Đẩy mạnh các hoạt động nghiên cứu khoa học, đổi mới sáng tạo và khởi nghiệp trong đoàn viên thanh niên.
- Tăng cường việc nắm bắt tình hình và định hướng tư tưởng cho thanh niên, đặc biệt trên không gian mạng.
- Thúc đẩy các xu hướng tích cực và hạn chế các xu hướng tiêu cực trong đoàn viên thanh niên.
- Nâng cao nhận thức về tầm quan trọng của chuyển đổi số.

Đại hội đã diễn ra thành công tốt đẹp và bầu ra Ban chấp hành mới với nhiều đồng chí có năng lực và nhiệt huyết, hứa hẹn sẽ tiếp tục dẫn dắt Liên chi Đoàn Khoa CNTT trở thành điểm sáng trong công tác Đoàn - Hội của trường.

Nguồn: [Đại hội đại biểu Liên chi Đoàn khoa Công nghệ thông tin lần thứ X, nhiệm kỳ 2022 - 2024] - [**Link tham khảo**](https://fit.haui.edu.vn/vn/tin-tuc/dai-hoi-dai-bieu-lien-chi-doan-khoa-cong-nghe-thong-tin-lan-thu-x-nhiem-ky-2022-2024/68570).

Nếu bạn cần thêm thông tin về các hoạt động khác của khoa hoặc trường, hãy cho tôi biết!","Tại Đại hội Liên chi Đoàn Khoa CNTT, TS. Đặng Trọng Hợp – Trưởng Khoa CNTT đã phát biểu chỉ đạo, mong muốn trong nhiệm kỳ tới, Liên chi Đoàn đẩy mạnh các hoạt động nghiên cứu khoa học, đổi mới sáng tạo và khởi nghiệp trong đoàn viên thanh niên. Ông nhấn mạnh tầm quan trọng của việc nâng cao nhận thức của đoàn viên, thanh niên về chuyển đổi số và cần kịp thời định hướng tư tưởng cho thanh niên, đặc biệt trên không gian mạng. Ông cũng ghi nhận những đóng góp trong công tác Đoàn của Liên chi Đoàn Khoa CNTT và khuyến khích các đoàn viên đoàn kết, sáng tạo để hoàn thành tốt các chỉ tiêu đã đề ra.",0.9003484690880921,0.499999999975,0.5652173913043478,1.0,0.7908461093902588,8.333066940307617
Đội Thanh niên tình nguyện Khoa CNTT HaUI đã phát triển như thế nào trong 16 năm qua và những kế hoạch nào được tân Đội trưởng Nguyễn Hữu Nhật đề ra cho nhiệm kỳ 2024-2025?,"['content: phục những thử thách thực tiễn. Chúng tôi tin rằng, với sự cố gắng không ngừng nghỉ và sự hỗ trợ từ nhà trường và doanh nghiệp, các bạn sinh viên sẽ sớm trở thành những chuyên gia hàng đầu trong lĩnh vực CNTT."" TS. Phạm Văn Hà chia sẻ và chúc mừng các em SV đã đạt được học bổng Lập trình viên Toàn năng (DTN) Sinh viên Trần Thị Minh Tâm đại diện SV khoa CNTT - HaUI được nhận học bổng lên phát biểu Anh Vũ Đức Thuận - Đại diện Công ty VTI lên trao suất học bổng cho SV xuất sắc Khoa CNTT-HaUI Hy vọng rằng học bổng sẽ là nguồn động lực lớn giúp các bạn sinh viên tiếp tục theo đuổi ước mơ của mình trong tương lai, luôn giữ vững tinh thần học hỏi không ngừng và tinh thần sáng tạo để vươn xa hơn trong sự nghiệp. Thứ Sáu, 15:29 27/09/2024 Tags:\\nnext_contents:\\n- Sinh viên Khoa Công nghệ thông tin Trường Đại học Công nghiệp nhận học bổng từ VTI Academy Chương trình học bổng “DIGIWORLD ƯƠM MẦM XANH - ĐÀO TẠO KỸ SƯ LẬP TRÌNH” được hợp tác giữa công ty cổ phần công nghệ số (Digiworld) và VTI Academy, trung tâm đào tạo công nghệ thông tin thuộc tập đoàn VTI nhằm hỗ trợ sinh viên vượt khó, thúc đẩy phát triển nguồn nhân lực công nghệ thông tin chất lượng cao trong thời đại công nghệ 4.0. Với tổng giá trị học bổng 3 tỷ đồng, chương trình mong muốn tạo cơ hội cho sinh viên năm cuối bậc đại học hiện thực hóa ước mơ công nghệ, có điều kiện tiếp cận sớm nhất với dự án doanh nghiệp, nhằm nâng cao trình độ chuyên môn, phát triển kỹ năng mềm và giữ vững tinh thần “học tập suốt đời"" trên con đường sự nghiệp. Chiều ngày 26/9/2024, VTI Academy rất vui được trao tặng học bổng ""Digiword - Ươm mầm xanh"" cho 3 sinh viên xuất sắc đến từ khoa CNTT, trường Đại học Công nghiệp Hà Nội. Đây đều là những sinh viên vượt lên hoàn cảnh khó khăn đạt thành tích học tập xuất sắc. Tại buổi lễ trao học bổng, TS. Phạm Văn Hà, Phó Trưởng khoa CNTT, trường Đại học Công nghiệp Hà Nội, đã chia sẻ: ""Chúng tôi đánh giá cao sự hỗ trợ từ các doanh nghiệp như VTI Academy, không chỉ trong việc trao tặng học bổng mà còn trong việc cung cấp những cơ hội học tập và làm việc cho sinh viên.” Anh Vũ Đức Thuận, COO của VTI Academy, cũng khẳng định: ""VTI Academy cam kết không chỉ đồng hành cùng các sinh viên trong việc nâng cao kiến thức mà còn trong hành trình chinh phục những thử thách thực tiễn. Chúng tôi tin rằng, với sự cố gắng không ngừng nghỉ và sự hỗ trợ từ nhà trường và doanh nghiệp, các bạn sinh viên sẽ sớm trở thành những chuyên gia hàng đầu trong lĩnh vực CNTT."" TS. Phạm Văn Hà chia sẻ và chúc mừng các em SV đã đạt được học bổng Lập trình viên Toàn năng (DTN) Sinh viên Trần Thị Minh Tâm đại diện SV khoa CNTT - HaUI được nhận học bổng lên phát biểu Anh Vũ Đức Thuận - Đại diện Công ty VTI lên trao suất học bổng cho SV xuất sắc Khoa CNTT-HaUI Hy\\n', 'content: Hội nghị kiện toàn Đội Thanh niên tình nguyện Khoa CNTT nhiệm kỳ 2023-2024 Chiều 30/11/2024, Hội nghị Kiện toàn Đội Thanh niên tình nguyện Khoa Công nghệ thông tin Trường ĐH Công Nghiệp Hà Nội nhiệm kỳ 2023-2024 đã diễn ra. Đội Thanh niên tình nguyện Khoa CNTT HaUI là một trong những Đội hình tình nguyện nòng cốt trực thuộc Liên chi Đoàn Khoa CNTT Trường Đại học Công Nghiệp Hà Nội. Bước sang năm hoạt động thứ 16 với 16 lần kiện toàn Ban Chủ nhiệm, Đội Thanh niên tình nguyện Khoa CNTT được tổ chức quy củ, nề nếp, có phương hướng và kế hoạch hoạt động cụ thể, bài bản theo từng giai đoạn. Đội là nhân tố quan trọng đóng góp vào sự phát triển của công tác Đoàn và phong trào thanh niên Khoa CNTT HaUI. Đội Thanh niên tình nguyện Khoa CNTT HaUI đã trải qua 16 năm hoạt động với phương châm được xác định: Tình nguyện bốn bể là nhà - Hai mươi năm ấy vẫn là thanh xuân Tại Lễ Kiện toàn bạn Lê Minh Hùng, Nguyên Đội trưởng Đội Thanh niên tình nguyện ULSA khoá trước chia sẻ: ""Trong nhiệm kỳ quản lý Đội, được giao trọng trách là đội trưởng, mình cảm thấy rất may mắn khi được Ban chủ nhiệm, các thành viên trong Đội và đặc biệt là Đoàn Thanh niên trường tin tưởng và giúp đỡ tận tình. Được gắn bó với Đội suốt 4 năm đại học, đối với mình Đội tình nguyện đã trở thành gia đình thứ 2. Mình có quá nhiều kỷ niệm không thể quên với tập thể Đội. Mình rất tự hào khi nói rằng “ngôi nhà xanh FIT-HaUI” là một tập thể luôn nhiệt huyết, đoàn kết và vững mạnh. Đội đã đi tới nhiều nơi và hoàn thành được nhiều công trình, phần việc vì cộng đồng ý nghĩa Mình mong muốn và tin tưởng Ban Chủ nhiệm Đội trong nhiệm kỳ mới sẽ luôn phát huy tốt tinh thần, nhiệt huyết của tuổi trẻ, theo sự phân công và giao nhiệm vụ của Đoàn Thanh niên trường, quản lý đội thật tốt, để tập thể “ngôi nhà xanh FIT-HaUI” luôn đi đầu trong các phong trào, hoạt động của Đoàn Thanh niên Khoa CNTT-HaUI"". Trong năm học 2023-2024, Đội Thanh niên tình nguyện Khoa CNTT HaUI với định hướng, chỉ đạo của Đoàn Thanh niên trường, cùng với sự cố\\nnext_contents:\\n', 'content: kết. Mong rằng 4 bạn sẽ giữ vững được tinh thần và phong độ để bùng nổ, đạt điểm số cao nhất tại các phần thi sắp tới. Cô và trò quyết tâm cao cho vòng chung kết Cuộc thi Tài năng trẻ Logistics Việt Nam 2022 Vòng chung kết dự kiến sẽ được tổ chức tại Hà Nội vào cuối tháng 11 với sự đổi mới về các vòng thi và sự đầu tư hơn về quy mô, hứa hẹn sẽ là màn tranh tài gay cấn của những đội thi xuất sắc nhất. Chúc cho đội thi L.M.C sẽ tiếp tục “cháy” hết mình và đạt kết quả tốt nhất. Thứ Ba, 08:27 25/10/2022 Tags: Sinh viên HaUI chung kết Cuộc thi Tài năng trẻ Logistics Việt Nam Vietnam Young Logistics Talents quản lý kinh doanh\\nnext_contents:\\n- ra, tăng tốc độ trong chu trình thu hồi hàng hóa. Đồng thời giúp người tiêu dùng cuối cùng truy xuất được nguồn gốc, kiểm tra được giá bán của sản phẩm trên thị trường cũng như dễ dàng trong việc thanh toán. Ngoài ra, còn giúp cho việc đổi trả dễ dàng nhanh chóng khi sản phẩm xảy ra lỗi. Đối với nhà phân phối, nhà bán lẻ, dự án giúp tăng độ uy tín trong lòng khách hàng, gắn kết mối quan hệ bền chặt với nhà sản xuất. Đội trưởng Quang Huy bật mí: “Tên của đội là L.M.C viết tắt từ 3 chữ tiếng Anh: Logistics - Meaningful - Combination. Chúng em là 04 mảnh ghép với 04 màu sắc khác nhau, nhưng có chung niềm đam mê với logistics. Nói cách khác, chính logistics và VNYLT 2022 đã gắn kết L.M.C lại với nhau và tạo nên một sự kết hợp đầy tiềm năng và có ý nghĩa”. TS.Nguyễn Thị Mai Anh hướng dẫn nhóm sinh viên tham gia cuộc thi ""Cuộc thi Tài năng trẻ Logistics Việt Nam là sân chơi với nhiều sinh viên đến từ 68 trường đại học, cao đẳng tại Việt Nam. Với hình thức thi mang tính tư duy và kiến thức rộng mở, cuộc thi đã tạo sân chơi thiết thực cho sinh viên, kích thích đam mê và hướng nghiệp logistics. Em cùng các bạn được tự do bày tỏ ý kiến, quan điểm cá nhân về lĩnh vực logistics"" , Khánh Linh chia sẻ. TS.Nguyễn Thị Mai Anh - Trưởng chương trình Logisitcs và quản lý chuỗi cung ứng, khoa Quản lý kinh doanh đồng thời là giảng viên hướng dẫn cho đội thi cho biết: Cùng với sự chăm chỉ, nỗ lực, kiến thức và bản lĩnh, đội thi L.M.C đã chinh phục được Ban Giám khảo để giành tấm vé vào Vòng Chung kết. Mong rằng 4 bạn sẽ giữ vững được tinh thần và phong độ để bùng nổ, đạt điểm số cao nhất tại các phần thi sắp tới. Cô và trò quyết tâm cao cho vòng chung kết Cuộc thi Tài năng trẻ Logistics Việt Nam 2022 Vòng chung kết dự kiến sẽ được tổ chức tại Hà Nội vào cuối tháng 11 với sự đổi mới về các vòng thi và sự đầu tư hơn về quy mô, hứa hẹn sẽ là màn tranh tài gay cấn của những đội thi xuất sắc nhất. Chúc cho đội thi L.M.C sẽ tiếp tục “cháy” hết mình và đạt kết quả tốt nhất. Thứ Ba, 08:27\\n', 'content: Đại hội đại biểu Liên chi Đoàn khoa Công nghệ thông tin lần thứ X, nhiệm kỳ 2022 - 2024 Ngày 16/04/2022, Đại hội đại biểu Liên chi Đoàn khoa Công nghệ thông tin lần thứ X, nhiệm kỳ 2022 - 2024 đã diễn ra thành công tốt đẹp tại hội trường A11, CS1 Trường Đại học Công nghiệp Hà Nội. ĐẠI HỘI ĐẠI BIỂU LIÊN CHI ĐOÀN KHOA CÔNG NGHỆ THÔNG TIN LẦN THỨ X, NHIỆM KỲ 2022 - 2024 Ngày 16/04/2022, Đại hội đại biểu Liên chi Đoàn khoa Công nghệ thông tin lần thứ X, nhiệm kỳ 2022 - 2024 đã diễn ra thành công tốt đẹp tại hội trường A11, CS1 Trường Đại học Công nghiệp Hà Nội. Đây là một sự kiện chính trị quan trọng nhằm báo cáo kết quả hoạt động nhiệm kì 2019 - 2022 và bầu ra BCH Liên chi Đoàn khóa mới, nhiệm kì 2022 - 2024. Hướng tới 25 năm thành lập Khoa CNTT và tầm nhìn chiến lược đến năm 2025. Sau 02 phiên làm việc với tinh thần khẩn trương, nghiêm túc và hiệu quả, Đại hội đã đi đến thống nhất và thông qua Báo cáo Tổng kết nhiệm kỳ 2019 – 2022, đề ra phương hướng và nhiệm vụ nhiệm kỳ 2022 – 2024. Đại hội nhất trí bầu đ/c Trịnh Bá Quý giữ chức vụ Bí thư LCĐ khoa CNTT; đ/c Nguyễn Chiến Thắng và đ/c Lưu Thị Thảo giữ chức vụ Phó Bí thư LCĐ khoa CNTT; 8 đồng chí giữ vai trò Uỷ Viên ban chấp hành LCĐ khoa CNTT: 1. Nguyễn Trường An 2. Lê Thị Thanh Hoa 3. Cam Thị Liễu 4. Nguyễn Thuỳ Linh 5. Trần Hoàng Minh Quang 6. Thân Ngọc Thiện 7. Trịnh Sỹ Tới 8. Dương Trung Tú Ghi nhận và tuyên dương những đóng góp của Liên chi đoàn khoa CNTT với công tác Đoàn trong nhiệm kỳ vừa qua, Đoàn trường đã trao tặng giấy khen cho các tập thể và cá nhân đạt thành tích xuất sắc trong công tác Đoàn và phong trào thanh niên nhiệm kỳ 2019 - 2022. Thay mặt Chi bộ, TS Đặng Trọng Hợp - Bí thư chi bộ – Trưởng khoa CNTT đã có lẵng hoa chúc mừng đại hội và phát biểu chỉ đạo. Đồng chí ghi nhận những đóng góp của LCĐ trong nhiệm kỳ vừa qua. Đồng thời, cũng nhấn mạnh các công tác và phong trào của Liên chi cần đẩy mạnh hơn nữa tinh thần xung kích trong các chương trình, phong trào nghiên cứu khoa học, các cuộc thi, hoạt\\nnext_contents:\\n', 'content: Chàng trai ngành Công nghệ thông tin là tấm gương sáng cho sinh viên Sinh ra và lớn lên ở Thanh Hóa, Nguyễn Đức Long ngay từ nhỏ đã là một chàng trai hiểu chuyện, biết suy nghĩ cho bố mẹ, biết nhìn nhận hoàn cảnh gia đình. Chính vì thế Long đã lựa chọn ngành Công nghệ thông tin Trường Đại học Công Nghiệp Hà Nội làm nơi gắn bó để trưởng thành. Nguyễn Đức Long - Cựu Đội trưởng đội IT Supporter Khoa CNTT Ngọc Đại chia sẻ trước kia anh bạn chưa hề biết gì về lập trình, nhưng chỉ sau thời gian học tập tại Khoa CNTT Trường ĐH Công Nghiệp Hà Nội, Long đã được nhận vào làm chính thức tại FPT Software với mức lương hơn cả bản thân mong đợi. 12/2021: Giải Khuyến khích cuộc thi Tay nghề quốc gia (WorldSkills Vietnam 2021) – Nghề Quản trị mạng 2022: Giấy khen của Hội sinh viên trường Đại học Công nghiệp Hà Nội “Đã có thành tích xuất sắc trong công tác hội và phong trào sinh viên” năm học 2021-2022” Khi được hỏi về kinh nghiệm của bản thân, Đức Long không ngần ngại chia sẻ: “Có rất nhiều sinh viên gặp khó khăn trong vấn đề tìm kiếm việc làm, nhưng để có được thành quả như ngày hôm nay, bản thân mình đã phải cố gắng rất nhiều trong những năm qua. Mình không ngồi yên chờ cơ hội đến mà bản thân mình đã tự đi xin việc khi mới chỉ là sinh viên, khi còn đang bộn bề với những dự án tại trường.” Nhất là trong quãng thời gian sinh viên, Long đã liên tục đăng kí tham gia nhiều cuộc thi cùng lúc, học nhiều môn và làm nhiều dự án. Với triết lý sống “Make your own way”, ai sinh ra cũng cần phải có đam mê, có ước mơ và tìm hiểu xem bản thân phù hợp nhất với ngành nghề nào và cố gắng, kiên trì để đạt được nó bằng những kế hoạch chi tiết, hành động cụ thể với một tâm lý vững vàng nhất. Nếu thành công thì hãy áp dụng nó cho những lần kế tiếp, dù thất bại cũng không nản chí, bỏ cuộc mà hãy rút ra bài học kinh nghiệm cho bản thân mình. Trong thời gian sắp tới, chàng sinh viên người Thanh Hóa hứa hẹn sẽ đem tới những giá trị có ích cho cuộc sống, phấn đấu hoàn thiện bản thân mỗi ngày, hoàn thành\\nnext_contents:\\n']","['<1-hop>\\n\\nHành trình 16 thanh xuân tuổi trẻ Đội Thanh niên tình nguyện Với tinh thần “Đâu cần thanh niên có, việc gì khó có thanh niên”, màu áo xanh tình nguyện đã trở thành hình ảnh quen thuộc thể hiện vai trò xung kích và cống hiến của tuổi trẻ Khoa Công nghệ thông tin Trường Đại học Công Nghiệp Hà Nội cho cộng đồng, xã hội. Từ những ngày đầu non trẻ, giờ đây – sau 16 năm, Đội Thanh niên tình nguyện Khoa CNTT - HaUI ngày càng lớn mạnh, kết nối hàng trăm gương mặt ưu tú, nhiệt huyết, năng động, là “cánh tay đắc lực” của Đoàn Thanh niên. Tối 30/11 vừa qua, tất cả nam thanh, nữ tú từng khoác lên mình màu áo xanh tình nguyện đã tụ hội, cùng nâng ly chúc mừng sinh nhật 16 tuổi của Đội Thanh niên tình nguyện. Đội Thanh niên tình nguyên thuộc Ban chấp hành Liên chi Đoàn Khoa CNTT, được ra đời cùng gần với quá trình xây dựng và phát triển Khoa CNTT HaUI. Có thể nói, Đội TNTN là một gia đình nhỏ trong gia đình lớn Khoa CNTT HaUI, là mái nhà chung của của các bạn sinh viên yêu thích các hoạt động tình nguyện, tham gia các hoạt động công ích cho xã hội. Tại đây, các bạn trẻ đã “kề vai sát cánh” trong nhiều hoạt động ý nghĩa của Nhà trường và xã hội như: Tết ấm yêu thương, tình nguyện vì cộng đồng, đại lễ Vu lan, Phát cháo từ thiên, Tri ân thầy cô 20/11, hỗ trợ nhập học, hỗ trợ chào tân SV, hỗ trợ Lễ tốt nghiệp trao bằng…Mỗi dịp sinh nhật, Đội TNTN lại cùng nhau ôn lại những kỷ niệm đã cùng nhau trải qua, những thành tích đã đạt được cũng như những điều cần rút kinh nghiệm. Các thế hệ TNTN Khoa CNTT HaUI tề tựu mừng sinh nhật 16 tuổi của Đội TNTN. Thay mặt Ban chủ nhiệm Khoa, TS. Đặng Trọng Hợp – Trưởng khoa CNTT HaUI gửi lời chúc mừng sinh nhật Đội “Tấm lòng sáng, tinh thần nhiệt huyết, sống vì cộng đồng của các em đã giúp Đội TNTN lớn mạnh như ngày hôm nay. Các em chính là một trong những lực lượng nòng cốt, luôn sát cánh cùng Khoa, Nhà trường trong mọi hoạt động. Chúc cho tất cả những sinh viên đã và đang khoác trên mình chiếc áo xanh tình nguyện Khoa CNTT HaUI luôn giữ được nhiệt huyết của tuổi trẻ; hoàn thành tốt nhiệm vụ học tập, làm việc; duy trì và lan tỏa các công việc từ thiện, vì cộng đồng”.. TS. Đặng Trọng Hợp chúc mừng sự lớn mạnh của Đội TNTN – “cánh tay đắc lực” của Đoàn Thanh niên. Đại diện Ban Chủ nhiệm Khoa CNTT tặng quà sinh nhật Đội TNTN. Đại diện Ban Chủ nhiệm Khoa, Đoàn Thanh niên và Đội TNTN cắt bánh sinh nhật. Nguyễn Hữu Nhật – Đội trưởng Đội TNTN thay mặt toàn Đội cam kết: “Đội TNTN Khoa CNTT hứa sẽ tiếp tục cống hiến hết mình cho Nhà trường và xã hội; luôn là những người trẻ FIT-HaUI không ngại khó, ngại khổ; sẵn sàng tham gia mọi hoạt động có ích cho xã hội, cho cộng đồng”. Những cái bắt tay, cái ôm ấm áp của các thành viên, cựu thành viên cho thấy: Đội TNTN Khoa CNTT HaUI luôn là một đại gia đình. Những trái tim nhiệt huyết cùng tinh thần đoàn kết của tuổi trẻ tình nguyện sẽ luôn sát cánh cùng thầy cô trong mọi hoạt động Nhà trường và xã hội. Dù ở đâu, làm gì, tuổi trẻ FIT-HaUI vẫn luôn là những người trẻ năng động nhiệt huyết và thành công! Thứ Sáu, 10:37 06/12/2024 Tags:', '<2-hop>\\n\\nChia sẻ khi nhận nhiệm vụ là tân Đội trưởng Đội Thanh niên tình nguyện Khoa CNTT HaUI khoá mới, bạn Nguyễn Hữu Nhật, đội trưởng nhiệm kỳ 2024-2025 cho biết: ""Mình rất vui vì được Ban Chấp hành Đoàn trường, ban chủ nhiệm khoá cũ và toàn đội tín nhiệm, tin tưởng giao trọng trách trở thành người dẫn dắt đội trong thời gian tới. Những thành tựu mà Đội Thanh niên tình nguyện Khoa CNTT HaUI đạt được trong thời gian qua có được là nhờ những đóng góp không ngừng nghỉ của ban lãnh đạo khoá cũ và các thành viên trong Đội"". ""Thời gian tới, mình và ban lãnh đạo khoá mới sẽ cố gắng hết sức để phát huy truyền thống của đội, tiếp tục đưa Đội Thanh niên tình nguyện Khoa CNTT HaUI phát triển đi lên; Trở thành một trong những lá cờ đầu trong hoạt động của Đoàn Thanh niên trường Đại học Công Nghiệp Hà Nội"", Nhật nhấn mạnh. Thứ Sáu, 14:26 06/12/2024 Tags:']","### Hoạt động của Đội Thanh niên tình nguyện Khoa CNTT HaUI

1. **Lịch sử phát triển**:
   - Đội Thanh niên tình nguyện Khoa CNTT HaUI đã hoạt động được 16 năm, với 16 lần kiện toàn Ban Chủ nhiệm.
   - Đội được tổ chức quy củ, có phương hướng và kế hoạch hoạt động cụ thể, bài bản theo từng giai đoạn.
   - Đội đã đóng góp quan trọng vào sự phát triển của công tác Đoàn và phong trào thanh niên tại Khoa CNTT.

2. **Phương châm hoạt động**:
   - Phương châm của đội là: ""Tình nguyện bốn bể là nhà - Hai mươi năm ấy vẫn là thanh xuân"".

3. **Kế hoạch cho nhiệm kỳ 2024-2025**:
   - Tân Đội trưởng Nguyễn Hữu Nhật cùng Ban Chủ nhiệm mới đã đề ra các kế hoạch sau:
     - Bám sát định hướng, chỉ đạo của Đoàn Thanh niên trường.
     - Xây dựng kế hoạch công tác khả thi, phù hợp với đặc thù của Đội.
     - Tăng cường tuyên truyền, giáo dục chính trị tư tưởng, đạo đức lối sống cho Đội viên.
     - Theo dõi và nắm bắt tình hình tư tưởng, tâm tư nguyện vọng của Đội viên.
     - Đẩy mạnh các phong trào thi đua học tập, sáng tạo và nâng cao chất lượng, hiệu quả hoạt động.

### Tham khảo
Thông tin trên được trích dẫn từ tài liệu về Hội nghị kiện toàn Đội Thanh niên tình nguyện Khoa CNTT nhiệm kỳ 2023-2024. 
- [Hội nghị kiện toàn Đội Thanh niên tình nguyện Khoa CNTT nhiệm kỳ 2023-2024] - [**Link tham khảo**](https://fit.haui.edu.vn/vn/tin-tuc/hoi-nghi-kien-toan-doi-thanh-nien-tinh-nguyen-khoa-cntt-nhiem-ky-2023-2024/71182).

Nếu bạn cần thêm thông tin hoặc có câu hỏi khác, hãy cho tôi biết!","Trong 16 năm qua, Đội Thanh niên tình nguyện Khoa CNTT HaUI đã phát triển mạnh mẽ, trở thành một gia đình nhỏ trong gia đình lớn Khoa CNTT HaUI, kết nối hàng trăm sinh viên nhiệt huyết và năng động. Đội đã tham gia nhiều hoạt động ý nghĩa cho cộng đồng như Tết ấm yêu thương, phát cháo từ thiện, và hỗ trợ sinh viên mới. Tân Đội trưởng Nguyễn Hữu Nhật cho biết rằng trong nhiệm kỳ 2024-2025, anh và ban lãnh đạo mới sẽ cố gắng phát huy truyền thống của đội, tiếp tục đưa Đội Thanh niên tình nguyện Khoa CNTT HaUI phát triển và trở thành một trong những lá cờ đầu trong hoạt động của Đoàn Thanh niên trường Đại học Công Nghiệp Hà Nội.",0.8095213703770062,0.499999999975,0.9047619047619048,0.5,0.7475409507751465,9.107875108718872
Viettel đã hỗ trợ như thế nào cho kỳ thi ICPC Asia Hanoi 2024 và vai trò của Viettel Money trong quá trình nhập học trực tuyến tại Trường Đại học Công nghiệp Hà Nội?,"['content: Trong mùa tuyển sinh 2021, Đại học Công nghiệp Hà Nội sử dụng 03 phương thức xét tuyển hệ đại học chính quy, gồm Tuyển thẳng theo quy chế tuyển sinh của Bộ GD&ĐT; xét tuyển thí sinh đoạt giải học sinh giỏi cấp tỉnh/thành phố, thí sinh có chứng chỉ quốc tế và xét tuyển dựa vào kết quả thi tốt nghiệp THPT năm 2021. Cũng bắt đầu từ năm học 2021 - 2022, nhà trường dành 350 trong số khoảng 7.120 chỉ tiêu để xét tuyển thí sinh đoạt giải học sinh giỏi cấp tỉnh/thành phố hoặc có chứng chỉ quốc tế như ACT, SAT, TOEFL iBT, IELTS... Điều này giúp thí sinh có chứng chỉ quốc tế có nhiều cơ hội lựa chọn các ngành học tại Đại học Công nghiệp Hà Nội. Thầy Lê Văn Thái - Phó Trưởng phòng Đào tạo trực tiếp giải đáp những thắc mắc của học sinh tại Ngày hội Tư vấn tuyển sinh - hướng nghiệp 2021 Điểm nhấn của gian tư vấn tuyển sinh - hướng nghiệp năm nay chính là trải nghiệm thăm quan Đại học Công nghiệp Hà Nội bằng kính thực tế ảo (VR 360). Trước sự chuyển đổi số và phát triển công nghệ như vũ bão, để giúp cho người học, quý phụ huynh và xã hội có cái nhìn toàn cảnh về Đại học Công nghiệp Hà Nội, nhà trường đã ứng dụng công nghệ thực tế ảo 360 độ trong truyền thông các thông tin hình ảnh một cách tổng thể, chân thực nhất. Nam học sinh tham quan Đại học Công nghiệp Hà Nội bằng kính thực tế ảo Với sự nhiệt tình, luôn sẵn sàng giải đáp mọi thắc mắc, các cán bộ Ban tuyển sinh đã giúp quý vị phụ huynh, các bạn học sinh hiểu rõ hơn về các ngành nghề đào tạo, chương trình đào tạo, các thông tin xét tuyển, cũng như giúp các bạn định vị rõ hơn bản thân, sở trường năng lực cá nhân để lựa chọn ngành nghề phù hợp với năng lực và sở thích của mình; giải đáp những thắc mắc về kỳ thi THPT, xét tuyển đại học giúp học sinh vững tin bước vào kỳ thi tốt nghiệp THPT sắp tới. MỌI CHI TIẾT VỀ TUYỂN SINH LIÊN HỆ: - Văn phòng Tuyển sinh - Học vụ, Phòng 110, Tầng 1, Nhà A2, Cơ sở 1, Trường Đại học Công nghiệp Hà Nội. - Địa chỉ: Số 298, Đường Cầu Diễn, Q.Bắc Từ Liêm, TP. Hà Nội. - Điện thoại: 024.37650051 hoặc\\nnext_contents:\\n- Ngày hội tư vấn tuyển sinh - hướng nghiệp 2021: Sức hút của thương hiệu Đại học Công nghiệp Hà Nội Chủ Nhật, 15:20 11/04/2021 5312 Gian tư vấn tuyển sinh - hướng nghiệp của Đại học Công nghiệp Hà Nội luôn chật kín và rộn rã với hàng nghìn quý vị phụ huynh và các bạn học sinh THPT tìm hiểu thông tin tại Ngày hội tư vấn tuyển sinh - hướng nghiệp năm 2021 khai mạc sáng ngày 11/4/2021. Gian tư vấn tuyển sinh - hướng nghiệp luôn tấp nập của Đại học Công nghiệp Hà Nội Tham gia Ngày hội tư vấn tuyển sinh - hướng nghiệp năm 2021 và đến với gian tư vấn của Đại học Công nghiệp Hà Nội, hàng nghìn các em học sinh và bậc phụ huynh được gặp gỡ trực tiếp các chuyên gia của Ban tuyển sinh nhà trường để nắm bắt các thông tin mới nhất về mùa tuyển sinh năm 2021 cũng như được tư vấn, giải đáp trực tiếp mọi thắc mắc về ngành học, chỉ tiêu tuyển sinh, chính sách ưu tiên trong tuyển sinh, quy định đăng ký xét tuyển, tuyển thẳng, phương thức xét tuyển, các thông tin về học phí, học bổng … của nhà trường. Cán bộ Ban tuyển sinh nhà trường đang tư vấn cho các bạn trẻ Năm 2021, Đại học Công nghiệp Hà Nội tiếp tục tuyển sinh các trình độ, loại hình đào tạo với 04 ngành Tiến sĩ, 11 ngành Thạc sĩ, 41 ngành Đại học và nhiều loại hình đào tạo khác. Bắt kịp xu thế công nghệ mới hiện nay, Đại học Công nghiệp Hà Nội bắt đầu tuyển sinh ngành Robot và Trí tuệ nhân tạo từ năm 2021 với 50 chỉ tiêu. Thầy Nguyễn Anh Tú - Phó trưởng khoa Cơ khí tư vấn tuyển sinh ngành Robot và Trí tuệ nhân tạo cho một bạn nữ sinh Trong mùa tuyển sinh 2021, Đại học Công nghiệp Hà Nội sử dụng 03 phương thức xét tuyển hệ đại học chính quy, gồm Tuyển thẳng theo quy chế tuyển sinh của Bộ GD&ĐT; xét tuyển thí sinh đoạt giải học sinh giỏi cấp tỉnh/thành phố, thí sinh có chứng chỉ quốc tế và xét tuyển dựa vào kết quả thi tốt nghiệp THPT năm 2021. Cũng bắt đầu từ năm học 2021 - 2022, nhà trường dành 350 trong số khoảng 7.120 chỉ tiêu để xét tuyển thí sinh đoạt giải học sinh giỏi cấp tỉnh/thành phố hoặc có chứng chỉ quốc tế như\\n', 'content: dục và Đào tạo, năm 2024 là năm cuối cùng thi tốt nghiệp Trung học phổ thông và tuyển sinh đại học theo chương trình giáo dục phổ thông hiện hành. Kể từ năm 2025, các kỳ thi sẽ có những thay đổi đáng kể về nội dung và hình thức. Vì thế, việc chuẩn bị từ sớm cho các kỳ thi và lên chiến lược lựa chọn các ngành học, trường đại học đúng với sở thích, sở trường sẽ gia tăng cơ hội hoàn thành những mục tiêu trong năm nay cho các thí sinh theo học chương trình hiện nay. Hẹn gặp các bạn tại các chương trình tư vấn tuyển sinh trực tiếp và trực tuyến năm 2024 của Đại học Công nghiệp Hà Nội tại Nam Định, Hải Phòng, Hà Nội. Chúc các bạn tự tin và thành công! Chủ Nhật, 10:12 14/01/2024 Tags: Đại học Công nghiệp Hà Nội HaUI ĐHCNHN tuyển sinh tư vấn hướng nghiệp Nghệ An Thanh Hóa THPT\\nnext_contents:\\n- Rạng rỡ mùa tuyển sinh 2024 tại Nghệ An, Thanh Hóa Chủ Nhật, 10:12 14/01/2024 1762 Trong hai ngày 13 và 14/1/2024, Đại học Công nghiệp Hà Nội đã tham gia Chương trình tư vấn tuyển sinh - hướng nghiệp năm 2024 tại tỉnh Nghệ An và tỉnh Thanh Hóa. Chương trình tư vấn tuyển sinh - hướng nghiệp năm 2024 với nhiều thông tin mới, hướng dẫn cụ thể, sẽ giúp các bạn học sinh tỉnh Nghệ An và Thanh Hóa chuẩn bị tốt nhất cho kỳ tuyển sinh 2024. Hàng chục nghìn học sinh, phụ huynh và các thầy cô giáo rạng rỡ trong ngày hội tư vấn hướng nghiệp,.. Tất cả đều hứng khởi và tin tưởng vào kỳ tuyển sinh 2024 thành công. PGS.TS. Phạm Văn Bổng - Phó Hiệu trưởng tại Chương trình tư vấn tuyển sinh - hướng nghiệp năm 2024 TS. Thân Thanh Sơn - Trưởng phòng Đào tạo, trực tiếp giải đáp thắc mắc về các phương thức tuyển sinh năm 2024 của HaUI cho Thu Hòa và Đan Lê - học sinh lớp 12 Trường THPT Dân tộc Nội trú tỉnh Thanh Hóa. Đôi bạn Đinh Lâm và Thảo Lộc - học sinh lớp 12 Trường THPT Hà Huy Tập (Vinh, Nghệ An) tham khảo điểm trúng tuyển phương thức xét tuyển kết quả thi THPT các năm gần đây đối với ngành Kinh tế đầu tư Ngọc Bảo - học sinh lớp 11 Trường THPT Hermann Gmeiner (Vinh, Nghệ An) quan tâm đến điều kiện học tập ngành Khoa học máy tính tại HaUI Bội Trân - học sinh lớp 12 Trường THPT Huỳnh Thúc Kháng (Vinh, Nghệ An) hứng thú với ngành Ngôn ngữ học của HaUI. Đăng Huy - học sinh lớp 12 Trường THPT Chuyên - Trường Đại học Vinh (Nghệ An) cùng bố mẹ tìm hiểu ngành học Kế toán Theo công bố của Bộ Giáo dục và Đào tạo, năm 2024 là năm cuối cùng thi tốt nghiệp Trung học phổ thông và tuyển sinh đại học theo chương trình giáo dục phổ thông hiện hành. Kể từ năm 2025, các kỳ thi sẽ có những thay đổi đáng kể về nội dung và hình thức. Vì thế, việc chuẩn bị từ sớm cho các kỳ thi và lên chiến lược lựa chọn các ngành học, trường đại học đúng với sở thích, sở trường sẽ gia tăng cơ hội hoàn thành những mục tiêu trong năm nay cho các thí sinh theo học chương trình hiện nay. Hẹn gặp các bạn tại các chương\\n', 'content: Trong mùa tuyển sinh 2021, Đại học Công nghiệp Hà Nội sử dụng 03 phương thức xét tuyển hệ đại học chính quy, gồm tuyển thẳng theo quy chế tuyển sinh của Bộ GD&ĐT; xét tuyển thí sinh đoạt giải học sinh giỏi cấp tỉnh/thành phố, thí sinh có chứng chỉ quốc tế và xét tuyển dựa vào kết quả thi tốt nghiệp THPT năm 2021. Gian hàng của Đại học Công nghiệp Hà Nội đã thu hút nhiều lượt học sinh tham quan, tìm hiểu. Cũng bắt đầu từ năm học 2021 - 2022, nhà trường dành 350 trong số khoảng 7.120 chỉ tiêu để xét tuyển thí sinh đoạt giải học sinh giỏi cấp tỉnh/thành phố hoặc có chứng chỉ quốc tế như ACT, SAT, TOEFL iBT, IELTS... Điều này giúp thí sinh có chứng chỉ quốc tế có nhiều cơ hội lựa chọn các ngành học tại Đại học Công nghiệp Hà Nội. Một số hình ảnh tại Ngày hội Tư vấn hướng nghiệp tại Bắc Giang Thứ Ba, 15:30 20/04/2021 Tags: Đại học Công nghiệp Hà Nội Ngày hội tư vấn hướng nghiệp Tỉnh Bắc Giang\\nnext_contents:\\n- Sức hút của Đại học Công nghiệp Hà Nội tại Ngày hội tư vấn hướng nghiệp cho học sinh tỉnh Bắc Giang Thứ Ba, 15:30 20/04/2021 1075 Ngày 19/4, Ngày hội tư vấn hướng nghiêp cho học sinh tỉnh Bắc Giang với sự góp mặt của trên 24 gian hàng của các trường đại học, cao đẳng, các doanh nghiệp trong nước. Hơn 1000 học sinh của trường THPT Thái Thuận và các trường THPT khác trong thành phố tham dự ngày hội tuyển sinh và rất đông các bạn học sinh đã tham quan, tìm hiểu thông tin của gian hàng Đại học Công nghiệp Hà Nội. Gian tư vấn tuyển sinh của Đại học Công nghiệp Hà Nội luôn tấp nập phụ huynh, học sinh quan tâm Với chủ đề “Vững bước tương lai”, Ngày hội tư vấn hướng nghiệp có sự tham gia của 22 trường đại học, cao đẳng, doanh nghiệp, Hội Sinh viên Bắc Giang tại Hà Nội tổ chức, thu hút gần 1,5 nghìn học sinh trên địa bàn tỉnh. Ban tổ chức bố trí các gian tư vấn theo từng nhóm lĩnh vực: Kỹ thuật - công nghệ, quản lý nhân lực, tài nguyên - môi trường, y - dược, chăm sóc sắc đẹp, du học - xuất khẩu lao động để các em học sinh thuận tiện tìm hiểu thông tin về quy mô đào tạo, chỉ tiêu tuyển sinh, chế độ ưu đãi, học phí, cơ hội giành học bổng, du học... từ đó đưa ra quyết định chọn trường, chọn nghề phù hợp với nhu cầu. Đôi bạn học sinh của trường THPT Thái Thuận nghe tư vấn và tìm hiểu thông tin tuyển sinh của trường Năm 2021, Đại học Công nghiệp Hà Nội tiếp tục tuyển sinh các trình độ, loại hình đào tạo với 04 ngành tiến sĩ, 11 ngành thạc sĩ, 41 ngành đại học và nhiều loại hình đào tạo khác. Trong mùa tuyển sinh 2021, Đại học Công nghiệp Hà Nội sử dụng 03 phương thức xét tuyển hệ đại học chính quy, gồm tuyển thẳng theo quy chế tuyển sinh của Bộ GD&ĐT; xét tuyển thí sinh đoạt giải học sinh giỏi cấp tỉnh/thành phố, thí sinh có chứng chỉ quốc tế và xét tuyển dựa vào kết quả thi tốt nghiệp THPT năm 2021. Gian hàng của Đại học Công nghiệp Hà Nội đã thu hút nhiều lượt học sinh tham quan, tìm hiểu. Cũng bắt đầu từ năm học 2021 - 2022, nhà trường dành 350 trong số khoảng 7.120 chỉ tiêu\\n', 'content: Tin: “Dự kiến nhà trường tuyển sinh 52 ngành/chương trình đào tạo đại học chính quy, trong đó tuyển sinh 1 ngành mới là An toàn thông tin và 1 chương trình liên kết đào tạo Ngôn ngữ Trung Quốc với tổng chỉ tiêu 7.650”. TS.Thân Thanh Sơn - Trưởng Phòng Đào tạo Trường Đại học Công nghiệp Hà Nội. Cùng với đó năm nay, các phương thức tuyển sinh vẫn được giữ ổn định như năm 2023 với 6 phương thức và có thay đổi nhỏ về tỉ lệ chỉ tiêu cho từng phương thức. Dự kiến vào giữa tháng 3/2024 nhà trường sẽ công bố đề án tuyển sinh năm 2024. Với việc xét tuyển thẳng theo quy chế tuyển sinh của Bộ GD&ĐT sẽ không hạn chế chỉ tiêu; Xét tuyển thí sinh đoạt giải học sinh giỏi cấp tỉnh/thành phố, thí sinh có chứng chỉ quốc tế: 8% tổng chỉ tiêu. Xét tuyển dựa trên kết quả thi tốt nghiệp THPT năm 2024: 65% tổng chỉ tiêu; Xét tuyển dựa vào kết quả học tập THPT: 15% tổng chỉ tiêu; Phương thức 5: Xét tuyển dựa vào kết quả thi đánh giá năng lực của Đại học Quốc gia Hà Nội năm 2024: 6% tổng chỉ tiêu; Xét tuyển dựa vào kết quả thi đánh giá tư duy của Đại học Bách khoa Hà Nội năm 2024: 6% tổng chỉ tiêu. Hiện tại Trường Đại học Công nghiệp Hà Nội đang tuyển sinh 11 lĩnh vực ngành nghề: Kỹ thuật, Công nghệ kỹ thuật, Máy tính và công nghệ thông tin, Sản xuất và chế biến, Sức khỏe, Kinh doanh và quản lý, Nhân văn, Khoa học xã hội và hành vi, Báo chí và thông tin: Nghệ thuật, Du lịch, khách sạn. Ngành kỹ thuật đang cần lượng lớn nguồn nhân lực chất lượng cao. Thông tin về những ngành/nhóm ngành của nhà trường nhận được sự thu hút quan tâm của các em thí sinh, ông Sơn cho biết: “Qua theo dõi tuyển sinh các năm gần đây nhận thấy các ngành, nhóm ngành liên quan tới Kỹ thuật, Công nghệ kỹ thuật, Máy tính và công nghệ thông tin, Kinh doanh và quản lý và các ngành liên quan tới Ngoại ngữ luôn nhận được sự quan tâm hơn của các thí sinh”. Những ngành, nhóm ngành về công nghệ dệt, may, hóa học mặc dù nhu cầu nhân lực cho các ngành, nhóm ngành này với các vị trí việc làm và thu nhập tương đối hấp dẫn tuy\\nnext_contents:\\n- [nguoiduatin] Theo học nhóm ngành kỹ thuật, sinh viên cần có những tố chất gì? Chủ Nhật, 12:38 03/03/2024 295 Nhu cầu việc làm lớn, các ngành liên quan đến kỹ thuật, điện tử hiện nay vẫn được sự quan tâm của đông đảo thí sinh, tuy nhiên các em cần cân nhắc kỹ khi lựa chọn. Khối ngành kỹ thuật vẫn ghi nhận được nhiều thí sinh quan tâm, năm nay nhiều ngành đại học cũng có xu hướng mở ngành mới liên quan đến kỹ thuật công nghệ, đào tạo kỹ sư. Tuy nhiên, không dễ gì để lựa chọn được những ngành phù hợp với năng lực trước rất nhiều lựa chọn như hiện nay, đưa ra lời khuyên cho thí sinh, TS.Thân Thanh Sơn - Trưởng Phòng Đào tạo Trường Đại học Công nghiệp Hà Nội cho biết, khi thí sinh chọn ngành cần tìm hiểu ngành nghề đó đào tạo thế nào, ra trường làm gì có đúng sở thích và phù hợp với năng lực của mình không, nhu cầu nguồn lực xã hội của ngành đó, điều kiện gia đình có phù hợp để theo học hay không. ""Thí sinh không cần thiết chạy theo xu hướng ngành ”hot” ở hiện tại mà hãy phân tích các yếu tố trên để chọn đúng ngành và để mình ”hot” trong ngành”, ông Sơn nói. Ông Sơn cũng thông tin thêm riêng đối với khối ngành kỹ thuật của Trường Đại học Công nghiệp Hà Nội không đòi hỏi thí sinh có tố chất đặc biệt gì, tuy nhiên các bạn thí sinh có khả năng về các môn tự nhiên, thích tìm hiểu, mày mò, sáng tạo và có khả năng về ngoại ngữ và máy tính là các lợi thế khi các em tham gia học các ngành liên quan đến kỹ thuật. Về hoạt động tuyển sinh năm 2024, TS.Thân Thanh Sơn chia sẻ với Người Đưa Tin: “Dự kiến nhà trường tuyển sinh 52 ngành/chương trình đào tạo đại học chính quy, trong đó tuyển sinh 1 ngành mới là An toàn thông tin và 1 chương trình liên kết đào tạo Ngôn ngữ Trung Quốc với tổng chỉ tiêu 7.650”. TS.Thân Thanh Sơn - Trưởng Phòng Đào tạo Trường Đại học Công nghiệp Hà Nội. Cùng với đó năm nay, các phương thức tuyển sinh vẫn được giữ ổn định như năm 2023 với 6 phương thức và có thay đổi nhỏ về tỉ lệ chỉ tiêu cho từng phương thức. Dự kiến vào giữa tháng 3/2024 nhà trường sẽ\\n', 'content: 131 tân sinh viên dự lễ Khai giảng đào tạo từ xa ngành Ngôn ngữ Anh K19 Chủ Nhật, 10:31 18/08/2024 1382 Sáng ngày 18/8, tại Trường Đại học Công nghiệp Hà Nội diễn ra Lễ Khai giảng chương trình Đào tạo từ xa trình độ đại học ngành Ngôn ngữ Anh năm 2024 cho 131 tân sinh viên. Theo thống kê, đến năm 2023, Việt Nam đã có hơn 1 triệu người học trực tuyến, trong đó có hơn 500.000 người học đại học và sau đại học. Nhận thức đào tạo từ xa đang dần trở thành xu hướng tất yếu trong thời đại công nghệ số, với mục tiêu nâng cao chất lượng đào tạo và hỗ trợ tốt nhất cho người học, Đại học Công nghiệp Hà Nội chú trọng đầu tư, phối hợp với Công ty CP Công nghệ giáo dục Trường học trực tuyến (ONSCHOOL) triển khai khóa đào tạo Ngành Ngôn ngữ Anh. Khai giảng Đại học từ xa ngành Ngôn ngữ Anh K19 tại Trường Đại học Công nghiệp Hà Nội Nhấn mạnh sự linh hoạt, hiệu quả trong đào tạo từ xa, TS.Nguyễn Văn Thiện – Phó Hiệu trưởng nhà trường cho biết: Học từ xa không chỉ mang đến cho các bạn kiến thức chuyên môn sâu rộng mà còn tạo điều kiện để các bạn phát triển kỹ năng mềm, khả năng tự học và sự chủ động trong cách tiếp cận tri thức. Bên cạnh việc truy cập không giới hạn vào bài giảng, người học còn có thể được cung cấp quyền truy cập vào những nội dung mới nhất. Điều này giúp sinh viên có thể cập nhật các nội dung kiến thức mới, hiện đại, đáp ứng các yêu cầu thông tin của công việc chuyên môn. TS.Nguyễn Văn Thiện – Phó Hiệu trưởng nhà trường chào mừng 131 sinh viên tham dự chương trình đào tạo từ xa ngành Ngôn ngữ Anh K19 Dự lễ khai giảng, bạn Hà Quỳnh Trang, hiện đang công tác tại Trung tâm Kiểm soát bệnh tật tỉnh Quảng Ninh chia sẻ: Nhận thấy tầm quan trọng của ngoại ngữ từ lâu rồi, nhưng do điều kiện công tác cũng như nhiều lý do, mình không thể đến trường học trực tiếp được. Và khi thấy khóa học online từ xa, lại cấp bằng của trường đại học chính quy, uy tín, có thương hiệu như Đại học Công nghiệp Hà Nội, mình thực sự yên tâm, thấy rất phù hợp. Hy vọng, mình sẽ hoàn thành khóa học\\nnext_contents:\\n']","['<1-hop>\\n\\nHướng dẫn nhập học Online BƯỚC 1: NHẬP HỌC TRỰC TUYẾN Thí sinh mở tài khoản ngân hàng BIDV(hướng dẫn tại đây) hoặc ví điện tử Viettel Money ( Đăng ký tại đây ) và nộp tiền vào tài khoản theo số tiền phải nộp trong Giấy báo nhập học (Nhà trường liên kết với BIDV và Viettel Money để thực hiện dịch vụ thu hộ học phí và trung gian thanh toán (miễn phí) ). Để có thể xác nhận nhập học trực tuyến thí sinh cần mở tài khoản BIDVhoặcViettel Money (Nhà trường khuyến khích thí sinh mở tài khoản của cả hai đơn vị cung cấp dịch vụ để đa dạng hóa phương thức và thuận tiện trong quá trình thực hiện thanh toán). Lưu ý: Sinh viên khi làm thủ tục nhập học và trong suốt quá trình học nên sử dụng duy nhất 01 số điện thoại cá nhân để thuận tiện cho việc làm thủ tục nhập học, thanh toán học phí hoặc nhận chi trả các khoản như: chế độ chính sách, học bổng, chi phí khác.... Anh/Chị có thể nhập học trực tuyến theo 03 cách sau: Cách 1: Tải và cài đặt ứng dụng “MyHaUI” trên Apple Store, CH Play Cách 2: Truy cập cổng thông tin nhập học trực tuyến https://nhaphoc.haui.edu.vn của Nhà trường Cách 3: Nộp tiền thông qua ứng dụng BIDV hoặc Viettel Money. Tải ứng dụng BIDV hoặc Viettel Money và làm theo hướng dẫn trên ứng dụng (Chi tiết tham khảo tại Website: https://nhaphoc.haui.edu.vn tại mục Mở tài khoản BIDV hoặc các điểm giao dịch của: BIDV– hotline: ; Viettel Money – hotline: 0965.778.999, 0979.928.068, 0987.538.788 * Cổng thanh toán: Hiện tại Nhà trường liên kết với BIDV và Viettel Money để thực hiện dịch vụ thu hộ học phí và trung gian thanh toán (miễn phí) . Để thực hiện nhập học trực tuyến sinh viên cần mở tài khoản BIDV hoặc Viettel Money (Nhà trường khuyến khích sinh viên mở tài khoản của cả hai đơn vị cung cấp dịch vụ để đa dạng hóa phương thức và thuận tiện trong quá trình thực hiện thanh toán). ** Anh/Chị có nguyện vọng ở Ký túc xá (KTX) tham khảo thông tin tại Website http://ssc.haui.edu.vn (Mọi thắc mắc liên quan đến nộp tiền nhập học, các khoản thu xin liên hệ số Hotline 0988.156.363, 0983.668.171 ) BƯỚC 2: KIỂM TRA VÀ CẬP NHẬP HỒ SƠ SINH VIÊN 1. Đăng nhập hệ thống: Truy cập ứng dụng MyHaUI hoặc cổng thông tin sinh viên theo địa chỉ: https://sv.haui.edu.vn và sử dụng tài khoản theo thông tin được cấp. 2. Kiểm tra và cập nhật thông tin sinh viên: Vào phần “Thông tin cá nhân” , mục “Cập nhật thông tin sinh viên” . Tại màn hình này, sinh viên thực hiện cập nhật đầy đủ, chính xác các thông tin: “Thông tin cá nhân” , “Thông tin gia đình” , “Thông tin liên hệ” * Một số chức năng cơ bản của Hệ thống đại học điện tử: - Nhận các thông báo từ Nhà trường liên quan đến các hoạt động: Học tập, khảo thí, chế độ chính sách, học bổng, khen thưởng, kế hoạch thực tập – việc làm… - Thực hiện các hoạt động: Cập nhật hồ sơ cá nhân, đăng ký các dịch vụ hành chính một cửa, nộp học phí, đăng ký học phần, đăng ký thực tập…. - Tham gia Cộng đồng HaUI: Trao đổi với Nhà trường, đội ngũ Cố vấn, sinh viên khác... * Lưu ý: Trường hợp cần cấp lại mật khẩu, tài khoản hệ thống đại học điện tử, sinh viên liên hệ Thầy Lê Thanh Đức (SĐT: 0968 981 994)', '<2-hop>\\n\\nCông tác tổ chức Trường đăng cai - Trường Đại học Công nghiệp Hà Nội đã có sự chuẩn bị kỹ lưỡng và toàn diện cho kỳ thi ICPC Asia Hanoi 2024 thể hiện qua các hoạt động như: Đảm bảo các phương tiện vật chất và công tác thi trong phạm vi nhà trường; Hoàn tất chuẩn bị máy PC và phương tiện kỹ thuật đáp ứng đủ yêu cầu cho kỳ thi, các công tác giám khảo, giám thị và sinh viên tình nguyện phục vụ Olympic và ICPC; Tổ chức Thi các giải cá nhân tại các phòng máy trung tâm và khoa CNTT (443 máy tính thi OLP và 40 máy dành riêng cho khối thi THPT), chuẩn bị thi ICPC Asia Hanoi tại Khu thi đấu với 140 máy thi; Hỗ trợ thông tin về ăn, nghỉ, đi lại cho các Đoàn tham dự; Đón tiếp và hỗ trợ các đoàn Quốc tế tham dự tại các khách sạn BTC chỉ định. Cuộc thi Olympic Tin học Sinh viên Việt Nam, với sự kết nối với kỳ thi PROCON và ICPC toàn cầu, không chỉ khẳng định vị thế của Việt Nam về nguồn lực trẻ CNTT trong khu vực và thế giới, mà còn là minh chứng cho khả năng hội nhập mạnh mẽ của tuổi trẻ Việt Nam trong lĩnh vực công nghệ thông tin. Kỳ thi đã nhận được sự ủng hộ từ các Doanh nghiệp như Viettel, Pendle, FPT, Samsung, Phygital… và từ nhà tài trợ ICPC toàn cầu Huawei, Jet Brain. Thông qua sân chơi quốc tế này, sinh viên Việt Nam có cơ hội cọ xát, trau dồi các kỹ năng thiết yếu của một chuyên gia CNTT tương lai, bao gồm lập trình, thuật toán, hoàn thiện sản phẩm, làm việc nhóm và ngoại ngữ. Hơn thế nữa, với đẳng cấp của kỳ thi ICPC Châu Á và toàn cầu, Việt Nam đang từng bước sánh vai top 100 trường đại học hàng đầu thế giới về chất lượng đào tạo sinh viên CNTT, góp phần nâng cao thương hiệu giáo dục và khẳng định tiềm năng phát triển vượt bậc của ngành công nghệ Việt Nam. Ban Tổ chức OLP’24, PROCON & ICPC Asia Hanoi 2024 đã ban hành đầy đủ các quy chế, nội quy và thông báo, đăng ký công khai mọi thông tin trên website: www.olp.vn ; https://icpc.global và http://acm-icpc.olp.vn/. Để đảm bảo chất lượng và chuyên môn, Ban ra đề, HĐGK được thành lập với sự tham gia của các chuyên gia giàu kinh nghiệm phần lớn ở độ tuổi 25-35 từng là học sinh giỏi Quốc gia, Quốc tế; Trường Đại học Công nghệ - ĐHQG Hà Nội đồng tham gia tổ chức thi PROCON, CLB VFOSSA vớicác chuyên gia trong lĩnh vực Phần mềm nguồn mở. Chủ tịch HĐGK OLP năm nay là PGS.TS NGND Hồ Sĩ Đàm và Chủ tịch Hội đồng ICPC là PGS.TS Đỗ Phan Thuận. Kỳ thi được vận hành toàn bộ trên các hệ thống chấm – theo dõi trực tuyến chuẩn Quốc tế: các nội dung thi lập trình OLP và ICPC trên hệ thống VNOJ do CLB Olympic Việt Nam vận hành, hệ thống thi đối kháng theo chuẩn Procon Nhật Bản và nội dung OLP PMNM thi theo hình thức Hackathon. Tất cả kết quả các nội dung thi đều công khai, công bố trực tiếp theo thời gian thực, chỉ “đóng băng” một giờ trước khi kết thúc nhằm bảo mật kết quả đến khi công bố tại lễ Tổng kết – Trao giải vào chiều tối ngày 13/12/2024. Thứ Tư, 10:06 11/12/2024 Tags:']","### Thông tin về hoạt động khóa và các hoạt động đoàn hội tại Trường Đại học Công nghiệp Hà Nội

1. **Hoạt động khóa**:
   - Trường Đại học Công nghiệp Hà Nội thường xuyên tổ chức các hoạt động ngoại khóa nhằm khuyến khích sinh viên tham gia vào các hoạt động thực tiễn, như tham quan doanh nghiệp, hội thảo, và các buổi chia sẻ kinh nghiệm từ chuyên gia trong ngành. Điều này giúp sinh viên mở rộng kiến thức và rèn luyện kỹ năng cần thiết cho nghề nghiệp tương lai.
   - Sinh viên cũng được khuyến khích tham gia vào các dự án nghiên cứu và hợp tác với doanh nghiệp, tạo cơ hội áp dụng kiến thức đã học vào thực tế.

2. **Hoạt động đoàn hội**:
   - Các hoạt động đoàn hội tại trường bao gồm các chương trình tình nguyện, các cuộc thi sáng tạo, và các hoạt động thể thao. Những hoạt động này không chỉ giúp sinh viên phát triển kỹ năng mềm mà còn tạo ra môi trường giao lưu, kết nối giữa các sinh viên.
   - Trường cũng tổ chức các sự kiện như Ngày hội việc làm, tạo cơ hội cho sinh viên gặp gỡ và tìm kiếm việc làm phù hợp với chuyên ngành của mình.

### Viettel hỗ trợ kỳ thi ICPC Asia Hanoi 2024

- Viettel đã đóng góp quan trọng trong việc tổ chức kỳ thi ICPC Asia Hanoi 2024 bằng cách đảm bảo các phương tiện vật chất và công tác thi diễn ra suôn sẻ. Cụ thể, Viettel đã:
  - Hoàn tất chuẩn bị máy tính và các phương tiện kỹ thuật đáp ứng đầy đủ yêu cầu cho kỳ thi.
  - Hỗ trợ thông tin về ăn, nghỉ, đi lại cho các đội tham dự.
  - Đảm bảo các điều kiện cần thiết cho các đội tuyển quốc tế tham gia tại các khách sạn do ban tổ chức chỉ định.

### Vai trò của Viettel Money trong quá trình nhập học trực tuyến tại Trường Đại học Công nghiệp Hà Nội

- Viettel Money đã được sử dụng như một phương thức thanh toán tiện lợi cho sinh viên trong quá trình nhập học trực tuyến. Cụ thể:
  - Sinh viên có thể dễ dàng thực hiện các giao dịch thanh toán học phí và các khoản phí khác thông qua ứng dụng Viettel Money, giúp tiết kiệm thời gian và công sức.
  - Việc tích hợp Viettel Money vào quy trình nhập học trực tuyến cũng góp phần nâng cao trải nghiệm của sinh viên, tạo điều kiện thuận lợi cho việc quản lý tài chính cá nhân.

Nếu bạn cần thêm thông tin chi tiết về các hoạt động khác hoặc có câu hỏi nào khác, hãy cho tôi biết! 

**Nguồn tham khảo**: 
- [Ngành Công nghệ kỹ thuật khuôn mẫu: Tạo dựng tương lai từ sự sáng tạo](https://www.haui.edu.vn/vn/goc-nhin-haui/nganh-cong-nghe-ky-thuat-khuon-mau-tao-dung-tuong-lai-tu-su-sang-tao/65042) - [**Link tham khảo**](https://www.haui.edu.vn/vn/goc-nhin-haui/nganh-cong-nghe-ky-thuat-khuon-mau-tao-dung-tuong-lai-tu-su-sang-tao/65042).
- [Hơn 700 sinh viên tranh tài tại Olympic Tin học Sinh viên Việt Nam lần thứ 33, Procon và ICPC Asia Hanoi 2024](https://fit.haui.edu.vn/vn/tin-tuc/hon-700-sinh-vien-tranh-tai-tai-olympic-tin-hoc-sinh-vien-viet-nam-lan-thu-33-procon-va-icpc-asia-hanoi-2024/71192) - [**Link tham khảo**](https://fit.haui.edu.vn/vn/tin-tuc/hon-700-sinh-vien-tranh-tai-tai-olympic-tin-hoc-sinh-vien-viet-nam-lan-thu-33-procon-va-icpc-asia-hanoi-2024/71192).","Viettel đã hỗ trợ cho kỳ thi ICPC Asia Hanoi 2024 bằng cách cung cấp các nguồn lực và tài trợ cho sự kiện, khẳng định vị thế của Việt Nam trong lĩnh vực công nghệ thông tin. Đồng thời, Viettel Money đóng vai trò quan trọng trong quá trình nhập học trực tuyến tại Trường Đại học Công nghiệp Hà Nội, khi nhà trường liên kết với Viettel Money để thực hiện dịch vụ thu hộ học phí và trung gian thanh toán miễn phí, khuyến khích thí sinh mở tài khoản Viettel Money để thuận tiện trong việc thanh toán.",0.8308294224688527,0.0,0.0,0.0,0.6894941329956055,20.878509044647217
Chương trình Chào tân sinh viên Khóa 19 Khoa Công nghệ thông tin đã diễn ra vào ngày nào và có ý nghĩa gì đối với các tân sinh viên?,"['content: Chương trình “Chào tân sinh viên” đặc biệt của Đại học Công nghiệp Hà Nội Thứ Ba, 20:14 12/10/2021 35325 Từ ngày 9/10 - 17/10, Đại học Công nghiệp Hà Nội tổ chức chương trình “Chào tân sinh viên” và tuần sinh hoạt công dân cho sinh viên đại học K16. Một chương trình Chào tân sinh viên đặc biệt bằng hình thức trực tuyến, nhưng vẫn được sinh viên chào đón với tâm thế hào hứng và sẵn sàng cho một năm học mới. Rời xa tuổi học trò, bước những bước chân đầu tiên tới giảng đường đại học, chắc hẳn các bạn tân sinh viên ít nhiều đều mang trong mình những cảm xúc mới mẻ. Nhưng cảm xúc năm nay đặc biệt hơn bởi giảng đường đại học chỉ là hình ảnh, qua video và qua giới thiệu của thầy cô. Nhưng tất cả vẫn háo hức, vẫn tràn ngập niềm tin dịch bệnh sẽ qua đi để các em sớm được tựu trường, sớm được gặp thầy, cô bạn bè. PGS.TS. Trần Đức Quý - Bí thư Đảng ủy, Hiệu trưởng Nhà trường phát biểu trong Thông điệp chào mừng năm học mới 2021 - 2022 Sáng ngày 9/10, Khoa Công nghệ May và Thiết kế thời trang đã tổ chức “Chào tân sinh viên” khóa mới và thực hiện trao 04 suất học bổng cho các thủ khoa. Tân sinh viên khóa mới háo hức khi tham dự chương trình “Chào tân sinh viên” do Khoa CN May và Thiết kế thời trang tổ chức Chào Tân sinh viên là món quà đặc biệt mà thầy và trò Khoa Du Lịch gửi tặng cho 511 tân sinh viên của Khoa. Chương trình đã thành công rực rỡ, mang lại cho những tân binh Khoa Du lịch một nguồn năng lượng khởi đầu mới để các em tiếp tục thành công trên con đường đi tìm tri thức mới, đặt nền tảng vững chắc cho sự nghiệp của mình trong tương lai. Sáng ngày 29/9, Khoa Ngoại ngữ cũng đã tổ chức chương trình “Chào mừng tân sinh viên” ngành Ngôn ngữ Anh, Ngôn ngữ Trung Quốc, Ngôn ngữ Hàn Quốc và Ngôn ngữ Nhật Bản. 485 sinh viên mới của khoa đã sẵn sàng cho một năm học mới với niềm tin vào tình hình dịch bệnh sớm qua để các em sớm được tựu trường. Khoa CNTT để lại nhiều ấn tượng với chương trình chào mừng hơn 900 tân sinh viên khóa 16 gia nhập ngôi nhà chung HaUI. Khoa vinh dự khi\\nnext_contents:\\n', 'content: Hơn 800 sinh viên Cao đẳng K24 tham dự tuần sinh hoạt công dân - sinh viên đầu khóa Thứ Tư, 10:05 14/09/2022 1464 Trong 2 ngày, 13 và 14/9/2022, trên 800 sinh viên hệ Cao đẳng của Trung tâm Công nghệ Ô tô và Đào tạo Lái xe; Trung tâm Việt Nhật, Trung tâm Cơ khí có mặt và tham dự tuần sinh hoạt công dân - sinh viên đầu khóa tại Đại học Công nghiệp Hà Nội. Dự và trao đổi với sinh viên về truyền thống lịch sử, chiến lược phát triển của Nhà trường, PGS.TS.Phạm Văn Bổng - Phó Hiệu trưởng nhà trường nhấn mạnh: Với bề dày truyền thống 124 năm xây dựng và phát triển, Đại học Công nghiệp Hà Nội sẽ mang đến cho các em tri thức, kỹ năng và tâm thế sẵn sàng cho sự nghiệp trong tương lai. PGS.TS.Phạm Văn Bổng - Phó Hiệu trưởng nhà trường trao đổi với sinh viên tại Tuần sinh hoạt công dân đầu khóa, năm học 2022 - 2023 Thầy Trần Ngọc Khánh - Trưởng phòng Công tác Sinh viên trao đổi tới sinh viên những công tác, hoạt động sinh viên. Thầy nhắn nhủ: Các em cần xác định rõ mục tiêu học tập, tham gia các hoạt động ngoại khóa; cần rèn luyện đạo đức, lối sống lành mạnh, giữ gìn văn hoá bản sắc, con người Việt Nam, phát huy tuổi trẻ thời kỳ mới. TS.Ngô Đức Vĩnh - Phó Giám đốc Trung tâm Thông tin Thư viện dành thời gian giới thiệu đến sinh viên hệ thống thư viện số hiện đại, hàng ngàn đầu sách, phục vụ nhu cầu học tập, nghiên cứu của sinh viên TS.Trần Ngọc Đức - Phó Hiệu trưởng Trường Ngoại ngữ - Du lịch trao đổi với sinh viên về tầm quan trọng của việc học ngoại ngữ. Thầy nhấn mạnh: Sinh viên hệ nào cũng cần trang bị cho mình nền tảng ngoại ngữ tốt, đó sẽ là lợi thế cho các em sau này khi ra đi làm. Chúc các em có một năm học mới nhiều niềm vui, tự lên kế hoạch cho việc học của mình để tiếp thu kiến thức tốt nhất . PGS.TS.Nguyễn Tiến Hán - Giám đốc Trung tâm CN Ô tô và Đào tạo Lái xe dành thời gian giới thiệu về Trung tâm, cũng như những cơ hội nghề nghiệp tương lai rộng mở của ngành CN Ô tô tới sinh viên. TS.Nguyễn Xuân Chung - Giám đốc Trung tâm Việt Nhật trao đổi, giới thiệu với sinh\\nnext_contents:\\n', 'content: Đại học Công nghiệp Hà Nội đồng hành cùng hành trình “vượt vũ môn” của học sinh Trường THPT Xuân Đỉnh Thứ Hai, 11:53 18/03/2024 4101 Tiếp nối chuỗi hành trình đồng hành cùng các sĩ tử chuẩn bị hành trang cho mùa tuyển sinh 2024, sáng ngày 18/3, Đại học Công nghiệp Hà Nội tổ chức chương trình tư vấn tuyển sinh - hướng nghiệp 2024 tại Trường THPT Xuân Đỉnh. Đây là chuỗi hoạt động nhằm lan tỏa hình ảnh, thương hiệu Đại học Công nghiệp Hà Nội đến gần hơn với học sinh, đồng thời cung cấp cho học sinh THPT các thông tin tuyển sinh mới nhất; tư vấn, định hướng ngành nghề, hướng đi phù hợp và giải đáp những thắc mắc mà các bạn học sinh THPT đang gặp phải. Từ đó, các bạn học sinh có thể đưa ra lựa chọn phù hợp nhất với sở trường, học lực và điều kiện bản thân. Từ 7h sáng, gần 1200 học sinh Trường THPT Xuân Đỉnh tham dự chương trình TS.Thân Thanh Sơn - Trưởng phòng Đào tạo, Đại học Công nghiệp Hà Nội cho biết: Về cơ bản, các phương án tuyển sinh của trường năm nay vẫn giữ ổn định như năm ngoái, chỉ có một số điều chỉnh nhỏ về tỉ lệ chỉ tiêu cho từng phương thức. Nhà trường tuyển sinh 52 ngành/chương trình đào tạo đại học chính quy, trong đó tuyển sinh 01 ngành mới là An toàn thông tin và 01 chương trình liên kết đào tạo Ngôn ngữ Trung Quốc 2+2 với tổng chỉ tiêu 7.650. Vì vậy, chương trình tư vấn tuyển sinh hướng nghiệp ngày hôm nay sẽ cung cấp thêm các thông tin để học sinh và phụ huynh hiểu rõ trước khi đăng ký xét tuyển theo các phương thức riêng của nhà trường. Thầy Vi Văn Thắng - Phó Hiệu trưởng Trường THPT Xuân Đỉnh nhận định: Đại học Công nghiệp Hà Nội là cơ sở giáo dục đào tạo đa ngành, đa lĩnh vực và mức điểm trúng tuyển những năm gần đây rất phù hợp với năng lực nhiều học sinh của Trường THPT Xuân Đỉnh. Với những thông tin bổ ích được chia sẻ trong chương trình này, thầy Phó hiệu trưởng hy vọng rằng các em học sinh sẽ xác định được mục tiêu phù hợp với bản thân, từ đó đưa ra định hướng tốt nhất cho kỳ thi quan trọng sắp tới và phát triển nghề nghiệp trong tương lai.\\nnext_contents:\\n', 'content: Tổ chức ""Ngày hội việc làm 2011” Sáng 19/6, trường Đại học Công nghiệp Hà Nội kết hợp với Trung tâm Giới thiệu việc làm Thanh niên Hà Nội tổ chức “Ngày hội việc làm 2011” tại trường Đại học Công nghiệp Hà Nội. Phát biểu trong buổi lễ khai mạc, đ/c Hà Xuân Quang- Bí thư Đảng bộ, Phó Hiệu trưởng Nhà trường cho biết: “Ngày hội việc làm 2011” được tổ chức trong thời điểm này giúp hơn 10.000 học sinh sinh viên của trường đã và đang chuẩn bị tốt nghiệp các hệ đào tạo và các sinh viên đang theo học tại trường có cơ hội tìm kiếm việc làm phù hợp; đồng thời là dịp để cácDoanh nghiệp tuyển dụng trực tiếp được nguồn lao động có chất lượng. Ngày hội việc làm cũng tăng cường liên kết giữa nhà trường với Doanh nghiệp, giúp Nhà trường thu nhận được ý kiến đóng góp từ các Doanh nghiệp tuyển dụng trong việc đào tạo HSSV đáp ứng được yêu cầu công việc. Ngay sau chương trình khai mạc là chương trình tọa đàm “Việc làm hòa nhập cho người khuyết tật” do tổ chức Lao động quốc tế ILO, Trung tâm Giới thiệu việc làm Thanh niên Hà Nội, Hội khuyết tật Hà Nội và trường Đại học Công nghiệp Hà Nội kết hợp tổ chức. Tại buổi tọa đàm này, sinh viên khuyết tật Nhà trường đã có cơ hội được chia sẻ nguyện vọng của mình về việc tìm kiếm việc làm phù hợp với bản thân. Tiếp đó các ứng viên đã tham dự các nội dung: -Nhận phiếu đăng ký tuyển dụng của Doanh nghiệp. -Đàm thoại giữa nhà tuyển dụng và ứng viên. -Chương trình tuyển dụng lao động trực tiếp của các Doanh nghiệp. Trường Đại học Công nghiệp Hà Nội là 1 trong số ít trường thành lập bộ phận chuyên trách (Công ty Hợp tác đào tạo và xuất khẩu lao động) tư vấn và tìm kiếm việc làm. Mỗi năm có hàng ngàn HSSV được Công ty tìm kiếm việc làm ở trong và ngoài nước. Hiện tại có khoảng 4500 sinh viên của Trường đang làm việc tại Nhật Bản, Hàn Quốc, Malaysia, Trung Đông…. “Ngày hội việc làm 2011” đã thu hút đông đảo HSSV của trường ở các cấp trình độ tham dự với sự có mặt của 43 doanh nghiệp,nhiềuHSSV của Trường đã được các Doanh nghiệp tuyển dụng làm việc. Thứ\\nnext_contents:\\n', 'content: Sinh viên Khoa Công nghệ thông tin đạt nhiều giải cao tại Lễ tổng kết và trao giải Hội nghị sinh viên nghiên cứu khoa học lần thứ XIII (năm học 2021-2022). Sáng 30/6/2022, tại Trường Đại học Công Nghiệp Hà Nội đã diễn ra Hội nghị tổng kết và trao tặng Giải thưởng “Sinh viên nghiên cứu khoa học” lần thứ XIII năm học 2021-2022 dưới sự chủ trì của PGS.TS Trần Đức Qúy - Bí thư Đảng ủy, Hiệu trưởng Nhà trường. Tham dự Hội nghị có các Thầy trong BGH Nhà trường, lãnh đạo các Khoa chuyên môn, các phòng ban liên quan, Đoàn TN, Hội sinh viên và đặc biệt là các thầy cô giảng viên hướng dẫn cùng các em sinh viên có công trình tham gia xét tặng cấp Trường năm học 2021-2022. Nghiên cứu khoa học là hoạt động thường niên của Trường Đại học Công Nghiệp Hà Nội nhằm tạo điều kiện cho sinh viên trau dồi kiến thức, áp dụng khoa học vào giải quyết những vấn đề thực tiễn, tăng cường khả năng tư duy độc lập, tự nghiên cứu và kỹ năng làm việc nhóm. Với tinh thần ham học hỏi của các bạn sinh viên cùng sự nhiệt tình hỗ trợ của các giảng viên tại các Khoa, số lượng đề tài và sinh viên tham gia nghiên cứu khoa học năm học 2021-2022 tăng mạnh mặc dù vẫn còn dư âm ảnh hưởng của đại dịch Covid-19. Năm học 2021-2022, Khoa Công nghệ thông tin Trường Đại học Công Nghiệp Hà Nội có tổng số 38 đề tài NCKH với tham gia của 137 sinh viên từ các lớp trong Khoa. So với năm 2020-2021, số đề tài nghiên cứu khoa học của sinh viên đã tăng 23 đề tài (khoảng 11%). Các đề tài NCKH của sinh viên được thực hiện ở nhiều lĩnh vực khác nhau, nội dung nghiên cứu đa dạng phong phú như sử dụng công nghệ AI, ứng dụng thực tế ảo, sử dụng nền tảng học máy, trí tuệ nhân tạo... với sự hướng dẫn của các giảng viên có kinh nghiệm giảng dạy và chuyên môn lâu năm. Phần lớn đề tài sinh viên được định hướng gắn với công tác đào tạo và nghiên cứu của giảng viên hướng dẫn nên đã góp phần nâng cao chất lượng trong việc giảng dạy của giảng viên và học tập nghiên cứu của sinh viên. Kết quả, Hội nghị đã lựa chọn Khoa Công nghệ thông tin\\nnext_contents:\\n']","['<1-hop>\\n\\nNăm học 2024-2025, Khóa nhập học Khóa 19 Khoa Công nghệ thông tin vinh dự và tuyên dương nhiều sinh viên đạt được Học bổng HaUI 100% năm thứ nhất và Học bổng 5 triệu đồng. Với thành tích 3 năm Học sinh giỏi ở bậc học THPT và đạt chứng chỉ quốc tế IELTS 6.5, tân sinh viên Nguyễn Thế Sáng lớp 2024DHCNTT03 đã đỗ vào Khoa Công nghệ thông tin Trường Đại học Công Nghiệp Hà Nội với 29,07 điểm theo Phương thức 2 - Xét tuyển thí sinh đoạt giải học sinh giỏi cấp tỉnh/thành phố, thí sinh có chứng chỉ quốc tế. Em đã đạt Học bổng HaUI 100% năm thứ nhất. Lê Xuân Ngọc quê ở Bắc Giang, với thành tích đạt Giải Ba môn Hoá cơ sở năm lớp 11, giải khuyến khích môn Toán tỉnh lớp 12, em đã đỗ vào Khoa Công nghệ thông tin Trường Đại học Công Nghiệp Hà Nội với 27,05 điểm theo Phương thức 3 học lớp 2024DHCNTT04 - Xét tuyển dựa trên kết quả thi tốt nghiệp THPT năm 2024. Em đã đạt Học bổng HaUI 100% năm thứ nhất. Lê Xuân Ngọc đứng hàng 2 từ trái sang cùng tập thể lớp THPT Nguyễn Hoàng Anh quê ở Quốc Oai, Hà Nội với thành tích đạt được giải Ba cấp cụm môn Sinh học, em đã đỗ vào Khoa Công nghệ thông tin Trường Đại học Công Nghiệp Hà Nội với 20,06 điểm theo Phương thức 6 học lớp 2024DHCNTT01 - Xét tuyển dựa trên kết quả thi đánh giá tư duy. Em đã đạt Học bổng HaUI 100% năm thứ nhất. Lê Quốc Đạt quê ở Bắc Ninh, với thành tích đạt được 3 năm Học sinh giỏi bậc THPT, em đã đỗ vào Khoa Công nghệ thông tin Trường Đại học Công Nghiệp Hà Nội với 26,67 điểm theo Phương thức 3 học lớp 2024DHCNTT01 - Xét tuyển dựa trên kết quả thi tốt nghiệp THPT năm 2024. Em đã đạt học bổng HaUI 5 triệu đồng. Nguyễn Anh Tuấn quê ở Bắc Ninh, với thành tích đạt được 3 năm Học sinh giỏi bậc THPT và đạt chứng chỉ quốc tế IELTS 7.0, em đã đỗ vào Khoa Công nghệ thông tin Trường Đại học Công Nghiệp Hà Nội với 28,78 điểm theo Phương thức 2 học lớp 2024DHKHMT01 - Xét tuyển thí sinh đoạt giải học sinh giỏi cấp tỉnh/thành phố, thí sinh có chứng chỉ quốc tế. Em đã đạt học bổng HaUI 5 triệu đồng. Sinh viên Cao Đức Hoàng quê ở Nghệ An, với thành tích đạt được 3 năm Học sinh giỏi bậc THPT, em đã đỗ vào Khoa Công nghệ thông tin Trường Đại học Công Nghiệp Hà Nội với 29,04 điểm theo Phương thức 4 học lớp 2024DHCNTT03 - Xét tuyển dựa trên kết quả học tập ở bậc học THPT. Em đã đạt học bổng HaUI 5 triệu đồng. Sinh viên Nguyễn Đức Cảnh ở Đan Phượng, Hà Nội với ước mơ trở thành chuyên gia An ninh mạng em đã đỗ vào Khoa Công nghệ thông tin Trường Đại học Công Nghiệp Hà Nội với 19,43 điểm theo Phương thức 6 học lớp 2024DHCNTT01 - Xét tuyển dựa trên kết quả thi đánh giá tư duy. Em đã đạt học bổng HaUI 5 triệu đồng. Sinh viên Nguyễn Quang Khải ở Ba Vì, Hà Nội, với ước mơ trở thành Web developer và AI engineer em đã đỗ vào Khoa Công nghệ thông tin Trường Đại học Công Nghiệp Hà Nội với 19,39 điểm theo Phương thức 6 học lớp 2024DHCNTT01 - Xét tuyển dựa trên kết quả thi đánh giá tư duy. Em đã đạt học bổng HaUI 5 triệu đồng. Với các thành tích xuất sắc đã đạt được ở bậc học THPT cùng sự phấn đấu, nỗ lực học tập, hy vọng các em sẽ học tập tốt trên giảng đường đại học và hy vọng môi trường học tập tại Khoa Công nghệ thông tin Trường Đại học Công Nghiệp Hà Nội sẽ là nơi các em trau dồi và tích lũy để trở thành Lập trình viên chuyên nghiệp trong tương lai. Thứ Tư, 11:03 25/09/2024 Tags:', '<2-hop>\\n\\nSôi động chương trình Chào tân sinh viên Khóa 19 Khoa Công nghệ thông tin Trong không khí của mùa tựu trường, ngày 13/10/2024, sự kiện Chào tân sinh viên Khóa 19 Khoa Công nghệ thông tin “Programing your future” đã chính thức diễn ra với dư âm và cảm xúc còn mãi trong trái tim tân sinh viên K19 tại Hà Nam. Sự kiện không chỉ là dịp để chào đón các tân sinh viên mà còn là cơ hội để các bạn khám phá một thế giới hoàn toàn mới với những trải nghiệm thú vị, mở ra một môi trường đại học năng động, đa màu sắc cho các bạn tân sinh viên. Những kỷ niệm đẹp tại đây sẽ mãi là hành trang quý giá trong suốt hành trình học tập, trải nghiệm – một thanh xuân rực rỡ mà chắc hẳn các bạn sinh viên ai cũng mong muốn được trải qua. Phát biểu khai mạc chương trình, TS. Đặng Trọng Hợp Trưởng khoa CNTT đã có bài phát biểu giới thiệu về Khoa Công nghệ thông tin Trường Đại học Công nghiệp Hà Nội và chia sẻ động viên tinh thần học tập, nghiên cứu khoa học, hoạt động ngoại khóa cho tân sinh viên. TS. Đặng Trọng Hợp – Trưởng Khoa CNTT phát biểu Trong kỳ tuyển sinh năm 2024 vừa qua, Khoa Công nghệ thông tin vui mừng chào đón hơn gần 1000 tân sinh viên ra nhập ngôi nhà chung Khoa CNTT Trường Đại học Công Nghiệp Hà Nội. Trong số đó, có 06 Thủ khoa, 06 Á khóa của các ngành với số điểm cao hơn so với các năm trước. Kết quả này cho thấy Khoa đã thu hút được số lượng lớn tân sinh viên ưu tú, có tư duy logic tốt, chất lượng đầu vào được đảm bảo. Chắc hẳn sau 04 năm học, Khoa Công nghệ thông tin sẽ đào tạo ra những cử nhân có chất lượng cao đáp ứng nguồn nhân lực cho các doanh nghiệp trong và ngoài nước. TS. Đặng Trọng Hợp – Trưởng khoa CNTT và Đại diện Công ty FPT Software trao tặng khen thưởng các tân thủ khoa 06 ngành đại học K19 TS. Phạm Văn Hà – Phó Trưởng khoa CNTT và Đại diện Công ty ITPlus trao tặng khen thưởng các tân Á khoa 06 ngành đại học K19 Đại diện Công ty FPT Software chia sẻ các kỹ năng và vị trí công việc ngành CNTT Đại diện Công ty IT Plus giới thiệu về công ty và các xu hướng, cơ hội việc làm ngành CNTT Trong thế giới hiện đại đầy biến động, khi trí tuệ nhân tạo (AI) đang thay đổi sâu sắc mọi lĩnh vực, chúng ta không chỉ đang đứng trước ngã rẽ của khoa học và công nghệ, mà còn ở thời điểm vàng để suy ngẫm về trách nhiệm của mỗi cá nhân đối với tương lai. Nếu ví quá trình phát triển AI như một hành trình vươn tới tương lai số hóa, thì sinh viên Khoa công nghệ thông tin trường Đại học Công nghiệp Hà Nội chính là những người cầm ngọn đuốc, dẫn đường và khai mở những cơ hội mới mẻ cho xã hội.']","Chương trình ""Chào tân sinh viên"" Khóa 19 Khoa Công nghệ thông tin tại Đại học Công nghiệp Hà Nội đã diễn ra từ ngày 9/10 đến 17/10. Đây là một sự kiện đặc biệt được tổ chức theo hình thức trực tuyến, nhằm chào đón các tân sinh viên và giúp họ làm quen với môi trường học tập mới.

### Ý nghĩa của chương trình đối với các tân sinh viên:
- **Khởi đầu mới**: Chương trình mang lại cho các tân sinh viên một nguồn năng lượng tích cực, giúp họ tự tin hơn khi bước vào giai đoạn học tập tại đại học.
- **Kết nối**: Mặc dù tổ chức trực tuyến, nhưng chương trình vẫn tạo cơ hội cho sinh viên kết nối với nhau và với giảng viên, giúp họ cảm thấy không đơn độc trong hành trình học tập.
- **Thông tin hữu ích**: Các tân sinh viên được cung cấp thông tin về chương trình đào tạo, các hoạt động ngoại khóa và các dịch vụ hỗ trợ sinh viên, từ đó giúp họ định hướng tốt hơn cho việc học tập và phát triển cá nhân.

Chương trình này không chỉ là một sự kiện chào đón mà còn là một bước khởi đầu quan trọng cho sự nghiệp học tập của các sinh viên mới.

[Chương trình “Chào tân sinh viên” đặc biệt của Đại học Công nghiệp Hà Nội] - [**Link tham khảo**](https://www.haui.edu.vn/vn/tin-tuc/chuong-trinh-chao-tan-sinh-vien-dac-biet-cua-dai-hoc-cong-nghiep-ha-noi/63206).

Nếu bạn có thêm câu hỏi nào khác về các hoạt động của khoa hoặc trường, hãy cho tôi biết!","Chương trình Chào tân sinh viên Khóa 19 Khoa Công nghệ thông tin đã diễn ra vào ngày 13/10/2024. Sự kiện này không chỉ là dịp để chào đón các tân sinh viên mà còn là cơ hội để họ khám phá một thế giới hoàn toàn mới với những trải nghiệm thú vị, mở ra một môi trường đại học năng động, đa màu sắc. Những kỷ niệm đẹp tại đây sẽ trở thành hành trang quý giá trong suốt hành trình học tập của các sinh viên.",0.8866034078659363,0.0,0.3888888888888889,0.3333333333333333,2.049381971359253,8.538439989089966
"Đội Thanh niên tình nguyện Khoa CNTT Trường ĐH Công Nghiệp Hà Nội đã có những thành tích gì trong năm học 2023-2024 và làm thế nào sinh viên của trường tham gia vào cuộc thi ""Sinh viên thông thái 2024""?","['content: Sinh viên HaUI lọt vào vòng chung kết Cuộc thi Tài năng trẻ Logistics Việt Nam 2022 Thứ Ba, 08:27 25/10/2022 2219 Vượt qua nhiều đội thi đến từ các trường đại học, cao đẳng, đội L.M.C gồm 4 sinh viên khoa Quản ký Kinh doanh, trường Đại học Công nghiệp Hà Nội xuất sắc lọt vào vòng chung kết cùng 15 đội khác tại Cuộc thi Tài năng trẻ Logistics Việt Nam 2022. “Tài năng trẻ Logistics Việt Nam” - Vietnam Young Logistics Talents (VNYLT) là cuộc thi thường niên do Hiệp hội Phát triển nhân lực Logistics Việt Nam phối hợp cùng Cục Xuất nhập khẩu (Bộ Công Thương) tổ chức. Cuộc thi với hy vọng mang tới các bạn sinh viên có niềm đam mê với lĩnh vực Logistics một sân chơi bổ ích và tạo sự gắn kết giữa sinh viên, nhà trường và doanh nghiệp. Năm 2022, mùa thứ 5 của cuộc thi quay trở lại để tiếp nối hành trình tìm kiếm những bạn sinh viên tài năng, đồng thời khẳng định vị thế quan trọng của ngành logistics đối với nền kinh tế Việt Nam. 4 thành viên đội thi L.M.C, khoa Quản lý Kinh doanh, Đại học Công nghiệp Hà Nội Đội thi L.M.C đến từ khoa Quản lý Kinh doanh , Trường Đại học Công nghiệp Hà Nội gồm 4 thành viên: Lê Khánh Linh, Mai Ngọc Ánh, Nguyễn Quang Huy, Nguyễn Thị Kim Anh (lớp ĐH Logistics1 K15) đã vượt qua nhiều đội thi để ghi danh vào vòng chung kết Cuộc thi Tài năng trẻ Logistics Việt Nam 2022. Nhóm tham gia cuộc thi với dự án “iLoByte - Phần mềm quản lý và thu hồi hàng hoá cho doanh nghiệp”. Dự án này giúp các doanh nghiệp dự báo được nhu cầu của khách hàng, quản lý luồng hàng bán ra, tăng tốc độ trong chu trình thu hồi hàng hóa. Đồng thời giúp người tiêu dùng cuối cùng truy xuất được nguồn gốc, kiểm tra được giá bán của sản phẩm trên thị trường cũng như dễ dàng trong việc thanh toán. Ngoài ra, còn giúp cho việc đổi trả dễ dàng nhanh chóng khi sản phẩm xảy ra lỗi. Đối với nhà phân phối, nhà bán lẻ, dự án giúp tăng độ uy tín trong lòng khách hàng, gắn kết mối quan hệ bền chặt với nhà sản xuất. Đội trưởng Quang Huy bật mí: “Tên của đội là L.M.C viết tắt từ 3 chữ tiếng Anh:\\nnext_contents:\\n', 'content: Sinh viên HaUI đạt thành tích cao tại Cuộc thi Olympic Tin học sinh viên Việt Nam lần thứ 30 Tiếp nối truyền thống ham học hỏi từ những thế hệ đi trước. Năm 2022, sinh viên Khoa Công nghệ thông tin Trường Đại học Công Nghiệp Hà Nội đã gặt hái được nhiều thành tích tại kỳ thi Olympic Tin học sinh viên Việt Nam lần thứ 30 và kỳ thi lập trình sinh viên quốc tế ICPC Asia Hanoi Đội tuyển sinh viên khoa Công nghệ thông tin, Đại học Công nghiệp Hà Nội xuất sắc đạt 01 giải Nhất, 03 giải Nhì, 04 giải Ba, 01 giải Khuyến khích tại cuộc thi Olympic Tin học sinh viên Việt Nam (OLP) lần thứ 30, Procon và Lập trình sinh viên quốc tế ICPC Asia Hanoi 2021 vừa diễn ra tại Hà Nội từ ngày 22 - 25/3/2022. Thầy và trò đội tuyển Olympic Tin học Đại học Công nghiệp Hà Nội Cuộc thi do Bộ Giáo dục và Đào tạo, Hội Tin học Việt Nam và Hội Sinh viên Việt Nam phối hợp tổ chức với sự đăng cai của trường đại học FPT Hà Nội. Sự kiện quy tụ gần 700 sinh viên đến từ 67 trường đại học và cao đẳng cả nước với 68 sinh viên dự thi khối Siêu Cup, 171 sinh viên khối Chuyên Tin, 114 sinh viên khối không chuyên tin, 9 sinh viên Khối cao đẳng, 27 sinh viên dự khối Phần mềm nguồn mở, 46 sinh viên tham dự PROCON Việt Nam và 126 đội tuyển với 378 sinh viên tham dự khối ICPC Asia Hanoi 2021. Đội tuyển OLP Tin học Đại học Công nghiệp Hà Nội với sự tham dự của 15 sinh viên tranh tài ở các nội dung sau: Cá nhân siêu cúp (02 sinh viên), Olympic cá nhân chuyên tin (03 sinh viên), Olympic cá nhân không chuyên tin (03 sinh viên), Procon Việt Nam (03 đội, mỗi đội gồm 03 thành viên), Lập trình sinh viên quốc tế ICPC (03 đội, mỗi đội gồm 03 thành viên). Sinh viên Đại học Công nghiệp Hà Nội trong phần thi Procon Với sự chuẩn bị, tập luyện, ý chí quyết tâm cao, sau 04 ngày tranh tài, sinh viên Đại học Công nghiệp Hà Nội xuất sắc đạt 01 giải Nhất, 03 giải Nhì, 04 giải Ba, 01 giải Khuyến khích, cụ thể: 1. Olympic tin học sinh viên - 01 giải Nhì Olympic khối chuyên tin: Tô Văn Sang - Lớp CNTT02-K14 - 01 giải Nhì Olympic khối\\nnext_contents:\\n', 'content: Sinh viên Khoa Công nghệ thông tin ghi thành tích nổi bật tại Olympic Tin học sinh viên Việt Nam lần thứ 33 và Kỳ thi Lập trình ICPC ASIA Hà Nội năm 2024 Sinh viên Khoa Công nghệ thông tin (FIT) Trường Đại học Công Nghiệp Hà Nội (HaUI) vừa ghi dấu ấn đáng tự hào khi đạt nhiều giải thưởng tại Cuộc thi Olympic Tin học sinh viên Việt Nam lần thứ 33 - PROCON VIETNAM, Kỳ thi Lập trình ICPC ASIA Hà Nội năm 2024 khẳng định vị thế của Nhà trường trong đào tạo lĩnh vực công nghệ thông tin. Diễn ra từ ngày 10-13/12 tại Hà Nội, Olympic Tin học sinh viên Việt Nam lần thứ 33 thu hút sự tham gia của 87 trường Đại học, Cao đẳng và Học viện trên cả nước. Có 108 sinh viên thi đấu ở khối Siêu Cup, 235 sinh viên khối Chuyên Tin, 95 sinh viên khối Không chuyên Tin, 02 sinh viên khối Cao đẳng, 18 đội tuyển với 51 sinh viên ở khối Phần mềm nguồn mở và 20 đội tuyển với 43 sinh viên tham gia PROCON Việt Nam. Đoàn giảng viên và sinh viên Khoa CNTT-HaUI tham gia Olympic Tin học sinh viên Việt Nam lần thứ 33 Tham gia tranh tài, sinh viên FIT-HaUI đã tỏa sáng với nhiều thành tích ấn tượng gồm: 01 giải Nhì thuộc khối Chuyên Tin, 02 giải Nhì Procon Việt Nam, 01 giải Ba và 01 giải Khuyến khích khối không Chuyên tin, 02 giải Khuyến khích Khối thi Phần mềm nguồn mở, 01 giải Khuyến khíc ICPC Quốc gia. Đặc biệt, TS. Phạm Văn Hà - Phó Trưởng khoa Công nghệ thông tin Trường Đại học Công Nghiệp Hà Nội vinh dự được Liên hiệp các Hội Khoa học và Kỹ thuật Việt Nam trao tặng Bằng khen vì đã có thành tích xuất sắc trong công tác tổ chức và bồi dưỡng sinh viên tham dự các Kỳ thi Olympic Tin học sinh viên Việt Nam và Kỳ thi Lập trình sinh viên quốc tế ICPC. Những thành tích đạt được không chỉ là niềm tự hào mà còn là minh chứng rõ nét cho sự nỗ lực, quyết tâm của đội ngũ giảng viên và sinh viên Khoa CNTT trên hành trình khẳng định tầm vóc của Trường Đại học Công Nghiệp Hà Nội trong việc đào tạo nguồn nhân lực chất lượng cao, đáp ứng xu thế phát triển của khoa học công nghệ thời đại mới. Thứ Hai, 11:30\\nnext_contents:\\n', 'content: ""Sinh viên 5 tốt"" cấp trường năm học 2020 - 2021, đạt giải khuyến khích Sinh viên nghiên cứu khoa học cấp trường năm học 2020 - 2021. Hoạt động Đoàn Hội giúp Phi Lực cải thiện kết quả thi đua, học tập. Với các thành tích đáng nể như Bằng khen của TƯ Hội Sinh viên Việt Nam về thành tích xuất sắc trong công tác Hội và phong trào sinh viên năm học 2020 - 202; Bằng khen Hội Sinh viên thành phố Hà Nội về thành tích xuất sắc trong công tác Hội và phong trào sinh viên giai đoạn 2016 - 2020; Bằng khen của Thành Đoàn Hà Nội về đã tham gia tích cực chương trình nghệ thuật chào mừng thành công Đại hội Đảng bộ TP. Hà Nội lần thứ XVII; “Gương mặt trẻ cấp trường năm 2020” do Đoàn trường tổ chức..., chàng trai 21 tuổi cho biết bản thân vẫn đang không ngừng cố gắng học hỏi để trang bị hành trang vững vàng cho các hành trình tiếp theo. Nguồn: https://hoahoctro.tienphong.vn/ Thứ Năm, 19:37 09/12/2021 Tags: Đại học Công nghiệp Hà Nội gương sáng sinh viên Hoạt động Đoàn Hội Đoàn thanh niên Hội sinh viên\\nnext_contents:\\n- viên còn đang quen với gia đình, thầy cô, bạn bè... mình đã cảm thấy rất lạc lõng”. Tuy nhiên, Phi Lực đã nỗ lực thay đổi chính bản thân mình bằng chọn cách “dấn thân” cùng các hoạt động tình nguyện. “Nhờ công tác tình nguyện, từ một chàng sinh viên nhút nhát mình đã trở nên năng động và nhiệt huyết hơn. Qua các hoạt động, mình thấy trưởng thành hơn, biết thêm nhiều kỹ năng như: Lập kế hoạch, tổ chức chương trình, xử lý tình huống… những thứ mà mình không được học trên giảng đường để từ đó phát huy những điểm mạnh và hạn chế những điểm yếu.” - chàng sinh viên chia sẻ. Nam sinh viên góp sức trong các hoạt động phòng chống dịch COVID-19. Chàng trai trường Công nghiệp đi khắp mọi miền để thực hiện công tác thiện nguyện . Trải nghiệm qua những hành trình Là một người trẻ, Phi Lực cho rằng chúng ta nên sống hết mình với những năm tháng tuổi trẻ. Lực cho biết thông qua những chương trình tình nguyện như “Ai cũng có Tết” tại Mèo Vạc - Hà Giang, các chương trình tình nguyện vì cộng đồng, phát quà cho người vô gia cư, Lực tự hào đã đóng góp một phần công sức để giúp cuộc sống của trẻ em vùng cao, những người vô gia cư... bớt đi phần nào khó khăn. Phi Lực trong một chuyến đi thiện nguyện tại bệnh viện. Phi Lực tiết lộ, tham gia công tác Hội còn giúp bạn trên nhiều phương diện - trong đó có học tập. Chính nhờ vào các hoạt động đã giúp Lực có thêm những kinh nghiệm và vận dụng vào trong học tập, từ đó đạt kết quả cao. Bạn đã đạt danh hiệu ""Sinh viên 5 tốt"" cấp trường năm học 2018 - 2019, ""Sinh viên 5 tốt"" cấp trường năm học 2020 - 2021, đạt giải khuyến khích Sinh viên nghiên cứu khoa học cấp trường năm học 2020 - 2021. Hoạt động Đoàn Hội giúp Phi Lực cải thiện kết quả thi đua, học tập. Với các thành tích đáng nể như Bằng khen của TƯ Hội Sinh viên Việt Nam về thành tích xuất sắc trong công tác Hội và phong trào sinh viên năm học 2020 - 202; Bằng khen Hội Sinh viên thành phố Hà Nội về thành tích xuất sắc trong công tác Hội và phong trào sinh viên giai đoạn 2016 - 2020; Bằng khen\\n', 'content: Kế hoạch tổ chức Ngày hội việc làm Công nghệ thông tin năm 2024 Nhằm tạo điều kiện cho sinh viên khối ngành Công nghệ thông tin tiếp cận doanh nghiệp, tìm kiếm các cơ hội việc làm và thực tập phù hợp, đồng thời doanh nghiệp có cơ hội quảng bá hình ảnh và tìm được các ứng viên tốt nhất, Khoa Công nghệ thông tin Trường Đại học Công Nghiệp Hà Nội tổ chức ""Ngày hội việc làm Công nghệ thông tin năm 2024"" - Thời gian: 7h30 đến 13h00 thứ bảy ngày 9/11/2024. - Địa điểm: Hội trường tầng 2 nhà A3 - Đối tượng tham dự: Sinh viên Khóa 16, 17, 18 Khoa Công nghệ thông tin. Thứ Hai, 09:32 04/11/2024 Tags:\\nnext_contents:\\n']","['<1-hop>\\n\\nHội nghị kiện toàn Đội Thanh niên tình nguyện Khoa CNTT nhiệm kỳ 2023-2024 Chiều 30/11/2024, Hội nghị Kiện toàn Đội Thanh niên tình nguyện Khoa Công nghệ thông tin Trường ĐH Công Nghiệp Hà Nội nhiệm kỳ 2023-2024 đã diễn ra. Đội Thanh niên tình nguyện Khoa CNTT HaUI là một trong những Đội hình tình nguyện nòng cốt trực thuộc Liên chi Đoàn Khoa CNTT Trường Đại học Công Nghiệp Hà Nội. Bước sang năm hoạt động thứ 16 với 16 lần kiện toàn Ban Chủ nhiệm, Đội Thanh niên tình nguyện Khoa CNTT được tổ chức quy củ, nề nếp, có phương hướng và kế hoạch hoạt động cụ thể, bài bản theo từng giai đoạn. Đội là nhân tố quan trọng đóng góp vào sự phát triển của công tác Đoàn và phong trào thanh niên Khoa CNTT HaUI. Đội Thanh niên tình nguyện Khoa CNTT HaUI đã trải qua 16 năm hoạt động với phương châm được xác định: Tình nguyện bốn bể là nhà - Hai mươi năm ấy vẫn là thanh xuân Tại Lễ Kiện toàn bạn Lê Minh Hùng, Nguyên Đội trưởng Đội Thanh niên tình nguyện ULSA khoá trước chia sẻ: ""Trong nhiệm kỳ quản lý Đội, được giao trọng trách là đội trưởng, mình cảm thấy rất may mắn khi được Ban chủ nhiệm, các thành viên trong Đội và đặc biệt là Đoàn Thanh niên trường tin tưởng và giúp đỡ tận tình. Được gắn bó với Đội suốt 4 năm đại học, đối với mình Đội tình nguyện đã trở thành gia đình thứ 2. Mình có quá nhiều kỷ niệm không thể quên với tập thể Đội. Mình rất tự hào khi nói rằng “ngôi nhà xanh FIT-HaUI” là một tập thể luôn nhiệt huyết, đoàn kết và vững mạnh. Đội đã đi tới nhiều nơi và hoàn thành được nhiều công trình, phần việc vì cộng đồng ý nghĩa Mình mong muốn và tin tưởng Ban Chủ nhiệm Đội trong nhiệm kỳ mới sẽ luôn phát huy tốt tinh thần, nhiệt huyết của tuổi trẻ, theo sự phân công và giao nhiệm vụ của Đoàn Thanh niên trường, quản lý đội thật tốt, để tập thể “ngôi nhà xanh FIT-HaUI” luôn đi đầu trong các phong trào, hoạt động của Đoàn Thanh niên Khoa CNTT-HaUI"". Trong năm học 2023-2024, Đội Thanh niên tình nguyện Khoa CNTT HaUI với định hướng, chỉ đạo của Đoàn Thanh niên trường, cùng với sự cố gắng, nỗ lực của toàn thể đội viên, cộng tác viên, Ban chủ nhiệm, Đội đã hoàn thành xuất sắc các nhiệm vụ năm học 2024 - 2025 và ghi nhiều dấu ấn, thành tích nổi bật; Được Đoàn Thanh niên, Ban Giám hiệu nhà trường ghi nhận, đánh giá cao.', '<2-hop>\\n\\nSinh viên Khoa Công nghệ thông tin đạt giải tại Cuộc thi “Sinh viên thông thái 2024” Ngày 25/11/2024, chung kết cuộc thi Sinh viên thông thái 2024 với chủ đề: “Tìm hiểu pháp luật quản lý hoạt động kinh doanh theo phương thức đa cấp” đã diễn ra tại Đại học Kinh tế Quốc dân, Hà Nội. Đội thi Trường ĐH Công Nghiệp Hà Nội lọt vào vòng chung kết ""Sinh viên thông thái 2024"" Đây là cuộc thi do Ủy ban Cạnh tranh Quốc gia phối hợp với Vụ Pháp chế, Bộ Công Thương chủ trì tổ chức thực hiện. Cuộc thi nhằm phổ biến, tuyên truyền rộng rãi và nâng cao kiến thức, hiểu biết đúng đắn của sinh viên về hoạt động bán hàng đa cấp và và tầm quan trọng của công tác quản lý hoạt động kinh doanh theo phương thức đa cấp. Qua đó, góp phần tích cực trong việc bảo vệ cộng đồng, phòng chống hoạt động bán hàng đa cấp bất chính, xây dựng ngành bán hàng đa cấp trong sạch đảm bảo quyền và lợi ích cho người dân nói chung và sinh viên nói riêng. Phần thi giới thiệu của Đội thi Trường ĐH Công Nghiệp Hà Nội Đối tượng tham gia là sinh viên các trường đại học, cao đẳng khu vực phía Bắc. Nội dung thi gồm: Tìm hiểu các quy định của pháp luật liên quan đến hoạt động kinh doanh theo phương thức đa cấp và quản lý hoạt động kinh doanh theo phương thức đa cấp; xử lý các tình huống giả định có liên quan tới hoạt động kinh doanh theo phương thức đa cấp; phòng chống đa cấp bất chính; đề xuất các giải pháp nhằm nâng cao hiệu quả thực thi pháp luật quản lý hoạt động kinh doanh theo phương thức đa cấp; tuyên truyền, cảnh báo các dấu hiệu đa cấp bất chính… Phần thi Tiểu phẩm của Đội thi Trường ĐH Công Nghiệp Hà Nội Với 3 phần thi giới thiệu - tiểu phẩm - hùng biện, Sinh viên Lê Văn Thọ lớp ĐH CN Đa phương tiện Khóa 18 và sinh viên Trần Đức Quân lớp ĐH CNTT1 Khóa 18 thuộc Đội thi Trường Đại học Công Nghiệp Hà Nội đã trổ tài tranh biện với những lập luận sắc bén và phản biện thông minh để thuyết phục ban giám khảo là những chuyên gia uy tín hàng đầu về Luật Cạnh tranh và bảo vệ người tiêu dùng. Phần thi hùng biện của Đội thi Trường ĐH Công Nghiệp Hà Nội. Sinh viên Lê Văn Thọ và Trần Đức Quân (đứng giữa) Khoa Công nghệ thông tin đang thể hiện phần thi Đội thi Trường Đại học Công Nghiệp Hà Nội đã chuẩn bị cẩn thận, kỹ lưỡng ngay từ khi tổng duyệt đến từng phần thi. Những giọt nước mắt hạnh phúc đã rơi cùng với những cái ôm thật chặt, niềm vui sướng và tự hào vô bờ bến của toàn đội sau hành trình hai tháng đầy nỗ lực và thử thách, tập luyện mỗi ngày.']","### Thành tích của Đội Thanh niên tình nguyện Khoa CNTT năm học 2023-2024
Đội Thanh niên tình nguyện Khoa CNTT Trường Đại học Công nghiệp Hà Nội đã đạt được nhiều thành tích nổi bật trong năm học 2023-2024, bao gồm:
- Giải Nhất cuộc thi ""Trường học không ma túy"".
- Danh hiệu ""sinh viên trẻ tiêu biểu"" năm học 2023.
- Giấy khen của BCH Đoàn trường cho thành tích xuất sắc trong công tác Đoàn và phong trào thanh niên năm học 2022 - 2023 và 2023 - 2024.
- Tham gia tổ chức nhiều sự kiện như ""Cuộc thi Hướng dẫn viên Du lịch giỏi 2023"", ""Đông ấm xứ Lạng 2023"", và nhiều hoạt động văn hóa khác.

### Cách thức sinh viên tham gia cuộc thi ""Sinh viên thông thái 2024""
Sinh viên của Trường Đại học Công nghiệp Hà Nội có thể tham gia cuộc thi ""Sinh viên thông thái 2024"" thông qua việc đăng ký tham gia và chuẩn bị cho các phần thi theo yêu cầu của ban tổ chức. Cuộc thi này nhằm tạo cơ hội cho sinh viên thể hiện kiến thức và kỹ năng của mình trong nhiều lĩnh vực khác nhau.

Nếu bạn cần thêm thông tin chi tiết về các hoạt động khác hoặc có câu hỏi khác, hãy cho tôi biết! 

[Chàng trai ngành Công nghệ thông tin là tấm gương sáng cho sinh viên] - [**Link tham khảo**](https://fit.haui.edu.vn/vn/guong-sang/chang-trai-nganh-cong-nghe-thong-tin-la-tam-guong-sang-cho-sinh-vien/71148).","Trong năm học 2023-2024, Đội Thanh niên tình nguyện Khoa CNTT Trường ĐH Công Nghiệp Hà Nội đã hoàn thành xuất sắc các nhiệm vụ và ghi nhiều dấu ấn, thành tích nổi bật, được Đoàn Thanh niên và Ban Giám hiệu nhà trường ghi nhận, đánh giá cao. Đồng thời, sinh viên của trường đã tham gia vào cuộc thi ""Sinh viên thông thái 2024"" với chủ đề ""Tìm hiểu pháp luật quản lý hoạt động kinh doanh theo phương thức đa cấp"" và lọt vào vòng chung kết. Đội thi đã chuẩn bị cẩn thận và thể hiện tài năng qua các phần thi giới thiệu, tiểu phẩm và hùng biện, với những lập luận sắc bén và phản biện thông minh.",0.8539685210967578,0.3333333333,0.0,0.0,1.83902907371521,12.555132150650024
Tọa đàm về số hóa trong lĩnh vực công nghiệp sẽ diễn ra khi nào và ai sẽ tham gia?,"['content: chuyển đổi số ngành Công Thương là vô cùng cần thiết trong nâng cao hiệu quả quản lý, điều hành Bộ Công Thương cũng như thúc đẩy kinh tế số trong ngành. Đặc biệt, trong lĩnh vực sản xuất, quá trình số hóa được đánh giá đã làm thay đổi diện mạo của ngành công nghiệp, đưa tỷ trọng của những ngành khai thác giảm dần và tỷ trọng ngành chế biến, chế tạo tăng dần. Tuy nhiên để phát triển kinh tế số ngành Công Thương nói chung cũng như số hóa các lĩnh vực công nghiệp một cách bền vững hiện vẫn tồn tại rất nhiều khó khăn, rào cản. Đây là bài toán của các nhà sản xuất cần được sự chung tay vào cuộc của nhiều thành phần với nỗ lực mạnh mẽ để thúc đẩy chuyển đổi số trong lĩnh vực công nghiệp trong thời gian tới. Vấn đề này sẽ cùng được chia sẻ tại Tọa đàm hôm nay do Tạp chí Công Thương thực hiện. Tọa đàm với chủ đề “Số hóa trong lĩnh vực công nghiệp - Bài toán cho các nhà sản xuất”. Tham gia Toạ đàm của chúng ta ngày hôm nay, có sự tham dự của các vị khách mời. Xin trân trọng giới thiệu: - TS. Đặng Trọng Hợp - Trưởng khoa Công nghệ thông tin, Đại học Công nghiệp Hà Nội - Ông Nguyễn An Sơn - Trưởng phòng Phát triển dự án, Trung tâm Tin học và Công nghệ số, Cục Thương mại điện tử và Kinh tế số (Bộ Công Thương) - TS.Nguyễn Hữu Phước Nguyên - Tổng Giám đốc điều hành Selex Motors Xin cảm ơn các vị khách mời đã đến với Toạ đàm của Tạp chí Công Thương ngày hôm nay. Và trước khi bắt đầu buổi Tọa đàm, xin mời quý vị cùng theo dõi một phóng sự do Tạp chí Công Thương tổng hợp. BTV LAN ANH: Trở lại với các vị khách mời, câu hỏi đầu tiên xin gửi tới ông Nguyễn An Sơn, Cục Thương mại điện tử và Kinh tế số (Bộ Công Thương). Được biết, trong thời gian qua, Bộ Công Thương đã có nhiều hoạt động nhằm thúc đẩy chuyển đổi số trong ngành và triển khai Chiến lược Quốc gia về phát triển kinh tế số và xã hội số. Vậy xin ông cho biết những hành động cụ thể của Bộ Công Thương trong việc hỗ trợ và thúc đẩy chuyển đổi số trong ngành Công Thương nói chung và các lĩnh vực sản xuất công\\nnext_contents:\\n- [tapchicongthuong] [TỔNG THUẬT TOẠ ĐÀM] “Số hóa trong lĩnh vực công nghiệp - Bài toán cho các nhà sản xuất” Thứ Tư, 17:37 04/12/2024 162 TCCT Tại Tọa đàm do Tạp chí Công Thương thực hiện sáng 04/12/2024, đại diện cơ quan quản lý Nhà nước, cơ sở đào tạo và doanh nghiệp đã tập trung thảo luận về những hành động cụ thể của Bộ Công Thương trong việc hỗ trợ và thúc đẩy chuyển đổi số trong ngành Công Thương; Những đòi hỏi về đổi mới công tác đào tạo nguồn nhân lực số và những giải pháp hỗ trợ doanh nghiệp trong công tác chuyển đổi số… Toạ đàm ""Số hóa trong lĩnh vực công nghiệp - Bài toán của các nhà sản xuất"" do Tạp chí Công Thương tổ chức sáng 04/12/2024 BTV LAN ANH: Theo đánh giá của các chuyên gia, trước xu hướng và đà tăng trưởng hiện nay, thị trường thương mại điện tử và kinh tế số Việt Nam sẽ còn phát triển mạnh mẽ hơn nữa và trở thành một trong những động lực thúc đẩy tăng trưởng kinh tế. Đây cũng chính là thời điểm để chúng ta xây nên những mô hình và chiến lược mới, ứng dụng mạnh mẽ công nghệ số, tăng sức cạnh tranh trong bối cảnh mới. Thời gian qua, Bộ Công Thương đã ban hành nhiều văn bản, chính sách nhằm thúc đẩy chuyển đổi số ngành Công Thương, triển khai Chiến lược Quốc gia về phát triển kinh tế số và xã hội số, trong đó tập trung vào các nội dung: (i) tăng cường xây dựng Chính phủ điện tử Bộ Công Thương; (ii) thúc đẩy phát triển Kinh tế số ngành Công Thương theo ba lĩnh vực ưu tiên là thương mại, công nghiệp - năng lượng, và dịch vụ logistics. Việc đẩy mạnh ứng dụng chuyển đổi số ngành Công Thương là vô cùng cần thiết trong nâng cao hiệu quả quản lý, điều hành Bộ Công Thương cũng như thúc đẩy kinh tế số trong ngành. Đặc biệt, trong lĩnh vực sản xuất, quá trình số hóa được đánh giá đã làm thay đổi diện mạo của ngành công nghiệp, đưa tỷ trọng của những ngành khai thác giảm dần và tỷ trọng ngành chế biến, chế tạo tăng dần. Tuy nhiên để phát triển kinh tế số ngành Công Thương nói chung cũng như số hóa các lĩnh vực công nghiệp một cách bền vững hiện vẫn tồn tại\\n', 'content: triển khai trước mắt và trong dài hạn để xây dựng được lực lượng lao động có tay nghề, chất lượng cao cho các ngành công nghiệp hỗ trợ? Vấn đề này sẽ được chia sẻ dưới những góc nhìn đa dạng và sâu sắc hơn tại Tọa đàm hôm nay do Tạp chí Công Thương thực hiện. Tọa đàm với chủ đề “Nâng cao chất lượng nhân lực ngành công nghiệp hỗ trợ”. Tham dự Toạ đàm có các vị khách mời: - TS. Kiều Xuân Thực - Hiệu trưởng Đại học Công nghiệp Hà Nội - Ông Cao Văn Bình - Quyền Giám đốc Trung tâm Hỗ trợ phát triển công nghiệp, Cục Công nghiệp, Bộ Công Thương - Ông Phùng Anh Tuấn - Phó Giám đốc Công ty Cổ phần Manutronic Việt Nam - Ông Lê Quý Thành - Giám đốc Nhà máy TOMECO An Khang Nội dung Toạ đàm sẽ tập trung chia sẻ về những vấn đề: (i) Thực trạng nguồn nhân lực trong các lĩnh vực công nghiệp hỗ trợ tại Việt Nam, các hoạt động nâng cao chất lượng nguồn nhân lực và kết nối giữa doanh nghiệp với các cơ sở giáo dục đào tạo. (ii) Yêu cầu đang đặt ra đối với nguồn nhân lực Việt Nam trong bối cảnh mới. (iii) Các giải pháp của cơ quan quản lý nhà nước, cơ sở giáo dục đào tạo và doanh nghiệp trong nâng cao chất lượng nguồn nhân lực ngành công nghiệp hỗ trợ. Thông qua những góp ý, chia sẻ của cơ quan quản lý nhà nước, Hiệp hội, doanh nghiệp, Tọa đàm đề xuất giải pháp thúc đẩy liên kết giữa cơ sở đào tạo và doanh nghiệp, góp phần nâng cao số lượng cùng trình độ của nguồn nhân lực để ngành công nghiệp hỗ trợ thực sự phát triển xứng với tiềm năng và cơ hội đang đặt ra. Trân trọng kính mời quý độc giả quan tâm theo dõi. Streaming: Facebook Fanpage Tự hào hàng Việt https://www.facebook.com/TuhaohangVietNam.vn; Website Tạp chí Công Thương http://tapchicongthuong.vn; và Kênh Youtube Tạp chí Công Thương https://www.youtube.com/@tapchicongthuongofficial3584 Nguồn: Tạp chí Công Thương Thứ Tư, 20:23 11/10/2023 Tags: Đại học Công nghiệp Hà Nội HaUI ĐHCNHN tọa đàm trực tuyến nâng cao chất lượng nhân lực ngành công nghiệp hỗ trợ\\nnext_contents:\\n- [Toạ đàm trực tuyến] Nâng cao chất lượng nhân lực ngành công nghiệp hỗ trợ Thứ Tư, 20:23 11/10/2023 1377 Tọa đàm “Nâng cao chất lượng nhân lực ngành công nghiệp hỗ trợ” do Tạp chí Công Thương tổ chức sẽ phát trực tuyến trên nền tảng Tạp chí Công Thương điện tử và Fanpage Tự hào hàng Việt Nam vào 9h30 ngày 12/10/2023. Toạ đàm “Nâng cao chất lượng nhân lực ngành công nghiệp hỗ trợ” do Tạp chí Công Thương tổ chức sẽ phát trực tuyến vào 9h30 ngày 12/10/2023 Với sự quan tâm và đẩy mạnh hỗ trợ về cơ chế, chính sách cũng như sự chủ động nắm bắt cơ hội của cộng đồng doanh nghiệp, địa phương, ngành công nghiệp hỗ trợ Việt Nam đã có những bước phát triển rõ nét. Tuy nhiên, nguồn nhân lực còn thiếu, chất lượng chưa đồng đều đang là trở ngại lớn của nhiều doanh nghiệp ngành công nghiệp hỗ trợ. Ghi nhận tại nhiều địa phương về những khó khăn của doanh nghiệp từ đầu năm đến nay cho thấy, bên cạnh những bất ổn về thị trường, nguyên liệu... ảnh hưởng đến hoạt động sản xuất kinh doanh, thì việc thiếu hụt lao động cục bộ ở một số doanh nghiệp công nghiệp hỗ trợ, đặc biệt là lao động chất lượng cao, đang là vấn đề cần tháo gỡ. Trong bối cảnh xu hướng chuyển dịch chuỗi cung ứng đang mở ra nhiều cơ hội cho ngành công nghiệp hỗ trợ trong nước phát triển, bài toán nguồn nhân lực càng trở nên cấp thiết hơn để các doanh nghiệp có thể nâng cao năng lực sản xuất, tự tin cạnh tranh nhờ việc đáp ứng yêu cầu ngày càng cao của chuỗi giá trị. Bài toán nguồn nhân lực còn vướng mắc ở đâu? Giải pháp nào cần triển khai trước mắt và trong dài hạn để xây dựng được lực lượng lao động có tay nghề, chất lượng cao cho các ngành công nghiệp hỗ trợ? Vấn đề này sẽ được chia sẻ dưới những góc nhìn đa dạng và sâu sắc hơn tại Tọa đàm hôm nay do Tạp chí Công Thương thực hiện. Tọa đàm với chủ đề “Nâng cao chất lượng nhân lực ngành công nghiệp hỗ trợ”. Tham dự Toạ đàm có các vị khách mời: - TS. Kiều Xuân Thực - Hiệu trưởng Đại học Công nghiệp Hà Nội - Ông Cao Văn Bình - Quyền Giám đốc Trung tâm Hỗ trợ phát triển\\n', 'content: Hội thảo khoa Công nghệ thông tin năm 2020 với chủ đề ""Chuyển đổi số trong phát triển trường đại học thông minh"" Thứ Sáu, 12:35 25/12/2020 2752 Sáng ngày 25/12, Hội thảo khoa học khoa Công nghệ thông tin (CNTT) với chủ đề “Chuyển đổi số trong phát triển trường đại học thông minh” đã thu hút sự tham gia của hơn 30 nhà khoa học, giảng viên đang công tác tại các đơn vị liên quan đến lĩnh vực CNTT trong trường. Toàn cảnh hội thảo Phát biểu khai mạc, TS. Đặng Trọng Hợp - Phụ trách khoa CNTT nhấn mạnh: Hội thảo khoa học Khoa CNTT diễn ra hàng năm, là diễn đàn để các thầy cô và nhà khoa học thảo luận về các lĩnh vực mới, tiên tiến của CNTT và ứng dụng trong hoạt động dạy học, nghiên cứu khoa học tại Đại học Công nghiệp Hà Nội. Hội thảo được xuất bản kỷ yếu trong đó các báo cáo có hàm lượng khoa học cao sẽ được chọn lọc đăng tải ở các tạp chí uy tín trong và ngoài nước. TS. Đặng Trọng Hợp - Phụ trách khoa CNTT phát biểu khai mạc Hội thảo Với mục đích thảo luận về xu hướng chuyển đổi số ở Việt Nam và áp dụng chuyển đổi số trong phát triển trường đại học thông minh, thảo luận các chủ đề mới trong công nghệ phần mềm, khoa học dữ liệu và các vấn đề tiếp cận hiện đại của công nghệ thông tin, hội thảo khoa CNTT còn là cơ hội để các nhà khoa học, các giảng viên trao đổi chuyên môn về các mô hình, phương pháp dạy học trong xu thế chuyển đổi số. Đặc biệt, chương trình Hội thảo dành thời gian cho chuyên đề của PGS.TS. Nguyễn Ái Việt, nguyên Viện trưởng Viện CNTT - Đại học Quốc gia Hà Nội về chủ đề chuyển đổi số ở Việt Nam, tập trung (1) làm rõ một số khái niệm cơ bản về chuyển đổi số; (2) trình bày về cấu trúc tổ chức, cơ chế hoạt động của mô hình một hệ thống chuyển đổi số điển hình, về chính sách và môi trường dành cho nó, và về xu hướng phát triển của các hệ thống chuyển đổi số ở Việt Nam; (3) nêu các vấn đề cốt lõi và mô hình giải pháp chuyển đổi số trong việc phát triển một trường đại học thông minh; (4) thảo luận về cấu trúc chương trình đào tạo, năng lực chuyên môn của giảng\\nnext_contents:\\n', 'content: [kinhtedothi] Đào tạo nhân lực đáp ứng xu thế quốc tế hoá giáo dục Thứ Bảy, 21:41 07/12/2024 137 Kinhtedothi - Tại phiên chuyên đề “Giáo dục liên văn hóa trong môi trường đại học” trong khuôn khổ Hội thảo khoa học quốc tế ICCE 2024 với chủ đề “Giáo dục liên văn hóa trong bối cảnh hội nhập”, các chuyên gia nhấn mạnh vấn đề đào tạo nhân lực đáp ứng xu thế quốc tế hoá giáo dục. Đông đảo chuyên gia, nhà nghiên cứu trong và ngoài nước tham gia Hội thảo. Bắt đầu từ xây dựng chương trình đào tạo Trong những thập kỷ qua, một số thuật ngữ được các nhà khoa học sử dụng để nói về giáo dục liên văn hóa như giáo dục xuyên văn hóa, đa văn hóa và liên văn hóa. Dù có nhiều cách gọi khác biệt, các thuật ngữ này đều hướng tới một mục tiêu chung: thúc đẩy đối thoại và hợp tác giữa các cá nhân thuộc các nền văn hóa khác nhau. PGS.TS Vũ Công Hảo và PGS.TS Hoàng Chí Hiếu chủ trì phiên chuyên đề “Giáo dục liên văn hóa trong môi trường đại học”. Ảnh: Cẩm Tú Trình bày báo cáo về “Thực trạng giáo dục liên văn hóa nhằm phát triển năng lực xây dựng mối quan hệ tích cực cho sinh viên đại học ngành giáo dục mầm non”, ThS Hoàng Thu Huyền (Trường Đại học Thủ đô Hà Nội) nhận định: vấn đề sử dụng giáo dục liên văn hóa nhằm phát triển năng lực xây dựng mối quan hệ tích cực đã và đang được thực hiện tại các trường đại học. Tuy nhiên, mức độ sử dụng vẫn chưa cao. Nguyên nhân của tình trạng trên được giải thích là do thời lượng mỗi học phần đào tạo bị rút ngắn, kiến thức chuyên môn lại nhiều hơn. Đặc biệt, giáo dục năng lực xây dựng mối quan hệ tích cực không có học phần riêng lẻ trong chương trình đào tạo, không được xác định trong chuẩn đầu ra mà được giảng viên chủ động tích hợp trong các hoạt động, các học phần. Chính vì vậy, tài liệu giảng dạy riêng biệt là không có, dẫn tới việc sử dụng giáo dục liên văn hóa để phát triển năng lực này còn gặp khó khăn. Đồng tình với quan điểm này, TS Trịnh Thúy Hương (Trường Đại học Sân khấu - Điện ảnh Hà Nội) nhấn mạnh: đào tạo nhân lực đáp ứng xu thế\\nnext_contents:\\n', 'content: Định hướng nghề nghiệp kế toán, kiểm toán trong bối cảnh hội nhập quốc tế và tư duy quản trị thuế Thứ Ba, 13:54 16/05/2023 1675 Ngày 16/5, Khoa Kế toán Kiểm toán, Trường Đại học Công nghiệp Hà Nội tổ chức Tọa đàm định hướng nghề nghiệp kế toán, kiểm toán trong bối cảnh hội nhập quốc tế và tư duy quản trị thuế. Tọa đàm Định hướng nghề nghiệp kế toán - kiểm toán trong bối cảnh hội nhập quốc tế và tư quy quản trị thuế Nhấn mạnh tầm quan trọng của việc định hướng nghề nghiệp kế toán kiểm toán cho sinh viên trong bối cảnh hội nhập quốc tế và tư duy quản trị thuế, PGS.TS.Đặng Ngọc Hùng - Trưởng khoa Kế toán Kiểm toán cho biết: Với sự phát triển nhanh chóng và không ngừng của khoa học công nghệ đã mang lại những cơ hội và thách thức mới cho nguồn nhân lực nói chung và ngành kế toán - kiểm toán nói riêng. PGS.TS.Đặng Ngọc Hùng - Trưởng khoa Kế toán Kiểm toán phát biểu tại tọa đàm “Khi bước vào trong môi trường làm việc thực tiễn, rất nhiều vấn đề cần giải quyết, rất nhiều kỹ năng cần phải có….Những buổi tọa đàm, chia sẻ kinh nghiệm, kiến thức, của những diễn giả chuyên sâu về kế toán, kiểm toán sẽ là dịp để sinh viên có cơ hội học hỏi, giao lưu và có những định hướng rõ ràng hơn về công việc trong tương lai…”PGS.TS.Đặng Ngọc Hùng nhấn mạnh. Khách mời tham dự tọa đàm Tại tọa đàm, 02 diễn giả Lê Hải Yến - Giám đốc Công ty tư vấn thuế Hà Nội và Nguyễn Hữu Nam Ninh - Giám đốc Dịch vụ Kiểm toán, KPMG Việt Nam đã dành thời gian trao đổi với sinh viên về những nội dung: Tư duy quản trị Kế toán - Thuế trong bối cảnh hiện nay; Cơ hội việc làm và thách thức của sinh viên trong gia đoạn mới của IFRS tại Việt Nam. Phân tích về tư duy kế toán hiện đại, CEO Lê Hải Yến cho biết: Từ việc lập kế hoạch kinh doanh, lập kế hoạch tài chính; thiết kế phương pháp thống kê, đo lường theo chủ đích đánh giá; so sánh phân tích đánh giá tham mưu đề xuất; hoạch định số liệu, điều chỉnh cho kỳ sau… đều là những yếu tố về tư duy kế toán hiện đại. CEO Lê Hải Yến - Giám đốc Công ty tư vấn thuế Hà Nội trao\\nnext_contents:\\n']","['<1-hop>\\n\\nTọa đàm: “Số hoá trong lĩnh vực công nghiệp - Bài toán cho các nhà sản xuất” do Tạp chí Công Thương tổ chức sẽ phát trực tuyến trên nền tảng Tạp chí Công Thương điện tử và Fanpage Tự hào hàng Việt Nam vào 9h30 ngày 04/12/2024. Theo đánh giá của các chuyên gia, trước xu hướng và đà tăng trưởng hiện nay, thị trường thương mại điện tử và kinh tế số Việt Nam sẽ còn phát triển mạnh mẽ hơn nữa và trở thành một trong những động lực thúc đẩy tăng trưởng kinh tế. Đây cũng chính là thời điểm để chúng ta xây nên những mô hình và chiến lược mới, ứng dụng mạnh mẽ công nghệ số, tăng sức cạnh tranh trong bối cảnh mới. Theo đánh giá của các chuyên gia, trước xu hướng và đà tăng trưởng hiện nay, thị trường thương mại điện tử và kinh tế số Việt Nam sẽ còn phát triển mạnh mẽ hơn nữa và trở thành một trong những động lực thúc đẩy tăng trưởng kinh tế. Đây cũng chính là thời điểm để chúng ta xây nên những mô hình và chiến lược mới, ứng dụng mạnh mẽ công nghệ số, tăng sức cạnh tranh trong bối cảnh mới. Tọa đàm: “Số hoá trong lĩnh vực công nghiệp – Bài toán cho các nhà sản xuất” do Tạp chí Công Thương tổ chức sẽ phát trực tuyến trên nền tảng Tạp chí Công Thương điện tử và Fanpage Tự hào hàng Việt Nam vào 9h30 ngày 05/12/2024. Thời gian qua, Bộ Công Thương đã ban hành nhiều văn bản, chính sách nhằm thúc đẩy chuyển đổi số ngành Công Thương, triển khai Chiến lược Quốc gia về phát triển kinh tế số và xã hội số, trong đó tập trung vào các nội dung: (i) tăng cường xây dựng Chính phủ điện tử Bộ Công Thương ; (ii) thúc đẩy phát triển Kinh tế số ngành Công Thương theo ba lĩnh vực ưu tiên là thương mại, công nghiệp - năng lượng, và dịch vụ logistics. Vệc đẩy mạnh ứng dụng chuyển đổi số ngành Công Thương là vô cùng cần thiết trong nâng cao hiệu quả quản lý, điều hành Bộ Công Thương cũng như thúc đẩy kinh tế số trong ngành. Đặc biệt, trong lĩnh vực sản xuất, quá trình số hóa được đánh giá đã làm thay đổi diện mạo của ngành công nghiệp, đưa tỷ trọng của những ngành khai thác giảm dần và tỷ trọng ngành chế biến, chế tạo tăng dần. Tuy nhiên để phát triển kinh tế số ngành Công Thương nói chung cũng như số hóa các lĩnh vực công nghiệp một cách bền vững hiện vẫn tồn tại rất nhiều khó khăn, rào cản. Đây là bài toán của các nhà sản xuất cần được sự chung tay vào cuộc của nhiều thành phần với nỗ lực mạnh mẽ để thúc đẩy chuyển đổi số trong lĩnh vực công nghiệp trong thời gian tới. Vấn đề này sẽ được chia sẻ với góc nhìn đa dạng và sâu sắc hơn tại Tọa đàm do Tạp chí Công Thương thực hiện với chủ đề: "" Số hoá trong lĩnh vực công nghiệp – Bài toán cho các nhà sản xuất"", phát trực tuyến vào 9h30 ngày 04/12/2024. Tham dự Tọa đàm có sự tham gia của các vị khách mời: - TS. Đặng Trọng Hợp - Trưởng khoa Công nghệ thông tin, Đại học Công nghiệp Hà Nội; - Ông Nguyễn An Sơn - Trưởng phòng Phát triển dự án, Trung tâm Tin học và Công nghệ số, Cục Thương mại điện tử và Kinh tế số (Bộ Công Thương) - TS. Nguyễn Hữu Phước Nguyên - Tổng Giám đốc điều hành Selex Motors Tại Tọa đàm, đại diện cơ quan quản lý Nhà nước, đại diện cơ sở đào tạo và doanh nghiệp sẽ cùng tham gia thảo luận, chia sẻ về những hành động cụ thể của Bộ Công Thương trong việc hỗ trợ và thúc đẩy chuyển đổi số trong ngành Công Thương nói chung và các lĩnh vực sản xuất công nghiệp nói riêng; Những khó khăn, rào cản và kinh nghiệm khi ứng dụng công tác chuyển đổi số trong ngành Công Thương; Những đòi hỏi về đổi mới trong công tác đào tạo nguồn nhân lực đáp ứng các yêu cầu về chuyển đổi số trong lĩnh vực công nghiệp hiện nay; Những giải pháp mà các cơ sở đào tạo đang áp dụng để đảm bảo đáp ứng được nguồn nhân lực chất lượng cao cung cấp cho nhu cầu chuyển đổi số tăng cao tại các doanh nghiệp; Những giải pháp, mong muốn và đề xuất của các doanh nghiệp khi bắt tay vào chuyển đổi số… Trân trọng kính mời quý độc giả quan tâm theo dõi. Streaming: Facebook Fanpage Tự hào hàng Việt https://www.facebook.com/TuhaohangVietNam.vn ; Website Tạp chí Công Thương http://tapchicongthuong.vn ; và Kênh Youtube Tạp chí Công Thương https://www.youtube.com/ @tapchicongthuongofficial Thứ Ba, 14:40 03/12/2024 Tags:', '<2-hop>\\n\\n[Tọa đàm trực tuyến] Số hoá trong lĩnh vực công nghiệp - Bài toán cho các nhà sản xuất']","### Thông tin về hoạt động khóa và các hoạt động đoàn hội tại Khoa Công nghệ thông tin

1. **Hoạt động khóa**:
   - Sinh viên Khoa Công nghệ thông tin được khuyến khích tham gia vào các hoạt động ngoại khóa và hợp tác doanh nghiệp. Những hoạt động này nhằm mở rộng kiến thức, rèn luyện kỹ năng và tạo cơ hội tiếp xúc với thực tế ngành nghề.
   - Trường thường xuyên tổ chức các hoạt động như tham quan doanh nghiệp, diễn đàn chuyên đề, hội thảo, và buổi chia sẻ kinh nghiệm từ các chuyên gia trong ngành.

2. **Hoạt động đoàn hội**:
   - Khoa có các phong trào sinh viên nghiên cứu khoa học, các hoạt động tình nguyện, và các chương trình giao lưu văn hóa, thể thao nhằm nâng cao đời sống tinh thần cho sinh viên.
   - Các hoạt động này không chỉ giúp sinh viên phát triển kỹ năng mềm mà còn tạo cơ hội để kết nối và xây dựng mối quan hệ trong cộng đồng sinh viên.

### Tọa đàm về số hóa trong lĩnh vực công nghiệp

- **Thời gian diễn ra**: Tọa đàm sẽ được tổ chức vào sáng ngày 04/12/2024.
- **Người tham gia**: Tọa đàm có sự tham gia của các đại diện từ cơ quan quản lý Nhà nước, cơ sở đào tạo và doanh nghiệp. Cụ thể, có sự góp mặt của:
  - TS. Đặng Trọng Hợp - Trưởng khoa Công nghệ thông tin, Đại học Công nghiệp Hà Nội.
  - Ông Nguyễn An Sơn - Trưởng phòng Phát triển dự án, Trung tâm Tin học và Công nghệ số, Cục Thương mại điện tử và Kinh tế số (Bộ Công Thương).
  - TS. Nguyễn Hữu Phước Nguyên - Tổng Giám đốc điều hành Selex Motors.

### Tóm tắt
- Khoa Công nghệ thông tin tại Đại học Công nghiệp Hà Nội tổ chức nhiều hoạt động ngoại khóa và đoàn hội nhằm phát triển kỹ năng cho sinh viên.
- Tọa đàm về số hóa trong lĩnh vực công nghiệp sẽ diễn ra vào ngày 04/12/2024 với sự tham gia của nhiều chuyên gia trong ngành.

Nếu bạn cần thêm thông tin hoặc có câu hỏi khác, hãy cho tôi biết! 

**Nguồn tham khảo**: 
- [Ngành Công nghệ kỹ thuật khuôn mẫu: Tạo dựng tương lai từ sự sáng tạo] - [**Link tham khảo**](https://www.haui.edu.vn/vn/goc-nhin-haui/nganh-cong-nghe-ky-thuat-khuon-mau-tao-dung-tuong-lai-tu-su-sang-tao/65042).
- [Tọa đàm “Số hóa trong lĩnh vực công nghiệp - Bài toán cho các nhà sản xuất”] - [**Link tham khảo**](https://fit.haui.edu.vn/vn/tin-tuc/toa-dam-so-hoa-trong-linh-vuc-cong-nghiep-bai-toan-cho-cac-nha-san-xuat/71179).","Tọa đàm về số hóa trong lĩnh vực công nghiệp có chủ đề ""Số hoá trong lĩnh vực công nghiệp – Bài toán cho các nhà sản xuất"" sẽ diễn ra vào 9h30 ngày 04/12/2024. Tham dự tọa đàm có các khách mời như TS. Đặng Trọng Hợp - Trưởng khoa Công nghệ thông tin, Đại học Công nghiệp Hà Nội; Ông Nguyễn An Sơn - Trưởng phòng Phát triển dự án, Trung tâm Tin học và Công nghệ số, Cục Thương mại điện tử và Kinh tế số (Bộ Công Thương); và TS. Nguyễn Hữu Phước Nguyên - Tổng Giám đốc điều hành Selex Motors.",0.8012569609051199,0.9999999999,0.3225806451612903,1.0,0.872337818145752,12.654553890228271
"Đội thi Trường Đại học Công nghiệp Hà Nội đã đạt giải gì tại cuộc thi ""Sinh viên thông thái 2024"" và chủ đề của cuộc thi là gì?","['content: Chung kết cuộc thi Sinh viên yêu thích Tiếng Hàn năm 2023 Thứ Sáu, 16:13 19/01/2024 10260 Tối ngày 18/1, xuất sắc vượt qua các đội thi trong đêm chung kết, đội Đại học Ngoại ngữ - Đại học Quốc gia Hà Nội đã đạt Giải Nhất cuộc thi Sinh viên yêu thích Tiếng Hàn. Cuộc thi Sinh viên yêu thích Tiếng Hàn được Trường Ngoại ngữ - Du lịch, Đại học Công nghiệp Hà Nội tổ chức, là một sân chơi đa sắc màu, đậm chất sinh viên dành cho các bạn trẻ yêu thích tiếng Hàn trong và ngoài trường. Đại biểu tham dự đêm chung kết Tại đêm Chung kết, 04 đội thi đến từ các trường: Đại học Hà Nội; Đại học Ngoại ngữ - Đại học Quốc gia Hà Nội; Đại học Thăng Long và Đại học Công nghiệp Hà nội cùng nhau trải qua 03 vòng thi hấp dẫn bao gồm: Chào hỏi, Kiến thức, Tranh biện. Với màn thể hiện vô cùng thuyết phục trong phần thi tranh biện đã giúp cho đội thi Đại học Ngoại ngữ - Đại học Quốc gia Hà Nội ghi điểm và đạt Giải nhất cuộc thi. Đội thi Đại học Thăng Long đạt Giải nhì; và Giải Ba thuộc về đội chủ nhà Đại học Công nghiệp Hà Nội và Đại học Hà Nội. PGS.TS. Lê Ba Phong – Phó Hiệu trưởng trường Ngoại ngữ Du lịch, HaUI và đồng chí Nguyễn Đình Tiến – Phó Bí thư Đoàn trường Đại học Công nghiệp Hà Nội trao Giải Nhất cho Đại học Ngoại ngữ - Đại học Quốc gia Hà Nội Ông Jack Oh - Giám đốc điều hành Công ty Uptempo Global & Uptempo Việt Nam, PGS.TS. Cầm Tú Tài - Trưởng khoa Ngôn ngữ Trung Quốc, ThS. Lê Đức Hạnh - Phó Giám đốc Trung tâm Đào tạo bồi dưỡng và Hợp tác phát triển (SLT-HaUI) trao Giải Nhì cho đội thi Trường Đại học Thăng Long Ông Jin Hyung Woo - Chuyên gia phái cử Korea Foundation, TS. Nguyễn Thị Thắm - Giám đốc Trung tâm Nghiên cứu Hàn Quốc - Triều Tiên, Viện Đông Bắc Á, ThS. Nguyễn Thị Hải Giang - Trường Đại học Ngoại ngữ, Đại học Quốc gia Hà Nội, ThS, Nguyễn Thị Ngọc Bích - Phó Trưởng khoa Ngôn ngữ Hàn Quốc trao giải cho đội thi Trường Đại học Hà Nội và Trường Đại học Công nghiệp Hà Nội Cùng theo dõi lại những phần thi ấn tượng và khoảnh khắc đáng nhớ của đêm chung kết Sinh viên yêu thích\\nnext_contents:\\n', 'content: Sinh viên HaUI đạt thành tích cao tại Kỳ thi Olympic Cơ học toàn quốc lần thứ XXXIII Thứ Bảy, 12:15 10/06/2023 4018 Vượt qua 1200 sinh viên đến từ 36 trường đại học, học viện kỹ thuật và công nghệ trong cả nước, sinh viên Trường Đại học Công nghiệp Hà Nội tiếp tục khẳng định vị thế, đạt giải cao tại Olympic Cơ học toàn quốc lần thứ XXXIII. Kỳ thi Olympic Cơ học toàn quốc được đánh giá là một cuộc thi trí tuệ nhằm phát triển và khuyến khích các tài năng trẻ trong lĩnh vực Cơ học, đẩy mạnh phong trào học tập các môn Cơ học trong các trường đại học. Kỳ thi Olympic cơ học diễn ra từ ngày 07/5 đồng thời ở ba khu vực: Miền Bắc (Học viện Kỹ thuật Quân sự đăng cai); miền Trung (Đại học Bách khoa Đà Nẵng đăng cai); miền Nam (Đại học Sư phạm Kỹ thuật Vĩnh Long đăng cai). Tại miền Bắc: Tổng số môn thi: 12 môn (7 môn lý thuyết và 5 môn ứng dụng tin học). Kỳ thi Olympic Cơ học toàn quốc lần thứ XXXIII, năm 2023 đã chính thức khép lại với những thành tích xuất sắc của bạn sinh viên. Đây là dịp để sinh viên Trường Đại học Công nghiệp Hà Nội khẳng định bản thân và là cơ hội giao lưu, học hỏi với sinh viên các trường bạn. Những quả ngọt gặt hái được sau những nỗ lực không ngừng nghỉ trong chặng đường vừa qua là phần thưởng xứng đáng, ghi nhận những cố gắng của thầy và trò Trường Đại học Công nghiệp Hà Nội trong học tập và nghiên cứu khoa học; một dấu ấn đáng tự hào trên bản đồ giáo dục Việt Nam để viết tiếp trang sử vẻ vang của Nhà trường. Với sự hướng dẫn tận tình của các thầy cô cùng với năng lực, quyết tâm cao, các thí sinh đến từ Khoa Cơ khí - Trường Đại học Công nghiệp Hà Nội đã hoàn thành xuất sắc các phần thi với kết quả chung cuộc ấn tượng: 30 giải cá nhân gồm: 03 giải Nhì, 27 giải Ba; 03 giải đồng đội gồm: 01 giải Nhất, 02 giải Ba. Cụ thể như sau: Giải đồng đội: Giải Nhất: Môn thi Ứng dụng tin học – Nguyên lý máy Giải Ba: Môn thi Nguyên lý máy Môn thi Chi tiết máy Giải cá nhân: Giải Nhì: Hoàng Văn Thoan – Môn thi Nguyên lý máy Lưu Bá Quỳnh – Môn thi UDTH trong Nguyên lý\\nnext_contents:\\n', 'content: Sinh viên HaUI lọt vào vòng chung kết Cuộc thi Tài năng trẻ Logistics Việt Nam 2022 Thứ Ba, 08:27 25/10/2022 2219 Vượt qua nhiều đội thi đến từ các trường đại học, cao đẳng, đội L.M.C gồm 4 sinh viên khoa Quản ký Kinh doanh, trường Đại học Công nghiệp Hà Nội xuất sắc lọt vào vòng chung kết cùng 15 đội khác tại Cuộc thi Tài năng trẻ Logistics Việt Nam 2022. “Tài năng trẻ Logistics Việt Nam” - Vietnam Young Logistics Talents (VNYLT) là cuộc thi thường niên do Hiệp hội Phát triển nhân lực Logistics Việt Nam phối hợp cùng Cục Xuất nhập khẩu (Bộ Công Thương) tổ chức. Cuộc thi với hy vọng mang tới các bạn sinh viên có niềm đam mê với lĩnh vực Logistics một sân chơi bổ ích và tạo sự gắn kết giữa sinh viên, nhà trường và doanh nghiệp. Năm 2022, mùa thứ 5 của cuộc thi quay trở lại để tiếp nối hành trình tìm kiếm những bạn sinh viên tài năng, đồng thời khẳng định vị thế quan trọng của ngành logistics đối với nền kinh tế Việt Nam. 4 thành viên đội thi L.M.C, khoa Quản lý Kinh doanh, Đại học Công nghiệp Hà Nội Đội thi L.M.C đến từ khoa Quản lý Kinh doanh , Trường Đại học Công nghiệp Hà Nội gồm 4 thành viên: Lê Khánh Linh, Mai Ngọc Ánh, Nguyễn Quang Huy, Nguyễn Thị Kim Anh (lớp ĐH Logistics1 K15) đã vượt qua nhiều đội thi để ghi danh vào vòng chung kết Cuộc thi Tài năng trẻ Logistics Việt Nam 2022. Nhóm tham gia cuộc thi với dự án “iLoByte - Phần mềm quản lý và thu hồi hàng hoá cho doanh nghiệp”. Dự án này giúp các doanh nghiệp dự báo được nhu cầu của khách hàng, quản lý luồng hàng bán ra, tăng tốc độ trong chu trình thu hồi hàng hóa. Đồng thời giúp người tiêu dùng cuối cùng truy xuất được nguồn gốc, kiểm tra được giá bán của sản phẩm trên thị trường cũng như dễ dàng trong việc thanh toán. Ngoài ra, còn giúp cho việc đổi trả dễ dàng nhanh chóng khi sản phẩm xảy ra lỗi. Đối với nhà phân phối, nhà bán lẻ, dự án giúp tăng độ uy tín trong lòng khách hàng, gắn kết mối quan hệ bền chặt với nhà sản xuất. Đội trưởng Quang Huy bật mí: “Tên của đội là L.M.C viết tắt từ 3 chữ tiếng Anh:\\nnext_contents:\\n', 'content: Sinh viên Khoa Công nghệ thông tin đạt giải tại Cuộc thi “Sinh viên thông thái 2024” Ngày 25/11/2024, chung kết cuộc thi Sinh viên thông thái 2024 với chủ đề: “Tìm hiểu pháp luật quản lý hoạt động kinh doanh theo phương thức đa cấp” đã diễn ra tại Đại học Kinh tế Quốc dân, Hà Nội. Đội thi Trường ĐH Công Nghiệp Hà Nội lọt vào vòng chung kết ""Sinh viên thông thái 2024"" Đây là cuộc thi do Ủy ban Cạnh tranh Quốc gia phối hợp với Vụ Pháp chế, Bộ Công Thương chủ trì tổ chức thực hiện. Cuộc thi nhằm phổ biến, tuyên truyền rộng rãi và nâng cao kiến thức, hiểu biết đúng đắn của sinh viên về hoạt động bán hàng đa cấp và và tầm quan trọng của công tác quản lý hoạt động kinh doanh theo phương thức đa cấp. Qua đó, góp phần tích cực trong việc bảo vệ cộng đồng, phòng chống hoạt động bán hàng đa cấp bất chính, xây dựng ngành bán hàng đa cấp trong sạch đảm bảo quyền và lợi ích cho người dân nói chung và sinh viên nói riêng. Phần thi giới thiệu của Đội thi Trường ĐH Công Nghiệp Hà Nội Đối tượng tham gia là sinh viên các trường đại học, cao đẳng khu vực phía Bắc. Nội dung thi gồm: Tìm hiểu các quy định của pháp luật liên quan đến hoạt động kinh doanh theo phương thức đa cấp và quản lý hoạt động kinh doanh theo phương thức đa cấp; xử lý các tình huống giả định có liên quan tới hoạt động kinh doanh theo phương thức đa cấp; phòng chống đa cấp bất chính; đề xuất các giải pháp nhằm nâng cao hiệu quả thực thi pháp luật quản lý hoạt động kinh doanh theo phương thức đa cấp; tuyên truyền, cảnh báo các dấu hiệu đa cấp bất chính… Phần thi Tiểu phẩm của Đội thi Trường ĐH Công Nghiệp Hà Nội Với 3 phần thi giới thiệu - tiểu phẩm - hùng biện, Sinh viên Lê Văn Thọ lớp ĐH CN Đa phương tiện Khóa 18 và sinh viên Trần Đức Quân lớp ĐH CNTT1 Khóa 18 thuộc Đội thi Trường Đại học Công Nghiệp Hà Nội đã trổ tài tranh biện với những lập luận sắc bén và phản biện thông minh để thuyết phục ban giám khảo là những chuyên gia uy tín hàng đầu về Luật Cạnh tranh và bảo vệ người tiêu dùng. Phần thi hùng biện của Đội\\nnext_contents:\\n', 'content: Sinh viên Đại học Công nghiệp Hà Nội nhận 11 giải Olympic Cơ học toàn quốc lần thứ XXXI – năm 2019 Thứ Bảy, 16:10 18/05/2019 2290 Sáng ngày 18 tháng 5 năm 2019 tại trường Đại học Bách khoa Hà Nội, Hội cơ học Việt Nam, Ban tổ chức Olympic cơ học toàn quốc đã long trọng tổ chức lễ trao giải Olympic Cơ học toàn quốc lần thứ XXXI – năm 2019. Sinh viên Đại học Công nghiệp Hà Nội vinh dự nhận 11 giải tại kỳ Olympic năm nay. Năm 2019 với 1226 thí sinh đến từ 40 trường tham dự kỳ Olympic, được tổ chức tại 3 địa điểm, miền Bắc có 17 trường tham gia, miền nam có 19 trường tham gia, khu vực miền trung có 04 trường tham gia; tổng số môn thi là 12 môn. Ban tổ chức đã chọn được 26 giải Nhất, 71 giải Nhì, 146 giải Ba và 56 giải đồng đội Tập thể sinh viên và Thầy cô giáo trường Đại học Công nghiệp Hà Nội chụp ảnh lưu niệm tại lễ trao giải Olympic Cơ học toàn quốc lần thứ XXXI – năm 2019 Sinh viên Đại học Công nghiệp Hà Nội tham dự kỳ thi lần này đã vinh dự nhận 03 giải Nhì môn Ứng dụng tin học trong nguyên lý máy, Ứng dụng tin học trong chi tiết máy và Nguyên lý máy; 06 giải Ba cho các môn Nguyên lý máy, Ứng dụng tin học trong nguyên lý máy, Sức bền vật liệu và 01 giải Nhì đồng đội cho môn Ứng dụng tin học trong nguyên lý máy, 01 giải Ba đồng đội cho môn Nguyên lý máy 03 giải Nhì cá nhân 06 giải Ba cá nhân Phong trào học tập các môn cơ học trong các trường đại học ngày càng được đông đảo các bạn sinh viên say mê, hưởng ứng. Cuộc thi Olympic cơ học hàng năm là sân chơi khoa học cho sinh viên khối ngành kỹ thuật, cũng là cơ hội để các trường Đại học chia sẻ kinh nghiệm về đào tạo và nghiên cứu về lĩnh vực cơ học. 02 giải Nhì và Ba đồng đội Thứ Bảy, 16:10 18/05/2019 Tags:\\nnext_contents:\\n']","['<1-hop>\\n\\nSinh viên Khoa Công nghệ thông tin đạt giải tại Cuộc thi “Sinh viên thông thái 2024” Ngày 25/11/2024, chung kết cuộc thi Sinh viên thông thái 2024 với chủ đề: “Tìm hiểu pháp luật quản lý hoạt động kinh doanh theo phương thức đa cấp” đã diễn ra tại Đại học Kinh tế Quốc dân, Hà Nội. Đội thi Trường ĐH Công Nghiệp Hà Nội lọt vào vòng chung kết ""Sinh viên thông thái 2024"" Đây là cuộc thi do Ủy ban Cạnh tranh Quốc gia phối hợp với Vụ Pháp chế, Bộ Công Thương chủ trì tổ chức thực hiện. Cuộc thi nhằm phổ biến, tuyên truyền rộng rãi và nâng cao kiến thức, hiểu biết đúng đắn của sinh viên về hoạt động bán hàng đa cấp và và tầm quan trọng của công tác quản lý hoạt động kinh doanh theo phương thức đa cấp. Qua đó, góp phần tích cực trong việc bảo vệ cộng đồng, phòng chống hoạt động bán hàng đa cấp bất chính, xây dựng ngành bán hàng đa cấp trong sạch đảm bảo quyền và lợi ích cho người dân nói chung và sinh viên nói riêng. Phần thi giới thiệu của Đội thi Trường ĐH Công Nghiệp Hà Nội Đối tượng tham gia là sinh viên các trường đại học, cao đẳng khu vực phía Bắc. Nội dung thi gồm: Tìm hiểu các quy định của pháp luật liên quan đến hoạt động kinh doanh theo phương thức đa cấp và quản lý hoạt động kinh doanh theo phương thức đa cấp; xử lý các tình huống giả định có liên quan tới hoạt động kinh doanh theo phương thức đa cấp; phòng chống đa cấp bất chính; đề xuất các giải pháp nhằm nâng cao hiệu quả thực thi pháp luật quản lý hoạt động kinh doanh theo phương thức đa cấp; tuyên truyền, cảnh báo các dấu hiệu đa cấp bất chính… Phần thi Tiểu phẩm của Đội thi Trường ĐH Công Nghiệp Hà Nội Với 3 phần thi giới thiệu - tiểu phẩm - hùng biện, Sinh viên Lê Văn Thọ lớp ĐH CN Đa phương tiện Khóa 18 và sinh viên Trần Đức Quân lớp ĐH CNTT1 Khóa 18 thuộc Đội thi Trường Đại học Công Nghiệp Hà Nội đã trổ tài tranh biện với những lập luận sắc bén và phản biện thông minh để thuyết phục ban giám khảo là những chuyên gia uy tín hàng đầu về Luật Cạnh tranh và bảo vệ người tiêu dùng. Phần thi hùng biện của Đội thi Trường ĐH Công Nghiệp Hà Nội. Sinh viên Lê Văn Thọ và Trần Đức Quân (đứng giữa) Khoa Công nghệ thông tin đang thể hiện phần thi Đội thi Trường Đại học Công Nghiệp Hà Nội đã chuẩn bị cẩn thận, kỹ lưỡng ngay từ khi tổng duyệt đến từng phần thi. Những giọt nước mắt hạnh phúc đã rơi cùng với những cái ôm thật chặt, niềm vui sướng và tự hào vô bờ bến của toàn đội sau hành trình hai tháng đầy nỗ lực và thử thách, tập luyện mỗi ngày.', '<2-hop>\\n\\nChúc mừng đội thi Trường Đại học Công nghiệp Hà Nội đạt giải Khuyến khích Chung kết cuộc thi ""Sinh viên thông thái 2024"" với chủ đề đặc biệt ""Tìm hiểu về pháp luật quản lý hoạt động kinh doanh theo phương thức đa cấp"" Các đội thi chụp ảnh lưu niệm. Thứ Tư, 10:39 27/11/2024 Tags:']","Đội thi Trường Đại học Công nghiệp Hà Nội đã đạt giải Ba tại cuộc thi ""Sinh viên thông thái 2024"". Cuộc thi này có chủ đề: **“Tìm hiểu pháp luật quản lý hoạt động kinh doanh theo phương thức đa cấp”**. Cuộc thi được tổ chức nhằm nâng cao kiến thức và hiểu biết của sinh viên về hoạt động bán hàng đa cấp, cũng như tầm quan trọng của công tác quản lý trong lĩnh vực này.

Cuộc thi diễn ra vào ngày 25/11/2024 tại Đại học Kinh tế Quốc dân, Hà Nội, với sự tham gia của nhiều đội thi từ các trường đại học và cao đẳng khu vực phía Bắc. Nội dung thi bao gồm việc tìm hiểu các quy định pháp luật liên quan đến hoạt động kinh doanh đa cấp, xử lý tình huống giả định, và đề xuất giải pháp nhằm nâng cao hiệu quả thực thi pháp luật trong lĩnh vực này.

Nếu bạn cần thêm thông tin về các hoạt động khác của khoa Công nghệ thông tin hoặc các hoạt động đoàn hội, hãy cho tôi biết! 

[Thông tin về cuộc thi Sinh viên thông thái 2024] - [**Link tham khảo**](https://fit.haui.edu.vn/vn/guong-sang/sinh-vien-khoa-cong-nghe-thong-tin-dat-giai-tai-cuoc-thi-sinh-vien-thong-thai-2024/71167).","Đội thi Trường Đại học Công nghiệp Hà Nội đã đạt giải Khuyến khích tại Chung kết cuộc thi ""Sinh viên thông thái 2024"" với chủ đề đặc biệt ""Tìm hiểu về pháp luật quản lý hoạt động kinh doanh theo phương thức đa cấp"".",0.8853407112079771,0.249999999975,0.75,0.5,0.7506790161132812,4.569243907928467
Nguyễn Hoàng Trang Anh đã được bầu vào vị trí nào trong Ban chấp hành Liên chi Đoàn Khoa Công nghệ thông tin nhiệm kỳ 2024 - 2027 và có thành tích gì nổi bật trong năm học 2024-2025?,"['content: giấy khen cho các tập thể và cá nhân đạt thành tích xuất sắc trong công tác Đoàn và phong trào thanh niên nhiệm kỳ 2019 - 2022. Thay mặt Chi bộ, TS Đặng Trọng Hợp - Bí thư chi bộ – Trưởng khoa CNTT đã có lẵng hoa chúc mừng đại hội và phát biểu chỉ đạo. Đồng chí ghi nhận những đóng góp của LCĐ trong nhiệm kỳ vừa qua. Đồng thời, cũng nhấn mạnh các công tác và phong trào của Liên chi cần đẩy mạnh hơn nữa tinh thần xung kích trong các chương trình, phong trào nghiên cứu khoa học, các cuộc thi, hoạt động của các câu lạc bộ đội nhóm. Đại hội Đại biểu Liên chi đoàn khoa Công nghệ thông tin nhiệm kỳ 2022 - 2024 đã diễn ra thành công tốt đẹp. Xin chúc mừng tất cả các đồng chí trong BCH khóa mới, chúc các đồng chí sẽ hoàn thành tốt mọi nhiệm vụ, tạo nên nhiều thành công mới, tiếp tục dẫn dắt LCĐ khoa Công nghệ thông tin luôn là điểm sáng trong công tác Đoàn - Hội của trường Đại học Công nghiệp Hà Nội! Thứ Hai, 15:00 18/04/2022 Tags:\\nnext_contents:\\n- Đại hội đại biểu Liên chi Đoàn khoa Công nghệ thông tin lần thứ X, nhiệm kỳ 2022 - 2024 Ngày 16/04/2022, Đại hội đại biểu Liên chi Đoàn khoa Công nghệ thông tin lần thứ X, nhiệm kỳ 2022 - 2024 đã diễn ra thành công tốt đẹp tại hội trường A11, CS1 Trường Đại học Công nghiệp Hà Nội. ĐẠI HỘI ĐẠI BIỂU LIÊN CHI ĐOÀN KHOA CÔNG NGHỆ THÔNG TIN LẦN THỨ X, NHIỆM KỲ 2022 - 2024 Ngày 16/04/2022, Đại hội đại biểu Liên chi Đoàn khoa Công nghệ thông tin lần thứ X, nhiệm kỳ 2022 - 2024 đã diễn ra thành công tốt đẹp tại hội trường A11, CS1 Trường Đại học Công nghiệp Hà Nội. Đây là một sự kiện chính trị quan trọng nhằm báo cáo kết quả hoạt động nhiệm kì 2019 - 2022 và bầu ra BCH Liên chi Đoàn khóa mới, nhiệm kì 2022 - 2024. Hướng tới 25 năm thành lập Khoa CNTT và tầm nhìn chiến lược đến năm 2025. Sau 02 phiên làm việc với tinh thần khẩn trương, nghiêm túc và hiệu quả, Đại hội đã đi đến thống nhất và thông qua Báo cáo Tổng kết nhiệm kỳ 2019 – 2022, đề ra phương hướng và nhiệm vụ nhiệm kỳ 2022 – 2024. Đại hội nhất trí bầu đ/c Trịnh Bá Quý giữ chức vụ Bí thư LCĐ khoa CNTT; đ/c Nguyễn Chiến Thắng và đ/c Lưu Thị Thảo giữ chức vụ Phó Bí thư LCĐ khoa CNTT; 8 đồng chí giữ vai trò Uỷ Viên ban chấp hành LCĐ khoa CNTT: 1. Nguyễn Trường An 2. Lê Thị Thanh Hoa 3. Cam Thị Liễu 4. Nguyễn Thuỳ Linh 5. Trần Hoàng Minh Quang 6. Thân Ngọc Thiện 7. Trịnh Sỹ Tới 8. Dương Trung Tú Ghi nhận và tuyên dương những đóng góp của Liên chi đoàn khoa CNTT với công tác Đoàn trong nhiệm kỳ vừa qua, Đoàn trường đã trao tặng giấy khen cho các tập thể và cá nhân đạt thành tích xuất sắc trong công tác Đoàn và phong trào thanh niên nhiệm kỳ 2019 - 2022. Thay mặt Chi bộ, TS Đặng Trọng Hợp - Bí thư chi bộ – Trưởng khoa CNTT đã có lẵng hoa chúc mừng đại hội và phát biểu chỉ đạo. Đồng chí ghi nhận những đóng góp của LCĐ trong nhiệm kỳ vừa qua. Đồng thời, cũng nhấn mạnh các công tác và phong trào của Liên chi cần đẩy mạnh hơn nữa tinh thần xung kích trong các chương trình, phong trào nghiên cứu khoa học, các cuộc thi, hoạt\\n', 'content: Chúc mừng thành công Đại hội đại biểu Liên chi đoàn Khoa Công nghệ thông tin Trường Đại học Công Nghiệp Hà Nội nhiệm kỳ 2024 – 2027 Ngày 31/10/2024, Đại hội đại biểu Liên chi Đoàn Khoa Công nghệ thông tin nhiệm kỳ 2024 - 2027 đã diễn ra thành công tốt đẹp tại tầng 3 tòa nhà A11, Trường Đại học Công nghiệp Hà Nội . Đây là sự kiện chính trị quan trọng của Liên chi Đoàn Khoa CNTT nhằm báo cáo kết quả hoạt động nhiệm kỳ 2022 - 2024 và bầu ra Ban chấp hành Liên chi Đoàn khóa XI nhiệm kỳ 2024 - 2027, đánh dấu một chặng đường trong công tác Đoàn và phong trào Đoàn của Liên chi. Toàn cảnh đại hội Tới dự và chỉ đạo Đại hội, về phía Đoàn thanh niên Trường Đại học Công nghiệp Hà Nội có đồng chí Đỗ Minh Hiền – Bí thư Đoàn trường, đồng chí Nguyễn Tiến Tấn – Phó Bí thư Đoàn trường, đồng chí Lý Thị Ngọc Minh - Phó Chủ nhiệm Ủy Ban kiểm tra đoàn trường. Về phía Đảng bộ có TS. Đặng Trọng Hợp – Bí thư Chi bộ, Trưởng Khoa CNTT cùng các thầy cô cố vấn học tập, các Liên chi Đoàn bạn trong Trường. Với khẩu hiệu hành động: “Tuổi trẻ Khoa CNTT Khát vọng – Bản lĩnh – Dấn thân – Sáng tạo – Chuyển đổi”, Đại hội xác định nhiệm vụ đã đề ra trong nhiệm kỳ 2022 - 2024, thẳng thắn nhìn nhận, đánh giá thực trạng công tác Đoàn và phong trào thanh niên trong thời gian qua. Trên cơ sở đó, Đại hội sẽ thảo luận và quyết định mục tiêu, phương hướng, nhiệm vụ và các chương trình hành động trong nhiệm kỳ 2024 - 2027 phù hợp với yêu cầu và điều kiện thực tế. Đồng thời bầu ra Ban Chấp hành mới có đủ năng lực, trình độ, nhiệt huyết để hoàn thành sứ mệnh, nhiệm vụ chính trị được giao đồng thời trở thành người bạn đồng hành đáng tin cậy của đoàn viên, thanh niên Khoa CNTT. Đại hội được nghe đồng chí Nguyễn Chiến Thắng – Bí thư Ban chấp hành Liên chi Đoàn nhiệm kỳ 2022 - 2024 trình bày báo cáo kiểm điểm của Ban Chấp hành nhiệm kỳ 2022 - 2024. Theo đó Liên Chi Đoàn đã hoàn thành các nhiệm vụ Nhiều đồng chí được nhận các danh hiệu Chiến sỹ thi đua cấp cơ sở, Công đoàn viên hoàn thành xuất sắc nhiệm vụ, Sinh\\nnext_contents:\\n', 'content: Đại hội đại biểu Liên chi Đoàn khoa Công nghệ thông tin lần thứ X, nhiệm kỳ 2022 - 2024 Ngày 16/04/2022, Đại hội đại biểu Liên chi Đoàn khoa Công nghệ thông tin lần thứ X, nhiệm kỳ 2022 - 2024 đã diễn ra thành công tốt đẹp tại hội trường A11, CS1 Trường Đại học Công nghiệp Hà Nội. ĐẠI HỘI ĐẠI BIỂU LIÊN CHI ĐOÀN KHOA CÔNG NGHỆ THÔNG TIN LẦN THỨ X, NHIỆM KỲ 2022 - 2024 Ngày 16/04/2022, Đại hội đại biểu Liên chi Đoàn khoa Công nghệ thông tin lần thứ X, nhiệm kỳ 2022 - 2024 đã diễn ra thành công tốt đẹp tại hội trường A11, CS1 Trường Đại học Công nghiệp Hà Nội. Đây là một sự kiện chính trị quan trọng nhằm báo cáo kết quả hoạt động nhiệm kì 2019 - 2022 và bầu ra BCH Liên chi Đoàn khóa mới, nhiệm kì 2022 - 2024. Hướng tới 25 năm thành lập Khoa CNTT và tầm nhìn chiến lược đến năm 2025. Sau 02 phiên làm việc với tinh thần khẩn trương, nghiêm túc và hiệu quả, Đại hội đã đi đến thống nhất và thông qua Báo cáo Tổng kết nhiệm kỳ 2019 – 2022, đề ra phương hướng và nhiệm vụ nhiệm kỳ 2022 – 2024. Đại hội nhất trí bầu đ/c Trịnh Bá Quý giữ chức vụ Bí thư LCĐ khoa CNTT; đ/c Nguyễn Chiến Thắng và đ/c Lưu Thị Thảo giữ chức vụ Phó Bí thư LCĐ khoa CNTT; 8 đồng chí giữ vai trò Uỷ Viên ban chấp hành LCĐ khoa CNTT: 1. Nguyễn Trường An 2. Lê Thị Thanh Hoa 3. Cam Thị Liễu 4. Nguyễn Thuỳ Linh 5. Trần Hoàng Minh Quang 6. Thân Ngọc Thiện 7. Trịnh Sỹ Tới 8. Dương Trung Tú Ghi nhận và tuyên dương những đóng góp của Liên chi đoàn khoa CNTT với công tác Đoàn trong nhiệm kỳ vừa qua, Đoàn trường đã trao tặng giấy khen cho các tập thể và cá nhân đạt thành tích xuất sắc trong công tác Đoàn và phong trào thanh niên nhiệm kỳ 2019 - 2022. Thay mặt Chi bộ, TS Đặng Trọng Hợp - Bí thư chi bộ – Trưởng khoa CNTT đã có lẵng hoa chúc mừng đại hội và phát biểu chỉ đạo. Đồng chí ghi nhận những đóng góp của LCĐ trong nhiệm kỳ vừa qua. Đồng thời, cũng nhấn mạnh các công tác và phong trào của Liên chi cần đẩy mạnh hơn nữa tinh thần xung kích trong các chương trình, phong trào nghiên cứu khoa học, các cuộc thi, hoạt\\nnext_contents:\\n', 'content: nhiệt huyết để hoàn thành sứ mệnh, nhiệm vụ chính trị được giao đồng thời trở thành người bạn đồng hành đáng tin cậy của đoàn viên, thanh niên Khoa CNTT. Đại hội được nghe đồng chí Nguyễn Chiến Thắng – Bí thư Ban chấp hành Liên chi Đoàn nhiệm kỳ 2022 - 2024 trình bày báo cáo kiểm điểm của Ban Chấp hành nhiệm kỳ 2022 - 2024. Theo đó Liên Chi Đoàn đã hoàn thành các nhiệm vụ Nhiều đồng chí được nhận các danh hiệu Chiến sỹ thi đua cấp cơ sở, Công đoàn viên hoàn thành xuất sắc nhiệm vụ, Sinh viên 5 tốt, đạt giải tại các cuộc thi trong và ngoài trường. Liên chi Đoàn nghiêm túc nhìn nhận cần tích cực tham gia hơn nữa các hoạt động gắn liền với kiến thức, chuyên môn. Nâng cao chất lượng công tác và chất lượng học tập. Đại hội được theo dõi Phóng sự tổng kết công tác Đoàn và phong trào thanh niên Khoa CNTT nhiệm kỳ 2022 – 2024, phương hướng nhiệm kỳ 2024 - 2027. Theo đó Liên chi Đoàn đã hoàn thành xuất sắc các chỉ tiêu cơ bản do Nghị quyết Đại hội đại biểu nhiệm kỳ 2022 – 2024 đã đề ra; đội ngũ cán bộ Đoàn cũng đã từng bước trưởng thành; vai trò của tuổi trẻ thông qua các phong trào như thanh niên tình nguyện, tuổi trẻ sáng tạo, các công tác tuyên truyền cũng đã được khẳng định và đóng góp tích cực vào mục tiêu chung của đơn vị. Liên chi Đoàn cũng đã tổ chức nhiều hoạt động mới mong muốn đẩy mạnh học tập, nghiên cứu khoa học với các chương trình hỗ trợ khởi nghiệp, hội nhập quốc tế. Ngoài ra Liên chi Đoàn cũng chú trọng việc xây dựng và phát triển tổ chức Đoàn, làm nòng cốt chính trị đối với tổ chức Hội Sinh viên. Tại Đại hội, đồng chí Đỗ Minh Hiền - Đảng ủy viên - Bí thư Đoàn trường đã ghi nhận và đánh giá cao nỗ lực của tập thể cán bộ đoàn, đoàn viên, sinh viên Khoa CNTT với phong trào Đoàn, phong trào Thanh niên; nhiệm kỳ 2022 – 2024 của Liên chi Khoa CNTT đã đánh dấu một bước tiến lớn trong nhiệm kỳ đầu tiên của Liên chi Đoàn. Đ/c Đỗ Minh Hiền - Đảng ủy viên - Bí thư đoàn Trường HAUI phát biểu tại đại hội Phát biểu chỉ đạo Đại hội, đồng chí TS. Đặng Trọng\\nnext_contents:\\n- Chúc mừng thành công Đại hội đại biểu Liên chi đoàn Khoa Công nghệ thông tin Trường Đại học Công Nghiệp Hà Nội nhiệm kỳ 2024 – 2027 Ngày 31/10/2024, Đại hội đại biểu Liên chi Đoàn Khoa Công nghệ thông tin nhiệm kỳ 2024 - 2027 đã diễn ra thành công tốt đẹp tại tầng 3 tòa nhà A11, Trường Đại học Công nghiệp Hà Nội . Đây là sự kiện chính trị quan trọng của Liên chi Đoàn Khoa CNTT nhằm báo cáo kết quả hoạt động nhiệm kỳ 2022 - 2024 và bầu ra Ban chấp hành Liên chi Đoàn khóa XI nhiệm kỳ 2024 - 2027, đánh dấu một chặng đường trong công tác Đoàn và phong trào Đoàn của Liên chi. Toàn cảnh đại hội Tới dự và chỉ đạo Đại hội, về phía Đoàn thanh niên Trường Đại học Công nghiệp Hà Nội có đồng chí Đỗ Minh Hiền – Bí thư Đoàn trường, đồng chí Nguyễn Tiến Tấn – Phó Bí thư Đoàn trường, đồng chí Lý Thị Ngọc Minh - Phó Chủ nhiệm Ủy Ban kiểm tra đoàn trường. Về phía Đảng bộ có TS. Đặng Trọng Hợp – Bí thư Chi bộ, Trưởng Khoa CNTT cùng các thầy cô cố vấn học tập, các Liên chi Đoàn bạn trong Trường. Với khẩu hiệu hành động: “Tuổi trẻ Khoa CNTT Khát vọng – Bản lĩnh – Dấn thân – Sáng tạo – Chuyển đổi”, Đại hội xác định nhiệm vụ đã đề ra trong nhiệm kỳ 2022 - 2024, thẳng thắn nhìn nhận, đánh giá thực trạng công tác Đoàn và phong trào thanh niên trong thời gian qua. Trên cơ sở đó, Đại hội sẽ thảo luận và quyết định mục tiêu, phương hướng, nhiệm vụ và các chương trình hành động trong nhiệm kỳ 2024 - 2027 phù hợp với yêu cầu và điều kiện thực tế. Đồng thời bầu ra Ban Chấp hành mới có đủ năng lực, trình độ, nhiệt huyết để hoàn thành sứ mệnh, nhiệm vụ chính trị được giao đồng thời trở thành người bạn đồng hành đáng tin cậy của đoàn viên, thanh niên Khoa CNTT. Đại hội được nghe đồng chí Nguyễn Chiến Thắng – Bí thư Ban chấp hành Liên chi Đoàn nhiệm kỳ 2022 - 2024 trình bày báo cáo kiểm điểm của Ban Chấp hành nhiệm kỳ 2022 - 2024. Theo đó Liên Chi Đoàn đã hoàn thành các nhiệm vụ Nhiều đồng chí được nhận các danh hiệu Chiến sỹ thi đua cấp cơ sở, Công đoàn viên hoàn thành xuất sắc nhiệm vụ, Sinh\\n', 'content: đó, cần được đào tạo bồi dưỡng nâng cao năng lực để hoàn thành nhiệm vụ chính trị được giao. Các ý kiến trao đổi, thảo luận tại buổi tổng kết hoạt động công đoàn trường năm 2023 Với những kết quả đạt được trong năm học 2022 - 2023, Công đoàn Trường được tặng Cờ thi đua của Công đoàn Công thương Việt Nam; 03 đoàn viên công đoàn được tặng Bằng khen của Tổng Liên đoàn Lao động Việt Nam; 22 đoàn viên công đoàn được tặng Bằng khen của Công đoàn Công Thương Việt Nam; 02 công đoàn viên được khen tặng Bằng khen chuyên đề của CĐCTVN. PGS.TS. Phạm Văn Đông – Chủ tịch Công đoàn trường chúc mừng các cá nhân có thành tích xuất sắc trong hoạt động Công đoàn P GS.TS Lê Ba Phong - Phó Hiệu trưởng trường Ngoại Ngữ - Du lịch được Công đoàn trường ĐHCNHN khen thưởng về thành tích xuất sắc trong hoạt động nghiên cứu khoa học Thứ Năm, 23:06 04/01/2024 Tags: Đại học Công nghiệp Hà Nội Tổng kết Công đoàn Công đoàn\\nnext_contents:\\n- Tổng kết hoạt động Công đoàn trường năm 2023 Thứ Năm, 23:06 04/01/2024 1556 Chiều ngày 4/1, Công đoàn Trường Đại học Công nghiệp Hà Nội tổ chức Hội nghị tổng kết công tác Công đoàn năm 2023, triển khai kế hoạch công tác năm 2024. Hội nghị có sự tham dự của các Ủy viên Ban chấp hành (BCH) Công đoàn Trường, Chủ tịch Công đoàn bộ phận và các đoàn viên công đoàn xuất sắc được khen thưởng năm học 2022 - 2023. Hội nghị Tổng kết công tác Công đoàn năm 2023 và triển khai kế hoạch công tác năm 2024 Đánh giá chung trong năm học 2022 - 2023, BCH Công đoàn trường đã hoàn thành tốt mục tiêu, kế hoạch đặt ra, phối hợp với chính quyền tổ chức thực hiện, hoàn thành tốt nhiệm vụ chuyên môn, đóng góp quan trọng vào thành tích, khẳng định thương hiệu và danh tiếng của nhà trường; tổ chức thành công các hoạt động phong trào văn hoá văn nghệ, thể dục thể thao, các chuyên đề tập huấn công đoàn,…; thực hiện tốt quy chế dân chủ, tập thể đoàn kết thống nhất, tạo sự tin tưởng, yên tâm trong viên chức, người lao động; đời sống của viên chức, người lao động được đảm bảo và ngày càng nâng cao. PGS.TS. Phạm Văn Đông - Chủ tịch Công đoàn Trường phát biểu tại buổi tổng kết Triển khai kế hoạch công tác năm 2024, Chủ tịch Công đoàn, PGS.TS. Phạm Văn Đông nhấn mạnh: Trong thời kỳ mới, thời kỳ kinh tế số và quốc tế hóa đòi hỏi cán bộ, viên chức, người lao động phải đáp ứng chuyên môn ở mức cao, có kỹ năng, đổi mới sáng tạo và thích ứng với xu thế hội nhập toàn cầu. Cán bộ công đoàn cũng không nằm ngoài yêu cầu đó, cần được đào tạo bồi dưỡng nâng cao năng lực để hoàn thành nhiệm vụ chính trị được giao. Các ý kiến trao đổi, thảo luận tại buổi tổng kết hoạt động công đoàn trường năm 2023 Với những kết quả đạt được trong năm học 2022 - 2023, Công đoàn Trường được tặng Cờ thi đua của Công đoàn Công thương Việt Nam; 03 đoàn viên công đoàn được tặng Bằng khen của Tổng Liên đoàn Lao động Việt Nam; 22 đoàn viên công đoàn được tặng Bằng khen của Công đoàn Công Thương Việt Nam; 02 công đoàn viên được khen tặng\\n']","['<1-hop>\\n\\nPhát biểu chỉ đạo Đại hội, đồng chí TS. Đặng Trọng Hợp – Trưởng Khoa CNTT mong muốn trong nhiệm kỳ tới, Liên chi Đoàn đẩy mạnh các hoạt động nghiên cứu khoa học, đổi mới sáng tạo và khởi nghiệp trong đoàn viên thanh niên.. Tăng cường, đổi mới việc nắm bắt tình hình và kịp thời định hướng tư tưởng cho thanh niên, đặc biệt trên không gian mạng. Thúc đẩy các xu hướng, phong trào tích cực; hạn chế, khắc phục các xu hướng tiêu cực trong đoàn viên thanh niên. Nâng cao nhận thức của đoàn viên, thanh niên về tầm quan trọng của chuyển đổi số. TS. Đặng Trọng Hợp - Trưởng Khoa CNTT phát biểu chỉ đạo tại đại hội Ghi nhận những đóng góp trong công tác Đoàn của Liên chi Đoàn Khoa CNTT, Đoàn Trường đã trao tặng giấy khen cho các cá nhân, tổ chức đạt thành tích xuất sắc trong công tác Đoàn và phong trào thanh niên nhiệm kỳ 2022 - 2024. Các tập thể, cá nhân có thành tích suất sắc nhận giấy khen của Đoàn trường Sau hai phiên làm việc với tinh thần nghiêm túc và hiệu quả, Đại hội đã sáng suốt lựa chọn và bầu ra Ban chấp hành Liên chi Đoàn Khoa CNTT Khóa XI nhiệm kỳ 2024 - 2027 gồm 11 đồng chí: Đ/c Nguyễn Chiến Thắng - Bí thư Đ/c Nguyễn Trường An - Phó Bí thư Đ/c Nguyễn Hoàng Trang Anh - Phó Bí thư Đ/c Nguyễn Huy Công - Uỷ viên Đ/c Phan Việt Anh - Uỷ viên Đ/c Nguyễn Đình Việt - Uỷ viên Đ/c Lê Ngọc Nam Anh - Uỷ viên Đ/c Vũ Thị Huế - Uỷ viên Đ/c Trần Xuân Đức - Uỷ viên Đ/c Võ Tá Học - Uỷ viên Đ/c Nguyễn Hữu Nhật - Uỷ viên Hi vọng rằng dưới sự dẫn dắt của bộ máy Ban chấp hành mới tài năng, nhiệt huyết, Liên chi Khoa CNTT sẽ thực hiện được toàn bộ những mục tiêu đã đề ra, gặt hái thêm nhiều thành tích xuất sắc. BCH Liên chi Đoàn Khoa Công nghệ thông tin ra mắt Đại hội Đại biểu Liên chi đoàn Khoa CNTT nhiệm kỳ 2024 - 2027 đã diễn ra thành công tốt đẹp. Với tinh thần Khát vọng - Tiên phong - Đoàn kết - Bản lĩnh - Đổi mới, đại hội và tuổi trẻ nhà trường tin tưởng các đồng chí trong Ban chấp hành Liên chi Đoàn và tất cả các đoàn viên đoàn kết, sáng tạo cùng hoàn thành tốt các chỉ tiêu đặt ra và phấn đấu là Liên chi Đoàn đi đầu trong công tác Đoàn và phong trào Đoàn trường Đại học Công nghiệp Hà Nội. Một số hình ảnh đặc sắc tại đại hội: Thứ Hai, 11:35 04/11/2024 Tags:', '<2-hop>\\n\\nNăm học 2024-2025, Khóa nhập học Khóa 19 Khoa Công nghệ thông tin vinh dự và tuyên dương nhiều sinh viên đạt được Học bổng HaUI 100% năm thứ nhất và Học bổng 5 triệu đồng. Với thành tích 3 năm Học sinh giỏi ở bậc học THPT và đạt chứng chỉ quốc tế IELTS 6.5, tân sinh viên Nguyễn Thế Sáng lớp 2024DHCNTT03 đã đỗ vào Khoa Công nghệ thông tin Trường Đại học Công Nghiệp Hà Nội với 29,07 điểm theo Phương thức 2 - Xét tuyển thí sinh đoạt giải học sinh giỏi cấp tỉnh/thành phố, thí sinh có chứng chỉ quốc tế. Em đã đạt Học bổng HaUI 100% năm thứ nhất. Lê Xuân Ngọc quê ở Bắc Giang, với thành tích đạt Giải Ba môn Hoá cơ sở năm lớp 11, giải khuyến khích môn Toán tỉnh lớp 12, em đã đỗ vào Khoa Công nghệ thông tin Trường Đại học Công Nghiệp Hà Nội với 27,05 điểm theo Phương thức 3 học lớp 2024DHCNTT04 - Xét tuyển dựa trên kết quả thi tốt nghiệp THPT năm 2024. Em đã đạt Học bổng HaUI 100% năm thứ nhất. Lê Xuân Ngọc đứng hàng 2 từ trái sang cùng tập thể lớp THPT Nguyễn Hoàng Anh quê ở Quốc Oai, Hà Nội với thành tích đạt được giải Ba cấp cụm môn Sinh học, em đã đỗ vào Khoa Công nghệ thông tin Trường Đại học Công Nghiệp Hà Nội với 20,06 điểm theo Phương thức 6 học lớp 2024DHCNTT01 - Xét tuyển dựa trên kết quả thi đánh giá tư duy. Em đã đạt Học bổng HaUI 100% năm thứ nhất. Lê Quốc Đạt quê ở Bắc Ninh, với thành tích đạt được 3 năm Học sinh giỏi bậc THPT, em đã đỗ vào Khoa Công nghệ thông tin Trường Đại học Công Nghiệp Hà Nội với 26,67 điểm theo Phương thức 3 học lớp 2024DHCNTT01 - Xét tuyển dựa trên kết quả thi tốt nghiệp THPT năm 2024. Em đã đạt học bổng HaUI 5 triệu đồng. Nguyễn Anh Tuấn quê ở Bắc Ninh, với thành tích đạt được 3 năm Học sinh giỏi bậc THPT và đạt chứng chỉ quốc tế IELTS 7.0, em đã đỗ vào Khoa Công nghệ thông tin Trường Đại học Công Nghiệp Hà Nội với 28,78 điểm theo Phương thức 2 học lớp 2024DHKHMT01 - Xét tuyển thí sinh đoạt giải học sinh giỏi cấp tỉnh/thành phố, thí sinh có chứng chỉ quốc tế. Em đã đạt học bổng HaUI 5 triệu đồng. Sinh viên Cao Đức Hoàng quê ở Nghệ An, với thành tích đạt được 3 năm Học sinh giỏi bậc THPT, em đã đỗ vào Khoa Công nghệ thông tin Trường Đại học Công Nghiệp Hà Nội với 29,04 điểm theo Phương thức 4 học lớp 2024DHCNTT03 - Xét tuyển dựa trên kết quả học tập ở bậc học THPT. Em đã đạt học bổng HaUI 5 triệu đồng. Sinh viên Nguyễn Đức Cảnh ở Đan Phượng, Hà Nội với ước mơ trở thành chuyên gia An ninh mạng em đã đỗ vào Khoa Công nghệ thông tin Trường Đại học Công Nghiệp Hà Nội với 19,43 điểm theo Phương thức 6 học lớp 2024DHCNTT01 - Xét tuyển dựa trên kết quả thi đánh giá tư duy. Em đã đạt học bổng HaUI 5 triệu đồng. Sinh viên Nguyễn Quang Khải ở Ba Vì, Hà Nội, với ước mơ trở thành Web developer và AI engineer em đã đỗ vào Khoa Công nghệ thông tin Trường Đại học Công Nghiệp Hà Nội với 19,39 điểm theo Phương thức 6 học lớp 2024DHCNTT01 - Xét tuyển dựa trên kết quả thi đánh giá tư duy. Em đã đạt học bổng HaUI 5 triệu đồng. Với các thành tích xuất sắc đã đạt được ở bậc học THPT cùng sự phấn đấu, nỗ lực học tập, hy vọng các em sẽ học tập tốt trên giảng đường đại học và hy vọng môi trường học tập tại Khoa Công nghệ thông tin Trường Đại học Công Nghiệp Hà Nội sẽ là nơi các em trau dồi và tích lũy để trở thành Lập trình viên chuyên nghiệp trong tương lai. Thứ Tư, 11:03 25/09/2024 Tags:']","Nguyễn Hoàng Trang Anh đã được bầu vào vị trí **Phó Bí thư** trong Ban chấp hành Liên chi Đoàn Khoa Công nghệ thông tin nhiệm kỳ 2024 - 2027. 

Về thành tích nổi bật trong năm học 2024-2025, thông tin cụ thể không có sẵn trong tài liệu. Tuy nhiên, có thông tin về các hoạt động và thành tích của sinh viên trong khoa, như việc nhiều sinh viên đạt học bổng và các giải thưởng trong các cuộc thi nghiên cứu khoa học.

Nếu bạn cần thêm thông tin chi tiết về các hoạt động của khoa hoặc thành tích của sinh viên khác, vui lòng cho tôi biết!

[Chúc mừng thành công Đại hội đại biểu Liên chi đoàn Khoa Công nghệ thông tin] - [**Link tham khảo**](https://fit.haui.edu.vn/vn/tin-tuc/chuc-mung-thanh-cong-dai-hoi-dai-bieu-lien-chi-doan-khoa-cong-nghe-thong-tin-truong-dai-hoc-cong-nghiep-ha-noi-nhiem-ky-2024-2027/71130).","Nguyễn Hoàng Trang Anh đã được bầu vào vị trí Phó Bí thư trong Ban chấp hành Liên chi Đoàn Khoa Công nghệ thông tin nhiệm kỳ 2024 - 2027. Trong năm học 2024-2025, nhiều sinh viên trong Khoa Công nghệ thông tin, bao gồm cả Nguyễn Hoàng Trang Anh, đã đạt được Học bổng HaUI 100% năm thứ nhất nhờ vào thành tích học tập xuất sắc.",0.0,0.499999999975,0.2857142857142857,0.0,0.7251360416412354,9.915727853775024
Dự án Innovation Campus có vai trò gì trong việc hỗ trợ sinh viên CNTT trong kỷ nguyên AI?,"['content: dụng kết hợp giữa 2 hình thức đào tạo trực tuyến (E-learning) và trực tiếp (offline) để mở rộng quy mô và tối ưu lịch trình học tập cho học viên. Sinh viên Khoa CNTT - Trường ĐH Công Nghiệp Hà Nội tại Lễ khởi động Dự kiến Samsung Innovation Campus 2024-2025 sẽ mang tới cơ hội học tập và phát triển năng lực công nghệ cho khoảng 6.600 học sinh và sinh viên tại Việt Nam. Cũng tại sự kiện, Samsung Việt Nam, Tổ chức Tuổi trẻ thành đạt Việt Nam và Công ty Letuin Việt Nam đã thực hiện Lễ ký kết biên bản ghi nhớ MOU, khẳng định cam kết đồng hành nhằm triển khai dự án Samsung Innovation Campus 2024-2025 tại Việt Nam. Thứ Hai, 14:07 25/11/2024 Tags:\\nnext_contents:\\n- Samsung khởi động Chương trình phát triển nhân tài công nghệ 2024-2025 Chiều 22/11, Tổ hợp Samsung Việt Nam chính thức khởi động Chương trình Phát triển nhân tài công nghệ – Samsung Innovation Campus 2024-2025 nhằm phát triển năng lực công nghệ cao cho thế hệ trẻ Việt Nam là những người sẽ dẫn dắt sự thành công của cuộc Cách mạng Công nghiệp 4.0 tại Việt Nam trong tương lai. Chương trình đào tạo được thiết kế trên nền tảng giáo dục kết hợp giữa kỹ năng công nghệ cốt lõi trong tương lai với các kỹ năng mềm và kỹ năng làm việc trong thực tiễn. Các nội dung đào tạo này được lựa chọn thông qua việc thực hiện khảo sát phân tầng theo các xu hướng phát triển trong các ngành công nghiệp ở từng khu vực khác nhau, kết hợp với nhu cầu tuyển dụng tại các công ty lớn. Lễ ký kết biên bản ghi nhớ MOU giữa các đơn vị triển khai dự án Samsung Innovation Campus 2024-2025 Học viên khi kết thúc khóa học và đạt kết quả theo yêu cầu của chương trình sẽ nhận được chứng nhận hoàn thành khóa học Samsung Innovation Campus, cũng như có cơ hội tham gia nhiều hoạt động có giá trị khác của dự án như Cuộc thi Sáng tạo khoa học công nghệ – Innovation Tech Challenge – cuộc thi nằm trong khuôn khổ của dự án nhằm tạo ra sân chơi giúp các học viên được áp dụng kiến thức, kỹ năng đã được học trong chương trình vào thực tế. Trong khuôn khổ dự án SIC 2024-2025, các nội dung đào tạo sẽ được phân bổ lại cấu trúc nhằm nâng cao chất lượng học tập và phù hợp hơn với tình hình thực tế triển khai. Đồng thời, tiếp tục áp dụng kết hợp giữa 2 hình thức đào tạo trực tuyến (E-learning) và trực tiếp (offline) để mở rộng quy mô và tối ưu lịch trình học tập cho học viên. Sinh viên Khoa CNTT - Trường ĐH Công Nghiệp Hà Nội tại Lễ khởi động Dự kiến Samsung Innovation Campus 2024-2025 sẽ mang tới cơ hội học tập và phát triển năng lực công nghệ cho khoảng 6.600 học sinh và sinh viên tại Việt Nam. Cũng tại sự kiện, Samsung Việt Nam, Tổ chức Tuổi trẻ thành đạt Việt Nam và Công ty Letuin Việt Nam đã thực hiện Lễ ký kết biên\\n', 'content: [vietnamplus] Truyền cảm hứng về hành trình khoa học cho hàng chục nghìn sinh viên Thứ Sáu, 17:46 15/11/2024 65 Trong tháng 12/2024 sẽ diễn ra các hoạt động kết nối khoa học công nghệ từ Tuần lễ Khoa học và Công nghệ VinFuture 2024 với điểm nhấn là “Chuỗi đối thoại khám phá tương lai VinFuture.” VinFuture 2023. (Nguồn: Báo chính phủ) Trong chuyến công tác tới Việt Nam dự Hội nghị khoa học quốc tế ""Điện tử lượng tử Tôpô tương tác trực diện"" diễn ra tại Trung tâm Quốc tế khoa học và giáo dục liên ngành (thành phố Quy Nhơn, tỉnh Bình Định), Giáo sư Duncan Haldane - người đoạt Giải Nobel Vật lý năm 2016, hiện đang giảng dạy tại Đại học Princeton (Hoa Kỳ) nói: “Động lực để giới trẻ học và tiếp thu được khoa học trong thời đại ngày nay không nhất thiết phải phụ thuộc vào sách vở hay chờ sự dìu dắt từ những nhà khoa học lớn. Việc giáo dục và truyền cảm hứng nghiên cứu khoa học cho học sinh, sinh viên phải được thực hiện càng sớm càng tốt, từ lúc họ còn ngồi trên ghế nhà trường. Trước tiên phải tạo sự thích thú, khi đã thích thú rồi thì các bạn trẻ sẽ tự phát triển kỹ năng tự tìm tòi, nghiên cứu. Có kỹ năng đó, họ tự đi theo con đường khoa học mong muốn.” Quan điểm của Giáo sư Duncan Haldane cũng nhận được sự đồng thuận của nhiều nhà khoa học Việt Nam và quốc tế. Trong tháng 12/2024 sẽ diễn ra các hoạt động kết nối khoa học công nghệ từ Tuần lễ Khoa học và Công nghệ VinFuture 2024 với điểm nhấn là “Chuỗi đối thoại khám phá tương lai VinFuture.” Tại sự kiện, các nhà khoa học là thành viên Hội đồng Giải thưởng và Hội đồng Sơ khảo VinFuture, chuyên gia hàng đầu thế giới ở những lĩnh vực công nghệ “nóng”, sẽ giao lưu, trao đổi tri thức, chia sẻ kinh nghiệm với các nhà khoa học, nhà nghiên cứu, truyền cảm hứng cho hàng chục nghìn sinh viên và nhà nghiên cứu trẻ trong nước. Trong năm 2024, 8 tổ chức gồm các viện nghiên cứu, trường đại học lớn nhất Việt Nam, doanh nghiệp sẽ thảo luận chuyên sâu với những nhà khoa học hàng đầu thế giới xoay quanh lĩnh vực trọng yếu như trí tuệ\\nnext_contents:\\n', 'content: Sinh viên được hỗ trợ gì khi học tại các trường đại học ngành Công Thương? Thứ Tư, 18:12 22/03/2023 1094 Để hỗ trợ sinh viên, nhiều chính sách và hoạt động đã được các trường đại học ngành Công Thương đưa ra trong những năm gần đây. Gần 40 tỷ đồng để hỗ trợ sinh viên Đây là con số mà Trường Đại học Công nghiệp Thực phẩm TP. Hồ Chí Minh dành để hỗ trợ cho sinh viên trong năm học 2022-2023. TS Thái Doãn Thanh – Phó Hiệu trưởng Trường Đại học Công nghệp Thực phẩm TP. Hồ Chí Minh (HUFI) cho biết: Cùng với các hoạt động đào tạo, nghiên cứu khoa học, Nhà trường rất quan tâm đến các hoạt động hỗ trợ sinh viên. Các sinh viên tham gia học tập, rèn luyện tại trường có cơ hội nhận được các chính sách hỗ trợ toàn diện từ học bổng; miễn giảm học phí; giới thiệu việc làm; cố vấn học tập; định hướng nghề nghiệp; tư vấn sức khỏe, tâm lý… “Trong năm học 2022 – 2023 này, HUFI đã có quyết định chi gần 40 tỷ đồng học bổng và các khoản chi hỗ trợ sinh viên”- TS Thái Doãn Thanh nhấn mạnh. Trong đó hơn 20 tỷ đồng dành cho học bổng, hỗ trợ sinh viên nghèo vượt khó, còn lại cho các hoạt động như: tiếp sức sinh viên đến trường, hỗ trợ sinh viên đau ốm, tai nạn đột xuất, miễn giảm học phí cho sinh viên, khen thưởng các sinh viên có thành tích tốt trong học tập, hoạt động học thuật và nghiên cứu khoa học, huấn luyện và trải nghiệm các kỹ năng mềm... “Hoạt động hỗ trợ sinh viên của nhà trường mang tính thiết thực, có chiều sâu, phù hợp với nhu cầu và hoàn cảnh thực tế của các sinh viên. Các sinh viên HUFI đều được giới thiệu việc làm trong và sau quá trình học tập, nhờ đó hơn 90% sinh viên tốt nghiệp có việc làm phù hợp”- TS Thanh cho biết thêm. Trường Đại học Công nghiệp Thực phẩm TP Hồ Chí Minh đã có nhiều hoạt động hỗ trợ sinh viên nghiên cứu khoa học Trong khi đó Trường Đại học Công nghiệp Hà Nội thời gian qua cũng đã dành hơn 1,5 tỷ đồng để trao gần 150 suất học bổng đầu vào cho các sinh viên trúng tuyển, nhập học vào trường có thành tích, điểm xét tuyển cao. Ngoài việc thực hiện miễn,\\nnext_contents:\\n', 'content: [doanhnghiepcuocsong] Giới khoa học Việt chờ đón Tuần lễ Khoa học Công nghệ VinFuture 2024 Thứ Hai, 13:21 18/11/2024 52 Sau 3 mùa gây tiếng vang, các nhà khoa học trong nước kỳ vọng sự trở lại của Tuần lễ Khoa học Công nghệ VinFuture 2024 với chuỗi hoạt động kết nối khoa học công nghệ, đặc biệt là “Chuỗi Đối thoại Khám phá tương lai VinFuture”, hứa hẹn mang đến “cơ hội vàng” để tiếp cận tri thức toàn cầu và hợp tác phát triển. “Chuỗi Đối thoại Khám phá Tương lai VinFuture” lần đầu tiên được tổ chức vào năm 2023, nhằm mở ra cơ hội hợp tác và chuyển giao công nghệ tiềm năng trên thế giới cho Việt Nam. Tại sự kiện, các nhà khoa học là thành viên Hội đồng Giải thưởng và Hội đồng Sơ khảo VinFuture, cùng những chuyên gia hàng đầu thế giới ở những lĩnh vực công nghệ “nóng”, sẽ cùng giao lưu, trao đổi tri thức, chia sẻ kinh nghiệm với các nhà khoa học, nhà nghiên cứu Việt Nam, đồng thời truyền cảm hứng về hành trình khoa học cho hàng chục nghìn sinh viên và nhà nghiên cứu trẻ trong nước. Trong năm 2024, 8 tổ chức gồm các viện nghiên cứu, trường đại học lớn nhất Việt Nam và các doanh nghiệp sẽ tham gia thảo luận chuyên sâu với những nhà khoa học hàng đầu thế giới xoay quanh lĩnh vực trọng yếu như trí tuệ nhân tạo (AI), y học, năng lượng, và môi trường... Các nhà khoa học VinFuture sẽ trở lại Hà Nội trong Tuần lễ Khoa học – Công nghệ tháng 12 này để cùng trao đổi, đối thoại với cộng đồng nghiên cứu Việt Nam Mong chờ cơ hội lĩnh hội tri thức mới “Cơ hội lớn” là cụm từ được các chuyên gia nhắc đến nhiều nhất khi nói về “Chuỗi Đối thoại Khám phá Tương lai” nằm trong Tuần lễ Khoa học Công nghệ VinFuture 2024. Theo PGS.TS Ngô Văn Minh, Trường Đại học Giao thông Vận tải, hoạt động kết nối khoa học quy mô này này đang tạo ra làn sóng hứng khởi chưa từng có đối với giảng viên và sinh viên trường. “Bởi việc mời được các giáo sư hàng đầu thế giới, trong đó có cả chuyên gia phát triển bộ chỉ số đổi mới sáng tạo quốc tế, đến chia sẻ về trí tuệ nhân tạo - lĩnh vực đang ‘làm mưa làm gió’\\nnext_contents:\\n', 'content: [toquoc] Giới khoa học Việt chờ đón Tuần lễ Khoa học Công nghệ VinFuture 2024 Thứ Tư, 10:34 13/11/2024 38 (Tổ Quốc) -Sau 3 mùa gây tiếng vang, các nhà khoa học trong nước kỳ vọng sự trở lại của Tuần lễ Khoa học Công nghệ VinFuture 2024 với chuỗi hoạt động kết nối khoa học công nghệ, đặc biệt là “Chuỗi Đối thoại Khám phá tương lai VinFuture”, hứa hẹn mang đến “cơ hội vàng” để tiếp cận tri thức toàn cầu và hợp tác phát triển. ""Chuỗi Đối thoại Khám phá Tương lai VinFuture"" lần đầu tiên được tổ chức vào năm 2023, nhằm mở ra cơ hội hợp tác và chuyển giao công nghệ tiềm năng trên thế giới cho Việt Nam. Tại sự kiện, các nhà khoa học là thành viên Hội đồng Giải thưởng và Hội đồng Sơ khảo VinFuture, cùng những chuyên gia hàng đầu thế giới ở những lĩnh vực công nghệ ""nóng"", sẽ cùng giao lưu, trao đổi tri thức, chia sẻ kinh nghiệm với các nhà khoa học, nhà nghiên cứu Việt Nam, đồng thời truyền cảm hứng về hành trình khoa học cho hàng chục nghìn sinh viên và nhà nghiên cứu trẻ trong nước. Trong năm 2024, 8 tổ chức gồm các viện nghiên cứu, trường đại học lớn nhất Việt Nam và các doanh nghiệp sẽ tham gia thảo luận chuyên sâu với những nhà khoa học hàng đầu thế giới xoay quanh lĩnh vực trọng yếu như trí tuệ nhân tạo (AI), y học, năng lượng, và môi trường... Các nhà khoa học VinFuture sẽ trở lại Hà Nội trong Tuần lễ Khoa học – Công nghệ tháng 12 này để cùng trao đổi, đối thoại với cộng đồng nghiên cứu Việt Nam Mong chờ cơ hội lĩnh hội tri thức mới ""Cơ hội lớn"" là cụm từ được các chuyên gia nhắc đến nhiều nhất khi nói về ""Chuỗi Đối thoại Khám phá Tương lai"" nằm trong Tuần lễ Khoa học Công nghệ VinFuture 2024. Theo PGS.TS Ngô Văn Minh, Trường Đại học Giao thông Vận tải, hoạt động kết nối khoa học quy mô này này đang tạo ra làn sóng hứng khởi chưa từng có đối với giảng viên và sinh viên trường. ""Bởi việc mời được các giáo sư hàng đầu thế giới, trong đó có cả chuyên gia phát triển bộ chỉ số đổi mới sáng tạo quốc tế, đến chia sẻ về trí tuệ nhân tạo - lĩnh vực đang ‘làm mưa làm gió’\\nnext_contents:\\n']","['<1-hop>\\n\\nDự án Innovation Campus là minh chứng cho sự cam kết của Samsung trong nỗ lực thúc đẩy nguồn năng lực chất lượng cao trong lĩnh vực CNTT Từ hấp thu kiến thức đến trau dồi kỹ năng thực hành, ứng dụng, có thể thấy SIC đã mang đến cho thế hệ trẻ những trải nghiệm học tập quý giá, giúp sinh viên nâng cao năng lực công nghệ, sẵn sàng làm chủ tương lai số. Tham gia khóa học SIC là ""bệ phóng"" giúp nhiều bạn trẻ hoàn thành giấc mơ chinh phục công nghệ Thứ Tư, 13:23 30/10/2024 Tags:', '<2-hop>\\n\\nTọa đàm cùng các doanh nghiệp đặc biệt với chủ đề đầy tính thời sự và ý nghĩa - ""Hướng đi đúng cho sinh viên CNTT trong kỷ nguyên AI” là một cuộc đối thoại về xu hướng công nghệ, cơ hội để chúng ta lắng nghe và cảm nhận tinh thần tiên phong, sáng tạo của thế hệ trẻ, đặc biệt là các bạn sinh viên CNTT, trong sứ mệnh khai thác AI, phát triển các giải pháp thông minh, và định hình tương lai công nghệ bền vững. Tọa đàm ""Làn Sóng Layoff và Cách Đối Mặt” là chủ đề rất nóng hổi và gần gũi với thực tế hiện nay, đặc biệt là trong bối cảnh biến động của thị trường lao động toàn cầu. Tại chương trình, Các bạn tân sinh viên được đắm mình trong không gian âm nhạc sôi động với những ca khúc đình đám, cùng nhau hát vang và hòa mình vào không khí của sự kiện. Nơi đây ngoài những câu lạc bộ về học thuật còn có vô vàn các câu lạc bộ ngoại khóa như thanh niên tình nguyện, hỗ trợ kỹ thuật, truyền thông…là môi trường tốt để các bạn tạo dựng những mối quan hệ mới, khám phá tài năng của bản thân và cùng nhau viết nên những kỷ niệm đẹp đẽ trong hành trình mới. Đại diện Câu lạc bộ thanh niên tình nguyện Khoa CNTT giới thiệu về CLB Đại diện Câu lạc bộ truyền thông FIT-Media giới thiệu về Câu lạc bộ Đại diện Đội nghệ thuật Istar Khoa CNTT giới thiệu về đội Đại diện Câu lạc bộ thể thao thao điện tử HEC giới thiệu về Câu lạc bộ Đại diện Câu lạc bộ Tin học HIT Khoa CNTT giới thiệu về CLB Được đầu tư công phu và kỹ lưỡng, chương trình Chào tân sinh viên Khóa 19 Khoa Công nghệ thông tin là chương trình mở đầu cho các chương trình, sự kiện tiếp tục với những hoạt động đồng hành cùng các bạn sinh viên trong thời gian sắp tới. Chắc hẳn hứa hẹn sẽ lưu lại nhiều kỷ niệm đáng nhớ trong những năm tháng thanh xuân dưới ngôi nhà chung Khoa Công nghệ thông tin Trường Đại học Công Nghiệp Hà Nội. Thứ Hai, 11:54 14/10/2024 Tags:']","### Thông tin về hoạt động khóa và các hoạt động đoàn hội tại Khoa Công nghệ Thông tin

1. **Hoạt động ngoại khóa**:
   - Sinh viên Khoa Công nghệ Thông tin tại Trường Đại học Công nghiệp Hà Nội được khuyến khích tham gia vào các hoạt động ngoại khóa và hợp tác doanh nghiệp. Những hoạt động này nhằm mở rộng kiến thức, rèn luyện kỹ năng và tạo cơ hội tiếp xúc với thực tế ngành nghề.
   - Nhà trường thường xuyên tổ chức các hoạt động như tham quan doanh nghiệp, diễn đàn chuyên đề, hội thảo, và buổi chia sẻ kinh nghiệm từ các chuyên gia trong ngành. Điều này giúp sinh viên hiểu rõ hơn về quy trình sản xuất thực tế và các xu hướng mới trong ngành công nghiệp khuôn mẫu.

2. **Chương trình đào tạo**:
   - Chương trình đào tạo tại Khoa Công nghệ Thông tin bao gồm các môn học lý thuyết và thực hành, giúp sinh viên có nền tảng vững chắc và khả năng áp dụng kiến thức vào thực tế.

### Vai trò của Dự án Innovation Campus trong việc hỗ trợ sinh viên CNTT trong kỷ nguyên AI

- **Dự án Samsung Innovation Campus (SIC)**:
   - Dự án này được khởi động nhằm phát triển năng lực công nghệ cho sinh viên, đặc biệt trong các lĩnh vực như Trí tuệ nhân tạo (AI), Internet of Things (IoT), và Dữ liệu lớn (Big Data).
   - Chương trình đào tạo kết hợp giữa hình thức học trực tiếp và trực tuyến, giúp sinh viên có cơ hội tiếp cận với các công nghệ mới nhất và phát triển kỹ năng cần thiết cho thị trường lao động hiện đại.
   - Dự án cũng tạo ra cơ hội cho khoảng 6.600 sinh viên và học sinh tại Việt Nam tham gia vào các khóa học và hoạt động thực tiễn, từ đó nâng cao khả năng cạnh tranh của họ trong kỷ nguyên công nghệ 4.0.

### Kết luận
Dự án Innovation Campus không chỉ cung cấp kiến thức mà còn tạo ra môi trường thực hành và trải nghiệm thực tế cho sinh viên, giúp họ sẵn sàng hơn cho những thách thức trong tương lai, đặc biệt là trong lĩnh vực công nghệ thông tin và AI.

[Ngành Công nghệ kỹ thuật khuôn mẫu: Tạo dựng tương lai từ sự sáng tạo] - [**Link tham khảo**](https://www.haui.edu.vn/vn/goc-nhin-haui/nganh-cong-nghe-ky-thuat-khuon-mau-tao-dung-tuong-lai-tu-su-sang-tao/65042).  
[Sinh viên Trường Đại học Công nghiệp Hà Nội sáng tạo túi thời trang tái chế, lan tỏa thông điệp bảo vệ môi trường] - [**Link tham khảo**](https://www.haui.edu.vn/vn/tin-tuc/sinh-vien-truong-dai-hoc-cong-nghiep-ha-noi-sang-tao-tui-thoi-trang-tai-che-lan-toa-thong-diep-bao-ve-moi-truong/65351).  
[Samsung khởi động Chương trình phát triển nhân tài công nghệ 2024-2025] - [**Link tham khảo**](https://fit.haui.edu.vn/vn/tin-tuc/samsung-khoi-dong-chuong-trinh-phat-trien-nhan-tai-cong-nghe-2024-2025/71163).  

Nếu bạn cần thêm thông tin hoặc có câu hỏi khác, hãy cho tôi biết!","Dự án Innovation Campus là minh chứng cho sự cam kết của Samsung trong việc thúc đẩy nguồn năng lực chất lượng cao trong lĩnh vực CNTT. Dự án này không chỉ giúp sinh viên hấp thu kiến thức mà còn trau dồi kỹ năng thực hành, ứng dụng, mang đến cho thế hệ trẻ những trải nghiệm học tập quý giá. Điều này giúp sinh viên CNTT nâng cao năng lực công nghệ, sẵn sàng làm chủ tương lai số, đồng thời phù hợp với xu hướng công nghệ và cơ hội trong kỷ nguyên AI.",0.7966684490522734,0.9999999999,0.3448275862068966,1.0,0.692317008972168,14.505479097366333
Tại sao chương trình Samsung Innovation Campus lại quan trọng đối với sinh viên Khoa Công nghệ thông tin Trường Đại học Công nghiệp Hà Nội trong bối cảnh phát triển công nghệ tại Việt Nam?,"['content: dụng kết hợp giữa 2 hình thức đào tạo trực tuyến (E-learning) và trực tiếp (offline) để mở rộng quy mô và tối ưu lịch trình học tập cho học viên. Sinh viên Khoa CNTT - Trường ĐH Công Nghiệp Hà Nội tại Lễ khởi động Dự kiến Samsung Innovation Campus 2024-2025 sẽ mang tới cơ hội học tập và phát triển năng lực công nghệ cho khoảng 6.600 học sinh và sinh viên tại Việt Nam. Cũng tại sự kiện, Samsung Việt Nam, Tổ chức Tuổi trẻ thành đạt Việt Nam và Công ty Letuin Việt Nam đã thực hiện Lễ ký kết biên bản ghi nhớ MOU, khẳng định cam kết đồng hành nhằm triển khai dự án Samsung Innovation Campus 2024-2025 tại Việt Nam. Thứ Hai, 14:07 25/11/2024 Tags:\\nnext_contents:\\n- Samsung khởi động Chương trình phát triển nhân tài công nghệ 2024-2025 Chiều 22/11, Tổ hợp Samsung Việt Nam chính thức khởi động Chương trình Phát triển nhân tài công nghệ – Samsung Innovation Campus 2024-2025 nhằm phát triển năng lực công nghệ cao cho thế hệ trẻ Việt Nam là những người sẽ dẫn dắt sự thành công của cuộc Cách mạng Công nghiệp 4.0 tại Việt Nam trong tương lai. Chương trình đào tạo được thiết kế trên nền tảng giáo dục kết hợp giữa kỹ năng công nghệ cốt lõi trong tương lai với các kỹ năng mềm và kỹ năng làm việc trong thực tiễn. Các nội dung đào tạo này được lựa chọn thông qua việc thực hiện khảo sát phân tầng theo các xu hướng phát triển trong các ngành công nghiệp ở từng khu vực khác nhau, kết hợp với nhu cầu tuyển dụng tại các công ty lớn. Lễ ký kết biên bản ghi nhớ MOU giữa các đơn vị triển khai dự án Samsung Innovation Campus 2024-2025 Học viên khi kết thúc khóa học và đạt kết quả theo yêu cầu của chương trình sẽ nhận được chứng nhận hoàn thành khóa học Samsung Innovation Campus, cũng như có cơ hội tham gia nhiều hoạt động có giá trị khác của dự án như Cuộc thi Sáng tạo khoa học công nghệ – Innovation Tech Challenge – cuộc thi nằm trong khuôn khổ của dự án nhằm tạo ra sân chơi giúp các học viên được áp dụng kiến thức, kỹ năng đã được học trong chương trình vào thực tế. Trong khuôn khổ dự án SIC 2024-2025, các nội dung đào tạo sẽ được phân bổ lại cấu trúc nhằm nâng cao chất lượng học tập và phù hợp hơn với tình hình thực tế triển khai. Đồng thời, tiếp tục áp dụng kết hợp giữa 2 hình thức đào tạo trực tuyến (E-learning) và trực tiếp (offline) để mở rộng quy mô và tối ưu lịch trình học tập cho học viên. Sinh viên Khoa CNTT - Trường ĐH Công Nghiệp Hà Nội tại Lễ khởi động Dự kiến Samsung Innovation Campus 2024-2025 sẽ mang tới cơ hội học tập và phát triển năng lực công nghệ cho khoảng 6.600 học sinh và sinh viên tại Việt Nam. Cũng tại sự kiện, Samsung Việt Nam, Tổ chức Tuổi trẻ thành đạt Việt Nam và Công ty Letuin Việt Nam đã thực hiện Lễ ký kết biên\\n', 'content: [vjst] Đẩy mạnh hợp tác phát triển công nghệ bán dẫn và vi mạch tại Việt Nam Thứ Năm, 17:09 30/11/2023 305 Ngày 29/11/2023 tại Hà Nội, Trường Đại học Công nghiệp Hà Nội đã ký kết Thỏa thuận hợp tác nhằm đẩy mạnh hoạt động đào tạo, nghiên cứu khoa học, phát triển công nghệ bán dẫn và vi mạch tại Việt Nam với 2 doanh nghiệp là: Công ty TNHH LG Electronics Development Việt Nam (LGEDV) và Công ty TNHH LG CNS Việt Nam (LGCNS). PGS.TS Phạm Văn Đông - Phó Hiệu trưởng Trường Đại học Công nghiệp Hà Nội cho biết, Thỏa thuận hợp tác với 2 đối tác sẽ góp phần nâng cao chất lượng công tác đào tạo nguồn nhân lực ngành công nghệ thông tin cũng như hoạt động nghiên cứu - ứng dụng công nghệ của Trường và doanh nghiệp. Hiện nay, các doanh nghiệp có vốn đầu tư nước ngoài quy mô lớn đã đầu tư vào Việt Nam trong ngành công nghiệp vi mạch và bán dẫn, chính vì thế, các cơ sở đào tạo tại Việt Nam, trong đó có Trường Đại học Công nghiệp Hà Nội đang tập trung triển khai đào tạo nguồn nhân lực chất lượng cao trong lĩnh vực công nghệ bán dẫn, nhất là kỹ sư thiết kế vi mạch. Do vậy, bên cạnh việc mở rộng hợp tác trong lĩnh vực này, Nhà trường sẽ đẩy mạnh các hoạt động hợp tác trong các lĩnh vực khác như cơ khí, tự động hóa... Đại diện LGEDV và LGCNS đánh giá cao chất lượng nguồn nhân lực được Trường Đại học Công nghiệp Hà Nội đào tạo. Tuy nhiên, để nâng cao hơn nữa công tác đào tạo gắn với thực tiễn, LGEDV và LGCNS đề nghị Trường tiếp tục nghiên cứu, xúc tiến nội dung, định hướng hợp tác trong thời gian tới như: xây dựng các khóa học, mời chuyên gia nước ngoài (trong đó có Hàn Quốc) tham gia vào quá trình đào tạo tại Trường; đồng thời tiến hành tổ chức khóa đào tạo/tập huấn nhằm cập nhật những kiến thức và công nghệ mới nhất cho sinh viên… Nguồn: Tạp chí Khoa học và Công nghệ Việt Nam Thứ Năm, 17:09 30/11/2023 Tags:\\nnext_contents:\\n', 'content: Sinh viên Khoa Công nghệ thông tin Trường Đại học Công Nghiệp Hà Nội đạt học bổng sinh viên xuất sắc Chương trình SIC 2023-2024 Kết thúc niên khoá 2023-2024, SIC tiếp tục chứng tỏ sức hút lớn của chương trình bồi đắp nhân tài công nghệ hàng đầu Việt Nam với số lượng học viên tăng đột phá, đạt gần 6.400 người, gấp đôi năm học 2022 – 2023. Lễ tổng kết chương trình Phát triển Nhân tài Công nghệ - Samsung Innovation Campus (SIC) niên khóa 2023-2024 do Samsung Việt Nam phối hợp cùng Tổ chức Tuổi trẻ thành đạt tổ chức chiều 29/8, tại Hà Nội. Sự kiện nhằm đánh giá hiệu quả thực hiện dự án sau một năm nỗ lực bồi đắp năng lực công nghệ cao cho thế hệ trẻ Việt Nam - những người sẽ dẫn dắt sự thành công của cuộc Cách mạng 4.0 trong hiện tại và tương lai. Buổi lễ có sự tham dự của ông Choi Joo Ho - Tổng Giám đốc Tổ hợp Samsung Việt Nam, ông Kim Yong Sup - Phó Tổng Giám đốc phụ trách Đối ngoại Tổ hợp Samsung Việt Nam, đại diện từ Chính phú, các đối tác, cũng như các trường THCS, THPT, Cao đẳngvà Đại học. Khởi động vào tháng 10/2023, Samsung Innovation Campus 2023-2024 đã mang đến các khóa học phát triển năng lực công nghệ đa dạng dành cho các bạn trẻ từ 13-22 tuổi, kết hợp giữa hai hình thức đào tạo trực tiếp và trực tuyến (E-Learning), nhằm tạo điều kiện cho các học viên trên cả nước đều có cơ hội tham gia. Chương trình năm nay cung cấp 3 khóa học phát triển năng lực công nghệ, bao gồm: Vạn vật kết nối (Internet of Things – IoT), Trí tuệ nhân tạo (Artificial Intelligence – AI), Dữ liệu lớn (Big Data) và 1 khóa học kỹ năng Lập trình cơ bản (Coding & Programming – C&P). Thầy Phạm Văn Đông - Phó Hiệu trưởng Trường ĐH Công Nghiệp Hà Nội tại Buổi tổng két Ngoài ra, dự án còn cung cấp các nội dung hướng nghiệp và kỹ năng mềm nhằm bổ trợ và nâng cao năng lực toàn diện cho học viên. Sau một năm triển khai, Samsung Innovation Campus 2023 - 2024 đã lan tỏa tới 67 trường, bao gồm các trường THCS, THPT và Đại học ở 13 tỉnh, thành phố trên cả nước, tương ứng với 21.000 giờ học được giảng\\nnext_contents:\\n', 'content: Trường Đại học Công nghiệp Hà Nội chuyển đổi số hướng tới mô hình ""Đại học thông minh"" Thứ Hai, 11:09 20/09/2021 5230 Trường Đại học Công nghiệp Hà Nội (Trường ĐHCN Hà Nội) đã gặt hái được nhiều thành công trong công tác giáo dục, đào tạo và nghiên cứu khoa học. Năm 2021, mặc dù chịu ảnh hưởng của đại dịch Covid-19 nhưng công tác đào tạo, giảng dạy của Nhà trường vẫn đạt hiệu quả cao nhờ chủ động chuyển đổi số. PGS.TS. Trần Đức Quý - Hiệu trưởng Trường ĐHCN Hà Nội đã có những chia sẻ tâm huyết với Trang TTĐT Khoa học công nghệ ngành Công Thương ( https://khcncongthuong.vn/ ) xung quanh công tác chuyển đổi số của Nhà trường hướng tới mô hình đại học thông minh. PGS.TS. Trần Đức Quý - Bí thư Đảng ủy, Hiệu trưởng Trường Đại học Công nghiệp Hà Nội Thưa PGS.TS Trần Đức Quý, ông có thể chia sẻ về những kết quả nổi bật mà Đại học Công nghiệp Hà Nội đã đạt được trong thời gian qua trong công tác nghiên cứu, chuyển giao khoa học và công nghệ? PGS.TS. Trần Đức Quý: Cuộc cách mạng công nghiệp lần thứ 4 cùng với quá trình toàn cầu hóa và hội nhập quốc tế đang mở ra nhiều cơ hội mới cho nền kinh tế trên toàn tế giới, tuy nhiên cũng đặt ra nhiều thách thức cho các lĩnh vực, trong đó có lĩnh vực giáo dục, đào tạo. Trong nền giáo dục 4.0, Trường Đại học không chỉ là nơi đào tạo, nghiên cứu mà còn là trung tâm đổi mới sáng tạo, giải quyết những vấn đề thực tiễn để đào tạo, cung cấp nguồn nhân lực chất lượng đáp ứng yêu cầu ngày càng cao của xã hội. Về hoạt động nghiên cứu khoa học Trong những năm gần đây, số lượng và quy mô các đề tài nghiên cứu khoa học (NCKH) ngày càng tăng, năm sau hơn năm trước từ 20-30%, đặc biệt là đề tài, dự án cấp bộ, tỉnh và cấp nhà nước. Hàng năm có từ 15-20 đề tài, dự án cấp bộ/tỉnh và nhà nước. Nhiều đề tài, dự án có tính ứng dụng thực tế cao. Số lượng các bài báo/công trình khoa học tăng nhanh, đặc biệt là công bố quốc tế. Năm 2020, cán bộ, giảng viên Nhà trường công bố trên 847 bài báo, trong đó có 264 bài báo quốc tế, 150 bài báo ISI/ Scopus, 553 bài\\nnext_contents:\\n', 'content: [dientuungdung] So sánh mức học phí Nhóm ngành Kỹ thuật Điện tử năm 2024 của một số trường đại học Thứ Hai, 17:06 01/07/2024 2945 Học phí nhóm ngành Kỹ thuật Điện tử năm học 2024 - 2025 tại một số trường đại học có sự chênh lệch đáng kể giữa các trường đào tạo. Thấp nhất là Trường Đại học Kỹ thuật công nghiệp Thái Nguyên với mức học phí trung bình 13.5 triệu đồng/ năm học. Trong bối cảnh cách mạng công nghệ 4.0, không thể không kể đến những thành tựu nổi bật mà các lĩnh vực như robot tự động hóa, điện toán đám mây, công nghệ kết nối vạn vật (IoT) và trí tuệ nhân tạo (AI) mang lại. Để đạt được những thành tựu này, việc đào tạo nguồn nhân lực chất lượng cao trong lĩnh vực điện điện tử là vô cùng quan trọng. Vậy đâu là những trường đại học đang đào tạo ngành này tại khu vực phía Bắc? Đào tạo ngành Điện tử Viễn thông tại Đại học Bách khoa Hà Nội. Ảnh: Hùng Cường Tiềm năng phát triển ngành Điện Điện tử Sự phát triển của các xu hướng công nghệ mới như robot tự động hóa, điện toán đám mây, IoT và AI mở ra nhiều cơ hội đột phá. Ngành công nghệ kỹ thuật điện, điện tử không chỉ đóng góp to lớn vào sự phát triển của các ngành kỹ thuật khác mà còn thu hút sự đầu tư hàng tỷ USD từ các doanh nghiệp nước ngoài vào Việt Nam. Khi xu hướng công nghệ phát triển, nhu cầu về nguồn nhân lực trong ngành điện điện tử cũng không ngừng tăng lên. Các doanh nghiệp yêu cầu không chỉ số lượng mà còn chất lượng của nguồn nhân lực, điều này đòi hỏi các trường đại học đào tạo ngành Điện Điện tử phải đổi mới, sáng tạo và cải thiện chương trình đào tạo để đáp ứng nhu cầu của thị trường. Về học phí Nhóm ngành điện tử năm học 2024-2025 Ngành Kỹ thuật Điện tử Viễn thông là một trong những lĩnh vực đào tạo hấp dẫn, đáp ứng nhu cầu nhân lực cho sự phát triển công nghệ trong kỷ nguyên số. Nhiều trường đại học và cao đẳng trên cả nước đang mở rộng tuyển sinh cho ngành học này. Biểu đồ so sánh mức học phí trung bình năm học 2024-2025 của Nhóm ngành kỹ thuật điện tử của một số trường đại học. Đồ họa: Hùng\\nnext_contents:\\n']","['<1-hop>\\n\\nPhát biểu tại buổi lễ tổng kết, ông Choi Joo Ho nhấn mạnh: “Samsung và các doanh nghiệp IT trên toàn cầu đang tìm kiếm cơ hội hợp tác và mở rộng đầu tư tại Việt Nam. Trong một tương lai gần, Việt Nam sẽ giữ một vai trò vô cùng quan trọng trên thế giới không chỉ dừng lại ở mảng điện thoại di động mà trên toàn bộ ngành công nghiệp công nghệ cao. Các em cần nắm bắt những thay đổi này của Việt Nam để tạo thành cơ hội của chính mình. Cùng với những chính sách tuyệt vời của Chính phủ Việt Nam, nhà trường và các doanh nghiệp toàn cầu như Samsung đang nỗ lực để đào tạo nhân lực trong lĩnh vực IT và bán dẫn, điều đó cho thấy tất cả đang xây dựng một môi trường vô cùng thuận lợi cho các em"". Thứ Bảy, 15:03 31/08/2024 Tags:', '<2-hop>\\n\\nChứng nhận Samsung Innovation Campus Không ngừng học hỏi, khám phá, sáng tạo và vượt qua giới hạn bản thân để chinh phục những đỉnh cao công nghệ là vô cùng quan trọng trong bối cảnh công nghệ đang phát triển thần tốc như hiện nay. Gần 150 sinh viên Khoa Công nghệ thông tin Trường Đại học Công Nghiệp Hà Nội đã xuất sắc đạt được chứng nhận Samsung Innovation Campus. Gần 150 SV các lớp SIC (Samsung Innovation Campus) được nhận chứng nhận Tinh thần này được lan tỏa tích cực tại Samsung Innovation Campus (SIC) thông qua cách chương trình thiết kế các khóa học kiến thức kết hợp kỹ năng ứng dụng công nghệ đa dạng, hấp dẫn và hiệu quả. Mang đến những thay đổi sâu sắc trên mọi lĩnh vực đời sống xã hội, cuộc cách mạng công nghiệp lần thứ 4 (CMCN 4.0) đang diễn ra với tốc độ chóng mặt trên toàn cầu. Trong đó, công nghệ đóng vai trò dẫn dắt, là động lực thúc đẩy sự phát triển của các ngành kinh tế, xã hội. Chưa bao giờ các công nghệ cốt lõi như AI (trí tuệ nhân tạo), IoT (vạn vật kết nối internet), dữ liệu lớn, đám mây, nền tảng di động… trở nên quan trọng như hiện nay. Cung cấp cho thế hệ trẻ một ""chương trình giảng dạy cốt lõi chung"", cho phép sinh viên có được các kiến thức cơ bản nhất của 5 công nghệ nền tảng cũng chính là mục tiêu Samsung hướng đến khi đầu tư và phát triển dự án Innovation Campus, với tư cách là doanh nghiệp công nghệ hàng đầu. Khởi động từ 2019, cho đến nay, Innovation Campus đã đào tạo những kiến thức công nghệ mới nhất cho hơn 6.000 học sinh, sinh viên trên khắp mọi miền đất nước, qua đó khẳng định vị thế hàng đầu của Samsung trong việc nỗ lực thúc đẩy phát triển nguồn nhân lực công nghệ chất lượng cao tại Việt Nam. TS. Phạm Văn Hà - Phó Trưởng khoa CNTT Đại học Công nghiệp trao chứng nhận cho những sinh viên xuất sắc tại Khóa học Với chương trình học được thiết kế dựa trên nền tảng các công nghệ lõi của tương lai, kết hợp kỹ năng thực hành ứng dụng, đồng thời sát với xu hướng và yêu cầu tuyển dụng từ các doanh nghiệp công nghệ đầu ngành, SIC mỗi niên khóa đều nhận được sự hưởng ứng tích cực của hàng ngàn học viên tham gia. Không chỉ hướng đến cung cấp kho kiến thức nền tảng về công nghệ mới nhất, SIC còn khuyến khích học viên ứng dụng kiến thức đã được trau dồi vào thực tiễn. Theo đó, không chỉ được tạo điều kiện thực hành ngay trong khóa học, học viên tốt nghiệp SIC còn có cơ hội áp dụng kiến thức và kỹ năng đã học để tham dự Cuộc thi Innovation Tech Challenge, thông qua việc tháo gỡ bài toán hóc búa được ban tổ chức đề ra bằng các ý tưởng, giải pháp sáng tạo, hay thêm cơ hội để được thực tập tại Samsung Việt Nam']","Chương trình Samsung Innovation Campus (SIC) là một trong những hoạt động quan trọng đối với sinh viên Khoa Công nghệ thông tin Trường Đại học Công nghiệp Hà Nội, đặc biệt trong bối cảnh phát triển công nghệ tại Việt Nam. Dưới đây là một số lý do vì sao chương trình này lại có tầm quan trọng như vậy:

1. **Cơ hội học tập và thực hành**: Chương trình SIC cung cấp cho sinh viên cơ hội học tập và thực hành các kỹ năng công nghệ mới nhất, giúp họ nắm bắt được xu hướng và công nghệ hiện đại trong ngành công nghệ thông tin.

2. **Kết nối với doanh nghiệp**: Chương trình tạo ra cầu nối giữa sinh viên và các doanh nghiệp công nghệ hàng đầu, giúp sinh viên có cơ hội thực tập, làm việc và phát triển sự nghiệp trong môi trường chuyên nghiệp.

3. **Đáp ứng nhu cầu nhân lực**: Trong bối cảnh Việt Nam đang phát triển mạnh mẽ về công nghệ thông tin, chương trình SIC giúp sinh viên trang bị những kỹ năng cần thiết để đáp ứng nhu cầu nhân lực chất lượng cao trong ngành này.

4. **Khuyến khích đổi mới sáng tạo**: Chương trình khuyến khích sinh viên tham gia vào các dự án đổi mới sáng tạo, từ đó phát triển tư duy sáng tạo và khả năng giải quyết vấn đề.

5. **Hỗ trợ phát triển nghề nghiệp**: Tham gia chương trình giúp sinh viên xây dựng mạng lưới quan hệ trong ngành, từ đó mở rộng cơ hội nghề nghiệp sau khi tốt nghiệp.

Chương trình Samsung Innovation Campus không chỉ mang lại lợi ích cho sinh viên mà còn góp phần vào sự phát triển chung của ngành công nghệ thông tin tại Việt Nam, đáp ứng nhu cầu ngày càng cao về nguồn nhân lực chất lượng trong thời đại công nghệ 4.0.

Nếu bạn cần thêm thông tin về các hoạt động khác của Khoa Công nghệ thông tin hoặc các chương trình đào tạo, hãy cho tôi biết! 

[Hấp dẫn với hàng trăm cơ hội việc làm cho sinh viên] - [**Link tham khảo**](https://www.haui.edu.vn/vn/hoat-dong-sinh-vien/hap-dan-voi-hang-tram-co-hoi-viec-lam-cho-sinh-vien/63508).","Chương trình Samsung Innovation Campus quan trọng đối với sinh viên Khoa Công nghệ thông tin Trường Đại học Công nghiệp Hà Nội vì nó cung cấp cho sinh viên kiến thức cơ bản về các công nghệ nền tảng như AI, IoT, và dữ liệu lớn, đồng thời kết hợp kỹ năng thực hành ứng dụng. Điều này giúp sinh viên nắm bắt những thay đổi trong ngành công nghệ, tạo cơ hội nghề nghiệp trong bối cảnh Việt Nam đang trở thành một trung tâm công nghệ cao với sự đầu tư từ các doanh nghiệp lớn như Samsung. Hơn nữa, chương trình còn khuyến khích sinh viên tham gia vào các cuộc thi như Innovation Tech Challenge, giúp họ áp dụng kiến thức vào thực tiễn và tăng cường khả năng cạnh tranh trên thị trường lao động.",0.9141465993498025,0.99999999998,0.8333333333333334,1.0,0.7922260761260986,9.41266393661499
Liên chi Đoàn Khoa CNTT đã có những hoạt động gì nổi bật trong nhiệm kỳ 2022-2024 và những định hướng nào cho nhiệm kỳ 2024-2027?,"['content: Đại hội đại biểu Liên chi Đoàn khoa Công nghệ thông tin lần thứ X, nhiệm kỳ 2022 - 2024 Ngày 16/04/2022, Đại hội đại biểu Liên chi Đoàn khoa Công nghệ thông tin lần thứ X, nhiệm kỳ 2022 - 2024 đã diễn ra thành công tốt đẹp tại hội trường A11, CS1 Trường Đại học Công nghiệp Hà Nội. ĐẠI HỘI ĐẠI BIỂU LIÊN CHI ĐOÀN KHOA CÔNG NGHỆ THÔNG TIN LẦN THỨ X, NHIỆM KỲ 2022 - 2024 Ngày 16/04/2022, Đại hội đại biểu Liên chi Đoàn khoa Công nghệ thông tin lần thứ X, nhiệm kỳ 2022 - 2024 đã diễn ra thành công tốt đẹp tại hội trường A11, CS1 Trường Đại học Công nghiệp Hà Nội. Đây là một sự kiện chính trị quan trọng nhằm báo cáo kết quả hoạt động nhiệm kì 2019 - 2022 và bầu ra BCH Liên chi Đoàn khóa mới, nhiệm kì 2022 - 2024. Hướng tới 25 năm thành lập Khoa CNTT và tầm nhìn chiến lược đến năm 2025. Sau 02 phiên làm việc với tinh thần khẩn trương, nghiêm túc và hiệu quả, Đại hội đã đi đến thống nhất và thông qua Báo cáo Tổng kết nhiệm kỳ 2019 – 2022, đề ra phương hướng và nhiệm vụ nhiệm kỳ 2022 – 2024. Đại hội nhất trí bầu đ/c Trịnh Bá Quý giữ chức vụ Bí thư LCĐ khoa CNTT; đ/c Nguyễn Chiến Thắng và đ/c Lưu Thị Thảo giữ chức vụ Phó Bí thư LCĐ khoa CNTT; 8 đồng chí giữ vai trò Uỷ Viên ban chấp hành LCĐ khoa CNTT: 1. Nguyễn Trường An 2. Lê Thị Thanh Hoa 3. Cam Thị Liễu 4. Nguyễn Thuỳ Linh 5. Trần Hoàng Minh Quang 6. Thân Ngọc Thiện 7. Trịnh Sỹ Tới 8. Dương Trung Tú Ghi nhận và tuyên dương những đóng góp của Liên chi đoàn khoa CNTT với công tác Đoàn trong nhiệm kỳ vừa qua, Đoàn trường đã trao tặng giấy khen cho các tập thể và cá nhân đạt thành tích xuất sắc trong công tác Đoàn và phong trào thanh niên nhiệm kỳ 2019 - 2022. Thay mặt Chi bộ, TS Đặng Trọng Hợp - Bí thư chi bộ – Trưởng khoa CNTT đã có lẵng hoa chúc mừng đại hội và phát biểu chỉ đạo. Đồng chí ghi nhận những đóng góp của LCĐ trong nhiệm kỳ vừa qua. Đồng thời, cũng nhấn mạnh các công tác và phong trào của Liên chi cần đẩy mạnh hơn nữa tinh thần xung kích trong các chương trình, phong trào nghiên cứu khoa học, các cuộc thi, hoạt\\nnext_contents:\\n', 'content: giấy khen cho các tập thể và cá nhân đạt thành tích xuất sắc trong công tác Đoàn và phong trào thanh niên nhiệm kỳ 2019 - 2022. Thay mặt Chi bộ, TS Đặng Trọng Hợp - Bí thư chi bộ – Trưởng khoa CNTT đã có lẵng hoa chúc mừng đại hội và phát biểu chỉ đạo. Đồng chí ghi nhận những đóng góp của LCĐ trong nhiệm kỳ vừa qua. Đồng thời, cũng nhấn mạnh các công tác và phong trào của Liên chi cần đẩy mạnh hơn nữa tinh thần xung kích trong các chương trình, phong trào nghiên cứu khoa học, các cuộc thi, hoạt động của các câu lạc bộ đội nhóm. Đại hội Đại biểu Liên chi đoàn khoa Công nghệ thông tin nhiệm kỳ 2022 - 2024 đã diễn ra thành công tốt đẹp. Xin chúc mừng tất cả các đồng chí trong BCH khóa mới, chúc các đồng chí sẽ hoàn thành tốt mọi nhiệm vụ, tạo nên nhiều thành công mới, tiếp tục dẫn dắt LCĐ khoa Công nghệ thông tin luôn là điểm sáng trong công tác Đoàn - Hội của trường Đại học Công nghiệp Hà Nội! Thứ Hai, 15:00 18/04/2022 Tags:\\nnext_contents:\\n- Đại hội đại biểu Liên chi Đoàn khoa Công nghệ thông tin lần thứ X, nhiệm kỳ 2022 - 2024 Ngày 16/04/2022, Đại hội đại biểu Liên chi Đoàn khoa Công nghệ thông tin lần thứ X, nhiệm kỳ 2022 - 2024 đã diễn ra thành công tốt đẹp tại hội trường A11, CS1 Trường Đại học Công nghiệp Hà Nội. ĐẠI HỘI ĐẠI BIỂU LIÊN CHI ĐOÀN KHOA CÔNG NGHỆ THÔNG TIN LẦN THỨ X, NHIỆM KỲ 2022 - 2024 Ngày 16/04/2022, Đại hội đại biểu Liên chi Đoàn khoa Công nghệ thông tin lần thứ X, nhiệm kỳ 2022 - 2024 đã diễn ra thành công tốt đẹp tại hội trường A11, CS1 Trường Đại học Công nghiệp Hà Nội. Đây là một sự kiện chính trị quan trọng nhằm báo cáo kết quả hoạt động nhiệm kì 2019 - 2022 và bầu ra BCH Liên chi Đoàn khóa mới, nhiệm kì 2022 - 2024. Hướng tới 25 năm thành lập Khoa CNTT và tầm nhìn chiến lược đến năm 2025. Sau 02 phiên làm việc với tinh thần khẩn trương, nghiêm túc và hiệu quả, Đại hội đã đi đến thống nhất và thông qua Báo cáo Tổng kết nhiệm kỳ 2019 – 2022, đề ra phương hướng và nhiệm vụ nhiệm kỳ 2022 – 2024. Đại hội nhất trí bầu đ/c Trịnh Bá Quý giữ chức vụ Bí thư LCĐ khoa CNTT; đ/c Nguyễn Chiến Thắng và đ/c Lưu Thị Thảo giữ chức vụ Phó Bí thư LCĐ khoa CNTT; 8 đồng chí giữ vai trò Uỷ Viên ban chấp hành LCĐ khoa CNTT: 1. Nguyễn Trường An 2. Lê Thị Thanh Hoa 3. Cam Thị Liễu 4. Nguyễn Thuỳ Linh 5. Trần Hoàng Minh Quang 6. Thân Ngọc Thiện 7. Trịnh Sỹ Tới 8. Dương Trung Tú Ghi nhận và tuyên dương những đóng góp của Liên chi đoàn khoa CNTT với công tác Đoàn trong nhiệm kỳ vừa qua, Đoàn trường đã trao tặng giấy khen cho các tập thể và cá nhân đạt thành tích xuất sắc trong công tác Đoàn và phong trào thanh niên nhiệm kỳ 2019 - 2022. Thay mặt Chi bộ, TS Đặng Trọng Hợp - Bí thư chi bộ – Trưởng khoa CNTT đã có lẵng hoa chúc mừng đại hội và phát biểu chỉ đạo. Đồng chí ghi nhận những đóng góp của LCĐ trong nhiệm kỳ vừa qua. Đồng thời, cũng nhấn mạnh các công tác và phong trào của Liên chi cần đẩy mạnh hơn nữa tinh thần xung kích trong các chương trình, phong trào nghiên cứu khoa học, các cuộc thi, hoạt\\n', 'content: nhiệt huyết để hoàn thành sứ mệnh, nhiệm vụ chính trị được giao đồng thời trở thành người bạn đồng hành đáng tin cậy của đoàn viên, thanh niên Khoa CNTT. Đại hội được nghe đồng chí Nguyễn Chiến Thắng – Bí thư Ban chấp hành Liên chi Đoàn nhiệm kỳ 2022 - 2024 trình bày báo cáo kiểm điểm của Ban Chấp hành nhiệm kỳ 2022 - 2024. Theo đó Liên Chi Đoàn đã hoàn thành các nhiệm vụ Nhiều đồng chí được nhận các danh hiệu Chiến sỹ thi đua cấp cơ sở, Công đoàn viên hoàn thành xuất sắc nhiệm vụ, Sinh viên 5 tốt, đạt giải tại các cuộc thi trong và ngoài trường. Liên chi Đoàn nghiêm túc nhìn nhận cần tích cực tham gia hơn nữa các hoạt động gắn liền với kiến thức, chuyên môn. Nâng cao chất lượng công tác và chất lượng học tập. Đại hội được theo dõi Phóng sự tổng kết công tác Đoàn và phong trào thanh niên Khoa CNTT nhiệm kỳ 2022 – 2024, phương hướng nhiệm kỳ 2024 - 2027. Theo đó Liên chi Đoàn đã hoàn thành xuất sắc các chỉ tiêu cơ bản do Nghị quyết Đại hội đại biểu nhiệm kỳ 2022 – 2024 đã đề ra; đội ngũ cán bộ Đoàn cũng đã từng bước trưởng thành; vai trò của tuổi trẻ thông qua các phong trào như thanh niên tình nguyện, tuổi trẻ sáng tạo, các công tác tuyên truyền cũng đã được khẳng định và đóng góp tích cực vào mục tiêu chung của đơn vị. Liên chi Đoàn cũng đã tổ chức nhiều hoạt động mới mong muốn đẩy mạnh học tập, nghiên cứu khoa học với các chương trình hỗ trợ khởi nghiệp, hội nhập quốc tế. Ngoài ra Liên chi Đoàn cũng chú trọng việc xây dựng và phát triển tổ chức Đoàn, làm nòng cốt chính trị đối với tổ chức Hội Sinh viên. Tại Đại hội, đồng chí Đỗ Minh Hiền - Đảng ủy viên - Bí thư Đoàn trường đã ghi nhận và đánh giá cao nỗ lực của tập thể cán bộ đoàn, đoàn viên, sinh viên Khoa CNTT với phong trào Đoàn, phong trào Thanh niên; nhiệm kỳ 2022 – 2024 của Liên chi Khoa CNTT đã đánh dấu một bước tiến lớn trong nhiệm kỳ đầu tiên của Liên chi Đoàn. Đ/c Đỗ Minh Hiền - Đảng ủy viên - Bí thư đoàn Trường HAUI phát biểu tại đại hội Phát biểu chỉ đạo Đại hội, đồng chí TS. Đặng Trọng\\nnext_contents:\\n- Chúc mừng thành công Đại hội đại biểu Liên chi đoàn Khoa Công nghệ thông tin Trường Đại học Công Nghiệp Hà Nội nhiệm kỳ 2024 – 2027 Ngày 31/10/2024, Đại hội đại biểu Liên chi Đoàn Khoa Công nghệ thông tin nhiệm kỳ 2024 - 2027 đã diễn ra thành công tốt đẹp tại tầng 3 tòa nhà A11, Trường Đại học Công nghiệp Hà Nội . Đây là sự kiện chính trị quan trọng của Liên chi Đoàn Khoa CNTT nhằm báo cáo kết quả hoạt động nhiệm kỳ 2022 - 2024 và bầu ra Ban chấp hành Liên chi Đoàn khóa XI nhiệm kỳ 2024 - 2027, đánh dấu một chặng đường trong công tác Đoàn và phong trào Đoàn của Liên chi. Toàn cảnh đại hội Tới dự và chỉ đạo Đại hội, về phía Đoàn thanh niên Trường Đại học Công nghiệp Hà Nội có đồng chí Đỗ Minh Hiền – Bí thư Đoàn trường, đồng chí Nguyễn Tiến Tấn – Phó Bí thư Đoàn trường, đồng chí Lý Thị Ngọc Minh - Phó Chủ nhiệm Ủy Ban kiểm tra đoàn trường. Về phía Đảng bộ có TS. Đặng Trọng Hợp – Bí thư Chi bộ, Trưởng Khoa CNTT cùng các thầy cô cố vấn học tập, các Liên chi Đoàn bạn trong Trường. Với khẩu hiệu hành động: “Tuổi trẻ Khoa CNTT Khát vọng – Bản lĩnh – Dấn thân – Sáng tạo – Chuyển đổi”, Đại hội xác định nhiệm vụ đã đề ra trong nhiệm kỳ 2022 - 2024, thẳng thắn nhìn nhận, đánh giá thực trạng công tác Đoàn và phong trào thanh niên trong thời gian qua. Trên cơ sở đó, Đại hội sẽ thảo luận và quyết định mục tiêu, phương hướng, nhiệm vụ và các chương trình hành động trong nhiệm kỳ 2024 - 2027 phù hợp với yêu cầu và điều kiện thực tế. Đồng thời bầu ra Ban Chấp hành mới có đủ năng lực, trình độ, nhiệt huyết để hoàn thành sứ mệnh, nhiệm vụ chính trị được giao đồng thời trở thành người bạn đồng hành đáng tin cậy của đoàn viên, thanh niên Khoa CNTT. Đại hội được nghe đồng chí Nguyễn Chiến Thắng – Bí thư Ban chấp hành Liên chi Đoàn nhiệm kỳ 2022 - 2024 trình bày báo cáo kiểm điểm của Ban Chấp hành nhiệm kỳ 2022 - 2024. Theo đó Liên Chi Đoàn đã hoàn thành các nhiệm vụ Nhiều đồng chí được nhận các danh hiệu Chiến sỹ thi đua cấp cơ sở, Công đoàn viên hoàn thành xuất sắc nhiệm vụ, Sinh\\n', 'content: trường cũng vinh dự nhận được khen thưởng của Thành đoàn Hà Nội vì những thành tích xuất sắc trong công tác Đoàn và phong trào thanh niên giai đoạn 2022 - 2024 Đại hội đại biểu Đoàn TNCS Hồ Chí Minh ĐHCNHN nhiệm kỳ 2024 - 2027 đã thành công tốt đẹp. Với tinh thần tiên phong - bản lĩnh - đoàn kết - sáng tạo - hội nhập, đại hội và tuổi trẻ nhà trường tin tưởng BCH Đoàn trường nhiệm kỳ mới sẽ cụ thể hóa nội dung Nghị quyết đại hội và triển khai thành những nhiệm vụ, hành động cụ thể, tiếp tục kế thừa và phát huy thành quả đã đạt được, tiếp tục thúc đẩy công tác Đoàn và phong trào thanh niên nhà trường ngày càng phát triển. Đại hội Đại biểu Đoàn TNCS Hồ Chí Minh Đại học Công nghiệp Hà Nội lần thứ XI, nhiệm kỳ 2024 - 2027 thành công tốt đẹp. Một số hình ảnh của Đại hội: Thứ Hai, 18:25 09/12/2024 Tags: Đại học Công nghiệp Hà Nội HaUI ĐHCNHN Đại hội Đại biểu Đoàn TNCS Hồ Chí Minh Đoàn trường\\nnext_contents:\\n- Bí thư Đoàn trường 3. Đ/c Nguyễn Tiến Tấn - Phó Bí thư, Chủ nhiệm UBKT Đoàn trường 4. Đ/c Trần Thị Hương Giang – Phó Bí thư Đoàn trường 5. Đ/c Nguyễn Đăng Dương - Ủy viên Thường vụ 6. Đ/c Hà Phương Long - Ủy viên Thường vụ 7. Đ/c Hồ Văn Long - Ủy viên Thường vụ 8. Đ/c Trịnh Đắc Phong - Ủy viên Thường vụ 9. Đ/c Hạ Thanh Tùng - Ủy viên Thường vụ 10. Đ/c Nguyễn Trường An - Ủy viên Ban Chấp hành 11. Đ/c Nguyễn Hoàng Trang Anh - Ủy viên Ban Chấp hành 12. Đ/c Phạm Thị Sao Chi - Ủy viên Ban Chấp hành 13. Đ/c Phạm Duy Dương - Ủy viên Ban Chấp hành 14. Đ/c Trần Mỹ Duyên - Ủy viên Ban Chấp hành 15. Đ/c Vũ Duy Hải - Ủy viên Ban Chấp hành 16. Đ/c Vũ Hoàng Hiệp - Ủy viên Ban Chấp hành 17. Đ/c Vương Trung Hiếu - Ủy viên Ban Chấp hành 18. Đ/c Tạ Việt Hưng - Ủy viên Ban Chấp hành 19. Đ/c Vũ Lê Long - Ủy viên Ban Chấp hành 20. Đ/c Hoàng Thị Thanh Luyến - Ủy viên Ban Chấp hành 21. Đ/c Nguyễn Công Minh - Ủy viên Ban Chấp hành 22. Đ/c Bùi Đình Nam - Ủy viên Ban Chấp hành 23. Đ/c Trần Như Ngân - Ủy viên Ban Chấp hành 24. Đ/c Lê Yến Nhi - Ủy viên Ban Chấp hành 25. Đ/c Vũ Ngọc Quỳnh - Ủy viên Ban Chấp hành 26. Đ/c Nguyễn Chiến Thắng - Ủy viên Ban Chấp hành 27. Đ/c Nguyễn Vũ Thắng - Ủy viên Ban Chấp hành 28. Đ/c Hoàng Thị Thanh Thảo - Ủy viên Ban Chấp hành 29. Đ/c Phan Đỗ Thùy Trang - Ủy viên Ban Chấp hành PGS.TS. Lê Hồng Quân - Bí thư Đảng uỷ, Chủ tịch Hội đồng trường, TS.Kiều Xuân Thực - Phó Bí thư Đảng uỷ, Hiệu trưởng chúc mừng BCH Đoàn trường nhiệm kỳ 2024 - 2027 Các tập thể và cá nhân của nhà trường cũng vinh dự nhận được khen thưởng của Thành đoàn Hà Nội vì những thành tích xuất sắc trong công tác Đoàn và phong trào thanh niên giai đoạn 2022 - 2024 Đại hội đại biểu Đoàn TNCS Hồ Chí Minh ĐHCNHN nhiệm kỳ 2024 - 2027 đã thành công tốt đẹp. Với tinh thần tiên phong - bản lĩnh - đoàn kết - sáng tạo - hội nhập, đại hội và tuổi trẻ nhà trường tin tưởng BCH Đoàn trường nhiệm kỳ mới sẽ cụ thể hóa nội dung Nghị quyết đại hội và triển khai thành những nhiệm vụ, hành động cụ thể, tiếp tục kế\\n', 'content: Hội nghị Lớp trưởng, Bí thư chi đoàn và tuyên truyền công tác bầu cử đại biểu Quốc hội khoá XV và HĐND các cấp nhiệm kỳ 2021 - 2026 Thứ Ba, 17:05 27/04/2021 2350 Trong 02 ngày 26&27/4/2021, Hội nghị Lớp trưởng, Bí thư chi đoàn các lớp năm học 2020 - 2021 và Hội nghị tuyên truyền, phổ biến Pháp luật về bầu cử đại biểu Quốc hội khoá XV và Hội đồng Nhân dân các cấp nhiệm kỳ 2021 - 2026 đã diễn ra tại cơ sở đào tạo Hà Nội và Hà Nam. Hội nghị Lớp trưởng, Bí thư chi đoàn các lớp năm học 2020 - 2021 Hội nghị có sự tham dự của PGS.TS. Phạm Văn Bổng - Phó Bí thư Đảng ủy, Phó Hiệu trưởng nhà trường cùng đại diện các phòng, khoa, trung tâm, giáo viên chủ nhiệm và hơn 700 sinh viên là Lớp trưởng, Bí thư chi đoàn các lớp trong toàn trường. Thầy Trần Ngọc Khánh - Trưởng phòng Công tác sinh viên trình bày báo cáo công tác sinh viên Báo cáo tổng kết công tác sinh viên 4 tháng đầu năm, thầy Trần Ngọc Khánh - Trưởng phòng Công tác sinh viên nhấn mạnh: tình hình học tập và công tác giáo dục chính trị, tư tưởng; công tác quản lý, hỗ trợ sinh viên; các hoạt động phong trào cho sinh viên được duy trì, tổ chức phù hợp với điều kiện thực tế; công tác giải quyết chế độ chính sách và thủ tục hành chính liên quan sinh viên được thực hiện kịp thời, chính xác, công khai. Hội nghị lắng nghe 35 ý kiến từ sinh viên Hội nghị đã trực tiếp lắng nghe 35 ý kiến từ Lớp trưởng, Bí thư các lớp, tập trung vào các vấn đề như: công tác giảng dạy trực tuyến, nâng cấp phần mềm, nâng cấp hệ thống đại học điện tử, giáo trình giảng dạy, các hoạt động thể dục thể thao, cơ sở vật chất,... Phát biểu tại Hội nghị, PGS.TS. Phạm Văn Bổng ghi nhận những ý kiến đóng góp, phản hồi của sinh viên. PGS.TS. Phạm Văn Bổng nhấn mạnh: Hội nghị là dịp để lãnh đạo nhà trường có thể lắng nghe ý kiến, nguyện vọng cũng như băn khoăn, thắc mắc của sinh viên để từ đó khắc phục những tồn tại, nâng cao chất lượng, tạo một môi trường học tập và làm việc dân chủ, văn minh. PGS.TS.Phạm Văn Bổng - Phó hiệu trưởng nhà trường trực tiếp giải\\nnext_contents:\\n']","['<1-hop>\\n\\nHội nghị kiện toàn Đội Thanh niên tình nguyện Khoa CNTT nhiệm kỳ 2023-2024 Chiều 30/11/2024, Hội nghị Kiện toàn Đội Thanh niên tình nguyện Khoa Công nghệ thông tin Trường ĐH Công Nghiệp Hà Nội nhiệm kỳ 2023-2024 đã diễn ra. Đội Thanh niên tình nguyện Khoa CNTT HaUI là một trong những Đội hình tình nguyện nòng cốt trực thuộc Liên chi Đoàn Khoa CNTT Trường Đại học Công Nghiệp Hà Nội. Bước sang năm hoạt động thứ 16 với 16 lần kiện toàn Ban Chủ nhiệm, Đội Thanh niên tình nguyện Khoa CNTT được tổ chức quy củ, nề nếp, có phương hướng và kế hoạch hoạt động cụ thể, bài bản theo từng giai đoạn. Đội là nhân tố quan trọng đóng góp vào sự phát triển của công tác Đoàn và phong trào thanh niên Khoa CNTT HaUI. Đội Thanh niên tình nguyện Khoa CNTT HaUI đã trải qua 16 năm hoạt động với phương châm được xác định: Tình nguyện bốn bể là nhà - Hai mươi năm ấy vẫn là thanh xuân Tại Lễ Kiện toàn bạn Lê Minh Hùng, Nguyên Đội trưởng Đội Thanh niên tình nguyện ULSA khoá trước chia sẻ: ""Trong nhiệm kỳ quản lý Đội, được giao trọng trách là đội trưởng, mình cảm thấy rất may mắn khi được Ban chủ nhiệm, các thành viên trong Đội và đặc biệt là Đoàn Thanh niên trường tin tưởng và giúp đỡ tận tình. Được gắn bó với Đội suốt 4 năm đại học, đối với mình Đội tình nguyện đã trở thành gia đình thứ 2. Mình có quá nhiều kỷ niệm không thể quên với tập thể Đội. Mình rất tự hào khi nói rằng “ngôi nhà xanh FIT-HaUI” là một tập thể luôn nhiệt huyết, đoàn kết và vững mạnh. Đội đã đi tới nhiều nơi và hoàn thành được nhiều công trình, phần việc vì cộng đồng ý nghĩa Mình mong muốn và tin tưởng Ban Chủ nhiệm Đội trong nhiệm kỳ mới sẽ luôn phát huy tốt tinh thần, nhiệt huyết của tuổi trẻ, theo sự phân công và giao nhiệm vụ của Đoàn Thanh niên trường, quản lý đội thật tốt, để tập thể “ngôi nhà xanh FIT-HaUI” luôn đi đầu trong các phong trào, hoạt động của Đoàn Thanh niên Khoa CNTT-HaUI"". Trong năm học 2023-2024, Đội Thanh niên tình nguyện Khoa CNTT HaUI với định hướng, chỉ đạo của Đoàn Thanh niên trường, cùng với sự cố gắng, nỗ lực của toàn thể đội viên, cộng tác viên, Ban chủ nhiệm, Đội đã hoàn thành xuất sắc các nhiệm vụ năm học 2024 - 2025 và ghi nhiều dấu ấn, thành tích nổi bật; Được Đoàn Thanh niên, Ban Giám hiệu nhà trường ghi nhận, đánh giá cao.', '<2-hop>\\n\\nToàn cảnh đại hội Tới dự và chỉ đạo Đại hội, về phía Đoàn thanh niên Trường Đại học Công nghiệp Hà Nội có đồng chí Đỗ Minh Hiền – Bí thư Đoàn trường, đồng chí Nguyễn Tiến Tấn – Phó Bí thư Đoàn trường, đồng chí Lý Thị Ngọc Minh - Phó Chủ nhiệm Ủy Ban kiểm tra đoàn trường. Về phía Đảng bộ có TS. Đặng Trọng Hợp – Bí thư Chi bộ, Trưởng Khoa CNTT cùng các thầy cô cố vấn học tập, các Liên chi Đoàn bạn trong Trường. Với khẩu hiệu hành động: “Tuổi trẻ Khoa CNTT Khát vọng – Bản lĩnh – Dấn thân – Sáng tạo – Chuyển đổi”, Đại hội xác định nhiệm vụ đã đề ra trong nhiệm kỳ 2022 - 2024, thẳng thắn nhìn nhận, đánh giá thực trạng công tác Đoàn và phong trào thanh niên trong thời gian qua. Trên cơ sở đó, Đại hội sẽ thảo luận và quyết định mục tiêu, phương hướng, nhiệm vụ và các chương trình hành động trong nhiệm kỳ 2024 - 2027 phù hợp với yêu cầu và điều kiện thực tế. Đồng thời bầu ra Ban Chấp hành mới có đủ năng lực, trình độ, nhiệt huyết để hoàn thành sứ mệnh, nhiệm vụ chính trị được giao đồng thời trở thành người bạn đồng hành đáng tin cậy của đoàn viên, thanh niên Khoa CNTT. Đại hội được nghe đồng chí Nguyễn Chiến Thắng – Bí thư Ban chấp hành Liên chi Đoàn nhiệm kỳ 2022 - 2024 trình bày báo cáo kiểm điểm của Ban Chấp hành nhiệm kỳ 2022 - 2024. Theo đó Liên Chi Đoàn đã hoàn thành các nhiệm vụ Nhiều đồng chí được nhận các danh hiệu Chiến sỹ thi đua cấp cơ sở, Công đoàn viên hoàn thành xuất sắc nhiệm vụ, Sinh viên 5 tốt, đạt giải tại các cuộc thi trong và ngoài trường. Liên chi Đoàn nghiêm túc nhìn nhận cần tích cực tham gia hơn nữa các hoạt động gắn liền với kiến thức, chuyên môn. Nâng cao chất lượng công tác và chất lượng học tập. Đại hội được theo dõi Phóng sự tổng kết công tác Đoàn và phong trào thanh niên Khoa CNTT nhiệm kỳ 2022 – 2024, phương hướng nhiệm kỳ 2024 - 2027. Theo đó Liên chi Đoàn đã hoàn thành xuất sắc các chỉ tiêu cơ bản do Nghị quyết Đại hội đại biểu nhiệm kỳ 2022 – 2024 đã đề ra; đội ngũ cán bộ Đoàn cũng đã từng bước trưởng thành; vai trò của tuổi trẻ thông qua các phong trào như thanh niên tình nguyện, tuổi trẻ sáng tạo, các công tác tuyên truyền cũng đã được khẳng định và đóng góp tích cực vào mục tiêu chung của đơn vị. Liên chi Đoàn cũng đã tổ chức nhiều hoạt động mới mong muốn đẩy mạnh học tập, nghiên cứu khoa học với các chương trình hỗ trợ khởi nghiệp, hội nhập quốc tế. Ngoài ra Liên chi Đoàn cũng chú trọng việc xây dựng và phát triển tổ chức Đoàn, làm nòng cốt chính trị đối với tổ chức Hội Sinh viên. Tại Đại hội, đồng chí Đỗ Minh Hiền - Đảng ủy viên - Bí thư Đoàn trường đã ghi nhận và đánh giá cao nỗ lực của tập thể cán bộ đoàn, đoàn viên, sinh viên Khoa CNTT với phong trào Đoàn, phong trào Thanh niên; nhiệm kỳ 2022 – 2024 của Liên chi Khoa CNTT đã đánh dấu một bước tiến lớn trong nhiệm kỳ đầu tiên của Liên chi Đoàn. Đ/c Đỗ Minh Hiền - Đảng ủy viên - Bí thư đoàn Trường HAUI phát biểu tại đại hội']","Liên chi Đoàn Khoa Công nghệ Thông tin (CNTT) tại Trường Đại học Công nghiệp Hà Nội đã có nhiều hoạt động nổi bật trong nhiệm kỳ 2022-2024 và đã đề ra những định hướng cho nhiệm kỳ 2024-2027 như sau:

### Hoạt động nổi bật trong nhiệm kỳ 2022-2024:
1. **Hoàn thành nhiệm vụ**: Liên chi Đoàn đã hoàn thành xuất sắc các nhiệm vụ được giao, nhiều đoàn viên được nhận danh hiệu Chiến sỹ thi đua cấp cơ sở và Sinh viên 5 tốt.
2. **Tham gia các cuộc thi**: Đoàn viên đã đạt giải tại nhiều cuộc thi trong và ngoài trường.
3. **Phong trào thanh niên**: Tích cực tham gia các phong trào như thanh niên tình nguyện, tuổi trẻ sáng tạo, và các hoạt động tuyên truyền.
4. **Hỗ trợ khởi nghiệp**: Tổ chức nhiều hoạt động mới nhằm đẩy mạnh học tập, nghiên cứu khoa học và hỗ trợ khởi nghiệp.
5. **Xây dựng tổ chức Đoàn**: Chú trọng việc xây dựng và phát triển tổ chức Đoàn, làm nòng cốt chính trị đối với tổ chức Hội Sinh viên.

### Định hướng cho nhiệm kỳ 2024-2027:
1. **Tiếp tục phát huy thành quả**: Kế thừa và phát huy những thành quả đã đạt được trong nhiệm kỳ trước.
2. **Đẩy mạnh hoạt động gắn liền với chuyên môn**: Tích cực tham gia hơn nữa các hoạt động liên quan đến kiến thức và chuyên môn.
3. **Nâng cao chất lượng công tác**: Tập trung nâng cao chất lượng công tác Đoàn và chất lượng học tập của sinh viên.
4. **Định hướng phát triển**: Đưa ra các mục tiêu, phương hướng và nhiệm vụ cụ thể phù hợp với yêu cầu và điều kiện thực tế.

Đại hội đại biểu Liên chi Đoàn Khoa CNTT nhiệm kỳ 2024-2027 đã diễn ra thành công và đánh dấu một bước tiến lớn trong công tác Đoàn của Khoa CNTT.

Nguồn tham khảo:
- [Chúc mừng thành công Đại hội đại biểu Liên chi đoàn Khoa Công nghệ thông tin Trường Đại học Công Nghiệp Hà Nội nhiệm kỳ 2024 – 2027](https://fit.haui.edu.vn/vn/tin-tuc/chuc-mung-thanh-cong-dai-hoi-dai-bieu-lien-chi-doan-khoa-cong-nghe-thong-tin-truong-dai-hoc-cong-nghiep-ha-noi-nhiem-ky-2024-2027/71130) - [**Link tham khảo**](https://fit.haui.edu.vn/vn/tin-tuc/chuc-mung-thanh-cong-dai-hoi-dai-bieu-lien-chi-doan-khoa-cong-nghe-thong-tin-truong-dai-hoc-cong-nghiep-ha-noi-nhiem-ky-2024-2027/71130).","Trong nhiệm kỳ 2022-2024, Liên chi Đoàn Khoa CNTT đã hoàn thành xuất sắc các nhiệm vụ, với nhiều đồng chí nhận các danh hiệu như Chiến sỹ thi đua cấp cơ sở và Sinh viên 5 tốt. Liên chi Đoàn đã tích cực tham gia các hoạt động gắn liền với kiến thức và chuyên môn, nâng cao chất lượng công tác và học tập. Đối với nhiệm kỳ 2024-2027, Liên chi Đoàn xác định sẽ thảo luận và quyết định mục tiêu, phương hướng, nhiệm vụ và các chương trình hành động phù hợp với yêu cầu thực tế, đồng thời bầu ra Ban Chấp hành mới có đủ năng lực và nhiệt huyết để hoàn thành sứ mệnh chính trị được giao.",0.9166446646498381,0.999999999975,1.0,1.0,0.7589850425720215,13.21877121925354
Công ty FPT Software đã chia sẻ những thông tin gì về cơ hội nghề nghiệp cho sinh viên ngành Công nghệ thông tin trong sự kiện Chào tân sinh viên Khóa 19?,"['content: trong ngành Tester và tầm quan trọng Tester với ngành công nghiệp phần mềm hiện nay, khám phá lộ trình phát triển nghề nghiệp của Tester. Đồng thời, tiếp cận và trực tiếp ứng tuyển các cơ hội việc làm toàn cầu, chuẩn bị hành trang để sẵn sàng tham gia các dự án lớn tại FPT Software. Hội thảo thu hút số lượng lớn sinh viên quan tâm, tham gia và tìm hiểu Rất nhiều câu hỏi sinh viên quan tâm đến chương trình Sinh viên nhận được nhiều phần quà công nghệ hấp dẫn từ doanh nghiệp Buổi hội thảo kết thúc đem lại cho sinh viên nhiều kiến thức bổ ích về công việc Tester trong tương lai Thứ Hai, 13:42 28/10/2024 Tags:\\nnext_contents:\\n- Career talk “Dẫn lối cho tester toàn năng” Chiều ngày 25/10/2024 tại Hội trường Tầng 3 nhà A11, Khoa Công nghệ thông tin Trường Đại học Công Nghiệp Hà Nội kết hợp với Công ty FPT Software tổ chức thành công sự kiện Career talk “Dẫn lối cho tester toàn năng” và nhận được sự quan tâm, ủng hộ vô cùng nhiệt tình của các bạn sinh viên trong Khoa quan tâm tới lĩnh vực Software Testing. TS. Phạm Văn Hà - Phó Trưởng Khoa CNTT phát biểu và gửi lời cảm ơn Công ty FPT Software TS. Phạm Văn Hà - Phó Trưởng Khoa CNTT kính tặng bó hoa tươi thắm cùng quà tặng đến doanh nghiệp Trong buổi chia sẻ không chỉ có những câu chuyện thú vị, chia sẻ về kinh nghiệm làm Test của các chuyên gia hàng đầu đến từ IVS thuộc FPT Software (Đơn vị Kiểm thử lớn nhất FSOFT) cũng như được “đích mục sở thị” màn test live ngay tại sự kiện. Đồng thời, nhiều CV ứng tuyển đã được gửi tới các chuyên gia đến từ đơn vị IVS thuộc FPT Software, tạo cơ hội phỏng vấn trực tiếp các vị trí Manual Test, Automation Test. Cùng với đó, nhiều bạn đã mang về những phần quà công nghệ giá trị khi tham gia sự kiện. Anh Nguyễn Đình Đán - Quản lý Nhân sự cấp cao tại FPT Software giới thiệu về Trung tâm Kiểm thử phần mềm Tự động IVS Chị Nguyễn Thị Hồng Quỳnh - Project Manager/ Human Resource tại FPT Software chia sẻ về các kinh nghiệm khi làm Tester Tọa đàm giải đáp các câu hỏi của sinh viên trong Khoa Thông qua buổi tọa đàm, sinh viên đã nhận được các kiến thức bổ ích trở thành Tester toàn năng trong tương lai, cập nhật các xu hướng mới nhất trong ngành Tester và tầm quan trọng Tester với ngành công nghiệp phần mềm hiện nay, khám phá lộ trình phát triển nghề nghiệp của Tester. Đồng thời, tiếp cận và trực tiếp ứng tuyển các cơ hội việc làm toàn cầu, chuẩn bị hành trang để sẵn sàng tham gia các dự án lớn tại FPT Software. Hội thảo thu hút số lượng lớn sinh viên quan tâm, tham gia và tìm hiểu Rất nhiều câu hỏi sinh viên quan tâm đến chương trình Sinh viên nhận được nhiều phần quà công nghệ hấp dẫn từ doanh nghiệp Buổi hội thảo kết\\n', 'content: lĩnh vực mà em đang rất quan tâm Hai bạn Nguyễn Ngọc Thắng và Phạm Quỳnh Trang - sinh viên cơ điện tử K15 đang tìm hiểu thông tin của Công ty Nhựa Thiếu niên Tiền phong. Hai bạn rất háo hức và hi vọng sẽ tìm được vị trí việc làm phù hợp ngay sau khi ra trường Nhóm bạn nữ đến từ Khoa Ngôn ngữ Trung Quốc - Trường Ngoại ngữ Du lịch tham dự Ngày hội từ sớm và đã có thêm nhiều thông tin về các nhà tuyển dụng Nhóm sinh viên đến từ Khoa Công nghệ Hóa háo hức tham dự Ngày hội việc làm 2023 Chủ Nhật, 12:59 23/04/2023 Tags: ngày hội việc làm tuyển dụng doanh nghiệp\\nnext_contents:\\n- sinh viên; có hiểu biết về thị trường lao động và có mong muốn đóng góp cho giáo dục. Ban cố vấn doanh nghiệp sẽ là cầu nối “hữu hiệu” giữa nhà trường với các doanh nghiệp. Trong đó, Ban cố vấn tham gia đóng góp ý kiến xây dựng, chỉnh sửa chương trình, phát triển chương trình phù hợp với nhu cầu của thị trường lao động và xu thế phát triển của xã hội; hỗ trợ chương trình thực tập, tham quan doanh nghiệp cho giảng viên và sinh viên; hỗ trợ các chương trình định hướng việc làm, tuyển dụng sinh viên; tham gia các bài giảng trong chương trình học hoặc hội thảo khoa học giữa giảng viên, sinh viên của nhà trường và doanh nghiệp; tham gia vào các dự án của sinh viên; tài trợ dự án, giải thưởng nghiên cứu sáng tạo kỹ thuật trong sinh viên. Ban cố vấn doanh nghiệp chương trình đào tạo Công nghệ kỹ thuật cơ khí Ban cố vấn doanh nghiệp chương trình đào tạo Công nghệ kỹ thuật ô tô Ban cố vấn doanh nghiệp chương trình đào tạo Khoa học máy tính Ban cố vấn doanh nghiệp chương trình đào tạo Công nghệ kỹ thuật điện tử viễn thông Ban cố vấn doanh nghiệp chương trình đào tạo Công nghệ kỹ thuật điện – điện tử Ban cố vấn doanh nghiệp chụp ảnh lưu niệm Chùm ảnh Ngày Hội việc làm 2023: \\u200b\\u200b\\u200b\\u200b\\u200b\\u200b Bạn Nguyễn Mạnh Cường - Sinh viên năm 3, Khoa Công nghệ thông tin chia sẻ: Đây là lần thứ 2 em tham dự Ngày hội việc làm, và em cảm thấy không khí ở đây vẫn luôn vui vẻ, nhộn nhịp. Em có cơ hội được tìm hiểu thông tin trực tiếp từ các doanh nghiệp đặc biệt là được tìm hiểu sâu hơn vị trí lập trình Android – lĩnh vực mà em đang rất quan tâm Hai bạn Nguyễn Ngọc Thắng và Phạm Quỳnh Trang - sinh viên cơ điện tử K15 đang tìm hiểu thông tin của Công ty Nhựa Thiếu niên Tiền phong. Hai bạn rất háo hức và hi vọng sẽ tìm được vị trí việc làm phù hợp ngay sau khi ra trường Nhóm bạn nữ đến từ Khoa Ngôn ngữ Trung Quốc - Trường Ngoại ngữ Du lịch tham dự Ngày hội từ sớm và đã có thêm nhiều thông tin về các nhà tuyển dụng Nhóm sinh viên đến từ Khoa Công nghệ Hóa háo hức tham dự Ngày hội việc làm 2023 Chủ Nhật,\\n', 'content: Gần 1000 cơ hội việc làm tại Ngày hội việc làm Công nghệ thông tin 2024 Sáng ngày 9/11, Khoa Công nghệ Thông tin - Trường Đại học Công nghiệp Hà Nội tổ chức Ngày hội việc làm Công nghệ thông tin năm 2024. Với sự tham dự của 14 doanh nghiệp, mang đến gần 1000 cơ hội việc làm và hơn 1000 sinh viên Khoa Công nghệ thông tin tham dự. Sự kiện là dịp để sinh viên ngành CNTT có cơ hội đến gần hơn với doanh nghiệp và tìm kiếm cơ hội việc làm ngay khi tốt nghiệp ra trường. Đại biểu tham dự Ngày hội việc làm CNTT năm 2024 Phát biểu khai mạc Ngày hội, TS. Đặng Trọng Hợp - Trưởng Khoa Công nghệ thông tin bày tỏ lời cảm ơn sâu sắc đối với các doanh nghiệp đã không ngừng hỗ trợ và hợp tác với khoa. Đồng thời nhấn mạnh tầm quan trọng của việc kết nối giáo dục với thực tiễn, giúp sinh viên không chỉ học lý thuyết mà còn có cơ hội tiếp cận với môi trường làm việc thực tế, qua đó nâng cao kỹ năng và có được sự chuẩn bị tốt hơn hơn cho tương lai. TS. Đặng Trọng Hợp - Trưởng Khoa CNTT phát biểu khai mạc Ngày hội Tập đoàn Bưu chính viễn thông VNPT đánh giá cao năng lực của sinh viên Khoa Công nghệ thông tin Trường Đại học Công Nghiệp Hà Nội. Chất lượng sinh viên ngày càng được nâng cao, từ kiến thức chuyên môn đến kỹ năng mềm, kỹ năng làm việc nhóm…. Hiện tại, nhiều sinh viên, cựu sinh viên khoa Công nghệ thông tin, HaUI đang làm việc tại công ty và đều là những nhân sự xuất sắc. Ông Hoàng Gia Huy – đại diện Tập đoàn Bưu chính viễn thông phát biểu tại ngày hội Không chỉ là nơi để các doanh nghiệp tìm kiếm và tuyển dụng nhân tài, ngày hội còn là cơ hội để sinh viên mở rộng hiểu biết, kết nối với các chuyên gia trong ngành, và tìm kiếm cơ hội thực tập, làm việc phù hợp. Các gian hàng của doanh nghiệp không chỉ giới thiệu về công ty mà còn cung cấp thông tin chi tiết về các vị trí tuyển dụng, dự án trong tương lai, và chia sẻ kinh nghiệm làm việc thực tế. Ngày hội việc làm CNTT 2024 chào đón sự tham dự của 14 doanh nghiệp với nhiều gian hàng cùng với gần 1000 cơ hội việc làm Doanh nghiệp\\nnext_contents:\\n', 'content: Workshop chân dung ứng viên CNTT lý tưởng thời đại 4.0 Workshop chân dung ứng viên CNTT lý tưởng thời đại 4.0 Vừa qua, tối ngày 26/2/2022 Khoa Công nghệ thông tin Trường ĐH Công Nghiệp Hà Nội phối hợp với công ty FPT Software tổ chức “Workshop chân dung ứng viên CNTT lý tưởng thời đại 4.0”. Đại diện từ phía công ty FPT Software đã chia sẻ Kinh nghiệm viết CV thu hút nhà tuyển dụng trong 6 giây & Tips xây dựng profile cá nhân thật nổi bật, Interview Hack: Cách tạo dấu ấn từ lần gặp mặt đầu tiên để tạo đà cho những thành công sau này trong sự nghiệp, Job-fit & Culture-fit: Cách lựa chọn cơ hội nghề nghiệp phù hợp với lộ trình phát triển và thăng tiến của bản thân. Buổi hội thảo đã thu hút rất nhiều các bạn sinh viên năm 3, 4 tham gia, đem lại ý nghĩa thiết thực cho các bạn sinh viên, hành trang hữu ích giúp các bạn ra trường có được công việc theo đúng chuyên ngành và nguyện vọng của bản thân. Thứ Hai, 18:27 07/03/2022 Tags:\\nnext_contents:\\n', 'content: tìm kiếm và tuyển dụng nhân tài, ngày hội còn là cơ hội để sinh viên mở rộng hiểu biết, kết nối với các chuyên gia trong ngành, và tìm kiếm cơ hội thực tập, làm việc phù hợp. Các gian hàng của doanh nghiệp không chỉ giới thiệu về công ty mà còn cung cấp thông tin chi tiết về các vị trí tuyển dụng, dự án trong tương lai, và chia sẻ kinh nghiệm làm việc thực tế. Ngày hội việc làm CNTT 2024 chào đón sự tham dự của 14 doanh nghiệp với nhiều gian hàng cùng với gần 1000 cơ hội việc làm Doanh nghiệp mang đến cho sinh viên. Hơn 1000 sinh viên Khoa CNTT cũng đã có mặt tham dự sự kiện này. Sự kiện đã diễn ra trong không khí sôi nổi và hiệu quả. Sinh viên không chỉ được tìm hiểu về các doanh nghiệp mà còn có cơ hội thể hiện bản thân và khẳng định năng lực trước những nhà tuyển dụng tiềm năng. Sinh viên Khoa CNTT - HaUI tại Job Fair 2024 chia sẻ “Em đã tham gia Ngày hội việc làm CNTT từ năm 2023, bắt đầu từ đó em đã tìm hiểu về nghề nghiệp và kỹ năng mà nhà tuyển dụng yêu cầu ở các ứng viên. Và đến bây giờ em hoàn toàn có thể tự tin ứng tuyển ở vị trí và lĩnh vực yêu thích của bản thân"" Sinh viên Khoa CNTT - HaUI tham gia phỏng vấn tuyển dụng tại Ngày hội việc làm 2024 chia sẻ“ Nhờ những hoạt động kết nối doanh nghiệp của Nhà trường em không vất vả trong việc tìm kiếm các công ty trong lĩnh vực công nghệ. Ngày hội giúp sinh viên tiếp cận gần hơn với các doanh nghiệp phù hợp với đam mê của bản thân. Sau ba năm chuẩn bị, em thấy bản thân tự tin và trưởng thành hơn. Qua phỏng vấn và tiêu chuẩn của vị trí tuyển dụng, em nghĩ mình sẽ cố gắng trau dồi thêm ngoại ngữ thứ hai là tiếng Nhật, để đáp ứng được nhu cầu tuyển dụng của doanh nghiệp"" Ngày hội việc làm Công nghệ thông tin tại Trường Đại học Công nghiệp Hà Nội đã kết thúc thành công tốt đẹp, không chỉ tạo cơ hội cho sinh viên tìm kiếm vị trí việc làm, thực tập phù hợp mà còn mở ra hướng đi mới trong việc hợp tác giữa giáo dục và doanh nghiệp, đóng góp vào việc phát triển nguồn nhân lực chất lượng cao cho ngành công nghệ thông\\nnext_contents:\\n- Gần 1000 cơ hội việc làm tại Ngày hội việc làm Công nghệ thông tin 2024 Sáng ngày 9/11, Khoa Công nghệ Thông tin - Trường Đại học Công nghiệp Hà Nội tổ chức Ngày hội việc làm Công nghệ thông tin năm 2024. Với sự tham dự của 14 doanh nghiệp, mang đến gần 1000 cơ hội việc làm và hơn 1000 sinh viên Khoa Công nghệ thông tin tham dự. Sự kiện là dịp để sinh viên ngành CNTT có cơ hội đến gần hơn với doanh nghiệp và tìm kiếm cơ hội việc làm ngay khi tốt nghiệp ra trường. Đại biểu tham dự Ngày hội việc làm CNTT năm 2024 Phát biểu khai mạc Ngày hội, TS. Đặng Trọng Hợp - Trưởng Khoa Công nghệ thông tin bày tỏ lời cảm ơn sâu sắc đối với các doanh nghiệp đã không ngừng hỗ trợ và hợp tác với khoa. Đồng thời nhấn mạnh tầm quan trọng của việc kết nối giáo dục với thực tiễn, giúp sinh viên không chỉ học lý thuyết mà còn có cơ hội tiếp cận với môi trường làm việc thực tế, qua đó nâng cao kỹ năng và có được sự chuẩn bị tốt hơn hơn cho tương lai. TS. Đặng Trọng Hợp - Trưởng Khoa CNTT phát biểu khai mạc Ngày hội Tập đoàn Bưu chính viễn thông VNPT đánh giá cao năng lực của sinh viên Khoa Công nghệ thông tin Trường Đại học Công Nghiệp Hà Nội. Chất lượng sinh viên ngày càng được nâng cao, từ kiến thức chuyên môn đến kỹ năng mềm, kỹ năng làm việc nhóm…. Hiện tại, nhiều sinh viên, cựu sinh viên khoa Công nghệ thông tin, HaUI đang làm việc tại công ty và đều là những nhân sự xuất sắc. Ông Hoàng Gia Huy – đại diện Tập đoàn Bưu chính viễn thông phát biểu tại ngày hội Không chỉ là nơi để các doanh nghiệp tìm kiếm và tuyển dụng nhân tài, ngày hội còn là cơ hội để sinh viên mở rộng hiểu biết, kết nối với các chuyên gia trong ngành, và tìm kiếm cơ hội thực tập, làm việc phù hợp. Các gian hàng của doanh nghiệp không chỉ giới thiệu về công ty mà còn cung cấp thông tin chi tiết về các vị trí tuyển dụng, dự án trong tương lai, và chia sẻ kinh nghiệm làm việc thực tế. Ngày hội việc làm CNTT 2024 chào đón sự tham dự của 14 doanh nghiệp với nhiều gian hàng cùng với gần 1000 cơ hội việc làm Doanh nghiệp\\n']","['<1-hop>\\n\\nDENSO Factory Hacks 2024 Ti·∫øp n·ªëi th√†nh c√¥ng c·ªßa cu·ªôc thi DENSO Factory Hacks nƒÉm 2023, nƒÉm nay cu·ªôc DENSO Factory Hacks nƒÉm th·ª© 2 ch√≠nh th·ª©c tr·ªü l·∫°i, ti·∫øp n·ªëi th√†nh c√¥ng c·ªßa m√πa gi·∫£i ƒë·∫ßu ti√™n v√†o nƒÉm 2023. FPT Software v√† DENSO Vi·ªát Nam ti·∫øp t·ª•c ƒë·ªìng h√†nh v·ªõi th·∫ø h·ªá GenZ y√™u c√¥ng ngh·ªá, mang l·∫°i tr·∫£i nghi·ªám m·ªõi m·∫ª nh∆∞ng ƒë·∫ßy th√°ch th·ª©c cho t√†i nƒÉng tr·∫ª chinh ph·ª•c, khai ph√≥ng kh·∫£ nƒÉng s√°ng t·∫°o trong lƒ©nh v·ª±c s·∫£n xu·∫•t, nh√† m√°y th√¥ng minh. Cu·ªôc thi DENSO Factory Hacks ƒë∆∞·ª£c t·ªï ch·ª©c l·∫ßn ƒë·∫ßu ti√™n v√†o nƒÉm 2023, ƒë√£ thu h√∫t g·∫ßn 800 th√≠ sinh ƒëƒÉng k√Ω tham d·ª±, ƒë·∫øn t·ª´ 32 tr∆∞·ªùng ƒê·∫°i h·ªçc/ H·ªçc vi·ªán/Cao ƒë·∫≥ng tr√™n to√†n qu·ªëc. √ù t∆∞·ªüng c·ªßa ƒë·ªôi v√¥ ƒë·ªãch (""Gi·∫£i ph√°p s·ªë h√≥a d·ªØ li·ªáu analog"") ƒë√£ ƒë∆∞·ª£c ƒë·∫ßu t∆∞ ƒë·ªÉ ti·∫øp t·ª•c ph√°t tri·ªÉn v√† th∆∞∆°ng m·∫°i h√≥a. D·ª± ki·∫øn gi·∫£i ph√°p n√†y s·∫Ω √°p d·ª•ng tr√™n to√†n b·ªô 75 d√¢y chuy·ªÅn c·ªßa nh√† m√°y DENSO t·ª´ 2/2025. DENSO Factory Hacks 2024 ti·∫øp t·ª•c t√¨m ki·∫øm c√°c √Ω t∆∞·ªüng gi·∫£i quy·∫øt c√°c b√†i to√°n trong nh√† m√°y v·ªõi t·ªïng gi√° tr·ªã gi·∫£i th∆∞·ªüng l√™n ƒë·∫øn 250 tri·ªáu ƒë·ªìng . ƒê·ªëi t∆∞·ª£ng tham gia cu·ªôc thi kh√° m·ªü, bao g·ªìm: Sinh vi√™n, c·ª±u sinh vi√™n, c√°n b·ªô gi·∫£ng vi√™n, c√°c nh√≥m nghi√™n c·ª©u, c√°c nh√¢n s·ª± trong ng√†nh c√¥ng ngh·ªá ‚Ä¶ CHI TI·∫æT V·ªÄ CU·ªòC THI: \\uf8ffüöÄ DENSO Factory Hacks 2024 - Cu·ªôc thi c√¥ng ngh·ªá v·ªõi t·ªïng gi·∫£i th∆∞·ªüng l√™n t·ªõi 250 tri·ªáu VNƒê \\uf8ffüí° ""DENSO Factory Hacks 2024"" l√† cu·ªôc thi d√†nh cho c·ªông ƒë·ªìng ƒëam m√™ c√¥ng ngh·ªá, ƒë∆∞a ra √Ω t∆∞·ªüng gi·∫£i quy·∫øt b√†i to√°n trong lƒ©nh v·ª±c s·∫£n xu·∫•t, thi·∫øt k·∫ø v√† v·∫≠n h√†nh trong nh√† m√°y b·∫±ng c√°c c√¥ng ngh·ªá c·ªët l√µi nh∆∞ d·ªØ li·ªáu, tr√≠ tu·ªá nh√¢n t·∫°o, th·ª±c t·∫ø ·∫£o (AR/VR), Internet of things, Cloud, Security,... \\uf8ffüèÖ Tham gia cu·ªôc thi, c√°c b·∫°n s·∫Ω ƒë∆∞·ª£c h∆∞·ªõng d·∫´n - tr·∫£i nghi·ªám tr·ª±c quan t·∫°i nh√† m√°y s·∫£n xu·∫•t c·ªßa DENSO Vi·ªát Nam v√† l√†m vi·ªác trao ƒë·ªïi c√πng c√°c chuy√™n gia h√†ng ƒë·∫ßu c·ªßa FPT & DENSO ƒë·ªÉ ƒë∆∞a ra c√°c √Ω t∆∞·ªüng gi·∫£i quy·∫øt c√°c b√†i to√°n trong nh√† m√°y, ƒë·ªìng th·ªùi c√≥ c∆° h·ªôi nh·∫≠n gi·∫£i th∆∞·ªüng v·ªõi t·ªïng tr·ªã gi√° l√™n t·ªõi 250 tri·ªáu ƒë·ªìng . \\uf8ffüë§ ƒê·ªêI T∆Ø·ª¢NG D·ª∞ THI - Sinh vi√™n c√°c ng√†nh k·ªπ thu·∫≠t (C√¥ng ngh·ªá th√¥ng tin, ƒêi·ªán t·ª≠ vi·ªÖn th√¥ng, ƒêi·ªÅu khi·ªÉn & t·ª± ƒë·ªông h√≥a, To√°n tin, C∆° ƒëi·ªán t·ª≠‚Ä¶) c√≥ ƒëam m√™ c√¥ng ngh·ªá v√† y√™u th√≠ch s√°ng t·∫°o. - C√°c nh√≥m nghi√™n c·ª©u t·∫°i c√°c tr∆∞·ªùng ƒë·∫°i h·ªçc, h·ªçc vi·ªán. - Nh√¢n s·ª± c·ªßa c√°c doanh nghi·ªáp quan t√¢m lƒ©nh v·ª±c s·∫£n xu·∫•t, nh√† m√°y. C∆† C·∫§U GI·∫¢I TH∆Ø·ªûNG \\uf8ffü•á01 Qu√°n Qu√¢n: 100.000.000 VND Ô∏è\\uf8ffü•àÔ∏è01 √Å Qu√¢n: 50.000.000 VND \\uf8ffü•â01 Qu√Ω Qu√¢n: 30.000.000 VND \\uf8ffüèÖ02 Gi·∫£i tri·ªÉn v·ªçng: 10.000.000 VND \\uf8ffü™ô Top 10 ƒë·ªôi thi s·∫Ω ƒë∆∞·ª£c h·ªó tr·ª£ kinh ph√≠ 5M/ƒë·ªôi ƒë·ªÉ ph√°t tri·ªÉn c√°c s·∫£n ph·∫©m gi·∫£i ph√°p \\uf8ffüìå L·ªò TR√åNH CU·ªòC THI (d·ª± ki·∫øn) \\uf8ffüîµ V√≤ng 1: ƒêƒÉng k√Ω & √ù t∆∞·ªüng 26/08 - 17/09: M·ªü ƒë∆°n ƒëƒÉng k√Ω tham gia cu·ªôc thi 12/09: Workshop1: Online Mini Bootcamp 19/09: Bootcamp v√† Factory Tour 1: Tham quan th·ª±c ƒë·ªãa nh√† m√°y DENSO 24/09 - 26/09: N·ªôp √Ω t∆∞·ªüng & ƒê√°nh gi√° √Ω t∆∞·ªüng d·ª± √°n online \\uf8ffüü¢ V√≤ng 2: X√¢y d·ª±ng gi·∫£i ph√°p - Top 10 ƒë·ªôi thi 03/10: Factory Tour 2: Tham quan v√† kh·∫£o s√°t chi ti·∫øt t·∫°i Nh√† m√°y DENSO 03/10: Tr√¨nh b√†y d·ª± √°n & b·∫£o v·ªá gi·∫£i ph√°p v·ªõi Ban Gi√°m kh·∫£o \\uf8ffüî¥ V√≤ng 3: Ph√°t tri·ªÉn d·ª± √°n v√† Chung k·∫øt - Top 5 ƒë·ªôi thi xu·∫•t s·∫Øc nh·∫•t 14/10: Factory Tour 3: Th·ª±c nghi·ªám hi·ªán tr∆∞·ªùng nh√† m√°y DENSO 29/11: V√≤ng Chung k·∫øt v√† L·ªÖ trao gi·∫£i ‚úÖ TH·ªÇ L·ªÜ CU·ªòC THI \\uf8ffüî∏ M·ªói ƒë·ªôi thi t·ªëi ƒëa g·ªìm 5 th√†nh vi√™n, ƒëƒÉng k√Ω tham d·ª± theo m·∫´u quy ƒë·ªãnh c·ªßa BTC. \\uf8ffüîπ C√°c ƒë·ªôi thi s·∫Ω tham d·ª± c√°c ch∆∞∆°ng tr√¨nh Bootcamps v√† Factory Tour ƒë·ªÉ x√¢y d·ª±ng c√°c √Ω t∆∞·ªüng ·ª©ng d·ª•ng c√¥ng ngh·ªá gi·∫£i quy·∫øt c√°c b√†i to√°n th·ª±c t·∫ø trong nh√† m√°y s·∫£n xu·∫•t c·ªßa DENSO. \\uf8ffüî∏ Ban T·ªï ch·ª©c s·∫Ω gi·∫£i ƒë√°p c√°c c√¢u h·ªèi v√† b·ªï sung l√†m r√µ th√™m ch·ªß ƒë·ªÅ cu·ªôc thi t·∫°i bu·ªïi Online Bootcamp v√†o 12/09/2024. \\uf8ffüîπ M·ªói ƒë·ªôi thi s·∫Ω c√≥ 01 mentor c·ªßa BTC h·ªó tr·ª£, v√† tham gia c√°c workshop training v·ªÅ x·ª≠ l√Ω d·ªØ li·ªáu v√† l·∫≠p tr√¨nh cho c√°c thi·∫øt b·ªã (n·∫øu c·∫ßn). \\uf8ffüî∏ C√°c ƒë·ªôi n·ªôp √Ω t∆∞·ªüng tr∆∞·ªõc ng√†y 26/09, BTC s·∫Ω ch·ªçn ra top 10 ƒë·ªôi √Ω t∆∞·ªüng t·ªët nh·∫•t v√† h·ªó tr·ª£ kinh ph√≠ 5M/ƒë·ªôi ƒë·ªÉ ti·∫øp t·ª•c ph√°t tri·ªÉn c√°c s·∫£n ph·∫©m, gi·∫£i ph√°p. \\uf8ffüîπ Top 10 ƒë·ªôi thi s·∫Ω tham d·ª± Factory Tour 2, ph√°t tri·ªÉn √Ω t∆∞·ªüng v√† b·∫£o v·ªá tr∆∞·ªõc Ban gi√°m kh·∫£o v√†o ng√†y 03/10/2024 ƒë·ªÉ ch·ªçn ra top 5 ƒë·ªôi thi xu·∫•t s·∫Øc nh·∫•t. \\uf8ffüî∏ Trong tr∆∞·ªùng h·ª£p c·∫ßn cung c·∫•p b·ªï sung th√¥ng tin d·ªØ li·ªáu ho·∫∑c c√°c y√™u c·∫ßu v·ªÅ ph·∫ßn c·ª©ng, c√°c ƒë·ªôi thi ƒë·ªÅ xu·∫•t v·ªõi BTC ƒë·ªÉ ƒë∆∞·ª£c xem x√©t h·ªó tr·ª£. \\uf8ffüîπ Top 5 ph√°t tri·ªÉn ho√†n thi·ªán c√°c √Ω t∆∞·ªüng, s·∫£n ph·∫©m v√† tr√¨nh b√†y t·∫°i v√≤ng chung k·∫øt d·ª± ki·∫øn t·ªï ch·ª©c v√†o ng√†y 29/11/2024. \\uf8ffüî∏ C√°c √Ω t∆∞·ªüng, s·∫£n ph·∫©m tham d·ª± ƒë∆∞·ª£c ƒë·∫£m b·∫£o v·ªÅ s·ªü h·ªØu tr√≠ tu·ªá v√† ch∆∞a t·ª´ng ƒë∆∞·ª£c th∆∞∆°ng m·∫°i h√≥a. \\uf8ffüåê Link ƒëƒÉng k√Ω tham d·ª± v√† th·ªÉ l·ªá chi ti·∫øt xem t·∫°i: https://densohackathon.com Link ƒëƒÉng k√Ω v√† th√¥ng tin cu·ªôc thi t·∫°i ƒë√¢y: https://densohackathon.com/register M·ªçi th√¥ng tin chi ti·∫øt, sinh vi√™n li√™n h·ªá: ƒê√†o Vi·ªát B√°ch ‚Äì 0969125248 ‚Äì bachdv1@fpt.com Th∆∞ÃÅ T∆∞, 14:04 04/09/2024 Tags:', '<2-hop>\\n\\nSôi động chương trình Chào tân sinh viên Khóa 19 Khoa Công nghệ thông tin Trong không khí của mùa tựu trường, ngày 13/10/2024, sự kiện Chào tân sinh viên Khóa 19 Khoa Công nghệ thông tin “Programing your future” đã chính thức diễn ra với dư âm và cảm xúc còn mãi trong trái tim tân sinh viên K19 tại Hà Nam. Sự kiện không chỉ là dịp để chào đón các tân sinh viên mà còn là cơ hội để các bạn khám phá một thế giới hoàn toàn mới với những trải nghiệm thú vị, mở ra một môi trường đại học năng động, đa màu sắc cho các bạn tân sinh viên. Những kỷ niệm đẹp tại đây sẽ mãi là hành trang quý giá trong suốt hành trình học tập, trải nghiệm – một thanh xuân rực rỡ mà chắc hẳn các bạn sinh viên ai cũng mong muốn được trải qua. Phát biểu khai mạc chương trình, TS. Đặng Trọng Hợp Trưởng khoa CNTT đã có bài phát biểu giới thiệu về Khoa Công nghệ thông tin Trường Đại học Công nghiệp Hà Nội và chia sẻ động viên tinh thần học tập, nghiên cứu khoa học, hoạt động ngoại khóa cho tân sinh viên. TS. Đặng Trọng Hợp – Trưởng Khoa CNTT phát biểu Trong kỳ tuyển sinh năm 2024 vừa qua, Khoa Công nghệ thông tin vui mừng chào đón hơn gần 1000 tân sinh viên ra nhập ngôi nhà chung Khoa CNTT Trường Đại học Công Nghiệp Hà Nội. Trong số đó, có 06 Thủ khoa, 06 Á khóa của các ngành với số điểm cao hơn so với các năm trước. Kết quả này cho thấy Khoa đã thu hút được số lượng lớn tân sinh viên ưu tú, có tư duy logic tốt, chất lượng đầu vào được đảm bảo. Chắc hẳn sau 04 năm học, Khoa Công nghệ thông tin sẽ đào tạo ra những cử nhân có chất lượng cao đáp ứng nguồn nhân lực cho các doanh nghiệp trong và ngoài nước. TS. Đặng Trọng Hợp – Trưởng khoa CNTT và Đại diện Công ty FPT Software trao tặng khen thưởng các tân thủ khoa 06 ngành đại học K19 TS. Phạm Văn Hà – Phó Trưởng khoa CNTT và Đại diện Công ty ITPlus trao tặng khen thưởng các tân Á khoa 06 ngành đại học K19 Đại diện Công ty FPT Software chia sẻ các kỹ năng và vị trí công việc ngành CNTT Đại diện Công ty IT Plus giới thiệu về công ty và các xu hướng, cơ hội việc làm ngành CNTT Trong thế giới hiện đại đầy biến động, khi trí tuệ nhân tạo (AI) đang thay đổi sâu sắc mọi lĩnh vực, chúng ta không chỉ đang đứng trước ngã rẽ của khoa học và công nghệ, mà còn ở thời điểm vàng để suy ngẫm về trách nhiệm của mỗi cá nhân đối với tương lai. Nếu ví quá trình phát triển AI như một hành trình vươn tới tương lai số hóa, thì sinh viên Khoa công nghệ thông tin trường Đại học Công nghiệp Hà Nội chính là những người cầm ngọn đuốc, dẫn đường và khai mở những cơ hội mới mẻ cho xã hội.']","Trong sự kiện Chào tân sinh viên Khóa 19, Công ty FPT Software đã chia sẻ nhiều thông tin hữu ích về cơ hội nghề nghiệp cho sinh viên ngành Công nghệ thông tin. Cụ thể, sự kiện đã diễn ra với các nội dung chính như sau:

1. **Chia sẻ về nghề Tester**:
   - FPT Software đã giới thiệu về tầm quan trọng của nghề Tester trong ngành công nghiệp phần mềm hiện nay.
   - Sinh viên được khám phá lộ trình phát triển nghề nghiệp của Tester và các cơ hội việc làm toàn cầu.

2. **Cơ hội ứng tuyển**:
   - Sinh viên có cơ hội tiếp cận và trực tiếp ứng tuyển vào các vị trí như Manual Test và Automation Test.
   - Nhiều CV ứng tuyển đã được gửi tới các chuyên gia từ FPT Software, tạo cơ hội phỏng vấn trực tiếp.

3. **Kiến thức bổ ích**:
   - Buổi hội thảo cung cấp nhiều kiến thức về công việc Tester trong tương lai, giúp sinh viên chuẩn bị hành trang cho các dự án lớn tại FPT Software.

4. **Phần quà công nghệ**:
   - Sinh viên tham gia sự kiện còn nhận được nhiều phần quà công nghệ hấp dẫn từ doanh nghiệp.

Sự kiện này không chỉ giúp sinh viên hiểu rõ hơn về nghề nghiệp mà còn tạo cơ hội kết nối với các chuyên gia trong ngành, từ đó nâng cao khả năng tìm kiếm việc làm sau khi tốt nghiệp.

Nguồn tham khảo:
- [Career talk “Dẫn lối cho tester toàn năng”](https://fit.haui.edu.vn/vn/tin-tuc/career-talk-dan-loi-cho-tester-toan-nang/71115) - [**Link tham khảo**](https://fit.haui.edu.vn/vn/tin-tuc/career-talk-dan-loi-cho-tester-toan-nang/71115).

Nếu bạn cần thêm thông tin về các hoạt động khác của khoa hoặc trường, hãy cho tôi biết!","Trong sự kiện Chào tân sinh viên Khóa 19, đại diện Công ty FPT Software đã chia sẻ về các kỹ năng cần thiết và vị trí công việc trong ngành Công nghệ thông tin. Họ nhấn mạnh rằng sinh viên Khoa Công nghệ thông tin Trường Đại học Công nghiệp Hà Nội sẽ có nhiều cơ hội việc làm trong bối cảnh hiện đại, khi trí tuệ nhân tạo (AI) đang thay đổi sâu sắc mọi lĩnh vực. Điều này cho thấy sự quan tâm của FPT Software đối với việc phát triển nguồn nhân lực chất lượng cao trong ngành CNTT.",0.8594005933534131,0.8041666666465626,0.75,0.6666666666666666,0.7531459331512451,7.971755027770996
Bộ Công Thương đã có những hành động cụ thể nào để hỗ trợ sinh viên Khoa Công nghệ thông tin trong việc thúc đẩy chuyển đổi số và nâng cao chất lượng nguồn nhân lực?,"['content: Tọa đàm “Số hóa trong lĩnh vực công nghiệp - Bài toán cho các nhà sản xuất” Tại Tọa đàm do Tạp chí Công Thương thực hiện sáng 04/12/2024, đại diện cơ quan quản lý Nhà nước, cơ sở đào tạo và doanh nghiệp đã tập trung thảo luận về những hành động cụ thể của Bộ Công Thương trong việc hỗ trợ và thúc đẩy chuyển đổi số trong ngành Công Thương; Những đòi hỏi về đổi mới công tác đào tạo nguồn nhân lực số và những giải pháp hỗ trợ doanh nghiệp trong công tác chuyển đổi số… Khách mời TS. Đặng Trọng Hợp - Trưởng khoa Công nghệ thông tin, Đại học Công nghiệp Hà Nội Trong bối cảnh của cuộc cách mạng công nghiệp lần thứ tư, có thể nói công nghệ số là nền tảng cho sự phát triển kinh tế toàn cầu, khi chúng ta đang trong quá trình chuyển đổi mô hình phát triển, đặc biệt là quan tâm đến phát triển theo chiều sâu, phát triển bền vững, kinh tế tuần hoàn, kinh tế xanh và kinh tế chia sẻ thì công nghiệp số lại càng có vai trò quan trọng. Để phát triển công nghiệp số thì nhân tố con người có tính chất là then chốt. Trường công nghiệp Hà Nội là trường duy nhất ở miền Bắc có 5 chương trình đào tạo được kiểm định theo tiêu chuẩn ABET của Hoa Kỳ Nhận thức được tầm quan trọng của việc đào tạo nguồn nhân lực cho sự phát triển công nghiệp số thì trong những năm vừa qua, Trường Đại học Công Nghiệp Hà Nội đã liên tục đổi mới, cải tiến các chương trình đào tạo, đặc biệt là mở mới các chương trình đào tạo theo xu hướng và nhu cầu xã hội cần. Có thể nói, trong lĩnh vực công nghệ thông tin truyền thống, Trường ĐH Công Nghiệp Hà Nội cũng đã đào tạo hầu hết các ngành như: công nghệ thông tin, khoa học máy tính, công nghệ phần mềm, hệ thống thông tin. Trong những năm vừa rồi, chúng tôi cũng đã mở thêm những ngành mới như về trí tuệ nhân tạo, về robotics phân tích dữ liệu và gần đây nhất chúng tôi cũng là một trong những trường mở đào tạo kỹ sư về chip bán dẫn theo chủ trương của Nhà nước và xu hướng hiện nay. Hàng năm, Trường Đại học Công nghiệp với quy mô khoảng 35.000 sinh viên thì riêng đối với khối\\nnext_contents:\\n', 'content: kết quả mà khoa Công nghệ May và Thiết kế thời trang đạt được trong hai thập kỷ qua, góp phần làm nên sắc màu của một Đại học Công nghiệp Hà Nội đa ngành, đa lĩnh vực Để nâng cao chất lượng đào tạo nguồn nhân lực trong bối cảnh cuộc Cách mạng công nghiệp lần thứ tư, nhất là giai đoạn kỷ nguyên số đang diễn ra sâu rộng, PGS.TS.Lê Hồng Quân đề nghị Khoa Công nghệ May và Thiết kế thời trang cần tiếp tục mở thêm các ngành đào tạo theo hướng liên ngành để tiếp cận CMCN 4.0 như thiết kế thời trang bằng công nghệ 3D; đào tạo đội ngũ giảng viên theo hướng nghiên cứu cập nhật với công nghệ 4.0; tổ chức hoạt động nghiên cứu khoa học theo hướng đánh giá tác động của công nghiệp 4.0 đến lĩnh vực đào tạo nguồn nhân lực ngành công nghệ May và Thiết kế thời trang; tổ chức cho sinh viên đi thực tập ở các doanh nghiệp hàng đầu về may, thời trang trong nước và nước ngoài; gắn đào tạo với sản xuất và sản phẩm dịch vụ về thời trang để thu hút đầu tư, tạo nguồn lực cho phát triển, nâng cao chất lượng đào tạo, quảng bá thương hiệu của Khoa và nhà trường. PGS.TS.Lê Hồng Quân thay mặt lãnh đạo Nhà trường tặng hoa chúc mừng 20 năm thành lập Khoa Công nghệ May và Thiết kế thời trang PGS.TS.Nguyễn Thị Lệ - Trưởng khoa Công nghệ May và Thiết kế thời trang trân trọng gửi lời cảm ơn sâu sắc đến toàn thể đại biểu khách quý, đã giành sự quan tâm sâu sắc về dự, động viên và tặng những bó hoa tươi thắm chúc mừng Lễ Kỷ niệm PGS.TS.Nguyễn Thị Lệ - Trưởng khoa Công nghệ May và Thiết kế thời trang nhấn mạnh: 20 năm là mốc son lịch sử tiếp tục ghi nhận những nỗ lực phấn đấu, phát triển và trưởng thành của Khoa, là niềm tự hào của các thế hệ cán bộ, giảng viên và sinh viên của Khoa đang công tác khắp mọi miền đất nước, là sức mạnh to lớn khích lệ các thầy cô và các thế hệ sinh viên của Khoa vượt qua khó khăn thử thách, vững bước đi lên trên con đường nghề nghiệp của mình. Thời khắc đánh dấu Khoa Công nghệ May và Thiết kế thời trang tròn 20 tuổi Khoa Công nghệ May và Thiết kế thời trang tặng hoa tri ân\\nnext_contents:\\n- Khoa Công nghệ May và Thiết kế thời trang: 20 năm Tiếp nối truyền thống – Vững bước tương lai Chủ Nhật, 13:29 22/10/2023 4783 Ngày 22/10, Khoa Công nghệ May và Thiết kế thời trang, Trường Đại học Công nghiệp Hà Nội long trọng tổ chức Lễ kỷ niệm 20 năm ngày thành lập. Sân trường rực rỡ sắc hoa, trời thu tháng Mười mát dịu, ai ai cũng rạng rỡ, hạnh phúc trong Ngày trở về. Buổi Lễ diễn ra trong không khí trang trọng, ấm áp và đầy xúc động với sự tham dự của các đại biểu là lãnh đạo, nguyên là lãnh đạo Đại học Công nghiệp Hà Nội; lãnh đạo, nguyên lãnh đạo Khoa Công nghệ May và Thiết kế thời trang; đại diện các trường đại học, học viện, viện nghiên cứu, các cơ quan, tổ chức, doanh nghiệp trong nước và quốc tế; các thế hệ cán bộ, giảng viên, học viên, sinh viên của khoa qua các thời kỳ; đại diện các đơn vị thuộc, trực thuộc Đại học Công nghiệp Hà Nội. Đại biểu tham dự Lễ kỷ niệm Trong suốt chặng đường 20 năm xây dựng và phát triển, Khoa Công nghệ May và Thiết kế thời trang, Trường Đại học Công nghiệp Hà Nội tiếp tục ghi dấu ấn, tô đậm nét son trên hành trình ươm mầm và phát triển những tài năng về công nghệ may, vật liệu dệt may và thiết kế thời trang, góp phần xây dựng đội ngũ cán bộ kỹ thuật, nhà thiết kế có phong cách riêng đang từng ngày tạo ra những chuẩn mực thẩm mỹ mới, chất lượng sản phẩm chinh phục vẻ đẹp Việt và mang đến những sắc màu riêng biệt cho bức tranh thời trang toàn cầu. PGS.TS.Lê Hồng Quân – Bí thư Đảng ủy, Chủ tịch Hội đồng Trường ghi nhận và biểu dương những kết quả mà khoa Công nghệ May và Thiết kế thời trang đạt được trong hai thập kỷ qua, góp phần làm nên sắc màu của một Đại học Công nghiệp Hà Nội đa ngành, đa lĩnh vực Để nâng cao chất lượng đào tạo nguồn nhân lực trong bối cảnh cuộc Cách mạng công nghiệp lần thứ tư, nhất là giai đoạn kỷ nguyên số đang diễn ra sâu rộng, PGS.TS.Lê Hồng Quân đề nghị Khoa Công nghệ May và Thiết kế thời trang cần tiếp tục mở thêm các ngành đào tạo theo hướng liên ngành để tiếp cận CMCN 4.0 như thiết kế thời trang\\n', 'content: lực, nhất là trong cái giai đoạn sắp tới AI cũng đã và đang ảnh hưởng đến chất lượng và các vấn đề liên quan chất lượng, đến khả năng cung cấp nguồn nhân lực của ngành sản xuất chuyển đổi số trong ngành công nghiệp…”- ông Nguyễn An Sơn chỉ ra. Dưới góc độ doanh nghiệp, TS. Nguyễn Hữu Phước Nguyên - Tổng Giám đốc điều hành Selex Motors cho hay, quan trọng nhất là người đứng đầu doanh nghiệp phải nhìn nhận, đánh giá đúng nhu cầu chuyển đổi số của doanh nghiệp và có những lộ trình để mà chuyển đổi một cách phù hợp. Liên quan đến nguồn nhân lực, TS. Đặng Trọng Hợp - Trưởng khoa Công nghệ thông tin, Đại học Công nghiệp Hà Nội nêu giải pháp, nhận thức được tầm quan trọng của việc đào tạo nguồn nhân lực cho sự phát triển công nghiệp số thì trong những năm vừa qua, Trường Đại học Công nghiệp Hà Nội đã liên tục đổi mới, cải tiến các chương trình đào tạo, đặc biệt là mở mới các chương trình đào tạo theo xu hướng và nhu cầu xã hội cần. Hiện Trường Đại học Công nghiệp Hà Nội có 5 chương trình đào tạo được kiểm định theo tiêu chuẩn ABET của Hoa Kỳ (gồm Khoa học Máy tính, Công nghệ kỹ thuật Ô tô, Công nghệ kỹ thuật Cơ khí, Công nghệ kỹ thuật Điện tử Viễn thông, Công nghệ kỹ thuật Điện, điện tử). Ngoài ra có chương trình điện tử, viễn thông cũng thuộc lĩnh vực công nghệ số thì được kiểm định ABET của Hoa Kỳ. Theo ông Nguyễn An Sơn, với việc xác định chuyển đổi số là nhiệm vụ chiến lược, trọng yếu nhằm tái cơ cấu ngành Công Thương giai đoạn đến năm 2030, theo đó Bộ Công Thương đã đưa ra các giải pháp tập trung vào các giải pháp thúc đẩy chuyển đổi số nhằm đưa ra các đề xuất chính sách, giải pháp thúc đẩy phát triển kinh tế số ngành Công Thương hiệu quả, bền vững. Thứ nhất, hoàn thiện khung pháp lý về chuyển đổi số, cụ thể nghiên cứu, đề xuất, rà soát, sửa đổi, bổ sung hệ thống các văn bản quy phạm pháp luật có liên quan để trình cơ quan có thẩm quyền phê duyệt và ban hành nhằm đẩy mạnh chuyển đổi số ngành công nghiệp chế biến, chế tạo, hướng đến mô hình nhà máy thông minh. Sớm\\nnext_contents:\\n- trình Thủ tướng Chính phủ phê duyệt... Một số mô hình nhà máy thông minh tiêu biểu trong lĩnh vực công nghiệp tại Việt Nam là Nhà máy Lắp ráp ô tô Thaco-Mazda; Tổ hợp sản xuất ô tô Vinfast; Nhà máy Sữa Vinamilk tại Bình Dương; Công ty cổ phần Bóng đèn phích nước Rạng Đông; Tổng công ty cổ phần Bia - Rượu - Nước giải khát Hà Nội… Chủ động đổi mới sáng tạo để số hoá quy trình sản xuất, nâng cao năng suất và hiệu quả hoạt động là giải pháp giúp doanh nghiệp công nghiệp tăng năng lực cạnh tranh. Ảnh: ST Bên cạnh đó, Bộ Công Thương triển khai xây dựng Chương trình hỗ trợ doanh nghiệp sản xuất công nghiệp ứng dụng công nghệ 4.0 thông qua chuyển đổi số để phát triển sản xuất thông minh giai đoạn đến năm 2030. Đây sẽ là chương trình trọng điểm để hỗ trợ trực tiếp cho các doanh nghiệp chuyển đổi số thành công trong thời gian tới. Hỗ trợ doanh nghiệp lĩnh vực công nghiệp chế biến, chế tạo thúc đẩy số hóa Quá trình chuyển đổi số thời gian qua được đánh giá đã làm thay đổi diện mạo của ngành công nghiệp, đưa tỷ trọng của những ngành khai thác giảm dần và tỷ trọng ngành chế biến, chế tạo tăng dần. Tuy nhiên, theo đánh giá chung mức độ sẵn sàng chuyển đổi số trong các doanh nghiệp công nghiệp còn thấp. Chuyển đổi số mới chủ yếu ở các doanh nghiệp có quy mô lớn… Khó khăn là sự lệ thuộc vào công nghệ đang có xu hướng thiên về các doanh nghiệp lớn, các doanh nghiệp có vốn FDI, theo đó, những doanh nghiệp nhỏ rất khó tiếp cận với những dây chuyền, công nghệ tiên tiến. “Bên cạnh đó về nguồn nhân lực, nhất là trong cái giai đoạn sắp tới AI cũng đã và đang ảnh hưởng đến chất lượng và các vấn đề liên quan chất lượng, đến khả năng cung cấp nguồn nhân lực của ngành sản xuất chuyển đổi số trong ngành công nghiệp…”- ông Nguyễn An Sơn chỉ ra. Dưới góc độ doanh nghiệp, TS. Nguyễn Hữu Phước Nguyên - Tổng Giám đốc điều hành Selex Motors cho hay, quan trọng nhất là người đứng đầu doanh nghiệp phải nhìn nhận, đánh giá đúng nhu cầu chuyển đổi số của doanh nghiệp và có những lộ trình để mà chuyển\\n', 'content: nghiệp Hà Nội trình bày tham luận “Đào tạo nguồn nhân lực phục vụ ngành công nghiệp bán dẫn ở Việt Nam” Định hướng nhiệm vụ năm học 2024 - 2025 Trên cơ sở phân tích đánh giá một số thành tựu đã đạt được, những hạn chế vướng mắc và nguyên nhân; căn cứ các mục tiêu phát triển nhân lực ngành Công Thương và phương hướng nhiệm vụ phát triển giáo dục đại học và giáo dục nghề nghiệp, trong năm 2025, Thứ trưởng Phan Thị Thắng đề nghị một số phương hướng trọng tâm như: Các trường tiếp tục đẩy mạnh tự chủ, tự chịu trách nhiệm trong mọi mặt hoạt động; tổ chức sắp xếp bộ máy đảm bảo tinh gọn, hiệu quả, tránh lãng phí; cải thiện chất lượng đội ngũ giáo viên, giảng viên và cán bộ quản lý; xây dựng đồng bộ các giải pháp nâng cao chất lượng đào tạo; đẩy mạnh nghiên cứu khoa học và công nghệ theo phương hướng phù hợp Chiến lược tổng thể của quốc gia, của ngành Công Thương giai đoạn 2021 - 2030; thúc đẩy hợp tác và hội nhập quốc tế; tiếp tục đẩy mạnh công tác chuyển đổi số; tiếp tục triển khai các Đề án hỗ trợ sinh viên khởi nghiệp… Trao tặng Danh hiệu “Nhà giáo ưu tú” Trong không khí phấn khởi của năm học mới 2024-2025, hướng tới kỷ niệm 42 năm Ngày Nhà giáo Việt Nam 20/11, Bộ Công Thương khen thưởng các tập thể và cá nhân xuất sắc; công bố Quyết định của Chủ tịch nước trao tặng danh hiệu Nhà giáo ưu tú cho 3 nhà giáo của Bộ Công Thương. TS. Nguyễn Văn Thiện, Phó Hiệu trưởng và PGS.TS. Trịnh Trọng Chưởng, Phó Trưởng khoa Điện, Trường Đại học Công nghiệp Hà Nội vinh dự được nhận danh hiệu Nhà giáo ưu tú. Đây là sự ghi nhận xứng đáng cho những đóng góp nổi bật của các thầy trong sự nghiệp giáo dục đào tạo của Việt Nam. Thứ trưởng Phan Thị Thắng tặng thưởng Danh hiệu “Nhà giáo ưu tú” cho TS. Nguyễn Văn Thiện - Phó Hiệu trưởng, Trường Đại học Công nghiệp Hà Nội và PGS.TS. Trịnh Trọng Chưởng - Phó Trưởng Khoa Điện, Trường Đại học Công nghiệp Hà Nội Trường Đại học Công nghiệp Hà Nội chúc mừng NGƯT Nguyễn Văn Thiện và NGƯT Trịnh Trọng Chưởng Đại biểu Trường Đại học Công nghiệp Hà Nội chụp\\nnext_contents:\\n- 2023 - 2024 Trong năm học 2023 - 2024, công tác tuyển sinh tại các cơ sở đào tạo thuộc Bộ Công Thương đã đạt được kết quả đáng khích lệ. Tỷ lệ tuyển sinh đại học đạt 91,25%, cao đẳng đạt 80,69%, và trung cấp đạt 74,4% so với kế hoạch đề ra. Đây là thành quả nổi bật trong bối cảnh các cơ sở giáo dục phải đối mặt với áp lực cạnh tranh tuyển sinh và yêu cầu phân cấp, phân luồng trong giáo dục hiện nay. Uy tín và chất lượng đào tạo của các cơ sở đào tạo trực thuộc Bộ đã được ghi nhận, cụ thể tại Chương trình “Phát triển nguồn nhân lực ngành công nghiệp bán dẫn đến năm 2030, định hướng đến năm 2050” của Chính phủ, 03 Trường Đại học (Đại học Công nghiệp Hà Nội, Đại học Công nghiệp TP Hồ Chí Minh, Đại học Điện lực) đã được dự kiến ưu tiên xem xét đầu tư phòng thí nghiêm bán dẫn để phục vụ đào tạo nguồn nhân lực ngành công nghiệp bán dẫn. Đại diện các trường trao đổi về đào tạo nhân lực ngành công nghiệp bán dẫn, TS. Thân Thanh Sơn - Trưởng phòng Đào tạo, Trường Đại học Công nghiệp Hà Nội, trình bày tham luận “Đào tạo nguồn nhân lực phục vụ ngành công nghiệp bán dẫn ở Việt Nam”. Đây là một lĩnh vực đang được ưu tiên phát triển để đáp ứng nhu cầu lớn từ các doanh nghiệp trong và ngoài nước; cần chú trọng đầu tư để đào tạo đội ngũ nhân lực có trình độ cao, kiến thức chuyên sâu và kỹ năng thực hành vững vàng trong lĩnh vực này nhằm thúc đẩy sự phát triển của ngành công nghiệp bán dẫn tại Việt Nam. TS. Thân Thanh Sơn - Trưởng phòng Đào tạo, Trường Đại học Công nghiệp Hà Nội trình bày tham luận “Đào tạo nguồn nhân lực phục vụ ngành công nghiệp bán dẫn ở Việt Nam” Định hướng nhiệm vụ năm học 2024 - 2025 Trên cơ sở phân tích đánh giá một số thành tựu đã đạt được, những hạn chế vướng mắc và nguyên nhân; căn cứ các mục tiêu phát triển nhân lực ngành Công Thương và phương hướng nhiệm vụ phát triển giáo dục đại học và giáo dục nghề nghiệp, trong năm 2025, Thứ trưởng Phan Thị Thắng đề nghị một số phương hướng trọng tâm như: Các trường tiếp tục đẩy mạnh tự\\n', 'content: Khoa Công nghệ ô tô, Đại học Công nghiệp Hà Nội khẳng định vai trò tiên phong trong đào tạo ngành Công nghệ kỹ thuật Cơ điện tử ô tô Thứ Năm, 14:48 26/05/2022 8015 Nhằm đáp ứng nhu cầu về nguồn nhân lực chất lượng cao, thời gian qua, khoa Công nghệ ô tô, trường Đại học Công nghiệp Hà Nội đã chủ động nâng cao chất lượng dạy và học, đầu tư cơ sở vật chất và trang thiết bị hiện đại, tập trung xây dựng chương trình đào tạo đáp ứng với chuẩn đầu ra của xã hội. Năm 2022, trường Đại học Công nghiệp Hà Nội bắt đầu tuyển sinh đào tạo ngành Công nghệ kỹ thuật Cơ điện tử ô tô - khẳng định thương hiệu là một trong những trung tâm đào tạo ngành công nghệ kỹ thuật hàng đầu tại Việt Nam. Sự bùng nổ của cuộc cách mạng công nghệ 4.0 hiện tại đã có sự ảnh hưởng rất lớn tới rất nhiều ngành nghề trong xã hội đặc biệt đó là ngành Công nghệ ô tô. Trong những năm qua, ngành Công nghệ ô tô đã có sự phát triển mạnh mẽ, không chỉ thể hiện qua số lượng, chất lượng mà chúng ta còn dễ dàng nhận thấy những ứng dụng công nghệ mới đã làm thay đổi hoàn toàn bộ mặt của ngành. Thầy và trò khoa Công nghệ ô tô trong giờ học thiết kế và mô phỏng khung thân vỏ xe điện Một chiếc xe ô tô của thời điểm hiện tại không chỉ đơn thuần được cấu thành nên từ những công nghệ cơ khí và điện mà nó còn là sự kết hợp các công nghệ thông minh, trí tuệ nhân tạo vào thiết kế, ứng dụng, chế tạo và vận hành với mục đích an toàn hơn, tiện nghi hơn và tăng cường những trải nghiệm mới cho người sử dụng. Trong thiết kế xe hơi, các hệ thống phần mềm được ví như não bộ, đảm bảo cho xe vận hành tối ưu và an toàn nhất. Nếu trước đây, các yếu tố quyết định sự khác biệt của những chiếc xe là động cơ, hộp số, bộ truyền động, vô lăng điều khiển và nhiên liệu…thì ngày nay, ô tô giống như một chiếc máy tính. Phần mềm và các hệ thống tự động điều khiển trên xe ô tô đã kiểm soát tất cả hoạt động của các bộ phận trên một chiếc xe, từ hệ thống kiểm soát phun nhiên liệu cho đến điều khiển lái tự động, kiểm soát hành trình và các hệ thống hỗ\\nnext_contents:\\n']","['<1-hop>\\n\\nTọa đàm: “Số hoá trong lĩnh vực công nghiệp - Bài toán cho các nhà sản xuất” do Tạp chí Công Thương tổ chức sẽ phát trực tuyến trên nền tảng Tạp chí Công Thương điện tử và Fanpage Tự hào hàng Việt Nam vào 9h30 ngày 04/12/2024. Theo đánh giá của các chuyên gia, trước xu hướng và đà tăng trưởng hiện nay, thị trường thương mại điện tử và kinh tế số Việt Nam sẽ còn phát triển mạnh mẽ hơn nữa và trở thành một trong những động lực thúc đẩy tăng trưởng kinh tế. Đây cũng chính là thời điểm để chúng ta xây nên những mô hình và chiến lược mới, ứng dụng mạnh mẽ công nghệ số, tăng sức cạnh tranh trong bối cảnh mới. Theo đánh giá của các chuyên gia, trước xu hướng và đà tăng trưởng hiện nay, thị trường thương mại điện tử và kinh tế số Việt Nam sẽ còn phát triển mạnh mẽ hơn nữa và trở thành một trong những động lực thúc đẩy tăng trưởng kinh tế. Đây cũng chính là thời điểm để chúng ta xây nên những mô hình và chiến lược mới, ứng dụng mạnh mẽ công nghệ số, tăng sức cạnh tranh trong bối cảnh mới. Tọa đàm: “Số hoá trong lĩnh vực công nghiệp – Bài toán cho các nhà sản xuất” do Tạp chí Công Thương tổ chức sẽ phát trực tuyến trên nền tảng Tạp chí Công Thương điện tử và Fanpage Tự hào hàng Việt Nam vào 9h30 ngày 05/12/2024. Thời gian qua, Bộ Công Thương đã ban hành nhiều văn bản, chính sách nhằm thúc đẩy chuyển đổi số ngành Công Thương, triển khai Chiến lược Quốc gia về phát triển kinh tế số và xã hội số, trong đó tập trung vào các nội dung: (i) tăng cường xây dựng Chính phủ điện tử Bộ Công Thương ; (ii) thúc đẩy phát triển Kinh tế số ngành Công Thương theo ba lĩnh vực ưu tiên là thương mại, công nghiệp - năng lượng, và dịch vụ logistics. Vệc đẩy mạnh ứng dụng chuyển đổi số ngành Công Thương là vô cùng cần thiết trong nâng cao hiệu quả quản lý, điều hành Bộ Công Thương cũng như thúc đẩy kinh tế số trong ngành. Đặc biệt, trong lĩnh vực sản xuất, quá trình số hóa được đánh giá đã làm thay đổi diện mạo của ngành công nghiệp, đưa tỷ trọng của những ngành khai thác giảm dần và tỷ trọng ngành chế biến, chế tạo tăng dần. Tuy nhiên để phát triển kinh tế số ngành Công Thương nói chung cũng như số hóa các lĩnh vực công nghiệp một cách bền vững hiện vẫn tồn tại rất nhiều khó khăn, rào cản. Đây là bài toán của các nhà sản xuất cần được sự chung tay vào cuộc của nhiều thành phần với nỗ lực mạnh mẽ để thúc đẩy chuyển đổi số trong lĩnh vực công nghiệp trong thời gian tới. Vấn đề này sẽ được chia sẻ với góc nhìn đa dạng và sâu sắc hơn tại Tọa đàm do Tạp chí Công Thương thực hiện với chủ đề: "" Số hoá trong lĩnh vực công nghiệp – Bài toán cho các nhà sản xuất"", phát trực tuyến vào 9h30 ngày 04/12/2024. Tham dự Tọa đàm có sự tham gia của các vị khách mời: - TS. Đặng Trọng Hợp - Trưởng khoa Công nghệ thông tin, Đại học Công nghiệp Hà Nội; - Ông Nguyễn An Sơn - Trưởng phòng Phát triển dự án, Trung tâm Tin học và Công nghệ số, Cục Thương mại điện tử và Kinh tế số (Bộ Công Thương) - TS. Nguyễn Hữu Phước Nguyên - Tổng Giám đốc điều hành Selex Motors Tại Tọa đàm, đại diện cơ quan quản lý Nhà nước, đại diện cơ sở đào tạo và doanh nghiệp sẽ cùng tham gia thảo luận, chia sẻ về những hành động cụ thể của Bộ Công Thương trong việc hỗ trợ và thúc đẩy chuyển đổi số trong ngành Công Thương nói chung và các lĩnh vực sản xuất công nghiệp nói riêng; Những khó khăn, rào cản và kinh nghiệm khi ứng dụng công tác chuyển đổi số trong ngành Công Thương; Những đòi hỏi về đổi mới trong công tác đào tạo nguồn nhân lực đáp ứng các yêu cầu về chuyển đổi số trong lĩnh vực công nghiệp hiện nay; Những giải pháp mà các cơ sở đào tạo đang áp dụng để đảm bảo đáp ứng được nguồn nhân lực chất lượng cao cung cấp cho nhu cầu chuyển đổi số tăng cao tại các doanh nghiệp; Những giải pháp, mong muốn và đề xuất của các doanh nghiệp khi bắt tay vào chuyển đổi số… Trân trọng kính mời quý độc giả quan tâm theo dõi. Streaming: Facebook Fanpage Tự hào hàng Việt https://www.facebook.com/TuhaohangVietNam.vn ; Website Tạp chí Công Thương http://tapchicongthuong.vn ; và Kênh Youtube Tạp chí Công Thương https://www.youtube.com/ @tapchicongthuongofficial Thứ Ba, 14:40 03/12/2024 Tags:', '<2-hop>\\n\\nSinh viên Khoa Công nghệ thông tin đạt giải tại Cuộc thi “Sinh viên thông thái 2024” Ngày 25/11/2024, chung kết cuộc thi Sinh viên thông thái 2024 với chủ đề: “Tìm hiểu pháp luật quản lý hoạt động kinh doanh theo phương thức đa cấp” đã diễn ra tại Đại học Kinh tế Quốc dân, Hà Nội. Đội thi Trường ĐH Công Nghiệp Hà Nội lọt vào vòng chung kết ""Sinh viên thông thái 2024"" Đây là cuộc thi do Ủy ban Cạnh tranh Quốc gia phối hợp với Vụ Pháp chế, Bộ Công Thương chủ trì tổ chức thực hiện. Cuộc thi nhằm phổ biến, tuyên truyền rộng rãi và nâng cao kiến thức, hiểu biết đúng đắn của sinh viên về hoạt động bán hàng đa cấp và và tầm quan trọng của công tác quản lý hoạt động kinh doanh theo phương thức đa cấp. Qua đó, góp phần tích cực trong việc bảo vệ cộng đồng, phòng chống hoạt động bán hàng đa cấp bất chính, xây dựng ngành bán hàng đa cấp trong sạch đảm bảo quyền và lợi ích cho người dân nói chung và sinh viên nói riêng. Phần thi giới thiệu của Đội thi Trường ĐH Công Nghiệp Hà Nội Đối tượng tham gia là sinh viên các trường đại học, cao đẳng khu vực phía Bắc. Nội dung thi gồm: Tìm hiểu các quy định của pháp luật liên quan đến hoạt động kinh doanh theo phương thức đa cấp và quản lý hoạt động kinh doanh theo phương thức đa cấp; xử lý các tình huống giả định có liên quan tới hoạt động kinh doanh theo phương thức đa cấp; phòng chống đa cấp bất chính; đề xuất các giải pháp nhằm nâng cao hiệu quả thực thi pháp luật quản lý hoạt động kinh doanh theo phương thức đa cấp; tuyên truyền, cảnh báo các dấu hiệu đa cấp bất chính… Phần thi Tiểu phẩm của Đội thi Trường ĐH Công Nghiệp Hà Nội Với 3 phần thi giới thiệu - tiểu phẩm - hùng biện, Sinh viên Lê Văn Thọ lớp ĐH CN Đa phương tiện Khóa 18 và sinh viên Trần Đức Quân lớp ĐH CNTT1 Khóa 18 thuộc Đội thi Trường Đại học Công Nghiệp Hà Nội đã trổ tài tranh biện với những lập luận sắc bén và phản biện thông minh để thuyết phục ban giám khảo là những chuyên gia uy tín hàng đầu về Luật Cạnh tranh và bảo vệ người tiêu dùng. Phần thi hùng biện của Đội thi Trường ĐH Công Nghiệp Hà Nội. Sinh viên Lê Văn Thọ và Trần Đức Quân (đứng giữa) Khoa Công nghệ thông tin đang thể hiện phần thi Đội thi Trường Đại học Công Nghiệp Hà Nội đã chuẩn bị cẩn thận, kỹ lưỡng ngay từ khi tổng duyệt đến từng phần thi. Những giọt nước mắt hạnh phúc đã rơi cùng với những cái ôm thật chặt, niềm vui sướng và tự hào vô bờ bến của toàn đội sau hành trình hai tháng đầy nỗ lực và thử thách, tập luyện mỗi ngày.']","### Hoạt động khóa và các hoạt động đoàn hội tại Khoa Công nghệ thông tin

Khoa Công nghệ thông tin tại Trường Đại học Công nghiệp Hà Nội thường xuyên tổ chức các hoạt động ngoại khóa và hợp tác doanh nghiệp nhằm mở rộng kiến thức, rèn luyện kỹ năng cho sinh viên. Một số hoạt động tiêu biểu bao gồm:

- **Tham quan doanh nghiệp**: Sinh viên được tham gia các chuyến tham quan thực tế tại các doanh nghiệp trong ngành công nghệ thông tin, giúp họ hiểu rõ hơn về quy trình sản xuất và các xu hướng mới trong ngành.
- **Hội thảo và diễn đàn**: Khoa tổ chức các hội thảo, diễn đàn với sự tham gia của các chuyên gia trong ngành, tạo cơ hội cho sinh viên giao lưu, học hỏi và chia sẻ kinh nghiệm.
- **Dự án nghiên cứu**: Sinh viên có cơ hội tham gia vào các dự án nghiên cứu khoa học, hợp tác với doanh nghiệp, từ đó áp dụng kiến thức đã học vào thực tiễn.
- **Hoạt động tình nguyện và xã hội**: Khoa khuyến khích sinh viên tham gia các hoạt động tình nguyện, góp phần nâng cao ý thức cộng đồng và trách nhiệm xã hội.

### Hỗ trợ từ Bộ Công Thương cho sinh viên Khoa Công nghệ thông tin

Bộ Công Thương đã có những hành động cụ thể để hỗ trợ sinh viên Khoa Công nghệ thông tin trong việc thúc đẩy chuyển đổi số và nâng cao chất lượng nguồn nhân lực. Một số hoạt động đáng chú ý bao gồm:

- **Tổ chức các hội thảo về chuyển đổi số**: Bộ Công Thương thường xuyên tổ chức các hội thảo, tọa đàm về chuyển đổi số trong ngành công nghiệp, tạo cơ hội cho sinh viên tiếp cận với các công nghệ mới và xu hướng phát triển.
- **Hợp tác với doanh nghiệp**: Bộ khuyến khích các doanh nghiệp trong ngành công nghệ thông tin hợp tác với các trường đại học để đào tạo và phát triển nguồn nhân lực chất lượng cao.
- **Chương trình đào tạo liên kết**: Bộ Công Thương hỗ trợ xây dựng các chương trình đào tạo liên kết giữa các trường đại học và doanh nghiệp, giúp sinh viên có cơ hội thực tập và làm việc thực tế trong môi trường chuyên nghiệp.

Những hoạt động này không chỉ giúp sinh viên nâng cao kỹ năng mà còn tạo điều kiện thuận lợi cho việc tìm kiếm việc làm sau khi tốt nghiệp.

### Tài liệu tham khảo
- [Ngành Công nghệ kỹ thuật khuôn mẫu: Tạo dựng tương lai từ sự sáng tạo](https://www.haui.edu.vn/vn/goc-nhin-haui/nganh-cong-nghe-ky-thuat-khuon-mau-tao-dung-tuong-lai-tu-su-sang-tao/65042) - **Link tham khảo**
- [Sinh viên Trường Đại học Công nghiệp Hà Nội sáng tạo túi thời trang tái chế, lan tỏa thông điệp bảo vệ môi trường](https://www.haui.edu.vn/vn/tin-tuc/sinh-vien-truong-dai-hoc-cong-nghiep-ha-noi-sang-tao-tui-thoi-trang-tai-che-lan-toa-thong-diep-bao-ve-moi-truong/65351) - **Link tham khảo**

Nếu bạn cần thêm thông tin hoặc có câu hỏi khác, hãy cho tôi biết!","Bộ Công Thương đã ban hành nhiều văn bản và chính sách nhằm thúc đẩy chuyển đổi số trong ngành Công Thương, trong đó có việc tập trung vào phát triển kinh tế số và ứng dụng công nghệ số. Tại Tọa đàm do Tạp chí Công Thương tổ chức, các đại diện từ Bộ Công Thương, cơ sở đào tạo và doanh nghiệp sẽ thảo luận về những hành động cụ thể của Bộ trong việc hỗ trợ chuyển đổi số, cũng như những yêu cầu đổi mới trong công tác đào tạo nguồn nhân lực để đáp ứng nhu cầu chuyển đổi số trong lĩnh vực công nghiệp. Điều này sẽ giúp sinh viên Khoa Công nghệ thông tin có cơ hội tiếp cận với những giải pháp và kinh nghiệm thực tiễn, từ đó nâng cao chất lượng nguồn nhân lực trong ngành.",0.8493024022759407,0.8055555555287036,0.0,0.6666666666666666,0.697974681854248,16.52495503425598
Nguyễn Thanh Tùng là ai trong bối cảnh hoạt động của Khoa Công nghệ thông tin tại Đại học Công Nghiệp Hà Nội và có mối liên hệ gì với các sinh viên như Nguyễn Thế Sáng và Lê Xuân Ngọc?,"['content: Chàng trai ngành Công nghệ thông tin là tấm gương sáng cho sinh viên Sinh ra và lớn lên ở Thanh Hóa, Nguyễn Đức Long ngay từ nhỏ đã là một chàng trai hiểu chuyện, biết suy nghĩ cho bố mẹ, biết nhìn nhận hoàn cảnh gia đình. Chính vì thế Long đã lựa chọn ngành Công nghệ thông tin Trường Đại học Công Nghiệp Hà Nội làm nơi gắn bó để trưởng thành. Nguyễn Đức Long - Cựu Đội trưởng đội IT Supporter Khoa CNTT Ngọc Đại chia sẻ trước kia anh bạn chưa hề biết gì về lập trình, nhưng chỉ sau thời gian học tập tại Khoa CNTT Trường ĐH Công Nghiệp Hà Nội, Long đã được nhận vào làm chính thức tại FPT Software với mức lương hơn cả bản thân mong đợi. 12/2021: Giải Khuyến khích cuộc thi Tay nghề quốc gia (WorldSkills Vietnam 2021) – Nghề Quản trị mạng 2022: Giấy khen của Hội sinh viên trường Đại học Công nghiệp Hà Nội “Đã có thành tích xuất sắc trong công tác hội và phong trào sinh viên” năm học 2021-2022” Khi được hỏi về kinh nghiệm của bản thân, Đức Long không ngần ngại chia sẻ: “Có rất nhiều sinh viên gặp khó khăn trong vấn đề tìm kiếm việc làm, nhưng để có được thành quả như ngày hôm nay, bản thân mình đã phải cố gắng rất nhiều trong những năm qua. Mình không ngồi yên chờ cơ hội đến mà bản thân mình đã tự đi xin việc khi mới chỉ là sinh viên, khi còn đang bộn bề với những dự án tại trường.” Nhất là trong quãng thời gian sinh viên, Long đã liên tục đăng kí tham gia nhiều cuộc thi cùng lúc, học nhiều môn và làm nhiều dự án. Với triết lý sống “Make your own way”, ai sinh ra cũng cần phải có đam mê, có ước mơ và tìm hiểu xem bản thân phù hợp nhất với ngành nghề nào và cố gắng, kiên trì để đạt được nó bằng những kế hoạch chi tiết, hành động cụ thể với một tâm lý vững vàng nhất. Nếu thành công thì hãy áp dụng nó cho những lần kế tiếp, dù thất bại cũng không nản chí, bỏ cuộc mà hãy rút ra bài học kinh nghiệm cho bản thân mình. Trong thời gian sắp tới, chàng sinh viên người Thanh Hóa hứa hẹn sẽ đem tới những giá trị có ích cho cuộc sống, phấn đấu hoàn thiện bản thân mỗi ngày, hoàn thành\\nnext_contents:\\n', 'content: Tư vấn tuyển sinh trực tuyến nhóm ngành Công nghệ thông tin năm 2022 Công nghệ thông tin là nhóm ngành đang có xu hướng phát triển, nhu cầu nhân lực rất cao và các chuyên gia lưu ý sinh viên học tốt, có năng lực sẽ được doanh nghiệp săn đón ngay khi còn ngồi ở ghế nhà trường. Đại dịch Covid 19 đang bước vào năm thứ 3, gây ảnh hưởng tất cả mọi lĩnh vực trong đời sống. Tuy nhiên, công nghệ thông tin (CNTT) lại là một trong những lĩnh vực phát triển mạnh với nhiều đột phá góp phần đổi thay cuộc sống. Vào tối ngày 8/6/2022, Khoa Công nghệ thông tin Trường Đại học Công Nghiệp Hà Nội kết hợp với một số doanh nghiệp đã tổ chức buổi livestream tư vấn trực tuyến nhóm ngành CNTT năm 2022. Tham dự buổi tư vấn có TS. Lê Văn Thái – Phó Trưởng phòng đào tạo Trường ĐH Công Nghiệp Hà Nội, TS. Đặng Trọng Hợp – Trưởng Khoa CNTT và đại diện doanh nghiệp FPT Software, cựu sinh viên Nguyễn Huy Du, các chuyên gia cung cấp cho thí sinh nhiều thông tin cụ thể về ngành học này khi trong giai đoạn sắp tới. Thí sinh có rất nhiều câu hỏi đặt ra cho Ban tổ chức Tiến sĩ Lê Văn Thái – Phó Trưởng phòng Đào tạo Trường ĐH Công Nghiệp Hà Nội, chia sẻ: ""CNTT là nhóm ngành hot và được dự đoán là ngành lâu dài trong tương lai, để đào tạo nhân lực chất lượng cao phục vụ cho các ngành nghề khác. Chẳng hạn, lập trình viên phải biết cách phát triển các sản phẩm CNTT để phục vụ những ngành nghề khác"". Tiến sỹ khẳng định sinh viên học tốt chắc chắn ra trường sẽ có việc làm. Tuy nhiên, lĩnh vực này khó nên sinh viên phải học chăm chỉ và cố gắng thì mới thành công, đòi hòi có năng lực thật sự và có kỹ năng nghề nghiệp. TS. Đặng Trọng Hợp – Trưởng khoa CNTT chia sẻ: ""CNTT là nhóm ngành đang có xu hướng phát triển và nhu cầu nhân lực rất cao và luôn nằm trong tốp đầu những ngành có lương và thu nhập cao"". Theo Tiến sĩ, Khoa Công nghệ thông tin Trường ĐH Công Nghiệp Hà Nội có 4 chuyên ngành công nghệ thông tin, khoa học máy tính, hệ thống thông tin, kỹ thuật phần mềm, nếu sinh viên năm thứ 3 có học lực khá thì\\nnext_contents:\\n', 'content: ba cho ý tưởng sáng tạo “Nghiên cứu thuật toán định tuyến ứng dụng xây dựng hệ thống giao hàng thông minh”- nhóm sinh viên Đỗ Mạnh Quang, Chu Trọng Sơn, Lê Thị Hà, Ngô Tiến Mạnh, Lê Thị Quỳnh Trang. Năm 2020, nhóm sinh viên Lê Đình Mạnh, Đoàn Văn Quân, Nguyễn Hữu Sơn đã giành giải Nhất cuộc thi Ý tưởng sáng tạo cấp trường với đề tài “Xây dựng hệ thống điểm danh sinh viên trên lớp và phòng thi từ bức ảnh chụp khuôn mặt bằng kỹ thuật Deep Learning trên máy tính hiệu năng cao”. Nghiên cứu khoa học khi còn là sinh viên không những củng cố cho các em kiến thức mà còn tạo môi trường tốt làm quen với nghiên cứu, góp phần không nhỏ vào sự thành công khi đi làm sau tốt nghiệp. Khoa Công nghệ thông tin sẽ luôn là điểm tựa cho những ý tưởng, công trình nghiên cứu khoa học của sinh viên trong thời đại số. Thứ Sáu, 15:58 28/08/2020 Tags:\\nnext_contents:\\n- Trao giải Sinh viên nghiên cứu khoa học Năm 2020 Những năm gần đây, sinh viên khoa CNTT trường Đại học Công nghiệp Hà Nội thường xuyên tham gia nghiên cứu khoa học, xây dựng ý tưởng khoa học và đạt nhiều thành tích đáng khích lệ. Bên cạnh nhiệm vụ chính là học tập thì nghiên cứu khoa học ngày nay cũng được các em sinh viên rất quan tâm, đặc biệt trong lĩnh vực có thể ứng dụng nhiều sản phẩm khoa học công nghệ như công nghệ thông tin. Hàng năm, Khoa và Nhà trường luôn động viên, hỗ trợ, hướng dẫn các em tham gia các đề tài sinh viên nghiên cứu khoa học hoặc tham gia đề tài cùng các thầy cô. Đó là môi trường tốt rèn luyện khả năng tự học, tự nghiên cứu, trau dồi kỹ năng làm việc nhóm, kỹ năng thuyết trình…100% các đề tài sinh viên Nghiên cứu khoa học nghiệm thu đúng thời hạn và có kết quả khá tốt. Từ kết quả nghiệm thu đề tài đó, Khoa đều chọn các đề tài xuất sắc tham dự cấp trường và đạt những thành tích đáng kể như: “Ứng dụng Machine Learning xây dựng hệ thống tư vấn du lịch” của nhóm sinh viên Lê Hồng Linh, Đặng Tiến Dũng, Bùi Thị Trang do ThS. Trần Hùng Cường hướng dẫn và “Nghiên cứu ứng dụng IoT, phát triển hệ thống trồng cây thủy canh” của nhóm sinh viên Nguyễn Thanh Tùng, Bùi Văn Tuấn, Nguyễn Đăng Phương do ThS. Nguyễn Thị Mỹ Bình hướng dẫn đạt giải nhì SVNCKH cấp trường năm 2020. Giải ba SVNCKH năm 2020 cho đề tài: Nghiên cứu xây dựng hệ thống cảnh báo cháy rừng – nhóm sinh viên Bùi Văn Tuấn, Nguyễn Thanh Tùng, Nguyễn Đăng Phương do ThS. Nguyễn Thị Mỹ Bình hướng dẫn và giải ba cho ý tưởng sáng tạo “Nghiên cứu thuật toán định tuyến ứng dụng xây dựng hệ thống giao hàng thông minh”- nhóm sinh viên Đỗ Mạnh Quang, Chu Trọng Sơn, Lê Thị Hà, Ngô Tiến Mạnh, Lê Thị Quỳnh Trang. Năm 2020, nhóm sinh viên Lê Đình Mạnh, Đoàn Văn Quân, Nguyễn Hữu Sơn đã giành giải Nhất cuộc thi Ý tưởng sáng tạo cấp trường với đề tài “Xây dựng hệ thống điểm danh sinh viên trên lớp và phòng thi từ bức ảnh chụp khuôn mặt bằng kỹ thuật Deep Learning trên máy tính hiệu năng cao”. Nghiên cứu khoa\\n', 'content: Sinh viên Khoa Công nghệ thông tin nhận học bổng BROTHER năm học 2024-2025 Công ty TNHH Công nghiệp Brother Việt Nam là đơn vị có mối quan hệ truyền thống với Trường Đại học Công Nghiệp Hà Nội, công ty thường xuyên tham gia hiệu chỉnh chương trình đào tạo, hỗ trợ sinh viên tham quan, trải nghiệm, thực tập và tuyển dụng sinh viên vào làm việc sau khi tốt nghiệp. Hiện nay, có rất nhiều cựu sinh viên Trường Đại học Công Nghiệp Hà Nội đang làm việc ở các vị trí kỹ thuật viên, cán bộ quản lý, cán bộ nhân sự, chuyên viên các phòng kế hoạch, phát triển,… Sinh viên Trường Đại học Công Nghiệp Hà Nội nhận học bổng Brother năm học 2024-2025 Công ty thực hiện trao học bổng Brother từ năm 2009 đến nay đã được 15 năm. Năm học 2024-2025 công ty tiếp tục triển khai chương trình học bổng dành cho sinh viên khối các ngành kỹ thuật, có hộ khẩu thường trú tại tỉnh Hải Dương, đạt thành tích cao trong học tập. Sinh viên Bùi Đức Quân lớp Đại học Công nghệ thông tin 5 Khóa 18 Khoa CNTT Trường ĐH Công Nghiệp Hà Nội - có thành tích học tập đạt loại giỏi, thành thạo ngoại ngữ và xuất sắc vượt qua hai vòng phỏng vấn của công ty, giành học bổng Brother năm học 2024-2025 trị giá 12 triệu đồng/năm học. Sau khi tốt nghiệp, các em sẽ được công ty nhận vào làm việc ngay ở vị trí kỹ thuật viên, ngoài học bổng, năm cuối các em có quyền lợi được vay vốn không lãi suất tại công ty. Sinh viên Bùi Đức Quân - Khoa CNTT HaUI đã xuất sắc vượt qua hai vòng phỏng vấn của công ty, giành học bổng Brother năm học 2024-2025 trị giá 12 triệu đồng/năm học Học bổng Brother đã và đang tạo động lực giúp sinh viên vươn lên trong học tập, đẩy mạnh sự gắn kết bền chặt giữa nhà trường và doanh nghiệp, chung tay đào tạo những tài năng trẻ cho quê hương, đất nước. Thứ Ba, 14:18 03/12/2024 Tags:\\nnext_contents:\\n', 'content: 2 Thủ khoa tốt nghiệp xuất sắc Đại học Công nghiệp Hà Nội được Thành phố Hà Nội tuyên dương năm 2021 Thứ Ba, 08:38 23/11/2021 1809 Bùi Thị Minh Hiển - Thủ khoa tốt nghiệp ngành Quản trị nhân lực và Đào Văn Quý - Thủ khoa tốt nghiệp ngành Kỹ thuật Điện của Đại học Công nghiệp Hà Nội là 2 trong số 90 thủ khoa tốt nghiệp xuất sắc các trường đại học, học viện năm 2021 được Thành ủy – HĐND – UBND TP. Hà Nội tuyên dương. Bùi Thị Minh Hiển - Thủ khoa ngành Quản trị nhân lực (GPA 3.8/4): Khi bản thân nỗ lực hết mình thì thành công càng trở nên quý giá Bùi Thị Minh Hiển (áo hồng) - Thủ khoa tốt nghiệp ngành Quản trị nhân lực năm 2021 Vốn thích lĩnh vực kinh tế, Minh Hiển đăng ký và đỗ vào ngành Quản trị nhân lực, khoa Quản lý kinh doanh, Đại học Công nghiệp Hà Nội. Minh Hiển tâm sự, em vẫn còn nhớ ngày đầu khi mới bước chân vào giảng đường đại học, em có chút bỡ ngỡ, lúng túng khi cách học khác xa so với phổ thông. Thêm nữa với áp lực sống xa nhà, nhiều lúc cảm thấy hụt hẫng. Để vượt qua, em đã cố gắng tập trung vào việc học. Trong 04 năm học tại Đại học Công nghiệp Hà Nội, Minh Hiển luôn nỗ lực học tập. Bản thân tự đặt ra mục tiêu cụ thể cho từng môn học, kỳ học nên Hiển gặt hái được thành quả ngọt ngào như: Sinh viên đạt thành tích Xuất sắc trong học tập và rèn luyện 4 năm học, học bổng 5 kỳ liên tiếp. Bên cạnh đó, Hiển còn nhận học bổng Nguyễn Thanh Bình của nhà trường. Với điểm tổng kết 3,80/4, Bùi Thị Minh Hiển trở thành thủ khoa đầu ra năm học 2020 - 2021 của Đại học Công nghiệp Hà Nội. Minh Hiển nhận Bằng khen và kỷ niệm chương của TP. Hà Nội tại Lễ tuyên dương thủ khoa xuất sắc tốt nghiệp 2021 Bật mí về bí quyết học tập, Hiển cho biết: Em luôn tập trung khi học trên lớp. Những nội dung thầy cô truyền đạt, em ghi chép lại cẩn thận. Em thường chủ động xây dựng kế hoạch, phân bổ thời gian học từng môn một cách khoa học nhất. Với những kiến thức mới và khó, em sẽ tìm đến sự trợ giúp của thầy cô, bạn bè. Với nền tảng kiến thức vững chắc và những kỹ năng được rèn luyện\\nnext_contents:\\n']","['<1-hop>\\n\\nNăm học 2024-2025, Khóa nhập học Khóa 19 Khoa Công nghệ thông tin vinh dự và tuyên dương nhiều sinh viên đạt được Học bổng HaUI 100% năm thứ nhất và Học bổng 5 triệu đồng. Với thành tích 3 năm Học sinh giỏi ở bậc học THPT và đạt chứng chỉ quốc tế IELTS 6.5, tân sinh viên Nguyễn Thế Sáng lớp 2024DHCNTT03 đã đỗ vào Khoa Công nghệ thông tin Trường Đại học Công Nghiệp Hà Nội với 29,07 điểm theo Phương thức 2 - Xét tuyển thí sinh đoạt giải học sinh giỏi cấp tỉnh/thành phố, thí sinh có chứng chỉ quốc tế. Em đã đạt Học bổng HaUI 100% năm thứ nhất. Lê Xuân Ngọc quê ở Bắc Giang, với thành tích đạt Giải Ba môn Hoá cơ sở năm lớp 11, giải khuyến khích môn Toán tỉnh lớp 12, em đã đỗ vào Khoa Công nghệ thông tin Trường Đại học Công Nghiệp Hà Nội với 27,05 điểm theo Phương thức 3 học lớp 2024DHCNTT04 - Xét tuyển dựa trên kết quả thi tốt nghiệp THPT năm 2024. Em đã đạt Học bổng HaUI 100% năm thứ nhất. Lê Xuân Ngọc đứng hàng 2 từ trái sang cùng tập thể lớp THPT Nguyễn Hoàng Anh quê ở Quốc Oai, Hà Nội với thành tích đạt được giải Ba cấp cụm môn Sinh học, em đã đỗ vào Khoa Công nghệ thông tin Trường Đại học Công Nghiệp Hà Nội với 20,06 điểm theo Phương thức 6 học lớp 2024DHCNTT01 - Xét tuyển dựa trên kết quả thi đánh giá tư duy. Em đã đạt Học bổng HaUI 100% năm thứ nhất. Lê Quốc Đạt quê ở Bắc Ninh, với thành tích đạt được 3 năm Học sinh giỏi bậc THPT, em đã đỗ vào Khoa Công nghệ thông tin Trường Đại học Công Nghiệp Hà Nội với 26,67 điểm theo Phương thức 3 học lớp 2024DHCNTT01 - Xét tuyển dựa trên kết quả thi tốt nghiệp THPT năm 2024. Em đã đạt học bổng HaUI 5 triệu đồng. Nguyễn Anh Tuấn quê ở Bắc Ninh, với thành tích đạt được 3 năm Học sinh giỏi bậc THPT và đạt chứng chỉ quốc tế IELTS 7.0, em đã đỗ vào Khoa Công nghệ thông tin Trường Đại học Công Nghiệp Hà Nội với 28,78 điểm theo Phương thức 2 học lớp 2024DHKHMT01 - Xét tuyển thí sinh đoạt giải học sinh giỏi cấp tỉnh/thành phố, thí sinh có chứng chỉ quốc tế. Em đã đạt học bổng HaUI 5 triệu đồng. Sinh viên Cao Đức Hoàng quê ở Nghệ An, với thành tích đạt được 3 năm Học sinh giỏi bậc THPT, em đã đỗ vào Khoa Công nghệ thông tin Trường Đại học Công Nghiệp Hà Nội với 29,04 điểm theo Phương thức 4 học lớp 2024DHCNTT03 - Xét tuyển dựa trên kết quả học tập ở bậc học THPT. Em đã đạt học bổng HaUI 5 triệu đồng. Sinh viên Nguyễn Đức Cảnh ở Đan Phượng, Hà Nội với ước mơ trở thành chuyên gia An ninh mạng em đã đỗ vào Khoa Công nghệ thông tin Trường Đại học Công Nghiệp Hà Nội với 19,43 điểm theo Phương thức 6 học lớp 2024DHCNTT01 - Xét tuyển dựa trên kết quả thi đánh giá tư duy. Em đã đạt học bổng HaUI 5 triệu đồng. Sinh viên Nguyễn Quang Khải ở Ba Vì, Hà Nội, với ước mơ trở thành Web developer và AI engineer em đã đỗ vào Khoa Công nghệ thông tin Trường Đại học Công Nghiệp Hà Nội với 19,39 điểm theo Phương thức 6 học lớp 2024DHCNTT01 - Xét tuyển dựa trên kết quả thi đánh giá tư duy. Em đã đạt học bổng HaUI 5 triệu đồng. Với các thành tích xuất sắc đã đạt được ở bậc học THPT cùng sự phấn đấu, nỗ lực học tập, hy vọng các em sẽ học tập tốt trên giảng đường đại học và hy vọng môi trường học tập tại Khoa Công nghệ thông tin Trường Đại học Công Nghiệp Hà Nội sẽ là nơi các em trau dồi và tích lũy để trở thành Lập trình viên chuyên nghiệp trong tương lai. Thứ Tư, 11:03 25/09/2024 Tags:', '<2-hop>\\n\\nBan Chủ nhiệm Khóa mới ra mắt Qua quá trình hoạt động, làm việc và xin ý kiến chỉ đạo của Ban Chấp hành Đoàn trường, tại buổi lễ Kiện toàn, Đội Thanh niên tình nguyện Khoa CNTT HaUI đã thống nhất, giới thiệu Ban chủ nhiệm Đội nhiệm kỳ 2024-2025 gồm 4 thành viên: Đồng chí Nguyễn Hữu Nhật – Chủ nhiệm, Đồng chí Phạm Thị Hải Hà – Phó chủ nhiệm, Đồng chí Nguyễn Thanh Tùng – Phó chủ nhiệm, Đồng chí Lê Văn Sơn – Phó chủ nhiệm Các thành viên trong đội đều là những cá nhân nhiệt huyết với công tác Đoàn, phong trào thanh niên Được biết, trong nhiệm kỳ 2024- 2025, phát huy những kết quả đạt được trong hoạt động năm 2024, bám sát định hướng, chỉ đạo của Đoàn Thanh niên trường Đại học Công Nghiệp Hà Nội, Đội Thanh niên tình nguyện Khoa CNTT HaUI xác định phương hướng, nhiệm vụ công tác Đoàn và phong trào thanh niên năm 2025 sẽ tiếp tục tập trung bám sát sự chỉ đạo của Đoàn trường, xây dựng kế hoạch công tác khả thi, phù hợp với đặc thù của Đội; Tăng cường tuyên truyền, giáo dục chính trị tư tưởng, đạo đức lối sống, ý thức chấp hành pháp luật trong Đội viên; Thường xuyên theo dõi nắm bắt tình hình tư tưởng, tâm tư nguyện vọng của Đội viên; Đẩy mạnh các phong trào thi đua học tập, sáng tạo, tích cực rèn luyện tác phong, lề lối, nâng cao chất lượng, hiệu quả công việc gắn với đảm bảo hiệu quả học tập; Tiếp tục xây dựng, củng cố tổ chức của Đội, nâng cao chất lượng hoạt động Đoàn, chú trọng công tác kiểm tra, giám sát và thực hiện tốt công tác Đoàn tham gia xây dựng Đảng. Một số chỉ tiêu, nhiệm vụ cụ thể được toàn Đội xác định như: 100% đội viên gương mẫu, đẩy mạnh học tập và làm theo tư tưởng, đạo đức, phong cách Chủ tịch Hồ Chí Minh; Đội tiếp tục giới thiệu cho Đoàn trường để giới thiệu cho Đảng những đoàn viên ưu tú, chú trọng chất lượng đoàn viên, quần chúng ưu tú được giới thiệu cho Đảng; Thực hiện tốt chế độ thông tin, báo cáo Đoàn trường Đại học Công Nghiệp Hà Nội; Liên tục đổi mới các nội dung sinh hoạt của Đội, gắn hoạt động Đoàn với việc học tập; Nâng cao chất lượng hoạt động của Đội gắn với nâng cao tính chủ động của các thành viên trong Đội; Triển khai và tham gia tích cực các hoạt động, phong trào do Đoàn trường tổ chức; Mở rộng học hỏi, giao lưu với các Đội, CLB trong trường; Tăng cường tổ chức các hoạt động văn nghệ, thể thao nhằm kết nối các thành viên trong Đội; Vận động các thành viên trong Đội tích cực tham gia xung kích giữ gìn an ninh trật tự và an toàn xã hội.']","Nguyễn Thanh Tùng là một sinh viên thuộc Khoa Công nghệ thông tin tại Trường Đại học Công Nghiệp Hà Nội. Trong bối cảnh hoạt động của khoa, Tùng đã tham gia vào các đề tài nghiên cứu khoa học và đạt được những thành tích đáng kể. Cụ thể, Tùng là một trong những sinh viên trong nhóm nghiên cứu ứng dụng IoT, phát triển hệ thống trồng cây thủy canh, và đã đạt giải nhì trong cuộc thi Sinh viên Nghiên cứu Khoa học cấp trường năm 2020. 

Mối liên hệ giữa Nguyễn Thanh Tùng và các sinh viên như Nguyễn Thế Sáng và Lê Xuân Ngọc có thể được hiểu qua việc họ cùng tham gia vào các hoạt động nghiên cứu khoa học và các dự án học thuật tại khoa. Điều này cho thấy sự hợp tác và hỗ trợ lẫn nhau trong việc phát triển kỹ năng và kiến thức trong lĩnh vực công nghệ thông tin.

Nếu bạn cần thêm thông tin về các hoạt động của Khoa Công nghệ thông tin hoặc các sinh viên khác, hãy cho tôi biết! 

[Chàng trai ngành Công nghệ thông tin là tấm gương sáng cho sinh viên] - [**Link tham khảo**](https://fit.haui.edu.vn/vn/guong-sang/chang-trai-nganh-cong-nghe-thong-tin-la-tam-guong-sang-cho-sinh-vien/71148).","Nguyễn Thanh Tùng là Phó chủ nhiệm Đội Thanh niên tình nguyện Khoa CNTT tại Đại học Công Nghiệp Hà Nội trong nhiệm kỳ 2024-2025. Ông cùng với các thành viên trong đội, bao gồm những sinh viên xuất sắc như Nguyễn Thế Sáng và Lê Xuân Ngọc, đều có thành tích học tập nổi bật và đã đạt được học bổng HaUI 100% năm thứ nhất. Các sinh viên này không chỉ đạt điểm cao trong kỳ xét tuyển vào Khoa mà còn tham gia tích cực vào các hoạt động phong trào thanh niên, góp phần vào sự phát triển của Khoa và trường.",0.9026537363007012,0.3333333333,0.08333333333333333,0.0,0.8081510066986084,9.189780950546265
Liên chi Đoàn Khoa CNTT đã có những hoạt động gì nổi bật trong nhiệm kỳ 2024 - 2027 và vai trò của Đội Thanh niên tình nguyện trong các hoạt động đó?,"['content: giấy khen cho các tập thể và cá nhân đạt thành tích xuất sắc trong công tác Đoàn và phong trào thanh niên nhiệm kỳ 2019 - 2022. Thay mặt Chi bộ, TS Đặng Trọng Hợp - Bí thư chi bộ – Trưởng khoa CNTT đã có lẵng hoa chúc mừng đại hội và phát biểu chỉ đạo. Đồng chí ghi nhận những đóng góp của LCĐ trong nhiệm kỳ vừa qua. Đồng thời, cũng nhấn mạnh các công tác và phong trào của Liên chi cần đẩy mạnh hơn nữa tinh thần xung kích trong các chương trình, phong trào nghiên cứu khoa học, các cuộc thi, hoạt động của các câu lạc bộ đội nhóm. Đại hội Đại biểu Liên chi đoàn khoa Công nghệ thông tin nhiệm kỳ 2022 - 2024 đã diễn ra thành công tốt đẹp. Xin chúc mừng tất cả các đồng chí trong BCH khóa mới, chúc các đồng chí sẽ hoàn thành tốt mọi nhiệm vụ, tạo nên nhiều thành công mới, tiếp tục dẫn dắt LCĐ khoa Công nghệ thông tin luôn là điểm sáng trong công tác Đoàn - Hội của trường Đại học Công nghiệp Hà Nội! Thứ Hai, 15:00 18/04/2022 Tags:\\nnext_contents:\\n- Đại hội đại biểu Liên chi Đoàn khoa Công nghệ thông tin lần thứ X, nhiệm kỳ 2022 - 2024 Ngày 16/04/2022, Đại hội đại biểu Liên chi Đoàn khoa Công nghệ thông tin lần thứ X, nhiệm kỳ 2022 - 2024 đã diễn ra thành công tốt đẹp tại hội trường A11, CS1 Trường Đại học Công nghiệp Hà Nội. ĐẠI HỘI ĐẠI BIỂU LIÊN CHI ĐOÀN KHOA CÔNG NGHỆ THÔNG TIN LẦN THỨ X, NHIỆM KỲ 2022 - 2024 Ngày 16/04/2022, Đại hội đại biểu Liên chi Đoàn khoa Công nghệ thông tin lần thứ X, nhiệm kỳ 2022 - 2024 đã diễn ra thành công tốt đẹp tại hội trường A11, CS1 Trường Đại học Công nghiệp Hà Nội. Đây là một sự kiện chính trị quan trọng nhằm báo cáo kết quả hoạt động nhiệm kì 2019 - 2022 và bầu ra BCH Liên chi Đoàn khóa mới, nhiệm kì 2022 - 2024. Hướng tới 25 năm thành lập Khoa CNTT và tầm nhìn chiến lược đến năm 2025. Sau 02 phiên làm việc với tinh thần khẩn trương, nghiêm túc và hiệu quả, Đại hội đã đi đến thống nhất và thông qua Báo cáo Tổng kết nhiệm kỳ 2019 – 2022, đề ra phương hướng và nhiệm vụ nhiệm kỳ 2022 – 2024. Đại hội nhất trí bầu đ/c Trịnh Bá Quý giữ chức vụ Bí thư LCĐ khoa CNTT; đ/c Nguyễn Chiến Thắng và đ/c Lưu Thị Thảo giữ chức vụ Phó Bí thư LCĐ khoa CNTT; 8 đồng chí giữ vai trò Uỷ Viên ban chấp hành LCĐ khoa CNTT: 1. Nguyễn Trường An 2. Lê Thị Thanh Hoa 3. Cam Thị Liễu 4. Nguyễn Thuỳ Linh 5. Trần Hoàng Minh Quang 6. Thân Ngọc Thiện 7. Trịnh Sỹ Tới 8. Dương Trung Tú Ghi nhận và tuyên dương những đóng góp của Liên chi đoàn khoa CNTT với công tác Đoàn trong nhiệm kỳ vừa qua, Đoàn trường đã trao tặng giấy khen cho các tập thể và cá nhân đạt thành tích xuất sắc trong công tác Đoàn và phong trào thanh niên nhiệm kỳ 2019 - 2022. Thay mặt Chi bộ, TS Đặng Trọng Hợp - Bí thư chi bộ – Trưởng khoa CNTT đã có lẵng hoa chúc mừng đại hội và phát biểu chỉ đạo. Đồng chí ghi nhận những đóng góp của LCĐ trong nhiệm kỳ vừa qua. Đồng thời, cũng nhấn mạnh các công tác và phong trào của Liên chi cần đẩy mạnh hơn nữa tinh thần xung kích trong các chương trình, phong trào nghiên cứu khoa học, các cuộc thi, hoạt\\n', 'content: trường cũng vinh dự nhận được khen thưởng của Thành đoàn Hà Nội vì những thành tích xuất sắc trong công tác Đoàn và phong trào thanh niên giai đoạn 2022 - 2024 Đại hội đại biểu Đoàn TNCS Hồ Chí Minh ĐHCNHN nhiệm kỳ 2024 - 2027 đã thành công tốt đẹp. Với tinh thần tiên phong - bản lĩnh - đoàn kết - sáng tạo - hội nhập, đại hội và tuổi trẻ nhà trường tin tưởng BCH Đoàn trường nhiệm kỳ mới sẽ cụ thể hóa nội dung Nghị quyết đại hội và triển khai thành những nhiệm vụ, hành động cụ thể, tiếp tục kế thừa và phát huy thành quả đã đạt được, tiếp tục thúc đẩy công tác Đoàn và phong trào thanh niên nhà trường ngày càng phát triển. Đại hội Đại biểu Đoàn TNCS Hồ Chí Minh Đại học Công nghiệp Hà Nội lần thứ XI, nhiệm kỳ 2024 - 2027 thành công tốt đẹp. Một số hình ảnh của Đại hội: Thứ Hai, 18:25 09/12/2024 Tags: Đại học Công nghiệp Hà Nội HaUI ĐHCNHN Đại hội Đại biểu Đoàn TNCS Hồ Chí Minh Đoàn trường\\nnext_contents:\\n- Bí thư Đoàn trường 3. Đ/c Nguyễn Tiến Tấn - Phó Bí thư, Chủ nhiệm UBKT Đoàn trường 4. Đ/c Trần Thị Hương Giang – Phó Bí thư Đoàn trường 5. Đ/c Nguyễn Đăng Dương - Ủy viên Thường vụ 6. Đ/c Hà Phương Long - Ủy viên Thường vụ 7. Đ/c Hồ Văn Long - Ủy viên Thường vụ 8. Đ/c Trịnh Đắc Phong - Ủy viên Thường vụ 9. Đ/c Hạ Thanh Tùng - Ủy viên Thường vụ 10. Đ/c Nguyễn Trường An - Ủy viên Ban Chấp hành 11. Đ/c Nguyễn Hoàng Trang Anh - Ủy viên Ban Chấp hành 12. Đ/c Phạm Thị Sao Chi - Ủy viên Ban Chấp hành 13. Đ/c Phạm Duy Dương - Ủy viên Ban Chấp hành 14. Đ/c Trần Mỹ Duyên - Ủy viên Ban Chấp hành 15. Đ/c Vũ Duy Hải - Ủy viên Ban Chấp hành 16. Đ/c Vũ Hoàng Hiệp - Ủy viên Ban Chấp hành 17. Đ/c Vương Trung Hiếu - Ủy viên Ban Chấp hành 18. Đ/c Tạ Việt Hưng - Ủy viên Ban Chấp hành 19. Đ/c Vũ Lê Long - Ủy viên Ban Chấp hành 20. Đ/c Hoàng Thị Thanh Luyến - Ủy viên Ban Chấp hành 21. Đ/c Nguyễn Công Minh - Ủy viên Ban Chấp hành 22. Đ/c Bùi Đình Nam - Ủy viên Ban Chấp hành 23. Đ/c Trần Như Ngân - Ủy viên Ban Chấp hành 24. Đ/c Lê Yến Nhi - Ủy viên Ban Chấp hành 25. Đ/c Vũ Ngọc Quỳnh - Ủy viên Ban Chấp hành 26. Đ/c Nguyễn Chiến Thắng - Ủy viên Ban Chấp hành 27. Đ/c Nguyễn Vũ Thắng - Ủy viên Ban Chấp hành 28. Đ/c Hoàng Thị Thanh Thảo - Ủy viên Ban Chấp hành 29. Đ/c Phan Đỗ Thùy Trang - Ủy viên Ban Chấp hành PGS.TS. Lê Hồng Quân - Bí thư Đảng uỷ, Chủ tịch Hội đồng trường, TS.Kiều Xuân Thực - Phó Bí thư Đảng uỷ, Hiệu trưởng chúc mừng BCH Đoàn trường nhiệm kỳ 2024 - 2027 Các tập thể và cá nhân của nhà trường cũng vinh dự nhận được khen thưởng của Thành đoàn Hà Nội vì những thành tích xuất sắc trong công tác Đoàn và phong trào thanh niên giai đoạn 2022 - 2024 Đại hội đại biểu Đoàn TNCS Hồ Chí Minh ĐHCNHN nhiệm kỳ 2024 - 2027 đã thành công tốt đẹp. Với tinh thần tiên phong - bản lĩnh - đoàn kết - sáng tạo - hội nhập, đại hội và tuổi trẻ nhà trường tin tưởng BCH Đoàn trường nhiệm kỳ mới sẽ cụ thể hóa nội dung Nghị quyết đại hội và triển khai thành những nhiệm vụ, hành động cụ thể, tiếp tục kế\\n', 'content: Cán bộ, giảng viên và sinh viên Trường Đại học Công nghiệp Hà Nội hiến tặng gần 2000 đơn vị máu tại Ngày hội Xuân hồng năm 2019 Thứ Ba, 20:19 05/03/2019 1539 Sáng ngày 05/3/2019, Đoàn Thanh niên - Hội Sinh viên Trường Đại học Công nghiệp Hà Nội phối hợp với Viện Huyết học và Truyền máu Trung ương tổ chức Ngày hội Xuân hồng năm 2019, với thông điệp “Hiến giọt máu đào - Trao đời sự sống”. Đây là hoạt động thiết thực chào mừng 88 năm Ngày thành lập Đoàn TNCS Hồ Chí Minh (26/3/1931 - 26/3/2019), hưởng ứng năm “Thanh niên tình nguyện” 2019 và chào mừng Đại hội Đoàn các cấp hướng tới Đại hội Đại biểu Đoàn trường lần thứ IX; đồng thời cung cấp nguồn máu cứu chữa người bệnh dịp sau Tết Nguyên đán Kỷ Hợi. Chương trình nhằm lan tỏa tinh thần sẻ chia vì cộng đồng của cán bộ, giảng viên, sinh viên và phát huy vai trò xung kích, tình nguyện của tuổi trẻ nhà trường; tuyên truyền và phát động thi đua trong Tháng Thanh niên tới các đoàn viên thanh niên trong trường. Toàn cảnh Ngày hội Xuân hồng năm 2019 tại trụ sở chính Trường Đại học Công nghiệp Hà Nội Tại ngày hội, TS. Bùi Thị Ngân - Phó Hiệu trưởng Nhà trường tới dự, động viên và tham gia hiến máu cùng đông đảo cán bộ, giảng viên và hàng nghìn sinh viên đang theo học tại 3 cơ sở đến đăng ký hiến máu. Trường Đại học Công nghiệp Hà Nội đã tham gia đồng hành cùng chương trình trong suốt nhiều năm qua, đóng góp tích cực trong công tác hiến máu để điều trị cho bệnh nhân. Đặc biệt trong năm 2018, với thành tích hiến tặng hơn 3000 đơn vị máu, Đoàn thanh niên trường ĐHCNHN vinh dự được vinh danh là một trong ba đơn vị khối trường đạt thành tích xuất sắc trong phong trào hiến máu tình nguyện tại Lễ trao giải thưởng Giọt hồng. TS. Bùi Thị Ngân - Phó Hiệu trưởng tham gia hiến máu cùng CBGV, SV Nhà trường Ngày hội Xuân hồng năm 2019 được tổ chức với các hoạt động đồng hành ý nghĩa như: Chương trình nghệ thuật “Tự hào màu áo xanh”, triển lãm, giới thiệu sách, trao đổi học liệu và phong trào “Sinh viên 5 tốt”… Với thông điệp “Hiến giọt máu\\nnext_contents:\\n', 'content: nhiệt huyết để hoàn thành sứ mệnh, nhiệm vụ chính trị được giao đồng thời trở thành người bạn đồng hành đáng tin cậy của đoàn viên, thanh niên Khoa CNTT. Đại hội được nghe đồng chí Nguyễn Chiến Thắng – Bí thư Ban chấp hành Liên chi Đoàn nhiệm kỳ 2022 - 2024 trình bày báo cáo kiểm điểm của Ban Chấp hành nhiệm kỳ 2022 - 2024. Theo đó Liên Chi Đoàn đã hoàn thành các nhiệm vụ Nhiều đồng chí được nhận các danh hiệu Chiến sỹ thi đua cấp cơ sở, Công đoàn viên hoàn thành xuất sắc nhiệm vụ, Sinh viên 5 tốt, đạt giải tại các cuộc thi trong và ngoài trường. Liên chi Đoàn nghiêm túc nhìn nhận cần tích cực tham gia hơn nữa các hoạt động gắn liền với kiến thức, chuyên môn. Nâng cao chất lượng công tác và chất lượng học tập. Đại hội được theo dõi Phóng sự tổng kết công tác Đoàn và phong trào thanh niên Khoa CNTT nhiệm kỳ 2022 – 2024, phương hướng nhiệm kỳ 2024 - 2027. Theo đó Liên chi Đoàn đã hoàn thành xuất sắc các chỉ tiêu cơ bản do Nghị quyết Đại hội đại biểu nhiệm kỳ 2022 – 2024 đã đề ra; đội ngũ cán bộ Đoàn cũng đã từng bước trưởng thành; vai trò của tuổi trẻ thông qua các phong trào như thanh niên tình nguyện, tuổi trẻ sáng tạo, các công tác tuyên truyền cũng đã được khẳng định và đóng góp tích cực vào mục tiêu chung của đơn vị. Liên chi Đoàn cũng đã tổ chức nhiều hoạt động mới mong muốn đẩy mạnh học tập, nghiên cứu khoa học với các chương trình hỗ trợ khởi nghiệp, hội nhập quốc tế. Ngoài ra Liên chi Đoàn cũng chú trọng việc xây dựng và phát triển tổ chức Đoàn, làm nòng cốt chính trị đối với tổ chức Hội Sinh viên. Tại Đại hội, đồng chí Đỗ Minh Hiền - Đảng ủy viên - Bí thư Đoàn trường đã ghi nhận và đánh giá cao nỗ lực của tập thể cán bộ đoàn, đoàn viên, sinh viên Khoa CNTT với phong trào Đoàn, phong trào Thanh niên; nhiệm kỳ 2022 – 2024 của Liên chi Khoa CNTT đã đánh dấu một bước tiến lớn trong nhiệm kỳ đầu tiên của Liên chi Đoàn. Đ/c Đỗ Minh Hiền - Đảng ủy viên - Bí thư đoàn Trường HAUI phát biểu tại đại hội Phát biểu chỉ đạo Đại hội, đồng chí TS. Đặng Trọng\\nnext_contents:\\n- Chúc mừng thành công Đại hội đại biểu Liên chi đoàn Khoa Công nghệ thông tin Trường Đại học Công Nghiệp Hà Nội nhiệm kỳ 2024 – 2027 Ngày 31/10/2024, Đại hội đại biểu Liên chi Đoàn Khoa Công nghệ thông tin nhiệm kỳ 2024 - 2027 đã diễn ra thành công tốt đẹp tại tầng 3 tòa nhà A11, Trường Đại học Công nghiệp Hà Nội . Đây là sự kiện chính trị quan trọng của Liên chi Đoàn Khoa CNTT nhằm báo cáo kết quả hoạt động nhiệm kỳ 2022 - 2024 và bầu ra Ban chấp hành Liên chi Đoàn khóa XI nhiệm kỳ 2024 - 2027, đánh dấu một chặng đường trong công tác Đoàn và phong trào Đoàn của Liên chi. Toàn cảnh đại hội Tới dự và chỉ đạo Đại hội, về phía Đoàn thanh niên Trường Đại học Công nghiệp Hà Nội có đồng chí Đỗ Minh Hiền – Bí thư Đoàn trường, đồng chí Nguyễn Tiến Tấn – Phó Bí thư Đoàn trường, đồng chí Lý Thị Ngọc Minh - Phó Chủ nhiệm Ủy Ban kiểm tra đoàn trường. Về phía Đảng bộ có TS. Đặng Trọng Hợp – Bí thư Chi bộ, Trưởng Khoa CNTT cùng các thầy cô cố vấn học tập, các Liên chi Đoàn bạn trong Trường. Với khẩu hiệu hành động: “Tuổi trẻ Khoa CNTT Khát vọng – Bản lĩnh – Dấn thân – Sáng tạo – Chuyển đổi”, Đại hội xác định nhiệm vụ đã đề ra trong nhiệm kỳ 2022 - 2024, thẳng thắn nhìn nhận, đánh giá thực trạng công tác Đoàn và phong trào thanh niên trong thời gian qua. Trên cơ sở đó, Đại hội sẽ thảo luận và quyết định mục tiêu, phương hướng, nhiệm vụ và các chương trình hành động trong nhiệm kỳ 2024 - 2027 phù hợp với yêu cầu và điều kiện thực tế. Đồng thời bầu ra Ban Chấp hành mới có đủ năng lực, trình độ, nhiệt huyết để hoàn thành sứ mệnh, nhiệm vụ chính trị được giao đồng thời trở thành người bạn đồng hành đáng tin cậy của đoàn viên, thanh niên Khoa CNTT. Đại hội được nghe đồng chí Nguyễn Chiến Thắng – Bí thư Ban chấp hành Liên chi Đoàn nhiệm kỳ 2022 - 2024 trình bày báo cáo kiểm điểm của Ban Chấp hành nhiệm kỳ 2022 - 2024. Theo đó Liên Chi Đoàn đã hoàn thành các nhiệm vụ Nhiều đồng chí được nhận các danh hiệu Chiến sỹ thi đua cấp cơ sở, Công đoàn viên hoàn thành xuất sắc nhiệm vụ, Sinh\\n', 'content: Sinh viên Đại học Công nghiệp Hà Nội hưởng ứng “Ngày hội Hiến máu nhân đạo năm 2017” “Một giọt máu cho đi – Một cuộc đời ở lại” - hiến máu nhân đạo cứu người là một hành động cao cả, một nghĩa cử cao đẹp đã và đang được sinh viên Đại học Công nghiệp Hà Nội nhiệt tình hưởng ứng. Ngày 23/10/2017, Đoàn Thanh niên trường Đại học Công nghiệp Hà Nội phối hợp với Viện Huyết học truyền máu TW đã tổ chức thành công Ngày hội Hiến máu nhân đạo tại cơ sở Hà Nội và cơ sở đào tạo Hà Nam (TP Phủ Lý, Hà Nam). Ngày hội đã thu hút hơn 2000 đoàn viên thanh niên tham gia hưởng ứng, số lượng đơn vị máu thu nhận được là 1552 đơn vị. Về dự với Ngày hội tại cơ sở Hà Nam, có đồng chí Nguyễn Minh Toan – Ủy viên Ban Thường vụ Trung ương Hội Chữ thập đỏ Việt Nam, Chủ tịch Hội Chữ thập đỏ tỉnh Hà Nam, Phó Trưởng Ban Thường trực Ban Chỉ đạo vận động hiến máu tình nguyện tỉnh Hà Nam và đồng chí Trương Thị Thanh Hoài - Bí thư Đoàn trường ĐHCNHN. Đông đảo các bạn sinh viên ĐHCNHN đến với Ngày hội Hiến máu nhân đạo năm 2017 tại cơ sở Hà Nam (TP. Phủ Lý, Hà Nam) Trước đó, để đẩy mạnh tuyên truyền về ý nghĩa nhân văn của hoạt động hiến máu cứu người, Đoàn Thanh niên Trường ĐHCNHN đã cung cấp các kiến thức cần thiết cho sinh viên trong trường về an toàn máu, máu và sức khoẻ của con người thông qua hệ thống băng rôn, panô và mạng xã hội. Sinh viên ĐHCNHN tại cơ sở Hà Nội náo nức tham gia ngày hội hiến máu nhân đạo năm 2017 Chia sẻ tại Ngày hội hiến máu, bạn Nguyễn Văn Hiếu – sinh viên năm thứ 2 khoa CNTT cho biết: “ Đây là lần đầu tiên em tham gia hiến máu, em cảm thấy hồi hộp nhưng rất háo hức. Sau khi hiến máu đợt này, em sẽ tiếp tục tham gia hiến máu vào các năm sau để góp phần giúp đỡ nhiều người đang mắc bệnh hiểm nghèo”. Không khí Ngày hội Hiến máu nhân đạo năm 2017 tại cơ sở Hà Nam (Tp.Phủ Lý, Hà Nam) Hàng năm, sinh viên ĐHCNHN luôn tham gia nhiệt tình phong trào hiến máu nhân đạo của Viện Huyết học truyền máu TW, mỗi đơn vị máu cho đi sẽ như một món quà vô giá mà sinh viên Trường ĐHCNHN chuyển\\nnext_contents:\\n']","['<1-hop>\\n\\nPhát biểu chỉ đạo Đại hội, đồng chí TS. Đặng Trọng Hợp – Trưởng Khoa CNTT mong muốn trong nhiệm kỳ tới, Liên chi Đoàn đẩy mạnh các hoạt động nghiên cứu khoa học, đổi mới sáng tạo và khởi nghiệp trong đoàn viên thanh niên.. Tăng cường, đổi mới việc nắm bắt tình hình và kịp thời định hướng tư tưởng cho thanh niên, đặc biệt trên không gian mạng. Thúc đẩy các xu hướng, phong trào tích cực; hạn chế, khắc phục các xu hướng tiêu cực trong đoàn viên thanh niên. Nâng cao nhận thức của đoàn viên, thanh niên về tầm quan trọng của chuyển đổi số. TS. Đặng Trọng Hợp - Trưởng Khoa CNTT phát biểu chỉ đạo tại đại hội Ghi nhận những đóng góp trong công tác Đoàn của Liên chi Đoàn Khoa CNTT, Đoàn Trường đã trao tặng giấy khen cho các cá nhân, tổ chức đạt thành tích xuất sắc trong công tác Đoàn và phong trào thanh niên nhiệm kỳ 2022 - 2024. Các tập thể, cá nhân có thành tích suất sắc nhận giấy khen của Đoàn trường Sau hai phiên làm việc với tinh thần nghiêm túc và hiệu quả, Đại hội đã sáng suốt lựa chọn và bầu ra Ban chấp hành Liên chi Đoàn Khoa CNTT Khóa XI nhiệm kỳ 2024 - 2027 gồm 11 đồng chí: Đ/c Nguyễn Chiến Thắng - Bí thư Đ/c Nguyễn Trường An - Phó Bí thư Đ/c Nguyễn Hoàng Trang Anh - Phó Bí thư Đ/c Nguyễn Huy Công - Uỷ viên Đ/c Phan Việt Anh - Uỷ viên Đ/c Nguyễn Đình Việt - Uỷ viên Đ/c Lê Ngọc Nam Anh - Uỷ viên Đ/c Vũ Thị Huế - Uỷ viên Đ/c Trần Xuân Đức - Uỷ viên Đ/c Võ Tá Học - Uỷ viên Đ/c Nguyễn Hữu Nhật - Uỷ viên Hi vọng rằng dưới sự dẫn dắt của bộ máy Ban chấp hành mới tài năng, nhiệt huyết, Liên chi Khoa CNTT sẽ thực hiện được toàn bộ những mục tiêu đã đề ra, gặt hái thêm nhiều thành tích xuất sắc. BCH Liên chi Đoàn Khoa Công nghệ thông tin ra mắt Đại hội Đại biểu Liên chi đoàn Khoa CNTT nhiệm kỳ 2024 - 2027 đã diễn ra thành công tốt đẹp. Với tinh thần Khát vọng - Tiên phong - Đoàn kết - Bản lĩnh - Đổi mới, đại hội và tuổi trẻ nhà trường tin tưởng các đồng chí trong Ban chấp hành Liên chi Đoàn và tất cả các đoàn viên đoàn kết, sáng tạo cùng hoàn thành tốt các chỉ tiêu đặt ra và phấn đấu là Liên chi Đoàn đi đầu trong công tác Đoàn và phong trào Đoàn trường Đại học Công nghiệp Hà Nội. Một số hình ảnh đặc sắc tại đại hội: Thứ Hai, 11:35 04/11/2024 Tags:', '<2-hop>\\n\\nHội nghị kiện toàn Đội Thanh niên tình nguyện Khoa CNTT nhiệm kỳ 2023-2024 Chiều 30/11/2024, Hội nghị Kiện toàn Đội Thanh niên tình nguyện Khoa Công nghệ thông tin Trường ĐH Công Nghiệp Hà Nội nhiệm kỳ 2023-2024 đã diễn ra. Đội Thanh niên tình nguyện Khoa CNTT HaUI là một trong những Đội hình tình nguyện nòng cốt trực thuộc Liên chi Đoàn Khoa CNTT Trường Đại học Công Nghiệp Hà Nội. Bước sang năm hoạt động thứ 16 với 16 lần kiện toàn Ban Chủ nhiệm, Đội Thanh niên tình nguyện Khoa CNTT được tổ chức quy củ, nề nếp, có phương hướng và kế hoạch hoạt động cụ thể, bài bản theo từng giai đoạn. Đội là nhân tố quan trọng đóng góp vào sự phát triển của công tác Đoàn và phong trào thanh niên Khoa CNTT HaUI. Đội Thanh niên tình nguyện Khoa CNTT HaUI đã trải qua 16 năm hoạt động với phương châm được xác định: Tình nguyện bốn bể là nhà - Hai mươi năm ấy vẫn là thanh xuân Tại Lễ Kiện toàn bạn Lê Minh Hùng, Nguyên Đội trưởng Đội Thanh niên tình nguyện ULSA khoá trước chia sẻ: ""Trong nhiệm kỳ quản lý Đội, được giao trọng trách là đội trưởng, mình cảm thấy rất may mắn khi được Ban chủ nhiệm, các thành viên trong Đội và đặc biệt là Đoàn Thanh niên trường tin tưởng và giúp đỡ tận tình. Được gắn bó với Đội suốt 4 năm đại học, đối với mình Đội tình nguyện đã trở thành gia đình thứ 2. Mình có quá nhiều kỷ niệm không thể quên với tập thể Đội. Mình rất tự hào khi nói rằng “ngôi nhà xanh FIT-HaUI” là một tập thể luôn nhiệt huyết, đoàn kết và vững mạnh. Đội đã đi tới nhiều nơi và hoàn thành được nhiều công trình, phần việc vì cộng đồng ý nghĩa Mình mong muốn và tin tưởng Ban Chủ nhiệm Đội trong nhiệm kỳ mới sẽ luôn phát huy tốt tinh thần, nhiệt huyết của tuổi trẻ, theo sự phân công và giao nhiệm vụ của Đoàn Thanh niên trường, quản lý đội thật tốt, để tập thể “ngôi nhà xanh FIT-HaUI” luôn đi đầu trong các phong trào, hoạt động của Đoàn Thanh niên Khoa CNTT-HaUI"". Trong năm học 2023-2024, Đội Thanh niên tình nguyện Khoa CNTT HaUI với định hướng, chỉ đạo của Đoàn Thanh niên trường, cùng với sự cố gắng, nỗ lực của toàn thể đội viên, cộng tác viên, Ban chủ nhiệm, Đội đã hoàn thành xuất sắc các nhiệm vụ năm học 2024 - 2025 và ghi nhiều dấu ấn, thành tích nổi bật; Được Đoàn Thanh niên, Ban Giám hiệu nhà trường ghi nhận, đánh giá cao.']","Liên chi Đoàn Khoa Công nghệ Thông tin tại Trường Đại học Công nghiệp Hà Nội đã có nhiều hoạt động nổi bật trong nhiệm kỳ 2024 - 2027. Dưới đây là một số thông tin chi tiết về các hoạt động và vai trò của Đội Thanh niên tình nguyện:

### Các hoạt động nổi bật trong nhiệm kỳ 2024 - 2027:
1. **Ngày hội Đoàn viên**:
   - Tặng quà cho bệnh nhi tại Viện Huyết học và Truyền máu Trung ương.
   - Hoạt động kết nghĩa cùng đơn vị lực lượng vũ trang.

2. **Hoạt động tình nguyện**:
   - Ngày Chủ nhật xanh: Trồng cây, chăm sóc cây xanh và dọn dẹp vệ sinh tại các cơ sở đào tạo.
   - Chương trình thiện nguyện ""Chia sẻ yêu thương"".

3. **Cuộc thi và tọa đàm**:
   - Cuộc thi “Cán bộ Đoàn - Hội giỏi” nhằm nâng cao kiến thức và kỹ năng cho đoàn viên.
   - Tọa đàm về các chủ đề liên quan đến nghiên cứu khoa học và khởi nghiệp.

4. **Chuỗi hoạt động chào mừng Tháng Thanh niên**:
   - Tổ chức các hoạt động thể thao, văn hóa, và các buổi học tập quán triệt nghị quyết Đảng - Đoàn.

### Vai trò của Đội Thanh niên tình nguyện:
- **Thúc đẩy tinh thần xung kích**: Đội Thanh niên tình nguyện đóng vai trò quan trọng trong việc khuyến khích và tổ chức các hoạt động tình nguyện, giúp sinh viên phát huy tinh thần trách nhiệm với cộng đồng.
- **Tạo cơ hội học hỏi**: Tham gia các hoạt động tình nguyện giúp sinh viên có cơ hội học hỏi, rèn luyện kỹ năng mềm và nâng cao ý thức cộng đồng.
- **Góp phần xây dựng hình ảnh đẹp của sinh viên**: Các hoạt động tình nguyện không chỉ mang lại lợi ích cho cộng đồng mà còn tạo dựng hình ảnh tích cực cho sinh viên Khoa Công nghệ Thông tin.

Các hoạt động này không chỉ giúp sinh viên phát triển kỹ năng cá nhân mà còn góp phần xây dựng một môi trường học tập tích cực và gắn kết trong cộng đồng sinh viên.

Nếu bạn cần thêm thông tin chi tiết về các hoạt động khác hoặc có câu hỏi liên quan, hãy cho tôi biết! 

[Chuỗi hoạt động chào mừng Tháng Thanh niên 2024] - [**Link tham khảo**](https://www.haui.edu.vn/vn/thong-bao/chuoi-hoat-dong-chao-mung-thang-thanh-nien-2024/64811).","Trong nhiệm kỳ 2024 - 2027, Liên chi Đoàn Khoa CNTT đã đẩy mạnh các hoạt động nghiên cứu khoa học, đổi mới sáng tạo và khởi nghiệp cho đoàn viên thanh niên. Đồng chí TS. Đặng Trọng Hợp - Trưởng Khoa CNTT đã nhấn mạnh tầm quan trọng của việc nâng cao nhận thức về chuyển đổi số cho thanh niên. Đội Thanh niên tình nguyện Khoa CNTT, là một trong những đội hình nòng cốt trực thuộc Liên chi Đoàn, đã đóng góp quan trọng vào sự phát triển của công tác Đoàn và phong trào thanh niên, với 16 năm hoạt động và nhiều thành tích nổi bật trong các phong trào tình nguyện.",0.8781699246214143,0.499999999975,0.0,0.75,0.6821081638336182,12.392353773117065
Đội Thanh niên tình nguyện Khoa CNTT HaUI đã có những hoạt động gì trong suốt 16 năm qua và ai là thành viên của Ban Chủ nhiệm Đội nhiệm kỳ 2024-2025?,"['content: Đỗ Minh Hiền – Ủy viên BCH Thành đoàn, Bí thư Đoàn trường và đồng chí Ngô Lê Xuân Đức – Ủy viên BCH HSV Thành phố Hà Nội, Chủ tịch Hội sinh viên Trường chúc mừng các đội thi và các cá nhân xuất sắc đạt giải Ba trong các phần thi Đồng chí Ngô Lê Xuân Đức – Ủy viên BCH HSV Thành phố Hà Nội, Chủ tịch Hội sinh viên Trường tặng hoa tri ân nhà tài trợ Cùng nhìn lại những khoảnh khắc đáng nhớ của HaUI CONNECTION 2023: Thứ Hai, 08:10 27/11/2023 Tags: chào tân sinh viên chào tân ngày hội tân sinh viên Hà Nam HaUI CONNECTION\\nnext_contents:\\n- HaUI CONNECTION 2023: Ngày hội đa sắc màu của tân sinh viên Đại học Công nghiệp Hà Nội Thứ Hai, 08:10 27/11/2023 1815 Ngày 26/11, tại cơ sở đào tạo Hà Nam, Đoàn Thanh niên - Hội sinh viên Đại học Công nghiệp Hà Nội tổ chức Ngày hội kết nối tân sinh viên HaUI CONNECTION 2023. Ngày hội đã mang tới một không khí bùng nổ và tràn đầy năng lượng với nhiều những hoạt động vô cùng thú vị và hấp dẫn, đem lại cho các bạn tân sinh viên những kỷ niệm khó quên trên hành trình thanh xuân của mình. HaUI CONNECTION mang ý nghĩa về sự kết nối giữa các bạn sinh viên. Tại ngày hội, các bạn đã tự tay điểm tô sắc màu, với những dấu ấn đặc biệt trên hành trình “125 năm vươn tới tương lai của HaUI”; những màn so tài gay cấn của các thí sinh trong Cuộc thi tìm hiểu “Knowledge Connections”. Đặc biệt là được hòa mình vào những bước nhảy flashmob trẻ trung, năng động; say đắm trong giai điệu ngọt ngào, những điệu múa bay bổng, đầy cuốn hút và cháy hết mình cùng những thanh âm tuổi trẻ cùng Quang Anh Rhyder, Winno, Hyper Leo, Ezik,… Đại biểu tham dự chương trình PGS.TS.Phạm Văn Đông – Phó Hiệu trưởng Đại học Công nghiệp Hà Nội và đồng chí Vũ Thị Ngọc – Phó Chủ tịch Hội Sinh viên Thành phố Hà Nội chúc mừng các đội thi và các cá nhân xuất sắc đạt giải Nhất trong các phần thi Đồng chí Nguyễn Thị Thu Hương – Giám đốc Trung tâm Truyền thông và Quan hệ công chúng và đồng chí Trần Ngọc Khánh – Trưởng phòng Công tác sinh viên chúc mừng các đội thi và các cá nhân xuất sắc đạt giải Nhì trong các phần thi Đồng chí Đỗ Minh Hiền – Ủy viên BCH Thành đoàn, Bí thư Đoàn trường và đồng chí Ngô Lê Xuân Đức – Ủy viên BCH HSV Thành phố Hà Nội, Chủ tịch Hội sinh viên Trường chúc mừng các đội thi và các cá nhân xuất sắc đạt giải Ba trong các phần thi Đồng chí Ngô Lê Xuân Đức – Ủy viên BCH HSV Thành phố Hà Nội, Chủ tịch Hội sinh viên Trường tặng hoa tri ân nhà tài trợ Cùng nhìn lại những khoảnh khắc đáng nhớ của HaUI CONNECTION 2023: Thứ Hai, 08:10 27/11/2023 Tags: chào tân sinh viên chào tân ngày hội tân sinh viên\\n', 'content: Hội nghị kiện toàn Đội Thanh niên tình nguyện Khoa CNTT nhiệm kỳ 2023-2024 Chiều 30/11/2024, Hội nghị Kiện toàn Đội Thanh niên tình nguyện Khoa Công nghệ thông tin Trường ĐH Công Nghiệp Hà Nội nhiệm kỳ 2023-2024 đã diễn ra. Đội Thanh niên tình nguyện Khoa CNTT HaUI là một trong những Đội hình tình nguyện nòng cốt trực thuộc Liên chi Đoàn Khoa CNTT Trường Đại học Công Nghiệp Hà Nội. Bước sang năm hoạt động thứ 16 với 16 lần kiện toàn Ban Chủ nhiệm, Đội Thanh niên tình nguyện Khoa CNTT được tổ chức quy củ, nề nếp, có phương hướng và kế hoạch hoạt động cụ thể, bài bản theo từng giai đoạn. Đội là nhân tố quan trọng đóng góp vào sự phát triển của công tác Đoàn và phong trào thanh niên Khoa CNTT HaUI. Đội Thanh niên tình nguyện Khoa CNTT HaUI đã trải qua 16 năm hoạt động với phương châm được xác định: Tình nguyện bốn bể là nhà - Hai mươi năm ấy vẫn là thanh xuân Tại Lễ Kiện toàn bạn Lê Minh Hùng, Nguyên Đội trưởng Đội Thanh niên tình nguyện ULSA khoá trước chia sẻ: ""Trong nhiệm kỳ quản lý Đội, được giao trọng trách là đội trưởng, mình cảm thấy rất may mắn khi được Ban chủ nhiệm, các thành viên trong Đội và đặc biệt là Đoàn Thanh niên trường tin tưởng và giúp đỡ tận tình. Được gắn bó với Đội suốt 4 năm đại học, đối với mình Đội tình nguyện đã trở thành gia đình thứ 2. Mình có quá nhiều kỷ niệm không thể quên với tập thể Đội. Mình rất tự hào khi nói rằng “ngôi nhà xanh FIT-HaUI” là một tập thể luôn nhiệt huyết, đoàn kết và vững mạnh. Đội đã đi tới nhiều nơi và hoàn thành được nhiều công trình, phần việc vì cộng đồng ý nghĩa Mình mong muốn và tin tưởng Ban Chủ nhiệm Đội trong nhiệm kỳ mới sẽ luôn phát huy tốt tinh thần, nhiệt huyết của tuổi trẻ, theo sự phân công và giao nhiệm vụ của Đoàn Thanh niên trường, quản lý đội thật tốt, để tập thể “ngôi nhà xanh FIT-HaUI” luôn đi đầu trong các phong trào, hoạt động của Đoàn Thanh niên Khoa CNTT-HaUI"". Trong năm học 2023-2024, Đội Thanh niên tình nguyện Khoa CNTT HaUI với định hướng, chỉ đạo của Đoàn Thanh niên trường, cùng với sự cố\\nnext_contents:\\n', 'content: nhằm kết nối các thành viên trong Đội; Vận động các thành viên trong Đội tích cực tham gia xung kích giữ gìn an ninh trật tự và an toàn xã hội. Chia sẻ khi nhận nhiệm vụ là tân Đội trưởng Đội Thanh niên tình nguyện Khoa CNTT HaUI khoá mới, bạn Nguyễn Hữu Nhật, đội trưởng nhiệm kỳ 2024-2025 cho biết: ""Mình rất vui vì được Ban Chấp hành Đoàn trường, ban chủ nhiệm khoá cũ và toàn đội tín nhiệm, tin tưởng giao trọng trách trở thành người dẫn dắt đội trong thời gian tới. Những thành tựu mà Đội Thanh niên tình nguyện Khoa CNTT HaUI đạt được trong thời gian qua có được là nhờ những đóng góp không ngừng nghỉ của ban lãnh đạo khoá cũ và các thành viên trong Đội"". ""Thời gian tới, mình và ban lãnh đạo khoá mới sẽ cố gắng hết sức để phát huy truyền thống của đội, tiếp tục đưa Đội Thanh niên tình nguyện Khoa CNTT HaUI phát triển đi lên; Trở thành một trong những lá cờ đầu trong hoạt động của Đoàn Thanh niên trường Đại học Công Nghiệp Hà Nội"", Nhật nhấn mạnh. Thứ Sáu, 14:26 06/12/2024 Tags:\\nnext_contents:\\n- nhiệm vụ công tác Đoàn và phong trào thanh niên năm 2025 sẽ tiếp tục tập trung bám sát sự chỉ đạo của Đoàn trường, xây dựng kế hoạch công tác khả thi, phù hợp với đặc thù của Đội; Tăng cường tuyên truyền, giáo dục chính trị tư tưởng, đạo đức lối sống, ý thức chấp hành pháp luật trong Đội viên; Thường xuyên theo dõi nắm bắt tình hình tư tưởng, tâm tư nguyện vọng của Đội viên; Đẩy mạnh các phong trào thi đua học tập, sáng tạo, tích cực rèn luyện tác phong, lề lối, nâng cao chất lượng, hiệu quả công việc gắn với đảm bảo hiệu quả học tập; Tiếp tục xây dựng, củng cố tổ chức của Đội, nâng cao chất lượng hoạt động Đoàn, chú trọng công tác kiểm tra, giám sát và thực hiện tốt công tác Đoàn tham gia xây dựng Đảng. Một số chỉ tiêu, nhiệm vụ cụ thể được toàn Đội xác định như: 100% đội viên gương mẫu, đẩy mạnh học tập và làm theo tư tưởng, đạo đức, phong cách Chủ tịch Hồ Chí Minh; Đội tiếp tục giới thiệu cho Đoàn trường để giới thiệu cho Đảng những đoàn viên ưu tú, chú trọng chất lượng đoàn viên, quần chúng ưu tú được giới thiệu cho Đảng; Thực hiện tốt chế độ thông tin, báo cáo Đoàn trường Đại học Công Nghiệp Hà Nội; Liên tục đổi mới các nội dung sinh hoạt của Đội, gắn hoạt động Đoàn với việc học tập; Nâng cao chất lượng hoạt động của Đội gắn với nâng cao tính chủ động của các thành viên trong Đội; Triển khai và tham gia tích cực các hoạt động, phong trào do Đoàn trường tổ chức; Mở rộng học hỏi, giao lưu với các Đội, CLB trong trường; Tăng cường tổ chức các hoạt động văn nghệ, thể thao nhằm kết nối các thành viên trong Đội; Vận động các thành viên trong Đội tích cực tham gia xung kích giữ gìn an ninh trật tự và an toàn xã hội. Chia sẻ khi nhận nhiệm vụ là tân Đội trưởng Đội Thanh niên tình nguyện Khoa CNTT HaUI khoá mới, bạn Nguyễn Hữu Nhật, đội trưởng nhiệm kỳ 2024-2025 cho biết: ""Mình rất vui vì được Ban Chấp hành Đoàn trường, ban chủ nhiệm khoá cũ và toàn đội tín nhiệm, tin tưởng giao trọng trách trở thành người dẫn dắt đội trong thời gian tới. Những thành tựu mà Đội Thanh\\n', 'content: giấy khen cho các tập thể và cá nhân đạt thành tích xuất sắc trong công tác Đoàn và phong trào thanh niên nhiệm kỳ 2019 - 2022. Thay mặt Chi bộ, TS Đặng Trọng Hợp - Bí thư chi bộ – Trưởng khoa CNTT đã có lẵng hoa chúc mừng đại hội và phát biểu chỉ đạo. Đồng chí ghi nhận những đóng góp của LCĐ trong nhiệm kỳ vừa qua. Đồng thời, cũng nhấn mạnh các công tác và phong trào của Liên chi cần đẩy mạnh hơn nữa tinh thần xung kích trong các chương trình, phong trào nghiên cứu khoa học, các cuộc thi, hoạt động của các câu lạc bộ đội nhóm. Đại hội Đại biểu Liên chi đoàn khoa Công nghệ thông tin nhiệm kỳ 2022 - 2024 đã diễn ra thành công tốt đẹp. Xin chúc mừng tất cả các đồng chí trong BCH khóa mới, chúc các đồng chí sẽ hoàn thành tốt mọi nhiệm vụ, tạo nên nhiều thành công mới, tiếp tục dẫn dắt LCĐ khoa Công nghệ thông tin luôn là điểm sáng trong công tác Đoàn - Hội của trường Đại học Công nghiệp Hà Nội! Thứ Hai, 15:00 18/04/2022 Tags:\\nnext_contents:\\n- Đại hội đại biểu Liên chi Đoàn khoa Công nghệ thông tin lần thứ X, nhiệm kỳ 2022 - 2024 Ngày 16/04/2022, Đại hội đại biểu Liên chi Đoàn khoa Công nghệ thông tin lần thứ X, nhiệm kỳ 2022 - 2024 đã diễn ra thành công tốt đẹp tại hội trường A11, CS1 Trường Đại học Công nghiệp Hà Nội. ĐẠI HỘI ĐẠI BIỂU LIÊN CHI ĐOÀN KHOA CÔNG NGHỆ THÔNG TIN LẦN THỨ X, NHIỆM KỲ 2022 - 2024 Ngày 16/04/2022, Đại hội đại biểu Liên chi Đoàn khoa Công nghệ thông tin lần thứ X, nhiệm kỳ 2022 - 2024 đã diễn ra thành công tốt đẹp tại hội trường A11, CS1 Trường Đại học Công nghiệp Hà Nội. Đây là một sự kiện chính trị quan trọng nhằm báo cáo kết quả hoạt động nhiệm kì 2019 - 2022 và bầu ra BCH Liên chi Đoàn khóa mới, nhiệm kì 2022 - 2024. Hướng tới 25 năm thành lập Khoa CNTT và tầm nhìn chiến lược đến năm 2025. Sau 02 phiên làm việc với tinh thần khẩn trương, nghiêm túc và hiệu quả, Đại hội đã đi đến thống nhất và thông qua Báo cáo Tổng kết nhiệm kỳ 2019 – 2022, đề ra phương hướng và nhiệm vụ nhiệm kỳ 2022 – 2024. Đại hội nhất trí bầu đ/c Trịnh Bá Quý giữ chức vụ Bí thư LCĐ khoa CNTT; đ/c Nguyễn Chiến Thắng và đ/c Lưu Thị Thảo giữ chức vụ Phó Bí thư LCĐ khoa CNTT; 8 đồng chí giữ vai trò Uỷ Viên ban chấp hành LCĐ khoa CNTT: 1. Nguyễn Trường An 2. Lê Thị Thanh Hoa 3. Cam Thị Liễu 4. Nguyễn Thuỳ Linh 5. Trần Hoàng Minh Quang 6. Thân Ngọc Thiện 7. Trịnh Sỹ Tới 8. Dương Trung Tú Ghi nhận và tuyên dương những đóng góp của Liên chi đoàn khoa CNTT với công tác Đoàn trong nhiệm kỳ vừa qua, Đoàn trường đã trao tặng giấy khen cho các tập thể và cá nhân đạt thành tích xuất sắc trong công tác Đoàn và phong trào thanh niên nhiệm kỳ 2019 - 2022. Thay mặt Chi bộ, TS Đặng Trọng Hợp - Bí thư chi bộ – Trưởng khoa CNTT đã có lẵng hoa chúc mừng đại hội và phát biểu chỉ đạo. Đồng chí ghi nhận những đóng góp của LCĐ trong nhiệm kỳ vừa qua. Đồng thời, cũng nhấn mạnh các công tác và phong trào của Liên chi cần đẩy mạnh hơn nữa tinh thần xung kích trong các chương trình, phong trào nghiên cứu khoa học, các cuộc thi, hoạt\\n', 'content: Cán bộ, giảng viên và sinh viên Trường Đại học Công nghiệp Hà Nội hiến tặng gần 2000 đơn vị máu tại Ngày hội Xuân hồng năm 2019 Thứ Ba, 20:19 05/03/2019 1539 Sáng ngày 05/3/2019, Đoàn Thanh niên - Hội Sinh viên Trường Đại học Công nghiệp Hà Nội phối hợp với Viện Huyết học và Truyền máu Trung ương tổ chức Ngày hội Xuân hồng năm 2019, với thông điệp “Hiến giọt máu đào - Trao đời sự sống”. Đây là hoạt động thiết thực chào mừng 88 năm Ngày thành lập Đoàn TNCS Hồ Chí Minh (26/3/1931 - 26/3/2019), hưởng ứng năm “Thanh niên tình nguyện” 2019 và chào mừng Đại hội Đoàn các cấp hướng tới Đại hội Đại biểu Đoàn trường lần thứ IX; đồng thời cung cấp nguồn máu cứu chữa người bệnh dịp sau Tết Nguyên đán Kỷ Hợi. Chương trình nhằm lan tỏa tinh thần sẻ chia vì cộng đồng của cán bộ, giảng viên, sinh viên và phát huy vai trò xung kích, tình nguyện của tuổi trẻ nhà trường; tuyên truyền và phát động thi đua trong Tháng Thanh niên tới các đoàn viên thanh niên trong trường. Toàn cảnh Ngày hội Xuân hồng năm 2019 tại trụ sở chính Trường Đại học Công nghiệp Hà Nội Tại ngày hội, TS. Bùi Thị Ngân - Phó Hiệu trưởng Nhà trường tới dự, động viên và tham gia hiến máu cùng đông đảo cán bộ, giảng viên và hàng nghìn sinh viên đang theo học tại 3 cơ sở đến đăng ký hiến máu. Trường Đại học Công nghiệp Hà Nội đã tham gia đồng hành cùng chương trình trong suốt nhiều năm qua, đóng góp tích cực trong công tác hiến máu để điều trị cho bệnh nhân. Đặc biệt trong năm 2018, với thành tích hiến tặng hơn 3000 đơn vị máu, Đoàn thanh niên trường ĐHCNHN vinh dự được vinh danh là một trong ba đơn vị khối trường đạt thành tích xuất sắc trong phong trào hiến máu tình nguyện tại Lễ trao giải thưởng Giọt hồng. TS. Bùi Thị Ngân - Phó Hiệu trưởng tham gia hiến máu cùng CBGV, SV Nhà trường Ngày hội Xuân hồng năm 2019 được tổ chức với các hoạt động đồng hành ý nghĩa như: Chương trình nghệ thuật “Tự hào màu áo xanh”, triển lãm, giới thiệu sách, trao đổi học liệu và phong trào “Sinh viên 5 tốt”… Với thông điệp “Hiến giọt máu\\nnext_contents:\\n']","['<1-hop>\\n\\nHành trình 16 thanh xuân tuổi trẻ Đội Thanh niên tình nguyện Với tinh thần “Đâu cần thanh niên có, việc gì khó có thanh niên”, màu áo xanh tình nguyện đã trở thành hình ảnh quen thuộc thể hiện vai trò xung kích và cống hiến của tuổi trẻ Khoa Công nghệ thông tin Trường Đại học Công Nghiệp Hà Nội cho cộng đồng, xã hội. Từ những ngày đầu non trẻ, giờ đây – sau 16 năm, Đội Thanh niên tình nguyện Khoa CNTT - HaUI ngày càng lớn mạnh, kết nối hàng trăm gương mặt ưu tú, nhiệt huyết, năng động, là “cánh tay đắc lực” của Đoàn Thanh niên. Tối 30/11 vừa qua, tất cả nam thanh, nữ tú từng khoác lên mình màu áo xanh tình nguyện đã tụ hội, cùng nâng ly chúc mừng sinh nhật 16 tuổi của Đội Thanh niên tình nguyện. Đội Thanh niên tình nguyên thuộc Ban chấp hành Liên chi Đoàn Khoa CNTT, được ra đời cùng gần với quá trình xây dựng và phát triển Khoa CNTT HaUI. Có thể nói, Đội TNTN là một gia đình nhỏ trong gia đình lớn Khoa CNTT HaUI, là mái nhà chung của của các bạn sinh viên yêu thích các hoạt động tình nguyện, tham gia các hoạt động công ích cho xã hội. Tại đây, các bạn trẻ đã “kề vai sát cánh” trong nhiều hoạt động ý nghĩa của Nhà trường và xã hội như: Tết ấm yêu thương, tình nguyện vì cộng đồng, đại lễ Vu lan, Phát cháo từ thiên, Tri ân thầy cô 20/11, hỗ trợ nhập học, hỗ trợ chào tân SV, hỗ trợ Lễ tốt nghiệp trao bằng…Mỗi dịp sinh nhật, Đội TNTN lại cùng nhau ôn lại những kỷ niệm đã cùng nhau trải qua, những thành tích đã đạt được cũng như những điều cần rút kinh nghiệm. Các thế hệ TNTN Khoa CNTT HaUI tề tựu mừng sinh nhật 16 tuổi của Đội TNTN. Thay mặt Ban chủ nhiệm Khoa, TS. Đặng Trọng Hợp – Trưởng khoa CNTT HaUI gửi lời chúc mừng sinh nhật Đội “Tấm lòng sáng, tinh thần nhiệt huyết, sống vì cộng đồng của các em đã giúp Đội TNTN lớn mạnh như ngày hôm nay. Các em chính là một trong những lực lượng nòng cốt, luôn sát cánh cùng Khoa, Nhà trường trong mọi hoạt động. Chúc cho tất cả những sinh viên đã và đang khoác trên mình chiếc áo xanh tình nguyện Khoa CNTT HaUI luôn giữ được nhiệt huyết của tuổi trẻ; hoàn thành tốt nhiệm vụ học tập, làm việc; duy trì và lan tỏa các công việc từ thiện, vì cộng đồng”.. TS. Đặng Trọng Hợp chúc mừng sự lớn mạnh của Đội TNTN – “cánh tay đắc lực” của Đoàn Thanh niên. Đại diện Ban Chủ nhiệm Khoa CNTT tặng quà sinh nhật Đội TNTN. Đại diện Ban Chủ nhiệm Khoa, Đoàn Thanh niên và Đội TNTN cắt bánh sinh nhật. Nguyễn Hữu Nhật – Đội trưởng Đội TNTN thay mặt toàn Đội cam kết: “Đội TNTN Khoa CNTT hứa sẽ tiếp tục cống hiến hết mình cho Nhà trường và xã hội; luôn là những người trẻ FIT-HaUI không ngại khó, ngại khổ; sẵn sàng tham gia mọi hoạt động có ích cho xã hội, cho cộng đồng”. Những cái bắt tay, cái ôm ấm áp của các thành viên, cựu thành viên cho thấy: Đội TNTN Khoa CNTT HaUI luôn là một đại gia đình. Những trái tim nhiệt huyết cùng tinh thần đoàn kết của tuổi trẻ tình nguyện sẽ luôn sát cánh cùng thầy cô trong mọi hoạt động Nhà trường và xã hội. Dù ở đâu, làm gì, tuổi trẻ FIT-HaUI vẫn luôn là những người trẻ năng động nhiệt huyết và thành công! Thứ Sáu, 10:37 06/12/2024 Tags:', '<2-hop>\\n\\nBan Chủ nhiệm Khóa mới ra mắt Qua quá trình hoạt động, làm việc và xin ý kiến chỉ đạo của Ban Chấp hành Đoàn trường, tại buổi lễ Kiện toàn, Đội Thanh niên tình nguyện Khoa CNTT HaUI đã thống nhất, giới thiệu Ban chủ nhiệm Đội nhiệm kỳ 2024-2025 gồm 4 thành viên: Đồng chí Nguyễn Hữu Nhật – Chủ nhiệm, Đồng chí Phạm Thị Hải Hà – Phó chủ nhiệm, Đồng chí Nguyễn Thanh Tùng – Phó chủ nhiệm, Đồng chí Lê Văn Sơn – Phó chủ nhiệm Các thành viên trong đội đều là những cá nhân nhiệt huyết với công tác Đoàn, phong trào thanh niên Được biết, trong nhiệm kỳ 2024- 2025, phát huy những kết quả đạt được trong hoạt động năm 2024, bám sát định hướng, chỉ đạo của Đoàn Thanh niên trường Đại học Công Nghiệp Hà Nội, Đội Thanh niên tình nguyện Khoa CNTT HaUI xác định phương hướng, nhiệm vụ công tác Đoàn và phong trào thanh niên năm 2025 sẽ tiếp tục tập trung bám sát sự chỉ đạo của Đoàn trường, xây dựng kế hoạch công tác khả thi, phù hợp với đặc thù của Đội; Tăng cường tuyên truyền, giáo dục chính trị tư tưởng, đạo đức lối sống, ý thức chấp hành pháp luật trong Đội viên; Thường xuyên theo dõi nắm bắt tình hình tư tưởng, tâm tư nguyện vọng của Đội viên; Đẩy mạnh các phong trào thi đua học tập, sáng tạo, tích cực rèn luyện tác phong, lề lối, nâng cao chất lượng, hiệu quả công việc gắn với đảm bảo hiệu quả học tập; Tiếp tục xây dựng, củng cố tổ chức của Đội, nâng cao chất lượng hoạt động Đoàn, chú trọng công tác kiểm tra, giám sát và thực hiện tốt công tác Đoàn tham gia xây dựng Đảng. Một số chỉ tiêu, nhiệm vụ cụ thể được toàn Đội xác định như: 100% đội viên gương mẫu, đẩy mạnh học tập và làm theo tư tưởng, đạo đức, phong cách Chủ tịch Hồ Chí Minh; Đội tiếp tục giới thiệu cho Đoàn trường để giới thiệu cho Đảng những đoàn viên ưu tú, chú trọng chất lượng đoàn viên, quần chúng ưu tú được giới thiệu cho Đảng; Thực hiện tốt chế độ thông tin, báo cáo Đoàn trường Đại học Công Nghiệp Hà Nội; Liên tục đổi mới các nội dung sinh hoạt của Đội, gắn hoạt động Đoàn với việc học tập; Nâng cao chất lượng hoạt động của Đội gắn với nâng cao tính chủ động của các thành viên trong Đội; Triển khai và tham gia tích cực các hoạt động, phong trào do Đoàn trường tổ chức; Mở rộng học hỏi, giao lưu với các Đội, CLB trong trường; Tăng cường tổ chức các hoạt động văn nghệ, thể thao nhằm kết nối các thành viên trong Đội; Vận động các thành viên trong Đội tích cực tham gia xung kích giữ gìn an ninh trật tự và an toàn xã hội.']","### Hoạt động của Đội Thanh niên tình nguyện Khoa CNTT HaUI trong 16 năm qua

Đội Thanh niên tình nguyện Khoa CNTT Trường Đại học Công nghiệp Hà Nội đã có những hoạt động nổi bật trong suốt 16 năm qua, bao gồm:

- **Tham gia các hoạt động tình nguyện**: Đội đã tổ chức nhiều chương trình tình nguyện, như ""Mùa hè xanh"", ""Hành trình lan tỏa yêu thương"", và các hoạt động hỗ trợ cộng đồng.
- **Tổ chức các sự kiện**: Đội đã tổ chức nhiều sự kiện lớn như hội thảo, cuộc thi sáng tạo, và các hoạt động giao lưu văn hóa.
- **Đóng góp cho phong trào Đoàn - Hội**: Đội đã tích cực tham gia vào các hoạt động của Đoàn thanh niên và Hội sinh viên, góp phần xây dựng phong trào thanh niên tại trường.
- **Thực hiện các chương trình thiện nguyện**: Đội đã thực hiện nhiều chương trình thiện nguyện, như thăm hỏi và tặng quà cho các gia đình có hoàn cảnh khó khăn.

### Thành viên Ban Chủ nhiệm Đội nhiệm kỳ 2024-2025

Ban Chủ nhiệm Đội Thanh niên tình nguyện Khoa CNTT nhiệm kỳ 2024-2025 bao gồm các thành viên sau:

1. **Trần Thị Hương Giang** - Chủ tịch
2. **Nguyễn Đăng Dương** - Phó Chủ tịch
3. **Phan Đỗ Thủy Trang** - Phó Chủ tịch
4. **Hứa Thu Hà** - Ủy viên Ban thư ký
5. **Ngô Bạch Dương** - Ủy viên Ban thư ký
6. **Lê Đình Quốc** - Ủy viên Ban thư ký

Đội Thanh niên tình nguyện Khoa CNTT đã có những đóng góp quan trọng cho các hoạt động tình nguyện và phong trào thanh niên tại trường, đồng thời cũng là nơi phát triển kỹ năng và tinh thần trách nhiệm cho sinh viên.

Nếu bạn cần thêm thông tin về các hoạt động khác hoặc chi tiết hơn về các chương trình, hãy cho tôi biết! 

[Thông tin về Đội Thanh niên tình nguyện Khoa CNTT] - [**Link tham khảo**](https://fit.haui.edu.vn/vn/tin-tuc/chuc-mung-thanh-cong-dai-hoi-dai-bieu-lien-chi-doan-khoa-cong-nghe-thong-tin-truong-dai-hoc-cong-nghiep-ha-noi-nhiem-ky-2024-2027/71130).","Trong suốt 16 năm qua, Đội Thanh niên tình nguyện Khoa CNTT HaUI đã tham gia nhiều hoạt động ý nghĩa cho cộng đồng như Tết ấm yêu thương, tình nguyện vì cộng đồng, đại lễ Vu lan, phát cháo từ thiện, tri ân thầy cô 20/11, hỗ trợ nhập học, hỗ trợ chào tân sinh viên, và hỗ trợ lễ tốt nghiệp trao bằng. Ban Chủ nhiệm Đội nhiệm kỳ 2024-2025 gồm các thành viên: Đồng chí Nguyễn Hữu Nhật – Chủ nhiệm, Đồng chí Phạm Thị Hải Hà – Phó chủ nhiệm, Đồng chí Nguyễn Thanh Tùng – Phó chủ nhiệm, và Đồng chí Lê Văn Sơn – Phó chủ nhiệm.",0.8315431592854513,0.5833333333041666,0.5833333333333334,1.0,0.720069169998169,12.7396981716156
"Trong nhiệm kỳ 2024-2025, vai trò của Nguyễn Tiến Tấn và Nguyễn Thanh Tùng trong Ban Chủ nhiệm Đội Thanh niên tình nguyện Khoa CNTT HaUI sẽ như thế nào?","['content: ra mắt Hội nghị Tôn vinh, tri ân những đóng góp của các đồng chí không tiếp tục công tác trong Ban Chấp hành Đoàn Trường Đại học Công nghiệp Hà Nội khóa X, nhiệm kỳ 2022-2024 và Ban Chấp hành Hội sinh viên Trường Đại học Công nghiệp Hà Nội khóa IX, nhiệm kỳ 2023-2025 Tuổi trẻ Trường Đại học Công nghiệp Hà Nội tự hào và tiếp tục nỗ lực phấn đấu không ngừng để xứng đáng với niềm tin của Đảng ủy, Ban Giám hiệu, Đoàn – Hội cấp trên, xứng đáng với truyền thống vẻ vang của Đoàn Thanh niên cộng sản Hồ Chí Minh và Hội Sinh viên Việt Nam, thực hiện thắng lợi mục tiêu, nhiệm vụ mà Đại hội đã đề ra. Danh sách bổ sung Ban chấp hành Đoàn Trường Đại học Công nghiệp Hà Nội khóa X, nhiệm kỳ 2022-2024: Phó Bí Thư: TT Họ và tên Đơn vị 1 Trần Thị Hương Giang LCĐ trường Kinh tế 2 Nguyễn Tiến Tấn LCĐ CBGV Ủy viên Ban thường vụ: TT Họ và tên Đơn vị 1 Đỗ Thị Ngọc Ánh LCĐ khoa Điện tử 2 Nguyễn Đăng Dương LCĐ khoa Điện tử 3 Trần Thị Hương Giang LCĐ trường Kinh tế 4 Trịnh Đắc Phong LCĐ T. CK – Ô tô Uỷ viên Ban Chấp hành: TT Họ và tên Đơn vị 1 Đỗ Thị Ngọc Ánh LCĐ khoa Điện tử 2 Nguyễn Hoàng Trang Anh LCĐ khoa CNTT 3 Nguyễn Đình Bin LCĐ trường CK – Ô tô 4 Nguyễn Đăng Dương LCĐ khoa Điện tử 5 Phạm Duy Dương LCĐ khoa CN Hóa 6 Trần Thị Hương Giang LCĐ khoa QLKD 7 Vũ Hoàng Hiệp LCĐ khoa Điện 8 Tạ Việt Hưng LCĐ trường CK – Ô tô 9 Lê Minh Khánh LCĐ TT Việt Nhật 10 Nguyễn Văn Khôi LCĐ TT Việt Nhật 11 Hoàng Thị Thanh Luyến LCĐ khoa CN May & TKTT 12 Bùi Đình Nam LCĐ TT CN Ô tô & ĐTLX 13 Lê Yến Nhi LCĐ khoa CN May & TKTT 14 Trịnh Đắc Phong LCĐ trường CK – Ô tô 15 Phan Đỗ Thùy Trang LCĐ trường NN-DL 16 Hồ Nguyễn Hà Vy LCĐ trường Kinh tế Danh sách bổ sung Ban Chấp hành Hội sinh viên Trường Đại học Công nghiệp Hà Nội khóa IX, nhiệm kỳ 2023-2025: TT Họ và tên Chức vụ 1 Trần Thị Hương Giang Chủ tịch Hội Sinh viên 2 Nguyễn Đăng Dương Phó Chủ tịch Hội Sinh viên 3 Phan Đỗ Thuỳ Trang Phó Chủ tịch Hội Sinh viên 4 Hứa Thu Hà Uỷ viên Ban thư ký 5 Ngô Bạch Dương Uỷ viên Ban thư ký 6 Lê Đình Quốc Uỷ viên Ban thư ký\\nnext_contents:\\n- niên – Hội Sinh viên Trường Đại học Công nghiệp Hà Nội tiếp tục đẩy đổi mới, đa dạng hóa các hoạt động, hoàn thành nhiệm vụ được giao, đóng góp quan trọng vào thành tích chung của phong trào thanh niên trong khối trường học thủ đô nói riêng và cả nước nói chung. Đồng chí Trần Ngọc Khánh – Đảng ủy viên, Trưởng phòng Công tác Sinh viên nhấn mạnh: Xây dựng đội ngũ cán bộ trẻ “vừa hồng, vừa chuyên” là khâu “then chốt”, có ý nghĩa quyết định để Đoàn Thanh niên – Hội Sinh viên Trường Đại học Công nghiệp Hà Nội hoàn thành xuất sắc nhiệm vụ được giao. Trường Đại học Công nghiệp Hà Nội tin tưởng và kỳ vọng các đồng chí được tín nhiệm bầu vào Ban Chấp hành Đoàn Trường khóa X, nhiệm kỳ 2022-2024 và Ban Chấp hành Hội sinh viên Trường khóa IX, nhiệm kỳ 2023-2025 sẽ phát huy năng lực, bản lĩnh, trí tuệ, nhiệt huyết, gương mẫu đi đầu, lan tỏa khí thế quyết tâm hành động trong tuổi trẻ Trường Đại học Công nghiệp Hà Nội, góp phần cùng nhà trường thực hiện sứ mệnh “Đào tạo nhân lực chất lượng cao; sáng tạo và chuyển giao tri thức, công nghệ tới xã hội và cộng đồng đáp ứng yêu cầu thời kỳ cách mạng công nghiệp, phục vụ xã hội và đất nước”. Các đồng chí được bầu bổ sung vào các chức danh Ủy viên Ban Chấp hành, Ủy viên Ban Thường vụ, Phó Bí thư Ban Chấp hành Đoàn Trường Đại học Công nghiệp Hà Nội khóa X, nhiệm kỳ 2022-2024 ra mắt Hội nghị Các đồng chí được bầu bổ sung vào Ban Chấp hành, Ban Thư ký và các chức danh chủ chốt Hội sinh viên Trường Đại học Công nghiệp Hà Nội khóa IX, nhiệm kỳ 2023-2025 ra mắt Hội nghị Tôn vinh, tri ân những đóng góp của các đồng chí không tiếp tục công tác trong Ban Chấp hành Đoàn Trường Đại học Công nghiệp Hà Nội khóa X, nhiệm kỳ 2022-2024 và Ban Chấp hành Hội sinh viên Trường Đại học Công nghiệp Hà Nội khóa IX, nhiệm kỳ 2023-2025 Tuổi trẻ Trường Đại học Công nghiệp Hà Nội tự hào và tiếp tục nỗ lực phấn đấu không ngừng để xứng đáng với niềm tin của Đảng ủy, Ban Giám hiệu, Đoàn – Hội cấp trên, xứng đáng với truyền thống vẻ vang của Đoàn Thanh niên cộng sản\\n', 'content: Hội nghị kiện toàn Đội Thanh niên tình nguyện Khoa CNTT nhiệm kỳ 2023-2024 Chiều 30/11/2024, Hội nghị Kiện toàn Đội Thanh niên tình nguyện Khoa Công nghệ thông tin Trường ĐH Công Nghiệp Hà Nội nhiệm kỳ 2023-2024 đã diễn ra. Đội Thanh niên tình nguyện Khoa CNTT HaUI là một trong những Đội hình tình nguyện nòng cốt trực thuộc Liên chi Đoàn Khoa CNTT Trường Đại học Công Nghiệp Hà Nội. Bước sang năm hoạt động thứ 16 với 16 lần kiện toàn Ban Chủ nhiệm, Đội Thanh niên tình nguyện Khoa CNTT được tổ chức quy củ, nề nếp, có phương hướng và kế hoạch hoạt động cụ thể, bài bản theo từng giai đoạn. Đội là nhân tố quan trọng đóng góp vào sự phát triển của công tác Đoàn và phong trào thanh niên Khoa CNTT HaUI. Đội Thanh niên tình nguyện Khoa CNTT HaUI đã trải qua 16 năm hoạt động với phương châm được xác định: Tình nguyện bốn bể là nhà - Hai mươi năm ấy vẫn là thanh xuân Tại Lễ Kiện toàn bạn Lê Minh Hùng, Nguyên Đội trưởng Đội Thanh niên tình nguyện ULSA khoá trước chia sẻ: ""Trong nhiệm kỳ quản lý Đội, được giao trọng trách là đội trưởng, mình cảm thấy rất may mắn khi được Ban chủ nhiệm, các thành viên trong Đội và đặc biệt là Đoàn Thanh niên trường tin tưởng và giúp đỡ tận tình. Được gắn bó với Đội suốt 4 năm đại học, đối với mình Đội tình nguyện đã trở thành gia đình thứ 2. Mình có quá nhiều kỷ niệm không thể quên với tập thể Đội. Mình rất tự hào khi nói rằng “ngôi nhà xanh FIT-HaUI” là một tập thể luôn nhiệt huyết, đoàn kết và vững mạnh. Đội đã đi tới nhiều nơi và hoàn thành được nhiều công trình, phần việc vì cộng đồng ý nghĩa Mình mong muốn và tin tưởng Ban Chủ nhiệm Đội trong nhiệm kỳ mới sẽ luôn phát huy tốt tinh thần, nhiệt huyết của tuổi trẻ, theo sự phân công và giao nhiệm vụ của Đoàn Thanh niên trường, quản lý đội thật tốt, để tập thể “ngôi nhà xanh FIT-HaUI” luôn đi đầu trong các phong trào, hoạt động của Đoàn Thanh niên Khoa CNTT-HaUI"". Trong năm học 2023-2024, Đội Thanh niên tình nguyện Khoa CNTT HaUI với định hướng, chỉ đạo của Đoàn Thanh niên trường, cùng với sự cố\\nnext_contents:\\n', 'content: nhằm kết nối các thành viên trong Đội; Vận động các thành viên trong Đội tích cực tham gia xung kích giữ gìn an ninh trật tự và an toàn xã hội. Chia sẻ khi nhận nhiệm vụ là tân Đội trưởng Đội Thanh niên tình nguyện Khoa CNTT HaUI khoá mới, bạn Nguyễn Hữu Nhật, đội trưởng nhiệm kỳ 2024-2025 cho biết: ""Mình rất vui vì được Ban Chấp hành Đoàn trường, ban chủ nhiệm khoá cũ và toàn đội tín nhiệm, tin tưởng giao trọng trách trở thành người dẫn dắt đội trong thời gian tới. Những thành tựu mà Đội Thanh niên tình nguyện Khoa CNTT HaUI đạt được trong thời gian qua có được là nhờ những đóng góp không ngừng nghỉ của ban lãnh đạo khoá cũ và các thành viên trong Đội"". ""Thời gian tới, mình và ban lãnh đạo khoá mới sẽ cố gắng hết sức để phát huy truyền thống của đội, tiếp tục đưa Đội Thanh niên tình nguyện Khoa CNTT HaUI phát triển đi lên; Trở thành một trong những lá cờ đầu trong hoạt động của Đoàn Thanh niên trường Đại học Công Nghiệp Hà Nội"", Nhật nhấn mạnh. Thứ Sáu, 14:26 06/12/2024 Tags:\\nnext_contents:\\n- nhiệm vụ công tác Đoàn và phong trào thanh niên năm 2025 sẽ tiếp tục tập trung bám sát sự chỉ đạo của Đoàn trường, xây dựng kế hoạch công tác khả thi, phù hợp với đặc thù của Đội; Tăng cường tuyên truyền, giáo dục chính trị tư tưởng, đạo đức lối sống, ý thức chấp hành pháp luật trong Đội viên; Thường xuyên theo dõi nắm bắt tình hình tư tưởng, tâm tư nguyện vọng của Đội viên; Đẩy mạnh các phong trào thi đua học tập, sáng tạo, tích cực rèn luyện tác phong, lề lối, nâng cao chất lượng, hiệu quả công việc gắn với đảm bảo hiệu quả học tập; Tiếp tục xây dựng, củng cố tổ chức của Đội, nâng cao chất lượng hoạt động Đoàn, chú trọng công tác kiểm tra, giám sát và thực hiện tốt công tác Đoàn tham gia xây dựng Đảng. Một số chỉ tiêu, nhiệm vụ cụ thể được toàn Đội xác định như: 100% đội viên gương mẫu, đẩy mạnh học tập và làm theo tư tưởng, đạo đức, phong cách Chủ tịch Hồ Chí Minh; Đội tiếp tục giới thiệu cho Đoàn trường để giới thiệu cho Đảng những đoàn viên ưu tú, chú trọng chất lượng đoàn viên, quần chúng ưu tú được giới thiệu cho Đảng; Thực hiện tốt chế độ thông tin, báo cáo Đoàn trường Đại học Công Nghiệp Hà Nội; Liên tục đổi mới các nội dung sinh hoạt của Đội, gắn hoạt động Đoàn với việc học tập; Nâng cao chất lượng hoạt động của Đội gắn với nâng cao tính chủ động của các thành viên trong Đội; Triển khai và tham gia tích cực các hoạt động, phong trào do Đoàn trường tổ chức; Mở rộng học hỏi, giao lưu với các Đội, CLB trong trường; Tăng cường tổ chức các hoạt động văn nghệ, thể thao nhằm kết nối các thành viên trong Đội; Vận động các thành viên trong Đội tích cực tham gia xung kích giữ gìn an ninh trật tự và an toàn xã hội. Chia sẻ khi nhận nhiệm vụ là tân Đội trưởng Đội Thanh niên tình nguyện Khoa CNTT HaUI khoá mới, bạn Nguyễn Hữu Nhật, đội trưởng nhiệm kỳ 2024-2025 cho biết: ""Mình rất vui vì được Ban Chấp hành Đoàn trường, ban chủ nhiệm khoá cũ và toàn đội tín nhiệm, tin tưởng giao trọng trách trở thành người dẫn dắt đội trong thời gian tới. Những thành tựu mà Đội Thanh\\n', 'content: Nữ sinh đam mê hoạt động Đoàn - Hội: Sống và cống hiến hết mình để không lãng phí tuổi trẻ Thứ Sáu, 16:16 06/12/2024 1646 Trong hành trình trở thành một sinh viên năng động, Đoàn Thị Hương, lớp Đại học Du lịch 02, Trường Ngoại ngữ - Du lịch, Trường Đại học Công nghiệp Hà Nội không chỉ ghi dấu ấn bằng thành tích học tập xuất sắc mà còn bằng những cống hiến trong các hoạt động Đoàn - Hội. Với tinh thần nhiệt huyết, Hương đã không ngừng phát triển bản thân và lan tỏa ngọn lửa đam mê đến cộng đồng sinh viên. Nữ sinh viên tài năng và bản lĩnh Là đảng viên Chi bộ bộ phận Trường Ngoại ngữ - Du lịch và từng giữ vị trí Ủy viên Ban Chấp hành Liên chi Đoàn Trường Ngoại ngữ - Du lịch nhiệm kỳ 2022 - 2024, Đoàn Thị Hương luôn thể hiện tinh thần trách nhiệm cao trong mọi nhiệm vụ. Không chỉ vậy, với vai trò Phó Chủ nhiệm Câu lạc bộ Du lịch - Sự kiện HG, Hương đã cùng các thành viên tổ chức thành công nhiều chương trình ý nghĩa, để lại ấn tượng sâu sắc trong cộng đồng sinh viên. Đoàn Thị Hương - Nữ sinh viên tài năng và bản lĩnh Hương không chỉ năng nổ trong hoạt động Đoàn - Hội mà còn duy trì kết quả học tập ấn tượng với GPA: 3.54/4. Để có được thành tích học tập như vậy, Hương luôn xác định rõ mục tiêu đặt ra cho mỗi năm học và cố gắng tìm ra phương pháp học tập hiệu quả. Hương từng đạt: Giải Khuyến khích nghiên cứu khoa học cấp trường năm học 2023; Học bổng bán phần kỳ 1, 2 năm 2022 và toàn phần kỳ 1 năm 2023; Giấy khen sinh viên xuất sắc trong hai năm liên tiếp 2022 và 2023. Dấu ấn trong công tác Đoàn - Hội Ngoài thời gian học tập trên giảng đường, Hương dành nhiều thời gian cho hoạt động tình nguyện. Yêu thích công tác Đoàn - Hội ngay từ những năm còn là học sinh trung học, bởi vậy mà từ những ngày đầu là sinh viên năm nhất, Hương đã tiên phong đi đầu trong các hoạt động, phong trào thanh niên. Đoàn Thị Hương được tuyên dương sinh viên tiêu biểu trong công tác Đoàn - Hội năm học 2023 - 2024 Trong các hoạt động Đoàn - Hội, Hương gặt hái nhiều thành tích nổi bật như: Giải\\nnext_contents:\\n', 'content: XI nhiệm kỳ 2024 - 2027 gồm 11 đồng chí: Đ/c Nguyễn Chiến Thắng - Bí thư Đ/c Nguyễn Trường An - Phó Bí thư Đ/c Nguyễn Hoàng Trang Anh - Phó Bí thư Đ/c Nguyễn Huy Công - Uỷ viên Đ/c Phan Việt Anh - Uỷ viên Đ/c Nguyễn Đình Việt - Uỷ viên Đ/c Lê Ngọc Nam Anh - Uỷ viên Đ/c Vũ Thị Huế - Uỷ viên Đ/c Trần Xuân Đức - Uỷ viên Đ/c Võ Tá Học - Uỷ viên Đ/c Nguyễn Hữu Nhật - Uỷ viên Hi vọng rằng dưới sự dẫn dắt của bộ máy Ban chấp hành mới tài năng, nhiệt huyết, Liên chi Khoa CNTT sẽ thực hiện được toàn bộ những mục tiêu đã đề ra, gặt hái thêm nhiều thành tích xuất sắc. BCH Liên chi Đoàn Khoa Công nghệ thông tin ra mắt Đại hội Đại biểu Liên chi đoàn Khoa CNTT nhiệm kỳ 2024 - 2027 đã diễn ra thành công tốt đẹp. Với tinh thần Khát vọng - Tiên phong - Đoàn kết - Bản lĩnh - Đổi mới, đại hội và tuổi trẻ nhà trường tin tưởng các đồng chí trong Ban chấp hành Liên chi Đoàn và tất cả các đoàn viên đoàn kết, sáng tạo cùng hoàn thành tốt các chỉ tiêu đặt ra và phấn đấu là Liên chi Đoàn đi đầu trong công tác Đoàn và phong trào Đoàn trường Đại học Công nghiệp Hà Nội. Một số hình ảnh đặc sắc tại đại hội: Thứ Hai, 11:35 04/11/2024 Tags:\\nnext_contents:\\n- cốt chính trị đối với tổ chức Hội Sinh viên. Tại Đại hội, đồng chí Đỗ Minh Hiền - Đảng ủy viên - Bí thư Đoàn trường đã ghi nhận và đánh giá cao nỗ lực của tập thể cán bộ đoàn, đoàn viên, sinh viên Khoa CNTT với phong trào Đoàn, phong trào Thanh niên; nhiệm kỳ 2022 – 2024 của Liên chi Khoa CNTT đã đánh dấu một bước tiến lớn trong nhiệm kỳ đầu tiên của Liên chi Đoàn. Đ/c Đỗ Minh Hiền - Đảng ủy viên - Bí thư đoàn Trường HAUI phát biểu tại đại hội Phát biểu chỉ đạo Đại hội, đồng chí TS. Đặng Trọng Hợp – Trưởng Khoa CNTT mong muốn trong nhiệm kỳ tới, Liên chi Đoàn đẩy mạnh các hoạt động nghiên cứu khoa học, đổi mới sáng tạo và khởi nghiệp trong đoàn viên thanh niên.. Tăng cường, đổi mới việc nắm bắt tình hình và kịp thời định hướng tư tưởng cho thanh niên, đặc biệt trên không gian mạng. Thúc đẩy các xu hướng, phong trào tích cực; hạn chế, khắc phục các xu hướng tiêu cực trong đoàn viên thanh niên. Nâng cao nhận thức của đoàn viên, thanh niên về tầm quan trọng của chuyển đổi số. TS. Đặng Trọng Hợp - Trưởng Khoa CNTT phát biểu chỉ đạo tại đại hội Ghi nhận những đóng góp trong công tác Đoàn của Liên chi Đoàn Khoa CNTT, Đoàn Trường đã trao tặng giấy khen cho các cá nhân, tổ chức đạt thành tích xuất sắc trong công tác Đoàn và phong trào thanh niên nhiệm kỳ 2022 - 2024. Các tập thể, cá nhân có thành tích suất sắc nhận giấy khen của Đoàn trường Sau hai phiên làm việc với tinh thần nghiêm túc và hiệu quả, Đại hội đã sáng suốt lựa chọn và bầu ra Ban chấp hành Liên chi Đoàn Khoa CNTT Khóa XI nhiệm kỳ 2024 - 2027 gồm 11 đồng chí: Đ/c Nguyễn Chiến Thắng - Bí thư Đ/c Nguyễn Trường An - Phó Bí thư Đ/c Nguyễn Hoàng Trang Anh - Phó Bí thư Đ/c Nguyễn Huy Công - Uỷ viên Đ/c Phan Việt Anh - Uỷ viên Đ/c Nguyễn Đình Việt - Uỷ viên Đ/c Lê Ngọc Nam Anh - Uỷ viên Đ/c Vũ Thị Huế - Uỷ viên Đ/c Trần Xuân Đức - Uỷ viên Đ/c Võ Tá Học - Uỷ viên Đ/c Nguyễn Hữu Nhật - Uỷ viên Hi vọng rằng dưới sự dẫn dắt của bộ máy Ban chấp hành mới tài năng, nhiệt huyết, Liên chi Khoa CNTT sẽ thực hiện được toàn bộ\\n']","['<1-hop>\\n\\nBan Chủ nhiệm Khóa mới ra mắt Qua quá trình hoạt động, làm việc và xin ý kiến chỉ đạo của Ban Chấp hành Đoàn trường, tại buổi lễ Kiện toàn, Đội Thanh niên tình nguyện Khoa CNTT HaUI đã thống nhất, giới thiệu Ban chủ nhiệm Đội nhiệm kỳ 2024-2025 gồm 4 thành viên: Đồng chí Nguyễn Hữu Nhật – Chủ nhiệm, Đồng chí Phạm Thị Hải Hà – Phó chủ nhiệm, Đồng chí Nguyễn Thanh Tùng – Phó chủ nhiệm, Đồng chí Lê Văn Sơn – Phó chủ nhiệm Các thành viên trong đội đều là những cá nhân nhiệt huyết với công tác Đoàn, phong trào thanh niên Được biết, trong nhiệm kỳ 2024- 2025, phát huy những kết quả đạt được trong hoạt động năm 2024, bám sát định hướng, chỉ đạo của Đoàn Thanh niên trường Đại học Công Nghiệp Hà Nội, Đội Thanh niên tình nguyện Khoa CNTT HaUI xác định phương hướng, nhiệm vụ công tác Đoàn và phong trào thanh niên năm 2025 sẽ tiếp tục tập trung bám sát sự chỉ đạo của Đoàn trường, xây dựng kế hoạch công tác khả thi, phù hợp với đặc thù của Đội; Tăng cường tuyên truyền, giáo dục chính trị tư tưởng, đạo đức lối sống, ý thức chấp hành pháp luật trong Đội viên; Thường xuyên theo dõi nắm bắt tình hình tư tưởng, tâm tư nguyện vọng của Đội viên; Đẩy mạnh các phong trào thi đua học tập, sáng tạo, tích cực rèn luyện tác phong, lề lối, nâng cao chất lượng, hiệu quả công việc gắn với đảm bảo hiệu quả học tập; Tiếp tục xây dựng, củng cố tổ chức của Đội, nâng cao chất lượng hoạt động Đoàn, chú trọng công tác kiểm tra, giám sát và thực hiện tốt công tác Đoàn tham gia xây dựng Đảng. Một số chỉ tiêu, nhiệm vụ cụ thể được toàn Đội xác định như: 100% đội viên gương mẫu, đẩy mạnh học tập và làm theo tư tưởng, đạo đức, phong cách Chủ tịch Hồ Chí Minh; Đội tiếp tục giới thiệu cho Đoàn trường để giới thiệu cho Đảng những đoàn viên ưu tú, chú trọng chất lượng đoàn viên, quần chúng ưu tú được giới thiệu cho Đảng; Thực hiện tốt chế độ thông tin, báo cáo Đoàn trường Đại học Công Nghiệp Hà Nội; Liên tục đổi mới các nội dung sinh hoạt của Đội, gắn hoạt động Đoàn với việc học tập; Nâng cao chất lượng hoạt động của Đội gắn với nâng cao tính chủ động của các thành viên trong Đội; Triển khai và tham gia tích cực các hoạt động, phong trào do Đoàn trường tổ chức; Mở rộng học hỏi, giao lưu với các Đội, CLB trong trường; Tăng cường tổ chức các hoạt động văn nghệ, thể thao nhằm kết nối các thành viên trong Đội; Vận động các thành viên trong Đội tích cực tham gia xung kích giữ gìn an ninh trật tự và an toàn xã hội.', '<2-hop>\\n\\nToàn cảnh đại hội Tới dự và chỉ đạo Đại hội, về phía Đoàn thanh niên Trường Đại học Công nghiệp Hà Nội có đồng chí Đỗ Minh Hiền – Bí thư Đoàn trường, đồng chí Nguyễn Tiến Tấn – Phó Bí thư Đoàn trường, đồng chí Lý Thị Ngọc Minh - Phó Chủ nhiệm Ủy Ban kiểm tra đoàn trường. Về phía Đảng bộ có TS. Đặng Trọng Hợp – Bí thư Chi bộ, Trưởng Khoa CNTT cùng các thầy cô cố vấn học tập, các Liên chi Đoàn bạn trong Trường. Với khẩu hiệu hành động: “Tuổi trẻ Khoa CNTT Khát vọng – Bản lĩnh – Dấn thân – Sáng tạo – Chuyển đổi”, Đại hội xác định nhiệm vụ đã đề ra trong nhiệm kỳ 2022 - 2024, thẳng thắn nhìn nhận, đánh giá thực trạng công tác Đoàn và phong trào thanh niên trong thời gian qua. Trên cơ sở đó, Đại hội sẽ thảo luận và quyết định mục tiêu, phương hướng, nhiệm vụ và các chương trình hành động trong nhiệm kỳ 2024 - 2027 phù hợp với yêu cầu và điều kiện thực tế. Đồng thời bầu ra Ban Chấp hành mới có đủ năng lực, trình độ, nhiệt huyết để hoàn thành sứ mệnh, nhiệm vụ chính trị được giao đồng thời trở thành người bạn đồng hành đáng tin cậy của đoàn viên, thanh niên Khoa CNTT. Đại hội được nghe đồng chí Nguyễn Chiến Thắng – Bí thư Ban chấp hành Liên chi Đoàn nhiệm kỳ 2022 - 2024 trình bày báo cáo kiểm điểm của Ban Chấp hành nhiệm kỳ 2022 - 2024. Theo đó Liên Chi Đoàn đã hoàn thành các nhiệm vụ Nhiều đồng chí được nhận các danh hiệu Chiến sỹ thi đua cấp cơ sở, Công đoàn viên hoàn thành xuất sắc nhiệm vụ, Sinh viên 5 tốt, đạt giải tại các cuộc thi trong và ngoài trường. Liên chi Đoàn nghiêm túc nhìn nhận cần tích cực tham gia hơn nữa các hoạt động gắn liền với kiến thức, chuyên môn. Nâng cao chất lượng công tác và chất lượng học tập. Đại hội được theo dõi Phóng sự tổng kết công tác Đoàn và phong trào thanh niên Khoa CNTT nhiệm kỳ 2022 – 2024, phương hướng nhiệm kỳ 2024 - 2027. Theo đó Liên chi Đoàn đã hoàn thành xuất sắc các chỉ tiêu cơ bản do Nghị quyết Đại hội đại biểu nhiệm kỳ 2022 – 2024 đã đề ra; đội ngũ cán bộ Đoàn cũng đã từng bước trưởng thành; vai trò của tuổi trẻ thông qua các phong trào như thanh niên tình nguyện, tuổi trẻ sáng tạo, các công tác tuyên truyền cũng đã được khẳng định và đóng góp tích cực vào mục tiêu chung của đơn vị. Liên chi Đoàn cũng đã tổ chức nhiều hoạt động mới mong muốn đẩy mạnh học tập, nghiên cứu khoa học với các chương trình hỗ trợ khởi nghiệp, hội nhập quốc tế. Ngoài ra Liên chi Đoàn cũng chú trọng việc xây dựng và phát triển tổ chức Đoàn, làm nòng cốt chính trị đối với tổ chức Hội Sinh viên. Tại Đại hội, đồng chí Đỗ Minh Hiền - Đảng ủy viên - Bí thư Đoàn trường đã ghi nhận và đánh giá cao nỗ lực của tập thể cán bộ đoàn, đoàn viên, sinh viên Khoa CNTT với phong trào Đoàn, phong trào Thanh niên; nhiệm kỳ 2022 – 2024 của Liên chi Khoa CNTT đã đánh dấu một bước tiến lớn trong nhiệm kỳ đầu tiên của Liên chi Đoàn. Đ/c Đỗ Minh Hiền - Đảng ủy viên - Bí thư đoàn Trường HAUI phát biểu tại đại hội']","Trong nhiệm kỳ 2024-2025, vai trò của Nguyễn Tiến Tấn và Nguyễn Thanh Tùng trong Ban Chủ nhiệm Đội Thanh niên tình nguyện Khoa Công nghệ thông tin Trường Đại học Công nghiệp Hà Nội chưa được nêu rõ trong tài liệu hiện có. Tuy nhiên, có thông tin về việc kiện toàn Đội Thanh niên tình nguyện Khoa CNTT và các hoạt động của đội trong các nhiệm kỳ trước.

Đội Thanh niên tình nguyện Khoa CNTT HaUI là một trong những đội hình tình nguyện nòng cốt, có phương hướng và kế hoạch hoạt động cụ thể. Trong các nhiệm kỳ trước, đội đã có những đóng góp quan trọng vào sự phát triển của công tác Đoàn và phong trào thanh niên trong khoa.

Để biết thêm thông tin chi tiết về vai trò cụ thể của Nguyễn Tiến Tấn và Nguyễn Thanh Tùng trong nhiệm kỳ này, bạn có thể tham khảo thêm từ các nguồn khác hoặc theo dõi các thông báo chính thức từ trường.

Nếu bạn cần thêm thông tin về các hoạt động khác của khoa hoặc trường, hãy cho tôi biết! 

[Chúc mừng thành công Đại hội đại biểu Liên chi đoàn Khoa Công nghệ thông tin Trường Đại học Công Nghiệp Hà Nội nhiệm kỳ 2024 – 2027] - [**Link tham khảo**](https://fit.haui.edu.vn/vn/tin-tuc/chuc-mung-thanh-cong-dai-hoi-dai-bieu-lien-chi-doan-khoa-cong-nghe-thong-tin-truong-dai-hoc-cong-nghiep-ha-noi-nhiem-ky-2024-2027/71130).","Trong nhiệm kỳ 2024-2025, Nguyễn Tiến Tấn, với vai trò là Phó Bí thư Đoàn trường, sẽ có ảnh hưởng lớn trong việc chỉ đạo và hỗ trợ các hoạt động của Đội Thanh niên tình nguyện Khoa CNTT HaUI. Đồng thời, Nguyễn Thanh Tùng, với vị trí Phó chủ nhiệm Đội, sẽ cùng các thành viên khác trong Ban Chủ nhiệm thực hiện các nhiệm vụ như tăng cường tuyên truyền, giáo dục chính trị tư tưởng, và nâng cao chất lượng hoạt động của Đội, nhằm phát huy những kết quả đạt được trong hoạt động năm 2024.",0.0,0.7555555555303703,0.9230769230769231,0.0,0.7325499057769775,9.537791013717651
Ông Choi Joo Ho đã nói gì về cơ hội hợp tác của Samsung tại Việt Nam trong buổi lễ tổng kết chương trình SIC 2023-2024?,"['content: dụng kết hợp giữa 2 hình thức đào tạo trực tuyến (E-learning) và trực tiếp (offline) để mở rộng quy mô và tối ưu lịch trình học tập cho học viên. Sinh viên Khoa CNTT - Trường ĐH Công Nghiệp Hà Nội tại Lễ khởi động Dự kiến Samsung Innovation Campus 2024-2025 sẽ mang tới cơ hội học tập và phát triển năng lực công nghệ cho khoảng 6.600 học sinh và sinh viên tại Việt Nam. Cũng tại sự kiện, Samsung Việt Nam, Tổ chức Tuổi trẻ thành đạt Việt Nam và Công ty Letuin Việt Nam đã thực hiện Lễ ký kết biên bản ghi nhớ MOU, khẳng định cam kết đồng hành nhằm triển khai dự án Samsung Innovation Campus 2024-2025 tại Việt Nam. Thứ Hai, 14:07 25/11/2024 Tags:\\nnext_contents:\\n- Samsung khởi động Chương trình phát triển nhân tài công nghệ 2024-2025 Chiều 22/11, Tổ hợp Samsung Việt Nam chính thức khởi động Chương trình Phát triển nhân tài công nghệ – Samsung Innovation Campus 2024-2025 nhằm phát triển năng lực công nghệ cao cho thế hệ trẻ Việt Nam là những người sẽ dẫn dắt sự thành công của cuộc Cách mạng Công nghiệp 4.0 tại Việt Nam trong tương lai. Chương trình đào tạo được thiết kế trên nền tảng giáo dục kết hợp giữa kỹ năng công nghệ cốt lõi trong tương lai với các kỹ năng mềm và kỹ năng làm việc trong thực tiễn. Các nội dung đào tạo này được lựa chọn thông qua việc thực hiện khảo sát phân tầng theo các xu hướng phát triển trong các ngành công nghiệp ở từng khu vực khác nhau, kết hợp với nhu cầu tuyển dụng tại các công ty lớn. Lễ ký kết biên bản ghi nhớ MOU giữa các đơn vị triển khai dự án Samsung Innovation Campus 2024-2025 Học viên khi kết thúc khóa học và đạt kết quả theo yêu cầu của chương trình sẽ nhận được chứng nhận hoàn thành khóa học Samsung Innovation Campus, cũng như có cơ hội tham gia nhiều hoạt động có giá trị khác của dự án như Cuộc thi Sáng tạo khoa học công nghệ – Innovation Tech Challenge – cuộc thi nằm trong khuôn khổ của dự án nhằm tạo ra sân chơi giúp các học viên được áp dụng kiến thức, kỹ năng đã được học trong chương trình vào thực tế. Trong khuôn khổ dự án SIC 2024-2025, các nội dung đào tạo sẽ được phân bổ lại cấu trúc nhằm nâng cao chất lượng học tập và phù hợp hơn với tình hình thực tế triển khai. Đồng thời, tiếp tục áp dụng kết hợp giữa 2 hình thức đào tạo trực tuyến (E-learning) và trực tiếp (offline) để mở rộng quy mô và tối ưu lịch trình học tập cho học viên. Sinh viên Khoa CNTT - Trường ĐH Công Nghiệp Hà Nội tại Lễ khởi động Dự kiến Samsung Innovation Campus 2024-2025 sẽ mang tới cơ hội học tập và phát triển năng lực công nghệ cho khoảng 6.600 học sinh và sinh viên tại Việt Nam. Cũng tại sự kiện, Samsung Việt Nam, Tổ chức Tuổi trẻ thành đạt Việt Nam và Công ty Letuin Việt Nam đã thực hiện Lễ ký kết biên\\n', 'content: Sinh viên Khoa Công nghệ thông tin Trường Đại học Công Nghiệp Hà Nội đạt học bổng sinh viên xuất sắc Chương trình SIC 2023-2024 Kết thúc niên khoá 2023-2024, SIC tiếp tục chứng tỏ sức hút lớn của chương trình bồi đắp nhân tài công nghệ hàng đầu Việt Nam với số lượng học viên tăng đột phá, đạt gần 6.400 người, gấp đôi năm học 2022 – 2023. Lễ tổng kết chương trình Phát triển Nhân tài Công nghệ - Samsung Innovation Campus (SIC) niên khóa 2023-2024 do Samsung Việt Nam phối hợp cùng Tổ chức Tuổi trẻ thành đạt tổ chức chiều 29/8, tại Hà Nội. Sự kiện nhằm đánh giá hiệu quả thực hiện dự án sau một năm nỗ lực bồi đắp năng lực công nghệ cao cho thế hệ trẻ Việt Nam - những người sẽ dẫn dắt sự thành công của cuộc Cách mạng 4.0 trong hiện tại và tương lai. Buổi lễ có sự tham dự của ông Choi Joo Ho - Tổng Giám đốc Tổ hợp Samsung Việt Nam, ông Kim Yong Sup - Phó Tổng Giám đốc phụ trách Đối ngoại Tổ hợp Samsung Việt Nam, đại diện từ Chính phú, các đối tác, cũng như các trường THCS, THPT, Cao đẳngvà Đại học. Khởi động vào tháng 10/2023, Samsung Innovation Campus 2023-2024 đã mang đến các khóa học phát triển năng lực công nghệ đa dạng dành cho các bạn trẻ từ 13-22 tuổi, kết hợp giữa hai hình thức đào tạo trực tiếp và trực tuyến (E-Learning), nhằm tạo điều kiện cho các học viên trên cả nước đều có cơ hội tham gia. Chương trình năm nay cung cấp 3 khóa học phát triển năng lực công nghệ, bao gồm: Vạn vật kết nối (Internet of Things – IoT), Trí tuệ nhân tạo (Artificial Intelligence – AI), Dữ liệu lớn (Big Data) và 1 khóa học kỹ năng Lập trình cơ bản (Coding & Programming – C&P). Thầy Phạm Văn Đông - Phó Hiệu trưởng Trường ĐH Công Nghiệp Hà Nội tại Buổi tổng két Ngoài ra, dự án còn cung cấp các nội dung hướng nghiệp và kỹ năng mềm nhằm bổ trợ và nâng cao năng lực toàn diện cho học viên. Sau một năm triển khai, Samsung Innovation Campus 2023 - 2024 đã lan tỏa tới 67 trường, bao gồm các trường THCS, THPT và Đại học ở 13 tỉnh, thành phố trên cả nước, tương ứng với 21.000 giờ học được giảng\\nnext_contents:\\n', 'content: [congthuong] HaUI hợp tác với Hàn Quốc trong tái sản xuất máy công nghiệp và xây dựng Thứ Tư, 20:43 30/10/2024 87 Ngày 30/10, tại tại Hội thảo và triển lãm về tái sản xuất máy công nghiệp, xây dựng Hàn Quốc - Việt Nam, HaUI đã ký 5 biên bản ghi nhớ với các đối tác Hàn Quốc. Tại Hội thảo và Triển lãm về tái sản xuất máy công nghiệp, xây dựng Hàn Quốc - Việt Nam 2024 diễn ra ngày 30/10 tại Trường Đại học Công nghiệp Hà Nội (HaUI), PGS.TS. Phạm Văn Đông - Phó Hiệu trưởng HaUI đã ký kết 05 biên bản ghi nhớ với đại diện doanh nghiệp, trường đại học Hàn Quốc, thúc đẩy quan hệ hợp tác giữa HaUI với các tổ chức, doanh nghiệp, cơ sở đào tạo Hàn Quốc trong lĩnh vực tái sản xuất máy công nghiệp và xây dựng. PGS.TS.Phạm Văn Đông – Phó Hiệu trưởng HaUI (bên trái) ký biên bản ghi nhớ với Đại học Chosun (Hàn Quốc) (Ảnh:HaUI) Hội thảo và triển lãm về tái sản xuất máy công nghiệp và xây dựng Hàn Quốc Việt Nam 2024 được tổ chức nhằm thúc đẩy xuất nhập khẩu các sản phẩm tái sản xuất máy công nghiệp và xây dựng sang Việt Nam, đồng thời hợp tác xây dựng ngành tái sản xuất máy công nghiệp và xây dựng giữa Hàn Quốc - Việt Nam trong tương lai. Tham dự Hội thảo, có các trường đại học tại Hàn Quốc, đại diện Tổ hợp công nghệ cao Kyengnam cùng 17 doanh nghiệp Hàn Quốc hoạt động trong lĩnh vực tái sản xuất, đại diện hơn 60 doanh nghiệp Việt Nam hoạt động trong lĩnh vực cơ khí, sản xuất công nghiệp, xây dựng. Với xu hướng phát triển thị trường xây dựng nội địa hiện nay, Việt Nam đang cần đầu tư công nghệ, thiết bị, máy móc để nâng cao năng lực và hiệu quả thi công. Do đó, nhu cầu về thị trường máy xây dựng và công nghiệp của Việt Nam đang là thị trường hấp dẫn rất lớn với các nhà sản xuất, nhà cung cấp thiết bị đến từ các quốc gia phát triển. Tuy nhiên, đây là lĩnh vực còn rất mới ở Việt Nam, bên cạnh việc xây dựng cơ chế chính sách, đầu tư công nghệ, thì việc phát triển nguồn nhân lực trong lĩnh vực tái sản xuất máy công nghiệp và xây dựng là rất cần thiết, là yếu tố quan trọng trong giáo dục\\nnext_contents:\\n', 'content: Trường Cao đẳng Khoa học công nghệ GTEC tới thăm và làm việc với trường Sáng 13/6/2012, đoàn cán bộ trường Cao đẳng Khoa học công nghệ GTEC (Hàn Quốc) gồm Giáo sư Jin – Kab Lee – Trưởng phòng Hợp tác quốc tế và Giáo sư In – Sup Yoon – Trưởng khoa tiếng Anh đã đến thăm và làm việc với trường. Tiếp Đoàn có Phó Hiệu trưởng Bùi Thị Ngân, lãnh đạo phòng Hợp tác quốc tế, đại diện Công ty Đào tạo và cung ứng nhân lực HaUI. Tại buổi làm việc, đại diện Lãnh đạo hai trường đã giới thiệu về trường, các chương trình hợp tác quốc tế và thế mạnh đào tạo của hai bên. Hai bên đã bàn bạc về kế hoạch hợp tác trong lĩnh vực đào tạo du học sinh. Buổi làm việc đã mở ra cơ hội hợp tác giữa 2 trường trong tương lai. Thứ Tư, 21:01 13/06/2012 Tags:\\nnext_contents:\\n', 'content: về sau”. PGS.TS Trần Đức Quý – Hiệu trưởng Nhà trường và Ông Kim Hyeon Uk – Chủ tịch Hội Hữu nghị Việt Nam – Hàn Quốc ký thỏa thuận thành lập Trung tâm tiếng Hàn. Cảm ơn sự đón tiếp nhiệt tình của Trường Đại học Công Nghiệp Hà Nội, ông Kim Hyeon Uk – Chủ tịch KOVEA bày tỏ sự tin tưởng và vui mừng vì Trường Đại học Công Nghiệp Hà Nội đã cùng Chính phủ Hàn Quốc thực hiện được nhiều chương trình có hiệu quả phát triển nguồn nhân lực và năng lực cho sinh viên và giáo viên Nhà trường. Hy vọng, sau buổi ký kết thỏa thuận này, Trường Đại học Công nghiệp Hà Nội và KOVEA sẽ có nhiều cơ hội hợp tác cùng phát triển. Thứ Hai, 09:45 16/10/2017 Tags:\\nnext_contents:\\n- Đại học Công Nghiệp Hà Nội ký thỏa thuận thành lập Trung tâm tiếng Hàn Sáng ngày 14/10/2017, Trường Đại học Công nghiệp Hà Nội và Hội Hữu nghị Việt Nam – Hàn Quốc (KOVEA) đã tổ chức ký kết thỏa thuận về việc thành lập Trung tâm tiếng Hàn tại cơ sở Hà Nội. Tham dự buổi ký kết, về phía KOVEA có ông Kim Hyeon Uk – Chủ tịch KOVEA và các thành viên trong đoàn. Về phía Trường Đại học Công nghiệp Hà Nội có PGS. TS Trần Đức Quý – Hiệu trưởng Trường Đại học Công nghiệp Hà Nội, cùng đại diện phòng Hợp tác quốc tế; Phòng Đào tạo; Khoa Ngoại ngữ; Trung tâm Đào tạo Quốc tế. Thay mặt lãnh đạo Nhà trường, PGS. TS Trần Đức Quý cảm ơn đoàn đại biểu đã đến thăm, làm việc với Trường, cảm ơn sự tin tưởng mà phía Hàn Quốc đã dành cho Trường Đại học Công nghiệp Hà Nội trong suốt thời gian qua. Phát biểu tại buổi làm việc, PGS. TS Trần Đức Quý nhấn mạnh: “Sự hợp tác hữu nghị giữa Việt Nam – Hàn Quốc trong những năm qua phát triển rất tốt đẹp, bình quân mỗi năm, Đại học Công nghiệp Hà Nội đã đưa 100 - 200 sinh viên Nhà trường sang Hàn Quốc học tập, làm việc, có nhiều sinh viên tốt nghiệp đại học và đang học thạc sĩ tại Hàn Quốc; nhiều cán bộ, giảng viên Nhà trường tốt nghiệp tiến sĩ tại Hàn Quốc. Xuất phát từ mối quan hệ tốt đẹp trên, KOVEA có chủ trương ủng hộ thành lập Trung tâm tiếng Hàn là rất đúng đắn, sẽ giúp nâng cao trình độ, năng lực tiếng Hàn của sinh viên đồng thời thu hút doanh nghiệp Hàn Quốc đến với Đại học Công nghiệp Hà Nội, và cũng là tiền đề thúc đẩy hợp tác lâu dài giữa hai nước về sau”. PGS.TS Trần Đức Quý – Hiệu trưởng Nhà trường và Ông Kim Hyeon Uk – Chủ tịch Hội Hữu nghị Việt Nam – Hàn Quốc ký thỏa thuận thành lập Trung tâm tiếng Hàn. Cảm ơn sự đón tiếp nhiệt tình của Trường Đại học Công Nghiệp Hà Nội, ông Kim Hyeon Uk – Chủ tịch KOVEA bày tỏ sự tin tưởng và vui mừng vì Trường Đại học Công Nghiệp Hà Nội đã cùng Chính phủ Hàn Quốc thực hiện được nhiều chương trình có hiệu quả phát triển nguồn nhân lực và năng lực cho sinh viên và giáo viên Nhà trường. Hy vọng, sau\\n']","['<1-hop>\\n\\nPhát biểu tại buổi lễ tổng kết, ông Choi Joo Ho nhấn mạnh: “Samsung và các doanh nghiệp IT trên toàn cầu đang tìm kiếm cơ hội hợp tác và mở rộng đầu tư tại Việt Nam. Trong một tương lai gần, Việt Nam sẽ giữ một vai trò vô cùng quan trọng trên thế giới không chỉ dừng lại ở mảng điện thoại di động mà trên toàn bộ ngành công nghiệp công nghệ cao. Các em cần nắm bắt những thay đổi này của Việt Nam để tạo thành cơ hội của chính mình. Cùng với những chính sách tuyệt vời của Chính phủ Việt Nam, nhà trường và các doanh nghiệp toàn cầu như Samsung đang nỗ lực để đào tạo nhân lực trong lĩnh vực IT và bán dẫn, điều đó cho thấy tất cả đang xây dựng một môi trường vô cùng thuận lợi cho các em"". Thứ Bảy, 15:03 31/08/2024 Tags:', '<2-hop>\\n\\nSinh viên Khoa Công nghệ thông tin Trường Đại học Công Nghiệp Hà Nội đạt học bổng sinh viên xuất sắc Chương trình SIC 2023-2024 Kết thúc niên khoá 2023-2024, SIC tiếp tục chứng tỏ sức hút lớn của chương trình bồi đắp nhân tài công nghệ hàng đầu Việt Nam với số lượng học viên tăng đột phá, đạt gần 6.400 người, gấp đôi năm học 2022 – 2023. Lễ tổng kết chương trình Phát triển Nhân tài Công nghệ - Samsung Innovation Campus (SIC) niên khóa 2023-2024 do Samsung Việt Nam phối hợp cùng Tổ chức Tuổi trẻ thành đạt tổ chức chiều 29/8, tại Hà Nội. Sự kiện nhằm đánh giá hiệu quả thực hiện dự án sau một năm nỗ lực bồi đắp năng lực công nghệ cao cho thế hệ trẻ Việt Nam - những người sẽ dẫn dắt sự thành công của cuộc Cách mạng 4.0 trong hiện tại và tương lai. Buổi lễ có sự tham dự của ông Choi Joo Ho - Tổng Giám đốc Tổ hợp Samsung Việt Nam, ông Kim Yong Sup - Phó Tổng Giám đốc phụ trách Đối ngoại Tổ hợp Samsung Việt Nam, đại diện từ Chính phú, các đối tác, cũng như các trường THCS, THPT, Cao đẳngvà Đại học. Khởi động vào tháng 10/2023, Samsung Innovation Campus 2023-2024 đã mang đến các khóa học phát triển năng lực công nghệ đa dạng dành cho các bạn trẻ từ 13-22 tuổi, kết hợp giữa hai hình thức đào tạo trực tiếp và trực tuyến (E-Learning), nhằm tạo điều kiện cho các học viên trên cả nước đều có cơ hội tham gia. Chương trình năm nay cung cấp 3 khóa học phát triển năng lực công nghệ, bao gồm: Vạn vật kết nối (Internet of Things – IoT), Trí tuệ nhân tạo (Artificial Intelligence – AI), Dữ liệu lớn (Big Data) và 1 khóa học kỹ năng Lập trình cơ bản (Coding & Programming – C&P). Thầy Phạm Văn Đông - Phó Hiệu trưởng Trường ĐH Công Nghiệp Hà Nội tại Buổi tổng két Ngoài ra, dự án còn cung cấp các nội dung hướng nghiệp và kỹ năng mềm nhằm bổ trợ và nâng cao năng lực toàn diện cho học viên. Sau một năm triển khai, Samsung Innovation Campus 2023 - 2024 đã lan tỏa tới 67 trường, bao gồm các trường THCS, THPT và Đại học ở 13 tỉnh, thành phố trên cả nước, tương ứng với 21.000 giờ học được giảng dạy tại 227 lớp học cùng 16.320 giờ học E-learning được hoàn thành. Chương trình đã ghi nhận kết quả đột phá, với gần 6.400 học viên tham gia – gần gấp đôi số lượng học viên trong dự án SIC 2022 – 2023. Cũng tại sự kiện, Samsung đã trao tặng 60 suất học bổng cho 60 bạn học viên xuất sắc nhất của chương trình SIC 2023 – 2024. Xin chúc mừng các bạn sinh viên NGUYỄN THỊ NA lớp Big Data, NGUYỄN THÀNH NAM lớp AI, Nguyễn Xuân Khoa lớp IoT - Khoa CNTT - Trường ĐH Công nghiệp Hà Nội đã đạt được học bổng sinh viên xuất sắc của Chương trình']","### Thông tin về hoạt động khóa và các hoạt động đoàn hội tại Khoa Công nghệ thông tin

1. **Hoạt động ngoại khóa**:
   - Sinh viên được khuyến khích tham gia vào các hoạt động ngoại khóa và hợp tác doanh nghiệp nhằm mở rộng kiến thức, rèn luyện kỹ năng và tạo cơ hội tiếp xúc với thực tế ngành nghề.
   - Nhà trường thường xuyên tổ chức các hoạt động như tham quan doanh nghiệp, diễn đàn chuyên đề, hội thảo, và buổi chia sẻ kinh nghiệm từ các chuyên gia trong ngành.
   - Sinh viên ngành Công nghệ thông tin có cơ hội tham gia vào các dự án nghiên cứu và hợp tác với doanh nghiệp, giúp áp dụng kiến thức và kỹ năng đã học vào thực tế.

2. **Chương trình đào tạo**:
   - Chương trình đào tạo chú trọng vào việc phát triển năng lực nghề nghiệp cho sinh viên, bao gồm cả việc tham gia vào các dự án thực tế và nghiên cứu khoa học.
   - Các hoạt động này không chỉ giúp sinh viên nâng cao kỹ năng mà còn tạo điều kiện cho họ phát triển mối quan hệ với các doanh nghiệp trong ngành.

### Ông Choi Joo Ho và cơ hội hợp tác của Samsung tại Việt Nam

Trong buổi lễ tổng kết chương trình SIC 2023-2024, ông Choi Joo Ho - Tổng Giám đốc Tổ hợp Samsung Việt Nam đã nhấn mạnh rằng:

- **Cơ hội hợp tác**: Ông cho biết Samsung cam kết sẽ tiếp tục đồng hành cùng các trường đại học tại Việt Nam, trong đó có Trường Đại học Công nghiệp Hà Nội, nhằm phát triển nguồn nhân lực chất lượng cao.
- **Chương trình SIC**: Chương trình Phát triển Nhân tài Công nghệ - Samsung Innovation Campus (SIC) đã thu hút gần 6.400 học viên tham gia, gấp đôi so với năm học trước. Chương trình này cung cấp các khóa học về công nghệ mới như IoT, AI, và Big Data.
- **Mục tiêu**: Ông nhấn mạnh rằng việc phát triển năng lực công nghệ cho thế hệ trẻ là rất quan trọng trong bối cảnh Cách mạng Công nghiệp 4.0, và Samsung sẽ tiếp tục mở rộng quy mô và nội dung của chương trình này trong tương lai.

Thông tin trên được trích dẫn từ các tài liệu liên quan đến hoạt động của Khoa Công nghệ thông tin và chương trình SIC của Samsung.

- [Ngành Công nghệ kỹ thuật khuôn mẫu: Tạo dựng tương lai từ sự sáng tạo] - [**Link tham khảo**](https://www.haui.edu.vn/vn/goc-nhin-haui/nganh-cong-nghe-ky-thuat-khuon-mau-tao-dung-tuong-lai-tu-su-sang-tao/65042).
- [Sinh viên Khoa Công nghệ thông tin Trường Đại học Công Nghiệp Hà Nội đạt học bổng sinh viên xuất sắc Chương trình SIC 2023-2024] - [**Link tham khảo**](https://fit.haui.edu.vn/vn/guong-sang/sinh-vien-khoa-cong-nghe-thong-tin-truong-dai-hoc-cong-nghiep-ha-noi-dat-hoc-bong-sinh-vien-xuat-sac-chuong-trinh-sic-2023-2024/71031).

Nếu bạn cần thêm thông tin hoặc có câu hỏi khác, hãy cho tôi biết!","Ông Choi Joo Ho nhấn mạnh rằng Samsung và các doanh nghiệp IT trên toàn cầu đang tìm kiếm cơ hội hợp tác và mở rộng đầu tư tại Việt Nam. Ông cho rằng trong tương lai gần, Việt Nam sẽ giữ một vai trò vô cùng quan trọng trong ngành công nghiệp công nghệ cao, không chỉ dừng lại ở mảng điện thoại di động. Ông khuyến khích các sinh viên nắm bắt những thay đổi này để tạo thành cơ hội cho chính mình.",0.7511714127221634,0.0,0.4,0.6666666666666666,0.8171939849853516,19.65437889099121
