user_input,retrieved_contexts,reference_contexts,response,reference,answer_relevancy,context_precision,faithfulness,context_recall,retriever_time,invoke_time
Khoa Công nghệ thông tin Trường Đại học Công nghiệp Hà Nội đã tổ chức sự kiện gì để chào đón tân sinh viên Khóa 19 và những hoạt động nào đã diễn ra trong sự kiện này?,"['content: Sôi động chương trình Chào tân sinh viên Khóa 19 Khoa Công nghệ thông tin Trong không khí của mùa tựu trường, ngày 13/10/2024, sự kiện Chào tân sinh viên Khóa 19 Khoa Công nghệ thông tin “Programing your future” đã chính thức diễn ra với dư âm và cảm xúc còn mãi trong trái tim tân sinh viên K19 tại Hà Nam. Sự kiện không chỉ là dịp để chào đón các tân sinh viên mà còn là cơ hội để các bạn khám phá một thế giới hoàn toàn mới với những trải nghiệm thú vị, mở ra một môi trường đại học năng động, đa màu sắc cho các bạn tân sinh viên. Những kỷ niệm đẹp tại đây sẽ mãi là hành trang quý giá trong suốt hành trình học tập, trải nghiệm – một thanh xuân rực rỡ mà chắc hẳn các bạn sinh viên ai cũng mong muốn được trải qua. Phát biểu khai mạc chương trình, TS. Đặng Trọng Hợp Trưởng khoa CNTT đã có bài phát biểu giới thiệu về Khoa Công nghệ thông tin Trường Đại học Công nghiệp Hà Nội và chia sẻ động viên tinh thần học tập, nghiên cứu khoa học, hoạt động ngoại khóa cho tân sinh viên. TS. Đặng Trọng Hợp – Trưởng Khoa CNTT phát biểu Trong kỳ tuyển sinh năm 2024 vừa qua, Khoa Công nghệ thông tin vui mừng chào đón hơn gần 1000 tân sinh viên ra nhập ngôi nhà chung Khoa CNTT Trường Đại học Công Nghiệp Hà Nội. Trong số đó, có 06 Thủ khoa, 06 Á khóa của các ngành với số điểm cao hơn so với các năm trước. Kết quả này cho thấy Khoa đã thu hút được số lượng lớn tân sinh viên ưu tú, có tư duy logic tốt, chất lượng đầu vào được đảm bảo. Chắc hẳn sau 04 năm học, Khoa Công nghệ thông tin sẽ đào tạo ra những cử nhân có chất lượng cao đáp ứng nguồn nhân lực cho các doanh nghiệp trong và ngoài nước. TS. Đặng Trọng Hợp – Trưởng khoa CNTT và Đại diện Công ty FPT Software trao tặng khen thưởng các tân thủ khoa 06 ngành đại học K19 TS. Phạm Văn Hà – Phó Trưởng khoa CNTT và Đại diện Công ty ITPlus trao tặng khen thưởng các tân Á khoa 06 ngành đại học K19 Đại diện Công ty FPT Software chia sẻ các kỹ năng và vị trí công việc ngành CNTT Đại diện Công ty IT Plus giới thiệu về công ty và các xu hướng, cơ hội\\nnext_contents:\\n', 'content: Ngày hội Chào tân sinh viên 2023: Rực rỡ sắc màu thanh xuân của tân sinh viên K18 Thứ Sáu, 11:30 08/09/2023 3340 Chuyến tàu chinh phục những chân trời tri thức của hơn 7.500 tân sinh viên đại học K18 và 1.000 tân sinh cao đẳng K25 đã chính thức cập bến ngôi nhà chung HaUI vào ngày 08 & 10/09 tại cơ sở Hà Nội và Hà Nam. Ngày 10/09, tại cơ sở Hà Nội, gần 2.000 tân sinh viên đại học K18 thuộc Trường Ngoại ngữ - Du lịch, Khoa Công nghệ Hóa và Khoa Công nghệ May & Thiết kế thời trang đã chính thức gia nhập ngôi nhà chung HaUI. Cùng ngắm nhìn những khoảnh khoắc ấn tượng tại Ngày hội chào tân sinh viên 2023. *Trước đó, ngày 08/09, tại cơ sở Hà Nam, chương trình Ngày hội Chào tân sinh viên – Welcome to HaUI, diễn ra sôi động với nhiều hoạt động ý nghĩa. Ngày hội Chào tân sinh viên 2023 - Mảnh ghép thanh xuân hoàn hảo của tân sinh viên K18 Vào những ngày đầu thu, Trường Đại học Công nghiệp Hà Nội như một bức tranh nên thơ, luôn đầy yêu thương và trìu mến. Vạn vật hòa quyện vào nhau tạo nên sắc, khí và dư vị thấm đẫm Thu. Bầu trời HaUI đẹp hơn bao giờ hết, vì nó chứa đựng những ước mơ, khát vọng trong ánh mắt trong veo, niềm vui hân hoan đến trường của hơn 7.500 tân sinh viên K18. Đó sẽ là mảnh ký ức rực rỡ như những đóa hoa trong nắng sớm. Các thầy, cô, phụ huynh và sinh viên tham dự chương trình Những cái nắm tay gần gũi và giọng nói ấm áp chan chứa tình thân chở che của thầy cô, những yêu thương trong đôi mắt trìu mến động viên của mẹ, nụ cười của cha chất chứa yêu thương gửi đến các bạn để tuổi trẻ của các tân sinh viên được gửi gắm ở mái nhà Đại học Công nghiệp Hà Nội thêm phần ý nghĩa. PGS.TS.Lê Hồng Quân - Bí thư Đảng ủy, Chủ tịch Hội đồng trường, TS.Kiều Xuân Thực - Hiệu trưởng Nhà trường, TS.Nguyễn Văn Thiện - Phó Hiệu trưởng, PGS.TS.Phạm Văn Đông - Phó Hiệu trưởng tham quan gian hàng khoa Điện tử Ngày hội Chào tân sinh viên năm 2023 gói ghém yêu thương, chắt chiu những ngọt bùi qua những hoạt động ý nghĩa, thiết thực, những bữa tiệc âm nhạc sôi động, những câu lạc\\nnext_contents:\\n', 'content: Chào tân sinh viên HaUI 2024: Bùng nổ cảm xúc cùng khát vọng của tuổi trẻ Thứ Tư, 17:38 16/10/2024 2190 Trong suốt những ngày cuối tháng 9, đầu tháng 10, chuỗi sự kiện “Chào tân sinh viên HaUI 2024” được các Khoa, Trường thuộc Trường Đại học Công nghiệp Hà Nội tổ chức, mang đến nhiều màu sắc, thu hút sự tham gia của đông đảo sinh viên với những hoạt động hấp dẫn. Vinh danh thủ khoa đầu vào năm học 2024 Vinh danh tân sinh viên xuất sắc là một trong những điểm nhấn của chương trình. Các bạn sinh viên thủ khoa đầu vào của trường trong kỳ thi tuyển sinh năm 2024 được trao thưởng, chúc mừng; được khích lệ, truyền lửa để các bạn trẻ viết tiếp ước mơ tại Đại học Công nghiệp Hà Nội. Thủ khoa đầu vào mùa tuyển sinh năm 2024 của Khoa Công nghệ May và Thiết kế thời trang rạng rỡ trong ngày Chào tân sinh viên của khoa PGS.TS. Phạm Thị Mai Hương -Trưởng Khoa CN Hóa; PGS.TS. Nguyễn Thế Hữu, PGS.TS. Nguyễn Tuấn Anh – Phó trưởng khoa chúc mừng sinh viên thủ khoa mùa tuyển sinh 2024 của Khoa TS.Đặng Trọng Hợp – Trưởng khoa CNTT chúc mừng thủ khoa mùa tuyển sinh 2024 TS.Nguyễn Văn Thiện – Phó Hiệu trưởng nhà trường; PGS.TS. Trịnh Trọng Chưởng – Phụ trách Khoa Điện chúc mừng các bạn sinh viên của Khoa TS.Hoàng Mạnh Kha – Trưởng khoa Điện tử và TS.Bồ Quốc Bảo – Phó trưởng khoa chúc mừng các bạn tân sinh viên thủ khoa PGS.TS. Hoàng Tiến Dũng – Hiệu trưởng Trường Cơ khí – Ô tô và Ông Nguyễn Duy Nghĩa – Giám đốc Công ty cổ phần Trí Lực Việt Nam trao tặng khen thưởng các tân thủ khoa 09 ngành đại học K19 PGS.TS.Nguyễn Thị Hồng Nga – Hiệu trưởng Trường Kinh tế; TS. Vũ Đình Khoa – Phó Hiệu trưởng, TS. Trương Thanh Hằng – Phó Hiệu trưởng chúc mừng Thủ khoa đầu vào của Trường Kinh tế, HaUI TS. Trần Ngọc Đức - Phó Hiệu trưởng Trường Ngoại ngữ - Du lịch và đồng chí Trần Thị Hương Giang - Phó Bí thư Đoàn Thanh niên, Chủ tịch Hội Sinh viên Trường Đại học Công nghiệp Hà Nội trao giải cho các vận động viên, đại đội đạt giải Nhất hội thao chào tân sinh viên Lan tỏa giá trị từ những “người truyền\\nnext_contents:\\n', 'content: Gặp mặt tân Sinh viên K15 khoa Công nghệ thông tin Chương trình để lại những ấn tượng sâu đậm trong lòng các thầy cô và các sinh viên, đánh dấu sự khởi đầu tốt đẹp cho một năm học hứa hẹn nhiều thành công. Trong không khí vui mừng, rạo rực những ngày đầu nhập học, buổi gặp mặt vừa là dịp để khoa giới thiệu ngành nghề, cơ hội việc làm, vừa là dịp để các em tân sinh viên giao lưu với cựu sinh viên trong khoa, biết được xu thế Công nghệ thông tin và định hướng trong công việc học tập phía trước. Đến tham dự buổi gặp mặt, có TS. Đặng Trọng Hợp – Phụ trách khoa, TS Trần Tiến Dũng – Phó khoa; Bí thư chi đoàn; Các thầy côc chủ nhiệm lớp; đại diện doanh nghiệp học viện IT Plus, cùng toàn thể tân sinh viên Khóa 15. Mở đầu chương trình được chào đón bằng các tiết mục văn nghệ đặc sắc, sôi động do đội văn nghệ của khoa biểu diễn. Tiếp đó, TS Đặng Trọng Hợp – Phụ trách khoa- đại diện cho Ban lãnh đạo khoa phát biểu, chúc mừng hơn 1000 tân sinh viên khóa 15 đã trúng tuyển vào khoa Công nghệ thông tin. Thầy giới thiệu đôi nét về khoa, về ngành nghề và về cơ hội việc làm trong lĩnh vực Công nghệ thông tin. TS Đặng Trọng Hợp - Phụ trách khoa giới thiệu về khoa và cơ hội việc làm Thầy Nguyễn Văn Thắng - Phó khoa CNTT hướng dẫn sinh viên về Quy chế đào tạo tín chỉ Đồng chí Trịnh Bá Qúy – Bí thư Chi đoàn Khoa Công nghệ thông tin, giới thiệu về các tổ chức, phong trào tiêu biểu, những thành tích mà các tập thể, cá nhân đạt được trong năm học vừa qua của hoạt động Đoàn với mong muốn trong thời gian tới, hoạt động đoàn hội cũng như hoạt động Nghiên cứu khoa học sẽ thu hút nhiều gương mặt tân sinh viên tham gia. Đặc biệt các em được gặp gỡ và giao lưu với đại diện từ học viện IT Plus, mang đến cho các em Tân sinh viên niềm tự hào, hy vọng và lòng quyết tâm cao khi chọn Công nghệ thông tin. Đại diện Học viện IT Plus chia sẻ về nghề nghiệp và xu hướng Công nghệ thông tin hiện na Tại buổi chào mừng, Khoa Công nghệ thông tin kết hợp với Học viện IT Plus tặng giấy khen và trao thưởng cho các\\nnext_contents:\\n', 'content: Tưng bừng đêm nhạc hội Chào tân sinh viên tại cơ sở Hà Nam Cùng trong ngày 04/10/2014, đêm nhạc hội Chào tân sinh viên tại cơ sở Hà Nam đã được tổ chức. Phó Hiệu trưởng Bùi Thị Ngân, đại diện cho Lãnh đạo Nhà trường cùng thầy Trần Ngọc Khánh – Bí Thư BCH Đoàn Trường đã tới chung vui cùng đông đảo sinh viên ở cơ sở Hà Nam. Phó Hiệu trưởng Bùi Thị Ngân cùng đồng chí Nguyễn Huyền Trang - Chủ tịch Hội sinh viên trao tặng quà cho 02 thủ khoa xuất sắc đầu vào năm học 2014-2015. Trải qua hàng loạt những sự kiện bên lề như gian hàng hội trại, cuộc thi nhảy Flash mode… đêm nhạc hội Chào tân sinh viên với những tiết mục sôi động đã khuấy động không khí cho các tân sinh viên trong những ngày đầu của năm học mới. Chương trình là món quà ý nghĩa thay cho lời chào của những sinh viên đang học tập tại trường gửi tới những tân sinh viên của năm học 2014-2015. Các đại biểu đại diện cho Đoàn Thanh niên, Hội sinh viên các trường bạn cũng về tham dự chương trình. Được dàn dựng bởi những tiết mục công phu, đêm nhạc hội chào tân sinh viên mang nhiều màu sắc khác nhau thể hiện sự năng động, tự tin và đa tài của sinh viên Nhà trường. Cùng với những tiết mục “cây nhà lá vườn” đến từ Câu lạc bộ văn nghệ HAC - Đại học Công nghiệp Hà Nội, sự xuất hiện của ban nhạc rock với những giai điệu mạnh mẽ đã khiến sân khấu tại cơ sở Hà Nam thêm sức nóng. Các tiết mục đặc sắc đến từ Câu lạc bộ văn nghệ HAC. Sự góp mặt của band nhạc rock nổi tiếng càng khuấy động không khí thêm náo nhiệt. Đại nhạc hội chào đón tân sinh viên được xem là điểm kết nối giữa các thế hệ sinh viên Nhà trường, tạo môi trường thân thiện, gần gũi cho các tân sinh viên, đồng thời tiếp thêm sức mạnh và hứng thú cho những ngày đầu bước vào giảng đường đại học. Thứ Bảy, 21:26 04/10/2014 Tags:\\nnext_contents:\\n']","['Sôi động chương trình Chào tân sinh viên Khóa 19 Khoa Công nghệ thông tin Trong không khí của mùa tựu trường, ngày 13/10/2024, sự kiện Chào tân sinh viên Khóa 19 Khoa Công nghệ thông tin “Programing your future” đã chính thức diễn ra với dư âm và cảm xúc còn mãi trong trái tim tân sinh viên K19 tại Hà Nam. Sự kiện không chỉ là dịp để chào đón các tân sinh viên mà còn là cơ hội để các bạn khám phá một thế giới hoàn toàn mới với những trải nghiệm thú vị, mở ra một môi trường đại học năng động, đa màu sắc cho các bạn tân sinh viên. Những kỷ niệm đẹp tại đây sẽ mãi là hành trang quý giá trong suốt hành trình học tập, trải nghiệm – một thanh xuân rực rỡ mà chắc hẳn các bạn sinh viên ai cũng mong muốn được trải qua. Phát biểu khai mạc chương trình, TS. Đặng Trọng Hợp Trưởng khoa CNTT đã có bài phát biểu giới thiệu về Khoa Công nghệ thông tin Trường Đại học Công nghiệp Hà Nội và chia sẻ động viên tinh thần học tập, nghiên cứu khoa học, hoạt động ngoại khóa cho tân sinh viên. TS. Đặng Trọng Hợp – Trưởng Khoa CNTT phát biểu Trong kỳ tuyển sinh năm 2024 vừa qua, Khoa Công nghệ thông tin vui mừng chào đón hơn gần 1000 tân sinh viên ra nhập ngôi nhà chung Khoa CNTT Trường Đại học Công Nghiệp Hà Nội. Trong số đó, có 06 Thủ khoa, 06 Á khóa của các ngành với số điểm cao hơn so với các năm trước. Kết quả này cho thấy Khoa đã thu hút được số lượng lớn tân sinh viên ưu tú, có tư duy logic tốt, chất lượng đầu vào được đảm bảo. Chắc hẳn sau 04 năm học, Khoa Công nghệ thông tin sẽ đào tạo ra những cử nhân có chất lượng cao đáp ứng nguồn nhân lực cho các doanh nghiệp trong và ngoài nước. TS. Đặng Trọng Hợp – Trưởng khoa CNTT và Đại diện Công ty FPT Software trao tặng khen thưởng các tân thủ khoa 06 ngành đại học K19 TS. Phạm Văn Hà – Phó Trưởng khoa CNTT và Đại diện Công ty ITPlus trao tặng khen thưởng các tân Á khoa 06 ngành đại học K19 Đại diện Công ty FPT Software chia sẻ các kỹ năng và vị trí công việc ngành CNTT Đại diện Công ty IT Plus giới thiệu về công ty và các xu hướng, cơ hội việc làm ngành CNTT Trong thế giới hiện đại đầy biến động, khi trí tuệ nhân tạo (AI) đang thay đổi sâu sắc mọi lĩnh vực, chúng ta không chỉ đang đứng trước ngã rẽ của khoa học và công nghệ, mà còn ở thời điểm vàng để suy ngẫm về trách nhiệm của mỗi cá nhân đối với tương lai. Nếu ví quá trình phát triển AI như một hành trình vươn tới tương lai số hóa, thì sinh viên Khoa công nghệ thông tin trường Đại học Công nghiệp Hà Nội chính là những người cầm ngọn đuốc, dẫn đường và khai mở những cơ hội mới mẻ cho xã hội.']","Khoa Công nghệ thông tin Trường Đại học Công nghiệp Hà Nội đã tổ chức sự kiện chào đón tân sinh viên Khóa 19 với tên gọi “Programming your future” vào ngày 13/10/2024. Sự kiện này không chỉ là dịp để chào đón các tân sinh viên mà còn là cơ hội để họ khám phá môi trường đại học năng động và đa dạng.

### Các hoạt động diễn ra trong sự kiện bao gồm:
- **Phát biểu khai mạc**: TS. Đặng Trọng Hợp, Trưởng khoa CNTT, đã giới thiệu về khoa và động viên tinh thần học tập, nghiên cứu khoa học, cũng như tham gia các hoạt động ngoại khóa cho tân sinh viên.
- **Vinh danh thủ khoa**: Các tân thủ khoa và á khoa của các ngành đã được trao thưởng, khích lệ tinh thần học tập.
- **Chia sẻ từ doanh nghiệp**: Đại diện các công ty như FPT Software và IT Plus đã chia sẻ về các kỹ năng cần thiết và cơ hội việc làm trong ngành Công nghệ thông tin.

Sự kiện này đã tạo ra những kỷ niệm đẹp và là hành trang quý giá cho các tân sinh viên trong suốt hành trình học tập tại trường.

Bạn có muốn tìm hiểu thêm về các hoạt động khác của khoa hoặc trường không? Nếu cần thêm thông tin, hãy cho tôi biết! 

[Thông tin sự kiện Chào tân sinh viên Khóa 19] - [**Link tham khảo**](https://fit.haui.edu.vn/vn/tin-tuc/soi-dong-chuong-trinh-chao-tan-sinh-vien-khoa-19-khoa-cong-nghe-thong-tin/71100).","Khoa Công nghệ thông tin Trường Đại học Công nghiệp Hà Nội đã tổ chức sự kiện Chào tân sinh viên Khóa 19 với chủ đề 'Programing your future' vào ngày 13/10/2024. Sự kiện không chỉ chào đón các tân sinh viên mà còn tạo cơ hội cho họ khám phá một thế giới mới với những trải nghiệm thú vị, mở ra một môi trường đại học năng động. Trong chương trình, TS. Đặng Trọng Hợp, Trưởng khoa CNTT, đã phát biểu giới thiệu về Khoa và động viên tinh thần học tập, nghiên cứu khoa học, cũng như hoạt động ngoại khóa cho tân sinh viên. Sự kiện còn có sự tham gia của đại diện các công ty như FPT Software và IT Plus, chia sẻ về kỹ năng và cơ hội việc làm trong ngành CNTT.",0.8884612788271262,0.8055555555287036,0.8823529411764706,1.0,0.46550679206848145,9.422304153442383
Tại sao sinh viên CNTT lại cần tham gia tọa đàm về AI?,"['content: trong ngành Tester và tầm quan trọng Tester với ngành công nghiệp phần mềm hiện nay, khám phá lộ trình phát triển nghề nghiệp của Tester. Đồng thời, tiếp cận và trực tiếp ứng tuyển các cơ hội việc làm toàn cầu, chuẩn bị hành trang để sẵn sàng tham gia các dự án lớn tại FPT Software. Hội thảo thu hút số lượng lớn sinh viên quan tâm, tham gia và tìm hiểu Rất nhiều câu hỏi sinh viên quan tâm đến chương trình Sinh viên nhận được nhiều phần quà công nghệ hấp dẫn từ doanh nghiệp Buổi hội thảo kết thúc đem lại cho sinh viên nhiều kiến thức bổ ích về công việc Tester trong tương lai Thứ Hai, 13:42 28/10/2024 Tags:\\nnext_contents:\\n- Career talk “Dẫn lối cho tester toàn năng” Chiều ngày 25/10/2024 tại Hội trường Tầng 3 nhà A11, Khoa Công nghệ thông tin Trường Đại học Công Nghiệp Hà Nội kết hợp với Công ty FPT Software tổ chức thành công sự kiện Career talk “Dẫn lối cho tester toàn năng” và nhận được sự quan tâm, ủng hộ vô cùng nhiệt tình của các bạn sinh viên trong Khoa quan tâm tới lĩnh vực Software Testing. TS. Phạm Văn Hà - Phó Trưởng Khoa CNTT phát biểu và gửi lời cảm ơn Công ty FPT Software TS. Phạm Văn Hà - Phó Trưởng Khoa CNTT kính tặng bó hoa tươi thắm cùng quà tặng đến doanh nghiệp Trong buổi chia sẻ không chỉ có những câu chuyện thú vị, chia sẻ về kinh nghiệm làm Test của các chuyên gia hàng đầu đến từ IVS thuộc FPT Software (Đơn vị Kiểm thử lớn nhất FSOFT) cũng như được “đích mục sở thị” màn test live ngay tại sự kiện. Đồng thời, nhiều CV ứng tuyển đã được gửi tới các chuyên gia đến từ đơn vị IVS thuộc FPT Software, tạo cơ hội phỏng vấn trực tiếp các vị trí Manual Test, Automation Test. Cùng với đó, nhiều bạn đã mang về những phần quà công nghệ giá trị khi tham gia sự kiện. Anh Nguyễn Đình Đán - Quản lý Nhân sự cấp cao tại FPT Software giới thiệu về Trung tâm Kiểm thử phần mềm Tự động IVS Chị Nguyễn Thị Hồng Quỳnh - Project Manager/ Human Resource tại FPT Software chia sẻ về các kinh nghiệm khi làm Tester Tọa đàm giải đáp các câu hỏi của sinh viên trong Khoa Thông qua buổi tọa đàm, sinh viên đã nhận được các kiến thức bổ ích trở thành Tester toàn năng trong tương lai, cập nhật các xu hướng mới nhất trong ngành Tester và tầm quan trọng Tester với ngành công nghiệp phần mềm hiện nay, khám phá lộ trình phát triển nghề nghiệp của Tester. Đồng thời, tiếp cận và trực tiếp ứng tuyển các cơ hội việc làm toàn cầu, chuẩn bị hành trang để sẵn sàng tham gia các dự án lớn tại FPT Software. Hội thảo thu hút số lượng lớn sinh viên quan tâm, tham gia và tìm hiểu Rất nhiều câu hỏi sinh viên quan tâm đến chương trình Sinh viên nhận được nhiều phần quà công nghệ hấp dẫn từ doanh nghiệp Buổi hội thảo kết\\n', 'content: Hội thảo khoa học ""Công nghệ phần mềm & Khoa học dữ liệu"" năm 2022 Trong ngày 29/06/2022, Hội thảo khoa học với chủ đề ""Công nghệ phần mềm & Khoa học dữ liệu"" do Khoa Công nghệ thông tin Trường Đại học Công nghiệp Hà Nội tổ chức đã thu hút sự tham gia của hơn 40 nhà khoa học, giảng viên đang công tác tại các đơn vị liên quan đến lĩnh vực CNTT trong trường. Phát biểu khai mạc, TS. Đặng Trọng Hợp – Trưởng khoa CNTT nhấn mạnh: Hội thảo khoa học Khoa CNTT diễn ra hàng năm, là diễn đàn để các thầy cô và nhà khoa học thảo luận về các lĩnh vực mới, tiên tiến của CNTT và ứng dụng trong hoạt động dạy học, nghiên cứu khoa học tại Đại học Công nghiệp Hà Nội. Hội thảo được xuất bản kỷ yếu trong đó các báo cáo có hàm lượng khoa học cao sẽ được chọn lọc đăng tải ở các tạp chí uy tín trong và ngoài nước. Thế giới đang trải qua cuộc cách mạng công nghiệp 4.0 với đặc trưng là Dữ liệu lớn (Big data), Trí tuệ nhân tạo (AI), Internet vạn vật (IoT), Điện toán đám mây (Cloud computing) và Khoa học dữ liệu (Data Science). Theo xu hướng đó, Khoa học dữ liệu là chủ đề được quan tâm tại các Hội nghị Khoa học. Hội thảo tập trung thảo luận các báo cáo của các nhà khoa học và một số nhóm nghiên cứu nổi bật trình bày về một số đề tài tiềm năng, kết quả nghiên cứu ứng dụng trong công nghệ thông tin. PGS. TS. Nguyễn Quang Uy - Học viện Kỹ thuật quân sự trình bày Th.S Trần Thanh Hùng - Khoa Công nghệ thông tin trình bày ""Xây dựng ứng dụng hỗ trợ an toàn trong lái xe bằng công nghệ AI"" Thứ Tư, 15:28 29/06/2022 Tags:\\nnext_contents:\\n', 'content: chú học bài hay không. Phần mềm này có thể giám sát 24/24 và đưa ra đánh giá với độ chính xác cao”, TS Đặng Trọng Hợp cho biết thêm. Nhiều sinh viên nghiên cứu về AI, IoT, Blockchain Cũng theo đại diện Khoa Công nghệ thông tin (Đại học công nghiệp Hà Nội), hiện, khoa có 4000 sinh viên đang theo học, tỷ lệ sinh viên đã tham gia nghiên cứu khoa học là 10% (tương đương khoảng 400 sinh viên). ""Trong tổng số 59 đề tài nghiên cứu khoa học của sinh viên khoa công nghệ thông tin trong năm 2021, có rất nhiều đề tài nghiên cứu về các lĩnh vực mới như Trí tuệ nhân tạo (AI), IoT hay Blockchain"", TS. Đặng Trọng Hợp, trưởng khoa CNTT nói. Nguồn: Báo Lao Động Thứ Năm, 10:53 13/01/2022 Tags: Báo Lao Động phóng sự phỏng vấn sinh viên Đại học Công nghiệp Hà Nội HaUI ĐHCNHN phần mềm gian lận thi cử\\nnext_contents:\\n- camera giám sát. Từ các cử động được ghi nhận, nhóm nghiên cứu đưa ra thuật toán thứ 2, phân tích và nhận diện các hành vi bất thường trong quá trình làm bài thi. Sau đó, thông báo sẽ được gửi về cho giám thị. Với phần mềm này, mỗi phòng thi chỉ cần 1 giám thị coi thi là đủ thay vì 3 – 4 giám thị như trước kia. “Ví dụ với phòng thi chỉ có 1 giám thị, khi giám thị không để ý thì các thí sinh có thể quay ngang, xem, nhìn hoặc làm việc gì đó nhưng với hệ thống này mọi hoạt động, cử chỉ được theo dõi 24/24, đồng thời phân tích và đánh giá. Bản thân các em sinh viên khi biết có hệ thống như vậy thì trong tinh thần là giảm bớt hẳn ý tưởng muốn gian lận đi rồi. Đây là hệ thống hỗ trợ rất đắc lực cho các hội đồng coi thi”, TS Vũ Việt Thắng nói. Đánh giá về đề tài nghiên cứu này, TS Đặng Trọng Hợp, Trưởng khoa CNTT cho biết, việc ứng dụng AI trong việc giám sát hành vi là hướng nghiên cứu có nhiều tiềm năng. Đồng thời có thể ứng dụng vào nhiều lĩnh vực trong cuộc sống. TS. Đặng Trọng Hợp, Trưởng khoa CNTT, Đại học Công nghiệp Hà Nội trả lời Báo Lao Động. Ảnh: PV “Bên cạnh việc dự kiến sử dụng trong các hoạt động đào tạo, thi cử của nhà trường, một số các công ty ở bên ngoài cũng đang tiếp cận với nhóm nghiên cứu để đề xuất hình thức phối hợp phát triển. Ví dụ như có công ty nghiên cứu về camera an ninh, họ cũng đặt vấn đề làm thế nào để kết hợp với camera để trong các gia đình. Hiện nay, con cái thường học online ở nhà, trong khi bố mẹ đi làm rất muốn biết là con mình ở nhà có chăm chú học bài hay không. Phần mềm này có thể giám sát 24/24 và đưa ra đánh giá với độ chính xác cao”, TS Đặng Trọng Hợp cho biết thêm. Nhiều sinh viên nghiên cứu về AI, IoT, Blockchain Cũng theo đại diện Khoa Công nghệ thông tin (Đại học công nghiệp Hà Nội), hiện, khoa có 4000 sinh viên đang theo học, tỷ lệ sinh viên đã tham gia nghiên cứu khoa học là 10% (tương đương khoảng 400 sinh viên). ""Trong tổng số 59 đề tài nghiên cứu khoa học của sinh viên khoa công nghệ thông tin trong năm 2021, có rất\\n', 'content: Hội thảo khoa Công nghệ thông tin năm 2020 với chủ đề ""Chuyển đổi số trong phát triển trường đại học thông minh"" Thứ Sáu, 12:35 25/12/2020 2752 Sáng ngày 25/12, Hội thảo khoa học khoa Công nghệ thông tin (CNTT) với chủ đề “Chuyển đổi số trong phát triển trường đại học thông minh” đã thu hút sự tham gia của hơn 30 nhà khoa học, giảng viên đang công tác tại các đơn vị liên quan đến lĩnh vực CNTT trong trường. Toàn cảnh hội thảo Phát biểu khai mạc, TS. Đặng Trọng Hợp - Phụ trách khoa CNTT nhấn mạnh: Hội thảo khoa học Khoa CNTT diễn ra hàng năm, là diễn đàn để các thầy cô và nhà khoa học thảo luận về các lĩnh vực mới, tiên tiến của CNTT và ứng dụng trong hoạt động dạy học, nghiên cứu khoa học tại Đại học Công nghiệp Hà Nội. Hội thảo được xuất bản kỷ yếu trong đó các báo cáo có hàm lượng khoa học cao sẽ được chọn lọc đăng tải ở các tạp chí uy tín trong và ngoài nước. TS. Đặng Trọng Hợp - Phụ trách khoa CNTT phát biểu khai mạc Hội thảo Với mục đích thảo luận về xu hướng chuyển đổi số ở Việt Nam và áp dụng chuyển đổi số trong phát triển trường đại học thông minh, thảo luận các chủ đề mới trong công nghệ phần mềm, khoa học dữ liệu và các vấn đề tiếp cận hiện đại của công nghệ thông tin, hội thảo khoa CNTT còn là cơ hội để các nhà khoa học, các giảng viên trao đổi chuyên môn về các mô hình, phương pháp dạy học trong xu thế chuyển đổi số. Đặc biệt, chương trình Hội thảo dành thời gian cho chuyên đề của PGS.TS. Nguyễn Ái Việt, nguyên Viện trưởng Viện CNTT - Đại học Quốc gia Hà Nội về chủ đề chuyển đổi số ở Việt Nam, tập trung (1) làm rõ một số khái niệm cơ bản về chuyển đổi số; (2) trình bày về cấu trúc tổ chức, cơ chế hoạt động của mô hình một hệ thống chuyển đổi số điển hình, về chính sách và môi trường dành cho nó, và về xu hướng phát triển của các hệ thống chuyển đổi số ở Việt Nam; (3) nêu các vấn đề cốt lõi và mô hình giải pháp chuyển đổi số trong việc phát triển một trường đại học thông minh; (4) thảo luận về cấu trúc chương trình đào tạo, năng lực chuyên môn của giảng\\nnext_contents:\\n', 'content: mũi nhọn của nhà trường. TS. Phạm Thị Mai Hương - Trưởng khoa Công nghệ Hoá trao đổi các thông tin liên quan tới lựa chọn các ngành học về công nghệ hoá học TS. Lưu Thị Tho - Phó trưởng khoa Công nghệ May và Thiết kế thời trang tư vấn cho học sinh quan tâm đến ngành học về may mặc TS. Bồ Quốc Bảo - Phó trưởng khoa Điện tử với các câu hỏi về đội thi Robocon của trường Trường Ngoại ngữ - Du lịch (thuộc Đại học Công nghiệp Hà Nội) nhận được quan tâm đông đảo của học sinh và phụ huynh về các ngành học ngôn ngữ, du lịch. Tới tham quan, tìm hiểu tại khu vực tư vấn của Đại học Công nghiệp Hà Nội, bên cạnh việc tư vấn, giải đáp thắc mắc trực tiếp, xem video giới thiệu về nhà trường, về các ngành học, phụ huynh và học sinh quan tâm còn nhận được các ấn phẩm truyền thông với rất nhiều thông tin tham khảo, hỗ trợ việc lựa chọn ngành học theo đúng khả năng và nhu cầu. Dậy từ 4h sáng di chuyển từ Hải Dương lên Hà Nội để tham dự Ngày hội tư vấn tuyển sinh - hướng nghiệp 2022, hai bạn học sinh Trường THPT Chí Linh đang chăm chú tìm hiểu các ngành học của Đại học Công nghiệp Hà Nội. Ngoài các thầy cô giáo trong ban tư vấn tuyển sinh, lực lượng thanh niên xung kích và đội lễ tân cũng tích cực giới thiệu thông tin nhà trường tới các em học sinh và phụ huynh Năm 2022, Đại học Công nghiệp Hà Nội tuyển sinh đào tạo 45 ngành, trong đó có 5 ngành mới là: Trung Quốc học, Công nghệ đa phương tiện, Quản trị nhà hàng và dịch vụ ăn uống, Thiết kế cơ khí và kiểu dáng công nghiệp, Công nghệ kỹ thuật cơ điện tử ô tô. Chủ Nhật, 20:34 08/05/2022 Tags: Ngày hội tư vấn tuyển sinh hướng nghiệp 2022 Đại học Công nghiệp Hà Nội HaUI ĐHCNHN học sinh THPT phụ huynh\\nnext_contents:\\n- Ngày hội tư vấn tuyển sinh - hướng nghiệp 2022: Trên 14.000 lượt tiếp cận thông tin tại khu vực tư vấn của HaUI Chủ Nhật, 20:34 08/05/2022 4089 Ngày 08/5/2022, tại Trường Đại học Bách khoa Hà Nội đã diễn ra Ngày hội tư vấn tuyển sinh - hướng nghiệp 2022. Khu vực tư vấn của Đại học Công nghiệp Hà Nội từ sáng sớm đã rất đông học sinh, phụ huynh quan tâm, cho thấy sức hút của một trường đại học uy tín và danh tiếng. Năm nay, HaUI đã thu hút trên 14.000 lượt tiếp cận thông tin tuyển sinh. Khu vực tư vấn của Đại học Công nghiệp Hà Nội tại Ngày hội tư vấn tuyển sinh - hướng nghiệp năm 2022 Ngày hội Tư vấn tuyển sinh - hướng nghiệp năm 2022 có quy mô lớn nhất từ trước tới nay với gần 200 gian tư vấn của gần 100 cơ sở đào tạo đại học, cao đẳng trên cả nước. Ngày hội do Báo Tuổi trẻ, Bộ Giáo dục và Đào tạo, Tổng cục Giáo dục nghề nghiệp (Bộ Lao động-Thương binh và Xã hội) tổ chức với sự đồng hành của Tập đoàn Vingroup. TS. Lê Văn Thái - Phó trưởng phòng Đào tạo trực tiếp giải đáp thắc mắc của phụ huynh và học sinh Đội ngũ ban tư vấn của Đại học Công nghiệp Hà Nội đã làm việc rất tận tình và đầy trách nhiệm, trực tiếp cung cấp, giải đáp, tư vấn cho phụ huynh và học sinh các trường THPT nhiều thông tin liên quan tới đề án tuyển sinh của nhà trường, cách thức xét tuyển, thông tin về học bổng, cơ sở vật chất, cũng như điều kiện học tập tại Đại học Công nghiệp Hà Nội. PGS.TS. Hoàng Tiến Dũng - Trưởng Khoa Cơ khí cung cấp thêm thông tin cho phụ huynh và học sinh về các ngành học thế mạnh, mũi nhọn của nhà trường. TS. Phạm Thị Mai Hương - Trưởng khoa Công nghệ Hoá trao đổi các thông tin liên quan tới lựa chọn các ngành học về công nghệ hoá học TS. Lưu Thị Tho - Phó trưởng khoa Công nghệ May và Thiết kế thời trang tư vấn cho học sinh quan tâm đến ngành học về may mặc TS. Bồ Quốc Bảo - Phó trưởng khoa Điện tử với các câu hỏi về đội thi Robocon của trường Trường Ngoại ngữ - Du lịch (thuộc Đại học Công nghiệp Hà Nội) nhận được quan tâm đông đảo của học sinh và phụ huynh về các ngành\\n']","['Tọa đàm cùng các doanh nghiệp đặc biệt với chủ đề đầy tính thời sự và ý nghĩa - ""Hướng đi đúng cho sinh viên CNTT trong kỷ nguyên AI” là một cuộc đối thoại về xu hướng công nghệ, cơ hội để chúng ta lắng nghe và cảm nhận tinh thần tiên phong, sáng tạo của thế hệ trẻ, đặc biệt là các bạn sinh viên CNTT, trong sứ mệnh khai thác AI, phát triển các giải pháp thông minh, và định hình tương lai công nghệ bền vững. Tọa đàm ""Làn Sóng Layoff và Cách Đối Mặt” là chủ đề rất nóng hổi và gần gũi với thực tế hiện nay, đặc biệt là trong bối cảnh biến động của thị trường lao động toàn cầu. Tại chương trình, Các bạn tân sinh viên được đắm mình trong không gian âm nhạc sôi động với những ca khúc đình đám, cùng nhau hát vang và hòa mình vào không khí của sự kiện. Nơi đây ngoài những câu lạc bộ về học thuật còn có vô vàn các câu lạc bộ ngoại khóa như thanh niên tình nguyện, hỗ trợ kỹ thuật, truyền thông…là môi trường tốt để các bạn tạo dựng những mối quan hệ mới, khám phá tài năng của bản thân và cùng nhau viết nên những kỷ niệm đẹp đẽ trong hành trình mới. Đại diện Câu lạc bộ thanh niên tình nguyện Khoa CNTT giới thiệu về CLB Đại diện Câu lạc bộ truyền thông FIT-Media giới thiệu về Câu lạc bộ Đại diện Đội nghệ thuật Istar Khoa CNTT giới thiệu về đội Đại diện Câu lạc bộ thể thao thao điện tử HEC giới thiệu về Câu lạc bộ Đại diện Câu lạc bộ Tin học HIT Khoa CNTT giới thiệu về CLB Được đầu tư công phu và kỹ lưỡng, chương trình Chào tân sinh viên Khóa 19 Khoa Công nghệ thông tin là chương trình mở đầu cho các chương trình, sự kiện tiếp tục với những hoạt động đồng hành cùng các bạn sinh viên trong thời gian sắp tới. Chắc hẳn hứa hẹn sẽ lưu lại nhiều kỷ niệm đáng nhớ trong những năm tháng thanh xuân dưới ngôi nhà chung Khoa Công nghệ thông tin Trường Đại học Công Nghiệp Hà Nội. Thứ Hai, 11:54 14/10/2024 Tags:']","### Hoạt động khóa và các hoạt động đoàn hội tại Khoa Công nghệ Thông tin

1. **Hoạt động khóa**:
   - Khoa Công nghệ Thông tin thường xuyên tổ chức các hội thảo, tọa đàm về các chủ đề công nghệ mới, như AI, Data Analytics, và các lĩnh vực liên quan đến công nghệ thông tin.
   - Các sự kiện này không chỉ giúp sinh viên cập nhật kiến thức mà còn tạo cơ hội để giao lưu, học hỏi từ các chuyên gia trong ngành.

2. **Hoạt động đoàn hội**:
   - Khoa tổ chức nhiều hoạt động ngoại khóa, bao gồm các cuộc thi, hội thảo, và các chương trình giao lưu với doanh nghiệp.
   - Các hoạt động này nhằm tạo điều kiện cho sinh viên phát triển kỹ năng mềm, nâng cao khả năng làm việc nhóm và giao tiếp.

### Tại sao sinh viên CNTT lại cần tham gia tọa đàm về AI?

- **Cập nhật kiến thức**: Tọa đàm về AI giúp sinh viên nắm bắt được các xu hướng công nghệ mới, từ đó áp dụng vào thực tiễn.
- **Kết nối với chuyên gia**: Tham gia tọa đàm là cơ hội để sinh viên giao lưu, học hỏi từ các chuyên gia trong lĩnh vực AI, mở rộng mạng lưới quan hệ.
- **Phát triển kỹ năng**: Các buổi tọa đàm thường bao gồm phần thảo luận, giúp sinh viên rèn luyện kỹ năng phân tích, tư duy phản biện và khả năng trình bày ý tưởng.

Tham gia các hoạt động này không chỉ giúp sinh viên nâng cao kiến thức mà còn chuẩn bị tốt hơn cho sự nghiệp trong tương lai.

[Hội thảo Data Analyst - Hướng đi mới cho sinh viên khối ngành CNTT] - [**Link tham khảo**](https://fit.haui.edu.vn/vn/tin-tuc/hoi-thao-data-analyst-huong-di-moi-cho-sinh-vien-khoi-nganh-cntt/67448).","Sinh viên CNTT cần tham gia tọa đàm về AI để lắng nghe và cảm nhận tinh thần tiên phong, sáng tạo của thế hệ trẻ trong sứ mệnh khai thác AI, phát triển các giải pháp thông minh, và định hình tương lai công nghệ bền vững.",0.7560046954761755,0.6388888888675925,0.45,1.0,1.4924709796905518,15.677470207214355
Trường Đại học Công Nghiệp Hà Nội có những hoạt động gì trong nhiệm kỳ 2024 - 2027?,"['content: [daidoanket] Trường đại học chuẩn bị những điều kiện gì để ‘lên’ đại học? Thứ Năm, 13:26 22/02/2024 220 Tính tới tháng 2/2024, nhiều trường đại học đã có lộ trình chuyển đổi lên đại học với các trường thành viên. Trường Đại học Công nghiệp Hà Nội đã xác định lộ trình đến năm 2025 đạt đủ các điều kiện để chuyển đổi mô hình lên đại học với đa lĩnh vực, ngành đào tạo theo quy định của Chính phủ. Để thực hiện lộ trình này, trường dự kiến thành lập 3 trường thành viên từ năm 2024 - 2025 là: Điện - Điện tử, Kinh tế quản lý và Công nghệ thông tin truyền thông. Cán bộ coi thi phổ biến quy chế thi tốt nghiệp THPT năm 2023. Ảnh: Nguyễn Hoài. Trước đó, tháng 12/2021, Hội đồng Trường Đại học Công nghiệp Hà Nội thành lập Trường Ngoại ngữ - Du lịch. Đây là trường trực thuộc đầu tiên, trên cơ sở nhập Khoa Ngoại ngữ (thành lập năm 2005) và Khoa Du lịch (thành lập năm 2000). Tiếp đến tháng 8/2023, Trường Cơ khí - Ô tô được thành lập trên cơ sở sáp nhập và phát triển khoa Cơ khí và khoa Công nghệ ô tô. Theo TS. Kiều Xuân Thực - Hiệu trưởng Trường Đại học Công nghiệp Hà Nội, trong lộ trình chuyển đổi, bài toán của nhà trường là tái cấu trúc các khoa sẵn có, chứ không phải là bài toán tăng quy mô. Trường Đại học Kinh tế Quốc dân cũng đã xây dựng và ban hành chiến lược phát triển giai đoạn 2021 - 2030, trong đó xác định rõ lộ trình để hướng tới đại học. Theo đó, trường sẽ thành lập 3 trường thành viên: Kinh doanh, Kinh tế, Công nghệ. Sinh viên 3 trường thành viên khi tốt nghiệp, chỉ có một cơ sở duy nhất cấp bằng, đó là Đại học Kinh tế Quốc dân. Về quy mô sinh viên khi chuyển đổi từ trường đại học thành đại học, phương hướng chiến lược của nhà trường là không tăng mạnh quy mô mà tập trung vào đầu tư chiều sâu, để làm sao quy mô sinh viên tương đối ổn định. Tuy nhiên, nhà trường có thể tăng nhẹ quy mô ở nhóm sinh viên các ngành công nghệ. Trường Đại học Hà Nội đã xây dựng Chiến lược phát triển giai đoạn 2021 – 2030, tầm nhìn đến năm 2045. Theo đó, nhà trường phấn đấu trở thành đại học\\nnext_contents:\\n', 'content: [doisongphapluat] Trường ĐH ở Hà Nội liên tục mở thêm cơ sở mới, mỗi năm tuyển sinh 7.000-8.000 sinh viên, năm 2025 phấn đấu một mục tiêu lớn Thứ Hai, 09:15 28/10/2024 135 Từ năm 2024-2025, Trường Đại học Công nghiệp Hà Nội sẽ thành lập thêm 3 trường mới, phấn đấu trong năm 2025 đủ điều kiện trở thành “Đại học”. Trường Đại học Công nghiệp Hà Nội (HaUI) là trường đại học công lập thuộc Bộ Công Thương. Ngôi trường có truyền thống đào tạo về khoa học kỹ thuật, kinh tế lâu đời bậc nhất Việt Nam (tiền thân là Trường Chuyên nghiệp Hà Nội thành lập năm 1898 và Trường Chuyên nghiệp Hải Phòng thành lập năm 1913). Sau nhiều năm xây dựng và phát triển, trường Đại học Công nghiệp Hà Nội hướng đến mục tiêu phát triển thành đại học đa ngành với nhiều trường thành viên. Hiện trường đang chuẩn bị các điều kiện để chuyển từ “trường Đại học” thành “Đại học”. Cụ thể trong thời gian qua, kế hoạch chuyển đổi đã được HaUI thực hiện bằng việc thành lập các trường trực thuộc. Vào tháng 12/2021, trường Đại học Công nghiệp Hà Nội đã thành lập Trường Ngoại ngữ - Du lịch, trên cơ sở khoa Ngoại ngữ và Du lịch. Đến tháng 8/2023, Trường Cơ Khí - Ô tô được thành lập trên cơ sở từ Khoa Cơ Khí và Khoa Công nghệ Ô tô. Từ năm 2024 - 2025, trường sẽ thành lập thêm 3 trường là Trường Điện - Điện tử, Trường Kinh tế và Trường Công nghệ Thông tin Truyền thông. Trong ảnh là Trường Kinh tế vừa được thành lập vào ngày 31/7 năm nay. Trong lộ trình trở thành đại học, ngoài việc thành lập các trường trực thuộc, thì HaUI cũng chủ trương hoạt động đào tạo gắn với thực tiễn, nhằm cung cấp ra thị trường lao động đội ngũ nhân sự có chất lượng cao, có khả năng làm việc trong thực tế. Hiện trường có 32.000 sinh viên. Con số này tương đương dân số của một huyện miền núi. Mỗi năm nhà trường tuyển 7.000 - 8.000 sinh viên. Trường có 6 phương thức tuyển sinh, trong đó, xét điểm thi THPT QG chiếm 65% tổng chỉ tiêu với mức điểm dao động từ 19 - 26 điểm (năm 2024). Theo lộ trình, đến năm 2025, Trường Đại học Công nghiệp Hà\\nnext_contents:\\n', 'content: [danviet] Trường Đại học Công nghiệp Hà Nội dự kiến điểm chuẩn năm 2024: Khối nào tăng? Thứ Hai, 09:25 29/07/2024 2270 Đại diện Trường Đại học Công nghiệp Hà Nội đã đưa ra dự kiến điểm chuẩn năm 2024 với các khối A00, A01, D01. Dự kiến điểm chuẩn Trường Đại học Công nghiệp Hà Nội năm 2024 Trước những lo lắng của thí sinh về điểm chuẩn đại học năm 2024, chia sẻ với PV báo Dân Việt, TS Thân Thanh Sơn, Trưởng phòng Đào tạo của Trường ĐH Công nghiệp Hà Nội, cho hay: ""Năm nay, Trường Đại học Công nghiệp Hà Nội tuyển sinh đại học chính quy 7.650 chỉ tiêu cho 52 ngành/chương trình đào tạo. Như vậy, so với năm 2023, trường đã tăng 150 chỉ tiêu và phân bổ cho ngành mở mới, tuyển sinh riêng. Hai ngành/chương trình đào tạo mới của trường là An toàn thông tin và Ngôn ngữ Trung Quốc (mô hình liên kết 2+2). Ngành An toàn thông tin có nhu cầu nhiều trong thời gian vừa qua ở Việt Nam và cả thế giới. Trong khi đó, nguồn nhân lực đào tạo mỗi năm không nhiều. Dự kiến điểm chuẩn Trường Đại học Công nghiệp Hà Nội năm 2024 sẽ tăng ở một số ngành hot. Ảnh: Tào Nga Ngành Ngôn ngữ Trung Quốc được quan tâm hiện nay do đầu tư thương mại 2 chiều giữa các nước lớn, cần nguồn nhân lực biên phiên dịch và quản lý. Chương trình 2 + 2 có nhiều lợi thế giúp sinh viên học 2 năm tại Trường và 2 năm tại Trung Quốc đào tạo nhân lực chất lượng cao"". Về điểm chuẩn, trường dành 65% chỉ tiêu thông qua phương thức xét điểm thi tốt nghiệp THPT. Qua công bố điểm thi ngày 17/7, phổ điểm A00, A01, D01 là 3 tổ hợp chủ yếu xét các ngành, tổ hợp như ngành Kỹ thuật, Công nghệ kỹ thuật, Sản xuất chế biến, Du lịch khách sạn… tăng lên. Với điểm thi, chỉ tiêu tăng nhẹ như vậy, dự kiến điểm chuẩn Trường Đại học Công nghiệp Hà Nội về cơ bản ổn định tùy từng ngành, từng lĩnh vực nhưng ngành hot cũng sẽ tăng nhẹ. Những ngành uy tín và mang thương hiệu nhà trường như Công nghệ kỹ thuật cơ khí, Kỹ thuật ô tô, Cơ điện tử, Điều khiển tự động hóa, Khoa học máy tính, Logistics và quản lý chuỗi cung ứng. Đại diện Trường Đại học\\nnext_contents:\\n', 'content: Kết quả xét tuyển Đại học chính quy năm 2024 Thứ Bảy, 19:30 17/08/2024 32586 Đại học Công nghiệp Hà Nội thông báo kết quả xét tuyển Đại học chính quy năm 2024 (Phương thức xét tuyển dựa trên kết quả thi tốt nghiệp THPT năm 2024) THÔNG BÁO Kết quả xét tuyển Đại học chính quy năm 2024 (Phương thức xét tuyển dựa trên kết quả thi tốt nghiệp THPT năm 2024) Căn cứ Quy chế tuyển sinh đại học ban hành kèm theo quyết định số 238/QĐ-ĐHCN ngày 02/3/2023 của Hiệu trưởng Trường Đại học Công nghiệp Hà Nội; Căn cứ Đề án tuyển sinh đại học năm 2024 của Trường Đại học Công nghiệp Hà Nội năm 2024; Căn cứ kết quả xét tuyển đại học chính quy năm 2024. Hội đồng tuyển sinh đại học Trường Đại học Công nghiệp Hà Nội thông báo: 1. Điểm chuẩn trúng tuyển đại học chính quy theo phương thức 3 - Xét tuyển dựa trên kết quả thi tốt nghiệp THPT 2024 TT Mã ngành/ CTĐT Tên ngành/chương trình đào tạo Điểm chuẩn trúng tuyển Tiêu chí phụ thứ nhất (*) Tiêu chí phụ thứ hai (**) 1 7210404 Thiết kế thời trang 23.56 TTNV ≤ 5 2 7220201 Ngôn ngữ Anh 24.68 Tiếng Anh > 7.80 Tiếng Anh = 7.80 và TTNV ≤ 3 3 7220204 Ngôn ngữ Trung Quốc 25.58 TTNV ≤ 4 4 7220204LK Ngôn ngữ Trung Quốc (LK2+2 với ĐHKHKT Quảng Tây) 24.91 TTNV ≤ 1 5 7220209 Ngôn ngữ Nhật 24.00 TTNV ≤ 4 6 7220210 Ngôn ngữ Hàn Quốc 24.86 TTNV ≤ 2 7 7229020 Ngôn ngữ học 25.25 TTNV ≤ 10 8 7310104 Kinh tế đầu tư 24.64 Toán > 7.60 Toán = 7.60 và TTNV ≤ 5 9 7310612 Trung Quốc học 24.51 TTNV ≤ 2 10 7320113 Công nghệ đa phương tiện 24.91 Toán > 8.80 Toán = 8.80 và TTNV ≤ 1 11 7340101 Quản trị kinh doanh 24.31 Toán > 7.80 Toán = 7.80 và TTNV ≤ 4 12 7340115 Marketing 25.33 Toán > 8.00 Toán = 8.00 và TTNV ≤ 2 13 7340125 Phân tích dữ liệu kinh doanh 24.25 Toán > 8.60 Toán = 8.60 và TTNV ≤ 6 14 7340201 Tài chính – Ngân hàng 24.74 Toán > 8.40 Toán = 8.40 và TTNV ≤ 3 15 7340301 Kế toán 24.01 Toán > 7.40 Toán = 7.40 và TTNV ≤ 5 16 7340302 Kiểm toán 24.45 Toán > 8.00 Toán = 8.00 và TTNV ≤ 3 17 7340404 Quản trị nhân lực 24.80 Toán > 8.00 Toán = 8.00 và TTNV ≤ 4 18\\nnext_contents:\\n', 'content: nước. Thực hiện kiểm định quốc tế chất lượng chương trình đào tạo. Trường Đại học Công nghiệp Hà Nội Thông tin tới Báo Đại biểu Nhân dân, TS. Kiều Xuân Thực, Hiệu trưởng Trường Đại học Công nghiệp Hà Nội cho hay, theo lộ trình, đến năm 2025, trường phấn đấu đạt đủ các điều kiện để chuyển thành Đại học theo quy định của Chính phủ. Kế hoạch chuyển đổi mô hình lên đại học với đa lĩnh vực, ngành đào tạo đã được Trường Đại học Công nghiệp Hà Nội thực hiện trong thời gian qua. Tháng 12.2021, Hội đồng trường Trường Đại học Công nghiệp Hà Nội đã ban hành nghị quyết thành lập Trường Ngoại ngữ - Du lịch. Đây là trường đầu tiên được thành lập trong Trường Đại học Công nghiệp Hà Nội, trên cơ sở nhập Khoa Ngoại ngữ (thành lập năm 2005) và Khoa Du lịch (thành lập năm 2000). Tháng 8.2023, trường Cơ khí - Ô tô được thành lập trên cơ sở sáp nhập và phát triển Khoa Cơ khí và Khoa Công nghệ ô tô. Dự kiến từ 2024 - 2025, sẽ có thêm 3 trường (Lĩnh vực Điện - Điện tử; Kinh tế quản lý và Công nghệ thông tin truyền thông) được thành lập. “Trong lộ trình chuyển đổi, bài toán của chúng tôi là bài toán tái cấu trúc các khoa sẵn có, chứ không phải là bài toán tăng quy mô”, TS. Kiều Xuân Thực chia sẻ. TS. Kiều Xuân Thực, Hiệu trưởng Trường Đại học Công nghiệp Hà Nội Theo đó, Trường Đại học Công nghiệp Hà Nội định hướng trở thành Đại học đào tạo, nghiên cứu khoa học ứng dụng đa năng, phát triển theo mô hình đại học thông minh. Trong lộ trình trở thành ""Đại học"", nhà trường chủ trương hoạt động đào tạo phải gắn với thực tiễn nhằm cung cấp ra thị trường lao động đội ngũ nhân sự có chất lượng cao, có khả năng làm việc trong thực tế. Thực hiện chủ trương này, tháng 4.2023, Trường Đại học Công nghiệp Hà Nội đã ra mắt “Ban cố vấn doanh nghiệp” cho năm chương trình đào tạo gồm Công nghệ kỹ thuật cơ khí, Công nghệ kỹ thuật ôtô, Khoa học máy tính, Công nghệ kỹ thuật điện tử viễn thông, Công nghệ kỹ thuật điện - điện tử. Năm chương trình đào tạo trình độ đại học của Đại học Công nghiệp Hà Nội định hướng\\nnext_contents:\\n- tạo và quản lý thuộc đại học và cấp các đơn vị thuộc trường thành viên. Đến năm 2025, hoàn thành việc thành lập 2 trường thành viên gồm: Trường Kinh doanh và Trường Ngôn ngữ và Văn hóa. Đến năm 2030, hoàn thành việc thành lập 2 trường thành viên: Trường Công nghệ - Truyền thông, Trường Quốc tế (đào tạo các chương trình liên kết với nước ngoài). Dự kiến thành lập thêm 2 trường thành viên đáp ứng các nhu cầu của thị trường lao động; thành lập từ 1 - 2 trung tâm nghiên cứu về các lĩnh vực có thế mạnh của trường; thành lập 1 trường phổ thông có nhiều cấp học trực thuộc Đại học Hà Nội; phấn đấu thành lập 1 phân hiệu ở trong nước và 1 văn phòng đại diện của Đại học Hà Nội tại nước ngoài. Về đào tạo, thực hiện mô hình đào tạo theo khung trình độ quốc gia Việt Nam phù hợp với hệ thống đào tạo quốc tế với cơ cấu giữa các trình độ đào tạo (cử nhân, thạc sĩ, tiến sĩ) đạt tỷ lệ 50:15:5. Nhà trường sẽ mở rộng quy mô đào tạo các trình độ, các hình thức đào tạo, đáp ứng xu hướng phát triển kinh tế - xã hội và theo hướng hội nhập quốc tế. Ưu tiên mở các ngành đào tạo liên ngành, xuyên ngành dạy bằng ngoại ngữ và đưa vào chương trình đào tạo các môn học mới đáp ứng nhu cầu xã hội và kỷ nguyên số. Xây dựng chuẩn đầu ra chương trình đào tạo theo hướng tiếp cận tiên tiến trên thế giới. Đổi mới toàn diện chương trình đào tạo theo hướng gia tăng kết nối với cộng đồng doanh nghiệp; thực hiện công nhận chuyển đổi tín chỉ, tăng tính liên thông trong đào tạo với các cơ sở giáo dục đại học trong và ngoài nước. Thực hiện kiểm định quốc tế chất lượng chương trình đào tạo. Trường Đại học Công nghiệp Hà Nội Thông tin tới Báo Đại biểu Nhân dân, TS. Kiều Xuân Thực, Hiệu trưởng Trường Đại học Công nghiệp Hà Nội cho hay, theo lộ trình, đến năm 2025, trường phấn đấu đạt đủ các điều kiện để chuyển thành Đại học theo quy định của Chính phủ. Kế hoạch chuyển đổi mô hình lên đại học với đa lĩnh vực, ngành đào tạo đã được Trường Đại học Công nghiệp Hà Nội thực hiện trong thời gian qua. Tháng 12.2021, Hội\\n']","['Chúc mừng thành công Đại hội đại biểu Liên chi đoàn Khoa Công nghệ thông tin Trường Đại học Công Nghiệp Hà Nội nhiệm kỳ 2024 – 2027 Ngày 31/10/2024, Đại hội đại biểu Liên chi Đoàn Khoa Công nghệ thông tin nhiệm kỳ 2024 - 2027 đã diễn ra thành công tốt đẹp tại tầng 3 tòa nhà A11, Trường Đại học Công nghiệp Hà Nội . Đây là sự kiện chính trị quan trọng của Liên chi Đoàn Khoa CNTT nhằm báo cáo kết quả hoạt động nhiệm kỳ 2022 - 2024 và bầu ra Ban chấp hành Liên chi Đoàn khóa XI nhiệm kỳ 2024 - 2027, đánh dấu một chặng đường trong công tác Đoàn và phong trào Đoàn của Liên chi.']","Trong nhiệm kỳ 2024 - 2027, Trường Đại học Công nghiệp Hà Nội đã tổ chức nhiều hoạt động quan trọng liên quan đến công tác Đoàn và Hội sinh viên. Dưới đây là một số thông tin nổi bật:

1. **Đại hội đại biểu Liên chi Đoàn Khoa Công nghệ thông tin**:
   - Ngày 31/10/2024, Đại hội đại biểu Liên chi Đoàn Khoa Công nghệ thông tin đã diễn ra thành công tại tầng 3 tòa nhà A11. Đại hội này nhằm báo cáo kết quả hoạt động nhiệm kỳ 2022 - 2024 và bầu ra Ban chấp hành mới cho nhiệm kỳ 2024 - 2027.
   - Khẩu hiệu hành động của nhiệm kỳ mới là: “Tuổi trẻ Khoa CNTT Khát vọng – Bản lĩnh – Dấn thân – Sáng tạo – Chuyển đổi”.

2. **Đại hội Đại biểu Đoàn TNCS Hồ Chí Minh**:
   - Đại hội Đại biểu Đoàn TNCS Hồ Chí Minh Trường Đại học Công nghiệp Hà Nội lần thứ XI cũng đã diễn ra thành công, với tinh thần tiên phong, bản lĩnh, đoàn kết, sáng tạo và hội nhập. Đại hội này sẽ cụ thể hóa nội dung Nghị quyết đại hội và triển khai thành những nhiệm vụ, hành động cụ thể cho nhiệm kỳ mới.

3. **Cuộc thi Thủ lĩnh sinh viên HaUI 2023**:
   - Vào ngày 14/10/2023, Đoàn Thanh niên - Hội Sinh viên Trường đã tổ chức cuộc thi ""Thủ lĩnh sinh viên HaUI năm 2023"", với sự tham gia của 11 đội thi. Cuộc thi bao gồm các phần thi như hiểu biết, tài năng và thể lực, thu hút đông đảo sinh viên tham gia.

Các hoạt động này không chỉ tạo cơ hội cho sinh viên thể hiện bản thân mà còn góp phần nâng cao tinh thần đoàn kết và phát triển kỹ năng mềm cho sinh viên trong trường.

Bạn có thể tham khảo thêm thông tin chi tiết qua các liên kết sau:
- [Đại hội đại biểu Liên chi Đoàn Khoa Công nghệ thông tin](https://fit.haui.edu.vn/vn/tin-tuc/chuc-mung-thanh-cong-dai-hoi-dai-bieu-lien-chi-doan-khoa-cong-nghe-thong-tin-truong-dai-hoc-cong-nghiep-ha-noi-nhiem-ky-2024-2027/71130) - [**Link tham khảo**](https://fit.haui.edu.vn/vn/tin-tuc/chuc-mung-thanh-cong-dai-hoi-dai-bieu-lien-chi-doan-khoa-cong-nghe-thong-tin-truong-dai-hoc-cong-nghiep-ha-noi-nhiem-ky-2024-2027/71130).
- [Đại hội Đại biểu Đoàn TNCS Hồ Chí Minh](https://www.haui.edu.vn/vn/tin-tuc/dai-hoi-dai-bieu-doan-tncs-ho-chi-minh-truong-dai-hoc-cong-nghiep-ha-noi-lan-thu-xi-nhiem-ky-2024-2027-tien-phong-ban-linh-doan-ket-sang-tao-hoi-nhap/65807) - [**Link tham khảo**](https://www.haui.edu.vn/vn/tin-tuc/dai-hoi-dai-bieu-doan-tncs-ho-chi-minh-truong-dai-hoc-cong-nghiep-ha-noi-lan-thu-xi-nhiem-ky-2024-2027-tien-phong-ban-linh-doan-ket-sang-tao-hoi-nhap/65807).
- [Cuộc thi Thủ lĩnh sinh viên HaUI 2023](https://www.haui.edu.vn/vn/hoat-dong-sinh-vien/an-tuong-soi-dong-cuoc-thi-thu-linh-sinh-vien-haui-2023/64492) - [**Link tham khảo**](https://www.haui.edu.vn/vn/hoat-dong-sinh-vien/an-tuong-soi-dong-cuoc-thi-thu-linh-sinh-vien-haui-2023/64492).

Nếu bạn cần thêm thông tin hoặc có câu hỏi khác, hãy cho tôi biết!","Trong nhiệm kỳ 2024 - 2027, Trường Đại học Công Nghiệp Hà Nội đã tổ chức Đại hội đại biểu Liên chi Đoàn Khoa Công nghệ thông tin vào ngày 31/10/2024, nhằm báo cáo kết quả hoạt động nhiệm kỳ 2022 - 2024 và bầu ra Ban chấp hành Liên chi Đoàn khóa XI.",0.9029484961524002,0.49999999995,0.0,0.0,1.5020899772644043,13.46173906326294
Nguyễn Tiến Tấn đã đóng vai trò gì trong Đại hội của Đoàn thanh niên Trường Đại học Công nghiệp Hà Nội?,"['content: Hội nghị Tổng kết Công tác Đoàn, hội và phong trào thanh niên năm học 2013 - 2014 Chiều ngày 25/9/2014, Đoàn Thanh niên Cộng sản Hồ Chí Minh trường Đại học Công nghiệp Hà Nội đã tổ chức Hội nghị Tổng kết Công tác Đoàn, hội và phong trào thanh niên năm học 2013 - 2014. Về tham dự Hội nghị có đồng chí Nguyễn Thiên Tú - Uỷ viên Ban Thường vụ, Trưởng ban Thanh niên Trường học Thành đoàn, Phó Chủ tịch thường trực Hội Sinh viên Thành phố Hà Nội. Đoàn Thanh niên Cộng sản Hồ Chí Minh trường Đại học Công nghiệp Hà Nội trực thuộc Thành Đoàn Hà Nội, là một trong những tổ chức cơ sở Đoàn mạnh và có quy mô lớn nhất của Thành phố. Trong suốt quá trình xây dựng và phát triển, Đoàn Thanh niên Trường luôn nhận được sự chỉ đạo, sát sao, quan tâm sâu sắc của Đảng uỷ, Ban Giám hiệu, cùng sự phối hợp hỗ trợ của các đơn vị chức năng trong toàn trường. Tại Hội nghị, đồng chí Trần Ngọc Khánh - Đảng uỷ viên, Bí thư Đoàn Trường đã tổng kết công tác đoàn, phong trào thanh niên năm học 2013 - 2014 và triển khai công tác năm học 2014 - 2015. TS. Hà Xuân Quang trao bằng khen cho các cá nhân, tập thể đạt thành tích tốt trong các phong trào đoàn. Ghi nhận những thành tích đạt được trong năm học vừa qua, thay mặt cho Ban Lãnh đạo Nhà trường, đồng chí Hà Xuân Quang – Bí thư Đảng uỷ, Phó Hiệu trưởng Nhà trường tin tưởng với những nền tảng được xây dựng vững chắc cùng sự chỉ đạo sát sao của Thành Đoàn Thành phố, Đoàn Thanh niên Trường sẽ tiếp tục phát triển và thực hiện thắng lợi các mục tiêu trong năm học mới 2014 - 2015. Đánh giá về các phong trào của Đoàn Thanh niên Trường Đại học Công nghiệp Hà Nội trong năm học vừa qua, đồng chí Nguyễn Thiên Tú đặc biệt ấn tượng đến sự thành công của mô hình ""Giảng đường xanh, ký túc xá xanh, Nhà trường xanh - sạch - đẹp"". Đồng chí hy vọng trong tương lai, tổ chức Đoàn của Nhà trường sẽ không ngừng lớn mạnh, trở thành mô hình tiêu biểu cho các trường khác trên địa bàn thành phố Hà Nội học tập kinh nghiệm. Với quyết tâm từng bước khắc phục khó khăn, không ngừng\\nnext_contents:\\n', 'content: Đại hội Đại biểu Đoàn TNCS Hồ Chí Minh Trường Đại học Công nghiệp Hà Nội lần thứ X: Tiên phong, bản lĩnh, đoàn kết, sáng tạo, hội nhập Thứ Hai, 18:48 13/06/2022 2720 Trong hai ngày 12 và 13/6/2022, Đại hội đại biểu Đoàn TNCS Hồ Chí Minh Trường ĐH Công nghiệp Hà Nội lần thứ X, nhiệm kỳ 2022 - 2024 diễn ra thành công tốt đẹp. Đồng chí Đỗ Minh Hiền được bầu giữ chức Bí thư Đoàn trường nhiệm kỳ 2022 - 2024. Đại hội là một sự kiện chính trị quan trọng, là ngày hội lớn của tuổi trẻ Đại học Công nghiệp Hà Nội, là nơi hội tụ và tỏa sáng trí tuệ, tâm huyết của 181 đại biểu là những cán bộ, đoàn viên ưu tú, đại diện cho gần 30.000 đoàn viên, thanh niên nhà trường. Tới dự và chỉ đạo Đại hội, về phía Thành đoàn Hà Nội, đồng chí Chu Hồng Minh - UV Ban Thường vụ Trung ương Đoàn, Thành ủy viên, Bí thư Thành đoàn; đồng chí Ngô Văn Thiện - UV Ban Thường vụ, Trưởng ban Đoàn kết Thanh niên và Địa bàn dân cư Thành đoàn; đồng chí Bùi Mạnh Hướng - UV Ban Thường vụ, Trưởng ban Công tác Thiếu nhi Thành đoàn Về phía Đại học Công nghiệp Hà Nội, có NGND.PGS.TS.Trần Đức Quý - Bí thư Đảng ủy, Hiệu trưởng nhà trường; NGƯT.PGS.TS.Lê Hồng Quân – Phó Bí thư Đảng ủy, Chủ tịch Hội đồng trường; cùng các đồng chí trong Đảng ủy, Ban Giám hiệu, Công đoàn trường; các đồng chí nguyên là Bí thư, Phó Bí thư, Ủy viên Ban Thường vụ Đoàn trường các thời kỳ; các đồng chí là trưởng, phó các Phòng, Khoa, Trung tâm, trường, viện, công ty thuộc Trường và 181 đại biểu đại diện cho gần 30.000 đoàn viên, thanh niên toàn trường. Toàn cảnh Đại hội đại biểu Đoàn TNCS Hồ Chí Minh trường Đại học Công nghiệp Hà Nội lần thứ X, nhiệm kỳ 2022 - 2024 Với chủ đề “Phát huy truyền thống anh hùng, tuổi trẻ trường Đại học Công nghiệp Hà Nội dưỡng tâm trong, rèn trí sáng, xây hoài bão lớn; xung kích, góp phần xây dựng nhà trường ngày càng vững mạnh ”. Đại hội lần này có nhiệm vụ đánh giá kết quả thực hiện Nghị quyết đại hội đại biểu khóa IX, xác định mục tiêu phương hướng công tác Đoàn và phong trào thanh niên nhiệm kỳ 2022 - 2024;\\nnext_contents:\\n', 'content: Đại hội Đại biểu Hội Sinh viên Việt Nam Trường Đại học Công nghiệp Hà Nội lần thứ IX, nhiệm kỳ 2023 – 2025 Thứ Ba, 18:15 20/06/2023 2111 Ngày 20/6/2023, Đại hội Đại biểu Hội Sinh viên Việt Nam Trường Đại học Công nghiệp Hà Nội lần thứ IX, nhiệm kỳ 2023 – 2025 đã diễn ra thành công tốt đẹp với sự tham dự của 213 đại biểu đại diện cho trí tuệ, sức trẻ, nhiệt huyết của hơn 32.000 hội viên, sinh viên đang học tập tại Trường Đại học Công nghiệp Hà Nội. Đại biểu tham dự Đại hội Đến tham dự và chỉ đạo Đại hội có sự hiện diện của đồng chí Trần Quang Hưng, Phó Bí thư Thành đoàn Hà Nội; đồng chí Hoàng Thanh Tâm, Uỷ viên Ban Thường vụ, Trưởng ban Thanh niên trường học Thành đoàn, Phó Chủ tịch Thường trực Hội Sinh viên Việt Nam thành phố Hà Nội; đồng chí Vũ Thị Minh Hằng, UVBCH, Phó Trưởng ban Thanh niên trường học Thành đoàn Hà Nội. Về phía Trường Đại học Công nghiệp Hà Nội, có: PGS.TS.Lê Hồng Quân, Bí thư Đảng uỷ, Chủ tịch Hội đồng Trường; TS.Kiều Xuân Thực, Phó bí thư Đảng uỷ, Hiệu trưởng nhà trường; PGS.TS.Phạm Văn Đông, Phó Hiệu trưởng; đồng chí Đỗ Minh Hiền, UVBCH Thành đoàn, Bí thư Đoàn thanh niên cùng đại diện trưởng, phó các đơn vị trong nhà trường Đoàn Chủ tịch tại Đại hội Đại hội Đại biểu Hội Sinh viên Việt Nam Trường Đại học Công nghiệp Hà Nội lần thứ IX, nhiệm kỳ 2023 – 2025 là sự kiện chính trị quan trọng của sinh viên Nhà trường. Đại hội có nhiệm vụ tổng kết và đánh giá công tác Hội và phong trào sinh viên nhiệm kỳ 2020 - 2023, thảo luận và quyết định phương hướng, nhiệm vụ, chương trình hành động của công tác Hội và phong trào sinh viên nhiệm kỳ 2023 - 2025; Đồng thời hiệp thương thống nhất bầu ra Ban chấp hành Hội Sinh viên trường khoá mới đủ trí tuệ, năng lực và phẩm chất đạo đức để gánh vác trách nhiệm và tổ chức chỉ đạo thực hiện thắng lợi các chủ trương, nhiệm vụ chính trị và chương trình công tác trong nhiệm kỳ tới. Trong phiên làm việc thứ nhất, Đại hội đã hiệp thương thống nhất Đề án nhân sự Ban Chấp hành, Ban Kiểm tra Hội Sinh\\nnext_contents:\\n', 'content: Đoàn, Bí thư Đoàn trường đeo Huy hiệu đoàn cho các đoàn viên mới được kết nạp Chúc mừng và giao nhiệm vụ tới đoàn viên Đại học Công nghiệp Hà Nội, đồng chí Đỗ Minh Hiền UV BCH Thành Đoàn, Bí thư Đoàn trường tin tưởng: Với sức trẻ và lòng nhiệt huyết, đoàn viên thanh niên nhà trường sẽ tập trung trí lực, sức lực để đóng góp nhiều hơn, mạnh hơn vào phong trào Đoàn – Hội của Đại học Công nghiệp Hà Nội, của phong trào thanh niên sinh viên Thủ đô và tuổi trẻ cả nước. Đồng chí Đỗ Minh Hiền, UV BCH Thành đoàn, Bí thư Đoàn trường khơi dậy khát vọng cống hiến của tuổi trẻ Đại học Công nghiệp Hà Nội Tuổi trẻ Đại học Công nghiệp Hà Nội sẵn sàng với khẩu hiệu :Tiên phong – Bản lĩnh – Sáng tạo – Phát huy truyền thống anh hùng. Một số hình ảnh tại chương trình: Thứ Ba, 17:13 26/03/2024 Tags: Đại học Công nghiệp Hà Nội tuổi trẻ Đoàn Thanh niên kỷ niệm thành lập Đoàn Thanh niên\\nnext_contents:\\n- Chủ động nắm tình hình, diễn biến tư tưởng của đoàn viên, thanh niên để kịp thời báo cáo, và có những biện giải quyết đối với những nguyện vọng hợp pháp, chính đáng. Hai là: Xây dựng lớp thanh niên có bản lĩnh chính trị vững vàng, có tri thức, lý tưởng, hoài bão, có ý chí và khát vọng vươn lên trong cuộc sống, nhiệt tình, hăng hái tham gia vào những việc mới, việc khó của xã hội. Đồng thời, củng cố, kiện toàn tổ chức, xây dựng nguồn cán bộ kế cận vừa ""hồng"" vừa ""chuyên"" để chuẩn bị cho đại hội đại biểu Đoàn trường nhiệm kỳ 2024 – 2027. Ba là: Thường xuyên tạo cơ chế, giao cho đoàn viên, thanh niên trực tiếp đảm nhận thực hiện những công trình, phần việc thanh niên; Tranh thủ nguồn lực xã hội hỗ trợ đoàn viên, thanh niên khởi nghiệp, lập nghiệp, nâng cao đời sống cho Đoàn viên thanh niên. PGS.TS. Lê Hồng Quân – Bí thư Đảng ủy, Chủ tịch Hội đồng trường tin tưởng: Bằng sức trẻ và nhiệt huyết của tuổi thanh xuân, đoàn viên thanh niên trường Đại học Công nghiệp Hà Nội cùng với tuổi trẻ cả nước sẽ viết tiếp truyền thống vẻ vang của Đoàn TNCS Hồ Chí Minh và thanh niên Việt Nam, phấn đấu hoàn thành xuất sắc nhiệm vụ trong sự nghiệp xây dựng phát triển nhà trường và xã hội. Tại chương trình, 04 thanh niên ưu tú được kết nạp vào Đoàn TNCS Hồ Chí Minh; 08 đồng chí đoàn viên được công nhận trưởng thành đoàn, 36 đồng chí đạt danh hiệu gương mặt trẻ tiêu biểu cấp trường, 180 sinh viên ưu tú được nằm trong danh sách trao cho Đảng ủy bồi dưỡng, kết nạp. Đồng chí Đỗ Minh Hiền, UV BCH Thành Đoàn, Bí thư Đoàn trường đeo Huy hiệu đoàn cho các đoàn viên mới được kết nạp Chúc mừng và giao nhiệm vụ tới đoàn viên Đại học Công nghiệp Hà Nội, đồng chí Đỗ Minh Hiền UV BCH Thành Đoàn, Bí thư Đoàn trường tin tưởng: Với sức trẻ và lòng nhiệt huyết, đoàn viên thanh niên nhà trường sẽ tập trung trí lực, sức lực để đóng góp nhiều hơn, mạnh hơn vào phong trào Đoàn – Hội của Đại học Công nghiệp Hà Nội, của phong trào thanh niên sinh viên Thủ đô và tuổi trẻ cả nước. Đồng chí Đỗ Minh Hiền, UV BCH\\n', 'content: Summer Festival - Bữa tiệc âm nhạc đầy sắc màu của SLT Thứ Sáu, 23:35 24/06/2022 2072 Tối ngày 24/6/2022, Liên chi Đoàn - Liên chi Hội Sinh viên Trường Ngoại ngữ - Du lịch (SLT) tổ chức chương trình nghệ thuật Summer Festival, chào mừng thành công Đại hội đại biểu đoàn TNCS Hồ Chí Minh Trường Đại học Công nghiệp Hà Nội lần thứ X, nhiệm kỳ 2022 - 2024. Tham dự chương trình có: đồng chí Nguyễn Đình Tiến - Phó Bí thư Đoàn Thanh niên Trường Đại học Công nghiệp Hà Nội; đồng chí Phạm Thanh Tùng - Chủ tịch Hội Sinh viên Trường Đại học Công nghiệp Hà Nội; TS. Trần Ngọc Đức - Phó Hiệu trưởng Trường Ngoại ngữ - Du lịch, Trường Đại học Công nghiệp Hà Nội; cùng đông đảo các thầy cô, sinh viên tới tham gia chương trình. Cùng với các tiết mục văn nghệ sôi động, Liên chi Đoàn - Liên chi Hội sinh viên Trường Ngoại ngữ - Du lịch đã ra mắt 11 Câu lạc bộ, đội, nhóm trực thuộc, là thành tố quan trọng trong việc thúc đẩy các công tác Đoàn - Hội và phong trào thanh niên, sinh viên. Tại chương trình nghệ thuật Summer Festival còn có sự ra mắt của “4SV COFFEE” - mô hình sáng tạo lấy từ ý tưởng từ chính các giờ thực hành pha chế của sinh viên trường Ngoại ngữ - Du lịch. Mô hình hứa hẹn sẽ mang tới nhiều kinh nghiệm thực tế cho sinh viên, từ các công đoạn chi tiết nhất như chọn lựa nguyên liệu, xây dựng ý tưởng, thiết kế quầy hàng, lên ý tưởng truyền thông,… TS. Nguyễn Văn Thiện - Trưởng phòng Tổ chức - Hành chính ĐHCNHN, TS. Hoàng Ngọc Tuệ - Hiệu trưởng Trường Ngoại ngữ - Du lịch, cùng các thầy cô ghé thăm gian hàng “4SV COFFEE”. “4SV COFFEE” thu hút sự quan tâm của rất nhiều thầy cô và các bạn sinh viên, góc khuôn viên xanh mát của HaUI bỗng trở nên sôi động và náo nhiệt hơn. Phía bên trong khuôn viên toà nhà A12, các tiết mục văn nghệ đầy màu sắc của chương trình nghệ thuật Summer Festival diễn ra sôi động, rất đông các thầy cô và sinh viên tham dự. SLT Band - một ban nhạc được ấp ủ nhiều tháng nay của các bạn sinh viên Trường Ngoại ngữ - Du lịch, cũng đã có một đêm ra mắt bùng nổ và ấn\\nnext_contents:\\n']","['Toàn cảnh đại hội Tới dự và chỉ đạo Đại hội, về phía Đoàn thanh niên Trường Đại học Công nghiệp Hà Nội có đồng chí Đỗ Minh Hiền – Bí thư Đoàn trường, đồng chí Nguyễn Tiến Tấn – Phó Bí thư Đoàn trường, đồng chí Lý Thị Ngọc Minh - Phó Chủ nhiệm Ủy Ban kiểm tra đoàn trường. Về phía Đảng bộ có TS. Đặng Trọng Hợp – Bí thư Chi bộ, Trưởng Khoa CNTT cùng các thầy cô cố vấn học tập, các Liên chi Đoàn bạn trong Trường. Với khẩu hiệu hành động: “Tuổi trẻ Khoa CNTT Khát vọng – Bản lĩnh – Dấn thân – Sáng tạo – Chuyển đổi”, Đại hội xác định nhiệm vụ đã đề ra trong nhiệm kỳ 2022 - 2024, thẳng thắn nhìn nhận, đánh giá thực trạng công tác Đoàn và phong trào thanh niên trong thời gian qua. Trên cơ sở đó, Đại hội sẽ thảo luận và quyết định mục tiêu, phương hướng, nhiệm vụ và các chương trình hành động trong nhiệm kỳ 2024 - 2027 phù hợp với yêu cầu và điều kiện thực tế. Đồng thời bầu ra Ban Chấp hành mới có đủ năng lực, trình độ, nhiệt huyết để hoàn thành sứ mệnh, nhiệm vụ chính trị được giao đồng thời trở thành người bạn đồng hành đáng tin cậy của đoàn viên, thanh niên Khoa CNTT. Đại hội được nghe đồng chí Nguyễn Chiến Thắng – Bí thư Ban chấp hành Liên chi Đoàn nhiệm kỳ 2022 - 2024 trình bày báo cáo kiểm điểm của Ban Chấp hành nhiệm kỳ 2022 - 2024. Theo đó Liên Chi Đoàn đã hoàn thành các nhiệm vụ Nhiều đồng chí được nhận các danh hiệu Chiến sỹ thi đua cấp cơ sở, Công đoàn viên hoàn thành xuất sắc nhiệm vụ, Sinh viên 5 tốt, đạt giải tại các cuộc thi trong và ngoài trường. Liên chi Đoàn nghiêm túc nhìn nhận cần tích cực tham gia hơn nữa các hoạt động gắn liền với kiến thức, chuyên môn. Nâng cao chất lượng công tác và chất lượng học tập. Đại hội được theo dõi Phóng sự tổng kết công tác Đoàn và phong trào thanh niên Khoa CNTT nhiệm kỳ 2022 – 2024, phương hướng nhiệm kỳ 2024 - 2027. Theo đó Liên chi Đoàn đã hoàn thành xuất sắc các chỉ tiêu cơ bản do Nghị quyết Đại hội đại biểu nhiệm kỳ 2022 – 2024 đã đề ra; đội ngũ cán bộ Đoàn cũng đã từng bước trưởng thành; vai trò của tuổi trẻ thông qua các phong trào như thanh niên tình nguyện, tuổi trẻ sáng tạo, các công tác tuyên truyền cũng đã được khẳng định và đóng góp tích cực vào mục tiêu chung của đơn vị. Liên chi Đoàn cũng đã tổ chức nhiều hoạt động mới mong muốn đẩy mạnh học tập, nghiên cứu khoa học với các chương trình hỗ trợ khởi nghiệp, hội nhập quốc tế. Ngoài ra Liên chi Đoàn cũng chú trọng việc xây dựng và phát triển tổ chức Đoàn, làm nòng cốt chính trị đối với tổ chức Hội Sinh viên. Tại Đại hội, đồng chí Đỗ Minh Hiền - Đảng ủy viên - Bí thư Đoàn trường đã ghi nhận và đánh giá cao nỗ lực của tập thể cán bộ đoàn, đoàn viên, sinh viên Khoa CNTT với phong trào Đoàn, phong trào Thanh niên; nhiệm kỳ 2022 – 2024 của Liên chi Khoa CNTT đã đánh dấu một bước tiến lớn trong nhiệm kỳ đầu tiên của Liên chi Đoàn. Đ/c Đỗ Minh Hiền - Đảng ủy viên - Bí thư đoàn Trường HAUI phát biểu tại đại hội']","Nguyễn Tiến Tấn không được nhắc đến trong các tài liệu liên quan đến Đại hội của Đoàn thanh niên Trường Đại học Công nghiệp Hà Nội. Tuy nhiên, có thông tin về các đại biểu và lãnh đạo tham dự các đại hội, như đồng chí Đỗ Minh Hiền được bầu giữ chức Bí thư Đoàn trường nhiệm kỳ 2022 - 2024 trong Đại hội lần thứ X diễn ra vào tháng 6 năm 2022.

Nếu bạn cần thông tin cụ thể hơn về vai trò của Nguyễn Tiến Tấn trong các hoạt động của Đoàn thanh niên, tôi khuyến nghị bạn tham khảo các nguồn khác hoặc liên hệ với trường để có thông tin chính xác hơn.

[Đại hội Đại biểu Đoàn TNCS Hồ Chí Minh Trường Đại học Công nghiệp Hà Nội lần thứ X] - [**Link tham khảo**](https://www.haui.edu.vn/vn/tin-tuc/dai-hoi-dai-bieu-doan-tncs-ho-chi-minh-truong-dai-hoc-cong-nghiep-ha-noi-lan-thu-x-tien-phong-ban-linh-doan-ket-sang-tao-hoi-nhap/63628).

Nếu bạn có thêm câu hỏi nào khác hoặc cần thông tin liên quan, hãy cho tôi biết!",Nguyễn Tiến Tấn là Phó Bí thư Đoàn trường và đã tham dự chỉ đạo Đại hội của Đoàn thanh niên Trường Đại học Công nghiệp Hà Nội.,0.0,0.5833333333041666,0.5,0.0,1.495487928390503,5.221769094467163
Liên chi Đoàn có những mục tiêu gì trong nhiệm kỳ tới theo chỉ đạo của TS. Đặng Trọng Hợp?,"['content: học 2016 - 2017. Đồng chí Nguyễn Văn Hùng - Chủ tịch Công đoàn Trường điều hành hội nghị Hội nghị CCVC đã quyết nghị: 1. Nhất trí thông qua báo cáo kiểm điểm thực hiện nghị quyết Hội nghị CCVC năm học 2015 - 2016 và đề ra phương hướng nhiệm vụ năm học 2016 - 2017. Báo cáo hoạt động của Ban Thanh tra Nhân nhân trong nhiệm kỳ. 2. Căn cứ phương hướng nhiệm vụ năm học 2016 - 2017, tiếp thu ý kiến của các đại biểu, Hội nghị CCVC Trường Đại học Công nghiệp Hà Nội có trách nhiệm xây dựng kế hoạch cụ thể nhằm triển khai thực hiện, tăng cường công tác kiểm tra, đôn đốc để nghị quyết đi vào thực tiễn. 3. Hội nghị đã bầu Nan thanh tra Nhân dân nhiệm kỳ 2016 - 2018 gồm 7 đồng chí. 4. Hội nghị đã tiến hành bỏ phiếu tín nhiệm các đồng chí trong Ban Giám hiệu và đồng chí kế toán trưởng. 5. Hội nghị đã nghe ý kiến phát biểu chỉ đạo của lãnh đạo Công đoàn Công thương Việt Nam, Đảng bộ Khối Công nghiệp Hà Nội. Những ý kiến đó sẽ được bổ sung vào nhiệm vụ năm học 2016 - 2017. 6. Hội nghị nhấn mạnh những chỉ tiêu trọng tâm và công tác thực hiện trong năm học 2016 - 2017. Ban Thanh tra Nhân dân nhiệm kỳ 2016 - 2018 ra mắt hội nghị. Năm học 2016 -2017 tiếp tục là năm thực hiện thành công Nghị quyết số 29-NQ/TW của Ban chấp hành Trung ương lần thứ 8, khóa XI về ""Đổi mới căn bản, toàn diện giáo dục và đào tạo đáp ứng yêu cầu công nghiệp hoá, hiện đại hoá trong điều kiện kinh tế thị trường định hướng xã hội chủ nghĩa và hội nhập quốc tế"". Dưới sự lãnh đạo của Đảng ủy, Ban Giám hiệu, sự đoàn kết, nhất trí cao của tập thể công chức, viên chức Nhà trường, Trường Đại học Công nghiệp Hà Nội quyết tâm hoàn các nhiệm vụ đã đề ra. Chủ Nhật, 07:26 06/11/2016 Tags:\\nnext_contents:\\n- Hội nghị Công chức viên chức Trường Đại học Công nghiệp Hà Nội Sáng ngày 05/11/2016, Hội nghị Công chức viên chức (CCVC) Trường Đại học Công nghiệp Hà Nội đã diễn ra và thành công tốt đẹp. Tham dự hội nghị có các đại biểu được bầu từ 38 đơn vị trong toàn trường. Hội nghị vui mừng chào đón sự có mặt của các đồng chí lãnh đạo Công đoàn Công Thương Việt Nam, đại diện lãnh đạo Bộ Công Thương, lãnh đạo Đảng bộ Khối Công nghiệp Hà Nội tới dự, chỉ đạo và chia vui. Hội nghị đã tiến hành kiểm điểm thực hiện nghị quyết hội nghị CCVC năm học 2015 - 2016 và đề ra phương hướng nhiệm vụ năm học 2016 - 2017. Thông qua báo cáo kiểm điểm và phương hướng hoạt động của Ban Thanh tra Nhân dân, bầu Ban Thanh tra Nhân dân nhiệm kỳ 2016 - 2018, hội nghị tiến hành bỏ phiếu tín nhiệm các đồng chí trong Ban Giám hiệu và Kế toán trưởng Nhà trường. PGS. TS. Trần Đức Quý, Bí thư Đảng uỷ, Hiệu trưởng Nhà trường thay mặt đoàn chủ tịch báo cáo kiểm điểm nghị quyết hội nghị CCVC năm học 2015 - 2016 và đề ra phương hướng nhiệm vụ năm học 2016 - 2017 Sau khi nghe đồng chí PGS. TS. Trần Đức Quý, Bí thư Đảng uỷ, Hiệu trưởng Nhà trường thay mặt đoàn chủ tịch báo cáo kiểm điểm nghị quyết hội nghị CCVC năm học 2015 - 2016 và đề ra phương hướng nhiệm vụ năm học 2016 - 2017, trả lời các ý kiến được tổng hợp từ Hội nghị CCVC cấp đơn vị, toàn thể hội nghị đã thảo luận với tinh thần trách nhiệm, đóng góp và bổ sung vào báo cáo kiểm điểm thực hiện nghị quyết Hội nghị CCVC năm học 2015 - 2016 và phương hướng nhiệm vụ năm học 2016 - 2017. Đồng chí Nguyễn Văn Hùng - Chủ tịch Công đoàn Trường điều hành hội nghị Hội nghị CCVC đã quyết nghị: 1. Nhất trí thông qua báo cáo kiểm điểm thực hiện nghị quyết Hội nghị CCVC năm học 2015 - 2016 và đề ra phương hướng nhiệm vụ năm học 2016 - 2017. Báo cáo hoạt động của Ban Thanh tra Nhân nhân trong nhiệm kỳ. 2. Căn cứ phương hướng nhiệm vụ năm học 2016 - 2017, tiếp thu ý kiến của các đại biểu, Hội nghị CCVC Trường Đại học Công nghiệp Hà Nội có trách nhiệm xây dựng kế hoạch cụ\\n', 'content: XI nhiệm kỳ 2024 - 2027 gồm 11 đồng chí: Đ/c Nguyễn Chiến Thắng - Bí thư Đ/c Nguyễn Trường An - Phó Bí thư Đ/c Nguyễn Hoàng Trang Anh - Phó Bí thư Đ/c Nguyễn Huy Công - Uỷ viên Đ/c Phan Việt Anh - Uỷ viên Đ/c Nguyễn Đình Việt - Uỷ viên Đ/c Lê Ngọc Nam Anh - Uỷ viên Đ/c Vũ Thị Huế - Uỷ viên Đ/c Trần Xuân Đức - Uỷ viên Đ/c Võ Tá Học - Uỷ viên Đ/c Nguyễn Hữu Nhật - Uỷ viên Hi vọng rằng dưới sự dẫn dắt của bộ máy Ban chấp hành mới tài năng, nhiệt huyết, Liên chi Khoa CNTT sẽ thực hiện được toàn bộ những mục tiêu đã đề ra, gặt hái thêm nhiều thành tích xuất sắc. BCH Liên chi Đoàn Khoa Công nghệ thông tin ra mắt Đại hội Đại biểu Liên chi đoàn Khoa CNTT nhiệm kỳ 2024 - 2027 đã diễn ra thành công tốt đẹp. Với tinh thần Khát vọng - Tiên phong - Đoàn kết - Bản lĩnh - Đổi mới, đại hội và tuổi trẻ nhà trường tin tưởng các đồng chí trong Ban chấp hành Liên chi Đoàn và tất cả các đoàn viên đoàn kết, sáng tạo cùng hoàn thành tốt các chỉ tiêu đặt ra và phấn đấu là Liên chi Đoàn đi đầu trong công tác Đoàn và phong trào Đoàn trường Đại học Công nghiệp Hà Nội. Một số hình ảnh đặc sắc tại đại hội: Thứ Hai, 11:35 04/11/2024 Tags:\\nnext_contents:\\n- cốt chính trị đối với tổ chức Hội Sinh viên. Tại Đại hội, đồng chí Đỗ Minh Hiền - Đảng ủy viên - Bí thư Đoàn trường đã ghi nhận và đánh giá cao nỗ lực của tập thể cán bộ đoàn, đoàn viên, sinh viên Khoa CNTT với phong trào Đoàn, phong trào Thanh niên; nhiệm kỳ 2022 – 2024 của Liên chi Khoa CNTT đã đánh dấu một bước tiến lớn trong nhiệm kỳ đầu tiên của Liên chi Đoàn. Đ/c Đỗ Minh Hiền - Đảng ủy viên - Bí thư đoàn Trường HAUI phát biểu tại đại hội Phát biểu chỉ đạo Đại hội, đồng chí TS. Đặng Trọng Hợp – Trưởng Khoa CNTT mong muốn trong nhiệm kỳ tới, Liên chi Đoàn đẩy mạnh các hoạt động nghiên cứu khoa học, đổi mới sáng tạo và khởi nghiệp trong đoàn viên thanh niên.. Tăng cường, đổi mới việc nắm bắt tình hình và kịp thời định hướng tư tưởng cho thanh niên, đặc biệt trên không gian mạng. Thúc đẩy các xu hướng, phong trào tích cực; hạn chế, khắc phục các xu hướng tiêu cực trong đoàn viên thanh niên. Nâng cao nhận thức của đoàn viên, thanh niên về tầm quan trọng của chuyển đổi số. TS. Đặng Trọng Hợp - Trưởng Khoa CNTT phát biểu chỉ đạo tại đại hội Ghi nhận những đóng góp trong công tác Đoàn của Liên chi Đoàn Khoa CNTT, Đoàn Trường đã trao tặng giấy khen cho các cá nhân, tổ chức đạt thành tích xuất sắc trong công tác Đoàn và phong trào thanh niên nhiệm kỳ 2022 - 2024. Các tập thể, cá nhân có thành tích suất sắc nhận giấy khen của Đoàn trường Sau hai phiên làm việc với tinh thần nghiêm túc và hiệu quả, Đại hội đã sáng suốt lựa chọn và bầu ra Ban chấp hành Liên chi Đoàn Khoa CNTT Khóa XI nhiệm kỳ 2024 - 2027 gồm 11 đồng chí: Đ/c Nguyễn Chiến Thắng - Bí thư Đ/c Nguyễn Trường An - Phó Bí thư Đ/c Nguyễn Hoàng Trang Anh - Phó Bí thư Đ/c Nguyễn Huy Công - Uỷ viên Đ/c Phan Việt Anh - Uỷ viên Đ/c Nguyễn Đình Việt - Uỷ viên Đ/c Lê Ngọc Nam Anh - Uỷ viên Đ/c Vũ Thị Huế - Uỷ viên Đ/c Trần Xuân Đức - Uỷ viên Đ/c Võ Tá Học - Uỷ viên Đ/c Nguyễn Hữu Nhật - Uỷ viên Hi vọng rằng dưới sự dẫn dắt của bộ máy Ban chấp hành mới tài năng, nhiệt huyết, Liên chi Khoa CNTT sẽ thực hiện được toàn bộ\\n', 'content: nghiệp giáo dục, đào tạo của đất nước và vì sự phát triển vững mạnh của Đảng bộ Trường Đại học Công nghiệp Hà Nội. Đồng chí Trịnh Huy Thành - Bí thư Đảng ủy khối Công nghiệp Hà Nội trao Huy hiệu 30 năm tuổi Đảng cho đồng chí Lê Văn Anh. Sau lễ trao Huy hiệu 30 năm tuổi Đảng, Hội nghị tiếp tục với phần sơ kết công tác giữa nhiệm kỳ Đại hội lần thứ VI của Đảng bộ nhà trường. PGS. TS.Trần Đức Quý – Bí thư Đảng ủy, Hiệu trưởng Nhà trường trình bày Kết quả thực hiện 4 chương trình công tác lớn thực hiện nghị quyết đại hội Đảng bộ nhà trường lần thứ VI nhiệm kỳ 2015-2020, Báo cáo Kết quả thực hiện Nghị quyết Đại hội Đảng bộ giữa nhiệm kỳ 2015-2020 (từ tháng 7/2015 đến tháng 4/2018) và định hướng nhiệm vụ trọng tâm đến năm 2020. Bí thư Trần Đức Quý khẳng định, Đảng ủy Nhà trường đã tập trung lãnh đạo, chỉ đạo và hoàn thành xuất sắc các chỉ tiêu, nhiệm vụ đề ra trong 4 chương trình công tác lớn thực hiện Nghị quyết Đảng bộ Nhà trường lần thứ VI, đó là: “Nâng cao năng lực lãnh đạo của chi bộ Đảng và cán bộ, đảng viên đáp ứng yêu cầu phát triển Nhà trường”;“Ổn định quy mô, điều chỉnh cơ cấu, ngành nghề, trình độ đào tạo hợp lý, nâng cao chất lượng đào tạo để duy trì sự phát triển bền vững của Nhà trường”;“Đẩy mạnh hoạt động nghiên cứu khoa học và chuyển giao công nghệ trong trường với doanh nghiệp; gắn kết hoạt động thực tập và giới thiệu việc làm cho học viên, sinh viên với các doanh nghiệp, tổ chức, cá nhân trong và ngoài nước”; “Xây dựng các tổ chức đoàn thể vững mạnh đóng góp tích cực vào sự phát triển bền vững của Nhà trường”. Toàn cảnh Hội nghị Theo báo cáo sơ kết giữa nhiệm kỳ Đại hội lần thứ VI, Đảng bộ Nhà trường đã tổ chức lãnh đạo các hoạt động trọng tâm: hoàn thành tổng chỉ tiêu tuyển sinh hàng năm theo đúng quy chế tuyển sinh của Bộ Giáo dục và Đào tạo, Bộ Lao động, Thương binh - Xã hội; tiếp tục mở rộng ngành, nghề đào tạo phù hợp với yêu cầu xã hội; phát huy hiệu quả mô hình đào tạo gắn với doanh nghiệp; hoàn thành xây dựng và công bố chuẩn đầu ra, công khai\\nnext_contents:\\n- của Đảng, của đất nước, dân tộc lên trên tất cả; hết lòng, hết sức phục vụ Tổ quốc, phụng sự Nhân dân, tận trung với nước, tận hiếu với dân…; phong cách Hồ Chí Minh về tư duy độc lập, tự chủ, sáng tạo, luôn gắn chặt lý luận với thực tiễn; phong cách làm việc dân chủ, khoa học, kỹ lưỡng, cụ thể, tới nơi, tới chốn; phong cách ứng xử văn hoá, tinh tế, đầy tính nhân văn, thấm đậm tinh thần yêu dân, trọng dân, vì dân; phong cách nói đi đôi với làm… Tác phong khoa học là yếu tố đầu tiên, là tiền đề căn bản để xây dựng phong cách, tác phong công tác của người đứng đầu. Có 4 tiêu chí của phong cách, tác phong khoa học của người đứng đầu, cán bộ, đảng viên: phải có thói quen nghiên cứu, khảo sát, thâm nhập vào thực tiễn; xác định mục tiêu, công tác, lộ trình, bước đi, biện pháp thích hợp; kiên định về nguyên tắc, mục tiêu nhưng linh hoạt về phương pháp; trong lãnh đạo, hành động, điều hành, quản lý phải kiểm tra, giám sát, kiểm soát, tổng kết, rút kinh nghiệm, bài học thực tế. Trong Lễ trao Huy hiệu 30 năm tuổi đảng diễn ra sáng nay tại Trường, đồng chí Trịnh Huy Thành – Bí thư Đảng ủy khối Công nghiệp Hà Nội chúc mừng và trao Huy hiệu 30 năm tuổi Đảng cho đồng chí Lê Văn Anh. Trong niềm vinh dự và xúc động, đồng chí Lê Văn Anh đã khẳng định: Hơn 30 năm đứng trên bục giảng và 30 năm đứng trong hàng ngũ của Đảng, đồng chí luôn tin tưởng vào sự lãnh đạo của Đảng, làm việc, phấn đấu và cống hiến cho Đảng. Đồng chí xin hứa sẽ tiếp tục rèn luyện, xây dựng khối đoàn kết, đóng góp cho sự nghiệp giáo dục, đào tạo của đất nước và vì sự phát triển vững mạnh của Đảng bộ Trường Đại học Công nghiệp Hà Nội. Đồng chí Trịnh Huy Thành - Bí thư Đảng ủy khối Công nghiệp Hà Nội trao Huy hiệu 30 năm tuổi Đảng cho đồng chí Lê Văn Anh. Sau lễ trao Huy hiệu 30 năm tuổi Đảng, Hội nghị tiếp tục với phần sơ kết công tác giữa nhiệm kỳ Đại hội lần thứ VI của Đảng bộ nhà trường. PGS. TS.Trần Đức Quý – Bí thư Đảng ủy, Hiệu trưởng Nhà trường trình bày Kết quả thực hiện 4 chương trình công tác lớn thực\\n', 'content: Hội nghị Tổng kết công tác xây dựng Đảng năm 2022 Thứ Sáu, 17:13 13/01/2023 983 Sáng ngày 13/1, Đại học Công nghiệp Hà Nội tổ chức Hội nghị Tổng kết công tác xây dựng Đảng năm 2022. PGS.TS.Trần Đức Quý - Bí thư Đảng ủy, Hiệu trưởng Nhà trường chủ trì Hội nghị. PGS.TS.Trần Đức Quý - Bí thư Đảng ủy, Hiệu trưởng nhà trường trình bày báo cáo tại Hội nghị Tổng kết Tổng kết công tác xây dựng Đảng 6 tháng cuối năm 2022, PGS.TS.Trần Đức Quý - Bí thư Đảng ủy, Hiệu trưởng nhà trường nhấn mạnh: Đảng ủy đã tiếp tục lãnh đạo, chỉ đạo nhà trường hoàn thành cơ bản các nhiệm vụ trọng tâm: 1. Hoàn thành chỉ tiêu tuyển sinh năm học 2022 - 2023; tiếp tục quản trị nhà trường theo mô hình Đại học Điện tử và triển khai một số dự án, đề án phát triển nhà trường,.... 2. Tổ chức Hội nghị VC, NLĐ và tổng kết năm học 2021-2022 từ cấp đơn vị đến nhà trường với hình thức, nội dung phù hợp, thiết thực và đạt hiệu quả. Thực hiện quy trình bổ nhiệm Hiệu trưởng nhà trường. 3. Tổ chức thành công đại hội chi bộ nhiệm kỳ 2022-2025 đúng mục đích, yêu cầu, chuẩn y 97 đồng chí chi uỷ các chi bộ đủ phẩm chất, có khả năng hoàn thành tốt nhiệm vụ được giao. Tổ chức Hội thao thể dục thể thao và Hội diễn nghệ thuật quần chúng năm 2022. Tổ chức Đại hội CĐBP tiến tới Đại hội Công đoàn Trường nhiệm kỳ 2023-2028. 4. Hoàn thành công tác giải phóng mặt bằng Dự án mở rộng cơ sở 1. Toàn cảnh Hội nghị Tổng kết công tác xây dựng Đảng năm 2022 Trong 6 tháng đầu năm 2023, Đảng bộ nhà trường lãnh đạo thực hiện tốt các nhiệm vụ: 1. Triển khai thực hiện kế hoạch tuyển sinh 2022 phù hợp với quy định mới theo hướng đa dạng hóa phương thức xét tuyển. Hoàn thiện báo cáo 05 CTĐT kiểm định theo tiêu chuẩn ABET. Tổ chức tự đánh giá và đánh giá ngoài các CTĐT theo kế hoạch. Tiếp tục đổi mới công tác khảo thí và kiểm tra đánh giá kết quả học tập của SV. 2. Tiếp tục thực hiện đổi mới, nâng cao năng lực quản trị đại học; Phát triển thương hiệu và văn hóa ĐHCNHN. 3. Tổ chức Đại hội Công đoàn Trường nhiệm kỳ 2023 - 2028. Cũng tại Hội\\nnext_contents:\\n', 'content: Chúc mừng thành công Đại hội đại biểu Liên chi đoàn Khoa Công nghệ thông tin Trường Đại học Công Nghiệp Hà Nội nhiệm kỳ 2024 – 2027 Ngày 31/10/2024, Đại hội đại biểu Liên chi Đoàn Khoa Công nghệ thông tin nhiệm kỳ 2024 - 2027 đã diễn ra thành công tốt đẹp tại tầng 3 tòa nhà A11, Trường Đại học Công nghiệp Hà Nội . Đây là sự kiện chính trị quan trọng của Liên chi Đoàn Khoa CNTT nhằm báo cáo kết quả hoạt động nhiệm kỳ 2022 - 2024 và bầu ra Ban chấp hành Liên chi Đoàn khóa XI nhiệm kỳ 2024 - 2027, đánh dấu một chặng đường trong công tác Đoàn và phong trào Đoàn của Liên chi. Toàn cảnh đại hội Tới dự và chỉ đạo Đại hội, về phía Đoàn thanh niên Trường Đại học Công nghiệp Hà Nội có đồng chí Đỗ Minh Hiền – Bí thư Đoàn trường, đồng chí Nguyễn Tiến Tấn – Phó Bí thư Đoàn trường, đồng chí Lý Thị Ngọc Minh - Phó Chủ nhiệm Ủy Ban kiểm tra đoàn trường. Về phía Đảng bộ có TS. Đặng Trọng Hợp – Bí thư Chi bộ, Trưởng Khoa CNTT cùng các thầy cô cố vấn học tập, các Liên chi Đoàn bạn trong Trường. Với khẩu hiệu hành động: “Tuổi trẻ Khoa CNTT Khát vọng – Bản lĩnh – Dấn thân – Sáng tạo – Chuyển đổi”, Đại hội xác định nhiệm vụ đã đề ra trong nhiệm kỳ 2022 - 2024, thẳng thắn nhìn nhận, đánh giá thực trạng công tác Đoàn và phong trào thanh niên trong thời gian qua. Trên cơ sở đó, Đại hội sẽ thảo luận và quyết định mục tiêu, phương hướng, nhiệm vụ và các chương trình hành động trong nhiệm kỳ 2024 - 2027 phù hợp với yêu cầu và điều kiện thực tế. Đồng thời bầu ra Ban Chấp hành mới có đủ năng lực, trình độ, nhiệt huyết để hoàn thành sứ mệnh, nhiệm vụ chính trị được giao đồng thời trở thành người bạn đồng hành đáng tin cậy của đoàn viên, thanh niên Khoa CNTT. Đại hội được nghe đồng chí Nguyễn Chiến Thắng – Bí thư Ban chấp hành Liên chi Đoàn nhiệm kỳ 2022 - 2024 trình bày báo cáo kiểm điểm của Ban Chấp hành nhiệm kỳ 2022 - 2024. Theo đó Liên Chi Đoàn đã hoàn thành các nhiệm vụ Nhiều đồng chí được nhận các danh hiệu Chiến sỹ thi đua cấp cơ sở, Công đoàn viên hoàn thành xuất sắc nhiệm vụ, Sinh\\nnext_contents:\\n']","['Phát biểu chỉ đạo Đại hội, đồng chí TS. Đặng Trọng Hợp – Trưởng Khoa CNTT mong muốn trong nhiệm kỳ tới, Liên chi Đoàn đẩy mạnh các hoạt động nghiên cứu khoa học, đổi mới sáng tạo và khởi nghiệp trong đoàn viên thanh niên.. Tăng cường, đổi mới việc nắm bắt tình hình và kịp thời định hướng tư tưởng cho thanh niên, đặc biệt trên không gian mạng. Thúc đẩy các xu hướng, phong trào tích cực; hạn chế, khắc phục các xu hướng tiêu cực trong đoàn viên thanh niên. Nâng cao nhận thức của đoàn viên, thanh niên về tầm quan trọng của chuyển đổi số. TS. Đặng Trọng Hợp - Trưởng Khoa CNTT phát biểu chỉ đạo tại đại hội Ghi nhận những đóng góp trong công tác Đoàn của Liên chi Đoàn Khoa CNTT, Đoàn Trường đã trao tặng giấy khen cho các cá nhân, tổ chức đạt thành tích xuất sắc trong công tác Đoàn và phong trào thanh niên nhiệm kỳ 2022 - 2024. Các tập thể, cá nhân có thành tích suất sắc nhận giấy khen của Đoàn trường Sau hai phiên làm việc với tinh thần nghiêm túc và hiệu quả, Đại hội đã sáng suốt lựa chọn và bầu ra Ban chấp hành Liên chi Đoàn Khoa CNTT Khóa XI nhiệm kỳ 2024 - 2027 gồm 11 đồng chí: Đ/c Nguyễn Chiến Thắng - Bí thư Đ/c Nguyễn Trường An - Phó Bí thư Đ/c Nguyễn Hoàng Trang Anh - Phó Bí thư Đ/c Nguyễn Huy Công - Uỷ viên Đ/c Phan Việt Anh - Uỷ viên Đ/c Nguyễn Đình Việt - Uỷ viên Đ/c Lê Ngọc Nam Anh - Uỷ viên Đ/c Vũ Thị Huế - Uỷ viên Đ/c Trần Xuân Đức - Uỷ viên Đ/c Võ Tá Học - Uỷ viên Đ/c Nguyễn Hữu Nhật - Uỷ viên Hi vọng rằng dưới sự dẫn dắt của bộ máy Ban chấp hành mới tài năng, nhiệt huyết, Liên chi Khoa CNTT sẽ thực hiện được toàn bộ những mục tiêu đã đề ra, gặt hái thêm nhiều thành tích xuất sắc. BCH Liên chi Đoàn Khoa Công nghệ thông tin ra mắt Đại hội Đại biểu Liên chi đoàn Khoa CNTT nhiệm kỳ 2024 - 2027 đã diễn ra thành công tốt đẹp. Với tinh thần Khát vọng - Tiên phong - Đoàn kết - Bản lĩnh - Đổi mới, đại hội và tuổi trẻ nhà trường tin tưởng các đồng chí trong Ban chấp hành Liên chi Đoàn và tất cả các đoàn viên đoàn kết, sáng tạo cùng hoàn thành tốt các chỉ tiêu đặt ra và phấn đấu là Liên chi Đoàn đi đầu trong công tác Đoàn và phong trào Đoàn trường Đại học Công nghiệp Hà Nội. Một số hình ảnh đặc sắc tại đại hội: Thứ Hai, 11:35 04/11/2024 Tags:']","Liên chi Đoàn tại Trường Đại học Công nghiệp Hà Nội có những mục tiêu quan trọng trong nhiệm kỳ tới, theo chỉ đạo của TS. Đặng Trọng Hợp. Dưới đây là một số điểm nổi bật về hoạt động khóa và các mục tiêu của Liên chi Đoàn:

### Hoạt động khóa và các hoạt động Đoàn - Hội
1. **Đổi mới và sáng tạo**: Đoàn thanh niên và Hội sinh viên cần chú trọng vào việc đổi mới và sáng tạo trong các hoạt động để mang lại lợi ích thiết thực cho đoàn viên.
2. **Giáo dục tư tưởng**: Tổ chức các hoạt động Đoàn - Hội phải đặc biệt quan tâm đến giáo dục tư tưởng và đạo đức lối sống cho sinh viên.
3. **Đa dạng hóa hoạt động**: Các hoạt động cần phong phú về nội dung và hình thức để thu hút sự tham gia của đoàn viên.
4. **Kết nối và kết nghĩa**: Tăng cường các hoạt động kết nghĩa giữa các đơn vị, Đoàn - Hội trong trường.

### Mục tiêu trong nhiệm kỳ tới
1. **Giáo dục lý tưởng và đạo đức**: Bồi dưỡng lý tưởng, đạo đức cách mạng cho đoàn viên, sinh viên.
2. **Nâng cao chất lượng phong trào**: Đổi mới phương thức và nâng cao chất lượng phong trào thanh niên tình nguyện.
3. **Khởi nghiệp sáng tạo**: Thúc đẩy hoạt động sáng tạo trong đoàn viên, sinh viên, hỗ trợ khởi nghiệp.
4. **Phát triển kỹ năng**: Tập trung vào việc phát triển kỹ năng xã hội và thể chất cho sinh viên.

### Kết quả đạt được
- Đoàn thanh niên đã có nhiều sáng kiến và đề tài nghiên cứu khoa học có giá trị ứng dụng cao.
- Các hoạt động tình nguyện và hỗ trợ cộng đồng được thực hiện tích cực, góp phần nâng cao hình ảnh của sinh viên trong xã hội.

Những mục tiêu và hoạt động này không chỉ giúp nâng cao chất lượng công tác Đoàn - Hội mà còn góp phần vào sự phát triển toàn diện của sinh viên trong nhà trường.

Nguồn tham khảo:
- [Hội nghị tổng kết công tác Đoàn - Hội và Phong trào thanh niên sinh viên năm học 2018 - 2019](https://www.haui.edu.vn/vn/tin-tuc/hoi-nghi-tong-ket-cong-tac-doan-hoi-va-phong-trao-thanh-nien-sinh-vien-nam-hoc-2018-2019/62574) - [**Link tham khảo**](https://www.haui.edu.vn/vn/tin-tuc/hoi-nghi-tong-ket-cong-tac-doan-hoi-va-phong-trao-thanh-nien-sinh-vien-nam-hoc-2018-2019/62574). 

Nếu bạn cần thêm thông tin hoặc có câu hỏi khác, hãy cho tôi biết!","Theo chỉ đạo của TS. Đặng Trọng Hợp, Liên chi Đoàn trong nhiệm kỳ tới sẽ đẩy mạnh các hoạt động nghiên cứu khoa học, đổi mới sáng tạo và khởi nghiệp trong đoàn viên thanh niên. Đồng thời, Liên chi Đoàn cũng sẽ tăng cường việc nắm bắt tình hình và kịp thời định hướng tư tưởng cho thanh niên, đặc biệt trên không gian mạng, thúc đẩy các xu hướng, phong trào tích cực và hạn chế các xu hướng tiêu cực trong đoàn viên thanh niên. Ngoài ra, Liên chi Đoàn cũng sẽ nâng cao nhận thức của đoàn viên, thanh niên về tầm quan trọng của chuyển đổi số.",0.8578965209232258,0.4499999999775,0.52,1.0,1.0379199981689453,10.356514930725098
Đội Thanh niên tình nguyện Khoa CNTT HaUI đã có những hoạt động gì trong nhiệm kỳ 2023-2024?,"['content: Hội nghị kiện toàn Đội Thanh niên tình nguyện Khoa CNTT nhiệm kỳ 2023-2024 Chiều 30/11/2024, Hội nghị Kiện toàn Đội Thanh niên tình nguyện Khoa Công nghệ thông tin Trường ĐH Công Nghiệp Hà Nội nhiệm kỳ 2023-2024 đã diễn ra. Đội Thanh niên tình nguyện Khoa CNTT HaUI là một trong những Đội hình tình nguyện nòng cốt trực thuộc Liên chi Đoàn Khoa CNTT Trường Đại học Công Nghiệp Hà Nội. Bước sang năm hoạt động thứ 16 với 16 lần kiện toàn Ban Chủ nhiệm, Đội Thanh niên tình nguyện Khoa CNTT được tổ chức quy củ, nề nếp, có phương hướng và kế hoạch hoạt động cụ thể, bài bản theo từng giai đoạn. Đội là nhân tố quan trọng đóng góp vào sự phát triển của công tác Đoàn và phong trào thanh niên Khoa CNTT HaUI. Đội Thanh niên tình nguyện Khoa CNTT HaUI đã trải qua 16 năm hoạt động với phương châm được xác định: Tình nguyện bốn bể là nhà - Hai mươi năm ấy vẫn là thanh xuân Tại Lễ Kiện toàn bạn Lê Minh Hùng, Nguyên Đội trưởng Đội Thanh niên tình nguyện ULSA khoá trước chia sẻ: ""Trong nhiệm kỳ quản lý Đội, được giao trọng trách là đội trưởng, mình cảm thấy rất may mắn khi được Ban chủ nhiệm, các thành viên trong Đội và đặc biệt là Đoàn Thanh niên trường tin tưởng và giúp đỡ tận tình. Được gắn bó với Đội suốt 4 năm đại học, đối với mình Đội tình nguyện đã trở thành gia đình thứ 2. Mình có quá nhiều kỷ niệm không thể quên với tập thể Đội. Mình rất tự hào khi nói rằng “ngôi nhà xanh FIT-HaUI” là một tập thể luôn nhiệt huyết, đoàn kết và vững mạnh. Đội đã đi tới nhiều nơi và hoàn thành được nhiều công trình, phần việc vì cộng đồng ý nghĩa Mình mong muốn và tin tưởng Ban Chủ nhiệm Đội trong nhiệm kỳ mới sẽ luôn phát huy tốt tinh thần, nhiệt huyết của tuổi trẻ, theo sự phân công và giao nhiệm vụ của Đoàn Thanh niên trường, quản lý đội thật tốt, để tập thể “ngôi nhà xanh FIT-HaUI” luôn đi đầu trong các phong trào, hoạt động của Đoàn Thanh niên Khoa CNTT-HaUI"". Trong năm học 2023-2024, Đội Thanh niên tình nguyện Khoa CNTT HaUI với định hướng, chỉ đạo của Đoàn Thanh niên trường, cùng với sự cố\\nnext_contents:\\n', 'content: nhằm kết nối các thành viên trong Đội; Vận động các thành viên trong Đội tích cực tham gia xung kích giữ gìn an ninh trật tự và an toàn xã hội. Chia sẻ khi nhận nhiệm vụ là tân Đội trưởng Đội Thanh niên tình nguyện Khoa CNTT HaUI khoá mới, bạn Nguyễn Hữu Nhật, đội trưởng nhiệm kỳ 2024-2025 cho biết: ""Mình rất vui vì được Ban Chấp hành Đoàn trường, ban chủ nhiệm khoá cũ và toàn đội tín nhiệm, tin tưởng giao trọng trách trở thành người dẫn dắt đội trong thời gian tới. Những thành tựu mà Đội Thanh niên tình nguyện Khoa CNTT HaUI đạt được trong thời gian qua có được là nhờ những đóng góp không ngừng nghỉ của ban lãnh đạo khoá cũ và các thành viên trong Đội"". ""Thời gian tới, mình và ban lãnh đạo khoá mới sẽ cố gắng hết sức để phát huy truyền thống của đội, tiếp tục đưa Đội Thanh niên tình nguyện Khoa CNTT HaUI phát triển đi lên; Trở thành một trong những lá cờ đầu trong hoạt động của Đoàn Thanh niên trường Đại học Công Nghiệp Hà Nội"", Nhật nhấn mạnh. Thứ Sáu, 14:26 06/12/2024 Tags:\\nnext_contents:\\n- nhiệm vụ công tác Đoàn và phong trào thanh niên năm 2025 sẽ tiếp tục tập trung bám sát sự chỉ đạo của Đoàn trường, xây dựng kế hoạch công tác khả thi, phù hợp với đặc thù của Đội; Tăng cường tuyên truyền, giáo dục chính trị tư tưởng, đạo đức lối sống, ý thức chấp hành pháp luật trong Đội viên; Thường xuyên theo dõi nắm bắt tình hình tư tưởng, tâm tư nguyện vọng của Đội viên; Đẩy mạnh các phong trào thi đua học tập, sáng tạo, tích cực rèn luyện tác phong, lề lối, nâng cao chất lượng, hiệu quả công việc gắn với đảm bảo hiệu quả học tập; Tiếp tục xây dựng, củng cố tổ chức của Đội, nâng cao chất lượng hoạt động Đoàn, chú trọng công tác kiểm tra, giám sát và thực hiện tốt công tác Đoàn tham gia xây dựng Đảng. Một số chỉ tiêu, nhiệm vụ cụ thể được toàn Đội xác định như: 100% đội viên gương mẫu, đẩy mạnh học tập và làm theo tư tưởng, đạo đức, phong cách Chủ tịch Hồ Chí Minh; Đội tiếp tục giới thiệu cho Đoàn trường để giới thiệu cho Đảng những đoàn viên ưu tú, chú trọng chất lượng đoàn viên, quần chúng ưu tú được giới thiệu cho Đảng; Thực hiện tốt chế độ thông tin, báo cáo Đoàn trường Đại học Công Nghiệp Hà Nội; Liên tục đổi mới các nội dung sinh hoạt của Đội, gắn hoạt động Đoàn với việc học tập; Nâng cao chất lượng hoạt động của Đội gắn với nâng cao tính chủ động của các thành viên trong Đội; Triển khai và tham gia tích cực các hoạt động, phong trào do Đoàn trường tổ chức; Mở rộng học hỏi, giao lưu với các Đội, CLB trong trường; Tăng cường tổ chức các hoạt động văn nghệ, thể thao nhằm kết nối các thành viên trong Đội; Vận động các thành viên trong Đội tích cực tham gia xung kích giữ gìn an ninh trật tự và an toàn xã hội. Chia sẻ khi nhận nhiệm vụ là tân Đội trưởng Đội Thanh niên tình nguyện Khoa CNTT HaUI khoá mới, bạn Nguyễn Hữu Nhật, đội trưởng nhiệm kỳ 2024-2025 cho biết: ""Mình rất vui vì được Ban Chấp hành Đoàn trường, ban chủ nhiệm khoá cũ và toàn đội tín nhiệm, tin tưởng giao trọng trách trở thành người dẫn dắt đội trong thời gian tới. Những thành tựu mà Đội Thanh\\n', 'content: trình, phần việc vì cộng đồng ý nghĩa Mình mong muốn và tin tưởng Ban Chủ nhiệm Đội trong nhiệm kỳ mới sẽ luôn phát huy tốt tinh thần, nhiệt huyết của tuổi trẻ, theo sự phân công và giao nhiệm vụ của Đoàn Thanh niên trường, quản lý đội thật tốt, để tập thể “ngôi nhà xanh FIT-HaUI” luôn đi đầu trong các phong trào, hoạt động của Đoàn Thanh niên Khoa CNTT-HaUI"". Trong năm học 2023-2024, Đội Thanh niên tình nguyện Khoa CNTT HaUI với định hướng, chỉ đạo của Đoàn Thanh niên trường, cùng với sự cố gắng, nỗ lực của toàn thể đội viên, cộng tác viên, Ban chủ nhiệm, Đội đã hoàn thành xuất sắc các nhiệm vụ năm học 2024 - 2025 và ghi nhiều dấu ấn, thành tích nổi bật; Được Đoàn Thanh niên, Ban Giám hiệu nhà trường ghi nhận, đánh giá cao. Ban Chủ nhiệm Khóa mới ra mắt Qua quá trình hoạt động, làm việc và xin ý kiến chỉ đạo của Ban Chấp hành Đoàn trường, tại buổi lễ Kiện toàn, Đội Thanh niên tình nguyện Khoa CNTT HaUI đã thống nhất, giới thiệu Ban chủ nhiệm Đội nhiệm kỳ 2024-2025 gồm 4 thành viên: Đồng chí Nguyễn Hữu Nhật – Chủ nhiệm, Đồng chí Phạm Thị Hải Hà – Phó chủ nhiệm, Đồng chí Nguyễn Thanh Tùng – Phó chủ nhiệm, Đồng chí Lê Văn Sơn – Phó chủ nhiệm Các thành viên trong đội đều là những cá nhân nhiệt huyết với công tác Đoàn, phong trào thanh niên Được biết, trong nhiệm kỳ 2024- 2025, phát huy những kết quả đạt được trong hoạt động năm 2024, bám sát định hướng, chỉ đạo của Đoàn Thanh niên trường Đại học Công Nghiệp Hà Nội, Đội Thanh niên tình nguyện Khoa CNTT HaUI xác định phương hướng, nhiệm vụ công tác Đoàn và phong trào thanh niên năm 2025 sẽ tiếp tục tập trung bám sát sự chỉ đạo của Đoàn trường, xây dựng kế hoạch công tác khả thi, phù hợp với đặc thù của Đội; Tăng cường tuyên truyền, giáo dục chính trị tư tưởng, đạo đức lối sống, ý thức chấp hành pháp luật trong Đội viên; Thường xuyên theo dõi nắm bắt tình hình tư tưởng, tâm tư nguyện vọng của Đội viên; Đẩy mạnh các phong trào thi đua học tập, sáng tạo, tích cực rèn luyện tác phong, lề lối, nâng cao chất lượng, hiệu quả\\nnext_contents:\\n- Hội nghị kiện toàn Đội Thanh niên tình nguyện Khoa CNTT nhiệm kỳ 2023-2024 Chiều 30/11/2024, Hội nghị Kiện toàn Đội Thanh niên tình nguyện Khoa Công nghệ thông tin Trường ĐH Công Nghiệp Hà Nội nhiệm kỳ 2023-2024 đã diễn ra. Đội Thanh niên tình nguyện Khoa CNTT HaUI là một trong những Đội hình tình nguyện nòng cốt trực thuộc Liên chi Đoàn Khoa CNTT Trường Đại học Công Nghiệp Hà Nội. Bước sang năm hoạt động thứ 16 với 16 lần kiện toàn Ban Chủ nhiệm, Đội Thanh niên tình nguyện Khoa CNTT được tổ chức quy củ, nề nếp, có phương hướng và kế hoạch hoạt động cụ thể, bài bản theo từng giai đoạn. Đội là nhân tố quan trọng đóng góp vào sự phát triển của công tác Đoàn và phong trào thanh niên Khoa CNTT HaUI. Đội Thanh niên tình nguyện Khoa CNTT HaUI đã trải qua 16 năm hoạt động với phương châm được xác định: Tình nguyện bốn bể là nhà - Hai mươi năm ấy vẫn là thanh xuân Tại Lễ Kiện toàn bạn Lê Minh Hùng, Nguyên Đội trưởng Đội Thanh niên tình nguyện ULSA khoá trước chia sẻ: ""Trong nhiệm kỳ quản lý Đội, được giao trọng trách là đội trưởng, mình cảm thấy rất may mắn khi được Ban chủ nhiệm, các thành viên trong Đội và đặc biệt là Đoàn Thanh niên trường tin tưởng và giúp đỡ tận tình. Được gắn bó với Đội suốt 4 năm đại học, đối với mình Đội tình nguyện đã trở thành gia đình thứ 2. Mình có quá nhiều kỷ niệm không thể quên với tập thể Đội. Mình rất tự hào khi nói rằng “ngôi nhà xanh FIT-HaUI” là một tập thể luôn nhiệt huyết, đoàn kết và vững mạnh. Đội đã đi tới nhiều nơi và hoàn thành được nhiều công trình, phần việc vì cộng đồng ý nghĩa Mình mong muốn và tin tưởng Ban Chủ nhiệm Đội trong nhiệm kỳ mới sẽ luôn phát huy tốt tinh thần, nhiệt huyết của tuổi trẻ, theo sự phân công và giao nhiệm vụ của Đoàn Thanh niên trường, quản lý đội thật tốt, để tập thể “ngôi nhà xanh FIT-HaUI” luôn đi đầu trong các phong trào, hoạt động của Đoàn Thanh niên Khoa CNTT-HaUI"". Trong năm học 2023-2024, Đội Thanh niên tình nguyện Khoa CNTT HaUI với định hướng, chỉ đạo của Đoàn Thanh niên trường, cùng với sự cố\\n', 'content: dụng kết hợp giữa 2 hình thức đào tạo trực tuyến (E-learning) và trực tiếp (offline) để mở rộng quy mô và tối ưu lịch trình học tập cho học viên. Sinh viên Khoa CNTT - Trường ĐH Công Nghiệp Hà Nội tại Lễ khởi động Dự kiến Samsung Innovation Campus 2024-2025 sẽ mang tới cơ hội học tập và phát triển năng lực công nghệ cho khoảng 6.600 học sinh và sinh viên tại Việt Nam. Cũng tại sự kiện, Samsung Việt Nam, Tổ chức Tuổi trẻ thành đạt Việt Nam và Công ty Letuin Việt Nam đã thực hiện Lễ ký kết biên bản ghi nhớ MOU, khẳng định cam kết đồng hành nhằm triển khai dự án Samsung Innovation Campus 2024-2025 tại Việt Nam. Thứ Hai, 14:07 25/11/2024 Tags:\\nnext_contents:\\n- Samsung khởi động Chương trình phát triển nhân tài công nghệ 2024-2025 Chiều 22/11, Tổ hợp Samsung Việt Nam chính thức khởi động Chương trình Phát triển nhân tài công nghệ – Samsung Innovation Campus 2024-2025 nhằm phát triển năng lực công nghệ cao cho thế hệ trẻ Việt Nam là những người sẽ dẫn dắt sự thành công của cuộc Cách mạng Công nghiệp 4.0 tại Việt Nam trong tương lai. Chương trình đào tạo được thiết kế trên nền tảng giáo dục kết hợp giữa kỹ năng công nghệ cốt lõi trong tương lai với các kỹ năng mềm và kỹ năng làm việc trong thực tiễn. Các nội dung đào tạo này được lựa chọn thông qua việc thực hiện khảo sát phân tầng theo các xu hướng phát triển trong các ngành công nghiệp ở từng khu vực khác nhau, kết hợp với nhu cầu tuyển dụng tại các công ty lớn. Lễ ký kết biên bản ghi nhớ MOU giữa các đơn vị triển khai dự án Samsung Innovation Campus 2024-2025 Học viên khi kết thúc khóa học và đạt kết quả theo yêu cầu của chương trình sẽ nhận được chứng nhận hoàn thành khóa học Samsung Innovation Campus, cũng như có cơ hội tham gia nhiều hoạt động có giá trị khác của dự án như Cuộc thi Sáng tạo khoa học công nghệ – Innovation Tech Challenge – cuộc thi nằm trong khuôn khổ của dự án nhằm tạo ra sân chơi giúp các học viên được áp dụng kiến thức, kỹ năng đã được học trong chương trình vào thực tế. Trong khuôn khổ dự án SIC 2024-2025, các nội dung đào tạo sẽ được phân bổ lại cấu trúc nhằm nâng cao chất lượng học tập và phù hợp hơn với tình hình thực tế triển khai. Đồng thời, tiếp tục áp dụng kết hợp giữa 2 hình thức đào tạo trực tuyến (E-learning) và trực tiếp (offline) để mở rộng quy mô và tối ưu lịch trình học tập cho học viên. Sinh viên Khoa CNTT - Trường ĐH Công Nghiệp Hà Nội tại Lễ khởi động Dự kiến Samsung Innovation Campus 2024-2025 sẽ mang tới cơ hội học tập và phát triển năng lực công nghệ cho khoảng 6.600 học sinh và sinh viên tại Việt Nam. Cũng tại sự kiện, Samsung Việt Nam, Tổ chức Tuổi trẻ thành đạt Việt Nam và Công ty Letuin Việt Nam đã thực hiện Lễ ký kết biên\\n', 'content: Chương trình Lễ kỷ niệm 20 năm thành lập khoa Công nghệ May và Thiết kế thời trang Thứ Năm, 16:04 12/10/2023 749 I. MỤC ĐÍCH, YÊU CẦU 1. Mục đích Hướng tới kỷ niệm 125 năm truyền thống (1989 - 2023) trường Đại học Công nghiệp Hà Nội. Khoa Công nghệ May & Thiết kế thời trang, trường Đại học Công nghiệp Hà Nội tổ chức Lễ kỷ niệm 20 năm thành lập và phát triển. Tạo không khí phấn khởi tin tưởng vào kết quả, thành tựu 20 năm xây dựng và phát triển từ đó tôn vinh, ghi nhận những đóng góp to lớn của tập thể cán bộ, giảng viên khoa Công nghệ May & Thiết kế thời trang, đồng thời có những định hướng chiến lược mới phù hợp với giai đoạn tiếp theo. Các hoạt động còn thúc đẩy tình đoàn kết giữa các thế hệ học sinh, sinh viên, cán bộ, giảng viên; thực hiện tốt các phòng trào thi đua, các hoạt động về giảng dạy, NCKH nhằm thực hiện thắng lợi các chỉ tiêu nhiệm vụ năm học 2023 - 2024. 2. Yêu cầu - Các hoạt động cần tổ chức thiết thực, trang trọng, an toàn và tiết kiệm tạo không khí vui tươi phấn khởi của CBGV và sinh viên trước những bước phát triển mới của Khoa Công nghệ May & Thiết kế Thời trang. - Biểu dương, khen thưởng tập thể và cá nhân có thành tích xuất sắc trong việc xây dựng và phát triển khoa. - Tổ chức buổi lễ chu đáo, trọng thể và thực sự là ngày hội đặc biệt, lưu lại những ấn tượng tốt đẹp về Khoa Công nghệ May & Thiết kế thời trang trong lòng quý khách, các thế hệ giảng viên và sinh viên. II. THỜI GIAN, ĐỊA ĐIỂM 1. Thời gian : Dự kiến ngày 22 tháng 10 năm 2023. 2. Địa điểm: Hội trường tầng tầng 3-A11 III. THÀNH PHẦN THAM DỰ 1. Khách mời - Ban giám hiệu Trường Đại học Công nghiệp Hà Nội. - Trưởng, phó các đơn vị trong trường. - Các đồng chí nguyên là CBGV trong đơn vị. - Các đồng chí nguyên là lãnh đạo khoa - Đại diện các cơ quan, doanh nghiệp có hợp tác với Khoa. 2. Khoa Công nghệ May & Thiết kế thời trang - Toàn thể CBGV khoa CN May & Thiết kế Thời trang. - Các thế hệ cựu sinh viên, đại diện sinh viên các khóa đang học tập tại khoa. IV. NỘI DUNG 1. Phần\\nnext_contents:\\n']","['Hội nghị kiện toàn Đội Thanh niên tình nguyện Khoa CNTT nhiệm kỳ 2023-2024 Chiều 30/11/2024, Hội nghị Kiện toàn Đội Thanh niên tình nguyện Khoa Công nghệ thông tin Trường ĐH Công Nghiệp Hà Nội nhiệm kỳ 2023-2024 đã diễn ra. Đội Thanh niên tình nguyện Khoa CNTT HaUI là một trong những Đội hình tình nguyện nòng cốt trực thuộc Liên chi Đoàn Khoa CNTT Trường Đại học Công Nghiệp Hà Nội. Bước sang năm hoạt động thứ 16 với 16 lần kiện toàn Ban Chủ nhiệm, Đội Thanh niên tình nguyện Khoa CNTT được tổ chức quy củ, nề nếp, có phương hướng và kế hoạch hoạt động cụ thể, bài bản theo từng giai đoạn. Đội là nhân tố quan trọng đóng góp vào sự phát triển của công tác Đoàn và phong trào thanh niên Khoa CNTT HaUI. Đội Thanh niên tình nguyện Khoa CNTT HaUI đã trải qua 16 năm hoạt động với phương châm được xác định: Tình nguyện bốn bể là nhà - Hai mươi năm ấy vẫn là thanh xuân Tại Lễ Kiện toàn bạn Lê Minh Hùng, Nguyên Đội trưởng Đội Thanh niên tình nguyện ULSA khoá trước chia sẻ: ""Trong nhiệm kỳ quản lý Đội, được giao trọng trách là đội trưởng, mình cảm thấy rất may mắn khi được Ban chủ nhiệm, các thành viên trong Đội và đặc biệt là Đoàn Thanh niên trường tin tưởng và giúp đỡ tận tình. Được gắn bó với Đội suốt 4 năm đại học, đối với mình Đội tình nguyện đã trở thành gia đình thứ 2. Mình có quá nhiều kỷ niệm không thể quên với tập thể Đội. Mình rất tự hào khi nói rằng “ngôi nhà xanh FIT-HaUI” là một tập thể luôn nhiệt huyết, đoàn kết và vững mạnh. Đội đã đi tới nhiều nơi và hoàn thành được nhiều công trình, phần việc vì cộng đồng ý nghĩa Mình mong muốn và tin tưởng Ban Chủ nhiệm Đội trong nhiệm kỳ mới sẽ luôn phát huy tốt tinh thần, nhiệt huyết của tuổi trẻ, theo sự phân công và giao nhiệm vụ của Đoàn Thanh niên trường, quản lý đội thật tốt, để tập thể “ngôi nhà xanh FIT-HaUI” luôn đi đầu trong các phong trào, hoạt động của Đoàn Thanh niên Khoa CNTT-HaUI"". Trong năm học 2023-2024, Đội Thanh niên tình nguyện Khoa CNTT HaUI với định hướng, chỉ đạo của Đoàn Thanh niên trường, cùng với sự cố gắng, nỗ lực của toàn thể đội viên, cộng tác viên, Ban chủ nhiệm, Đội đã hoàn thành xuất sắc các nhiệm vụ năm học 2024 - 2025 và ghi nhiều dấu ấn, thành tích nổi bật; Được Đoàn Thanh niên, Ban Giám hiệu nhà trường ghi nhận, đánh giá cao.']","Trong nhiệm kỳ 2023-2024, Đội Thanh niên tình nguyện Khoa Công nghệ thông tin (CNTT) Trường Đại học Công Nghiệp Hà Nội đã có những hoạt động đáng chú ý như sau:

1. **Hội nghị kiện toàn**: Vào ngày 30/11/2024, Hội nghị Kiện toàn Đội Thanh niên tình nguyện Khoa CNTT đã diễn ra, đánh dấu bước sang năm hoạt động thứ 16 của đội. Tại hội nghị, Ban Chủ nhiệm mới đã được giới thiệu và ra mắt.

2. **Phương hướng hoạt động**: Đội đã xác định phương hướng hoạt động cụ thể, bài bản theo từng giai đoạn, nhằm phát huy tinh thần tình nguyện và đóng góp vào sự phát triển của công tác Đoàn và phong trào thanh niên.

3. **Đội hình nòng cốt**: Đội Thanh niên tình nguyện Khoa CNTT được coi là một trong những đội hình tình nguyện nòng cốt trực thuộc Liên chi Đoàn Khoa CNTT, với nhiều hoạt động vì cộng đồng ý nghĩa.

4. **Định hướng và chỉ đạo**: Đội sẽ tiếp tục bám sát sự chỉ đạo của Đoàn Thanh niên trường, xây dựng kế hoạch công tác khả thi, phù hợp với đặc thù của đội, đồng thời đẩy mạnh các phong trào thi đua học tập và sáng tạo.

5. **Nâng cao chất lượng hoạt động**: Đội sẽ chú trọng đến việc nâng cao chất lượng hoạt động, gắn với việc học tập và phát triển kỹ năng cho các thành viên.

6. **Kết nối và giao lưu**: Đội cũng sẽ tổ chức các hoạt động văn nghệ, thể thao nhằm kết nối các thành viên trong đội và vận động các thành viên tích cực tham gia giữ gìn an ninh trật tự và an toàn xã hội.

Thông qua các hoạt động này, Đội Thanh niên tình nguyện Khoa CNTT HaUI không chỉ phát huy truyền thống tình nguyện mà còn góp phần vào sự phát triển chung của nhà trường và cộng đồng.

Nguồn: [Hội nghị kiện toàn Đội Thanh niên tình nguyện Khoa CNTT nhiệm kỳ 2023-2024] - [**Link tham khảo**](https://fit.haui.edu.vn/vn/tin-tuc/hoi-nghi-kien-toan-doi-thanh-nien-tinh-nguyen-khoa-cntt-nhiem-ky-2023-2024/71182).

Nếu bạn cần thêm thông tin về các hoạt động khác hoặc có câu hỏi liên quan, hãy cho tôi biết!","Trong nhiệm kỳ 2023-2024, Đội Thanh niên tình nguyện Khoa CNTT HaUI đã hoàn thành xuất sắc các nhiệm vụ và ghi nhiều dấu ấn, thành tích nổi bật. Đội đã được Đoàn Thanh niên và Ban Giám hiệu nhà trường ghi nhận, đánh giá cao về những nỗ lực và cố gắng của toàn thể đội viên, cộng tác viên, và Ban chủ nhiệm.",0.0,0.9999999999666667,0.9473684210526315,1.0,1.1442091464996338,7.7232701778411865
"Tại sao các đội viên cần học tập và làm theo tư tưởng, đạo đức, phong cách của Chủ tịch Hồ Chí Minh?","['content: thực hiện Chỉ thị số 05-CT/TW ngày 15/5/2016 của Bộ Chính trị khóa XII ""Về đẩy mạnh học tập và làm theo tư tưởng, đạo đức, phong cách Hồ Chí Minh"", Chuyên đề toàn khóa nhiệm kỳ Đại hội XIII của Đảng ""Học tập và làm theo tư tưởng, đạo đức, phong cách Hồ Chí Minh về ý chí tự học, tự cường và khát vọng phát triển đất nước phần vinh, hạnh phúc”. - Đây là một trong những hoạt động thiết thực, ý nghĩa chào mừng kỷ niệm 125 năm truyền thống Trường Đại học Công nghiệp Hà Nội. 2. Yêu cầu Tổ chức Cuộc thi đảm bảo nghiêm túc, khách quan, công bằng, tiết kiệm, thiết thực, hiệu quả, sáng tạo và có hiệu ứng lan tỏa sâu rộng trong toàn hệ thống chính trị của Nhà trường. II. NỘI DUNG, HÌNH THỨC, THÀNH PHẦN DỰ THI 1. Nội dung thi - Những lời dạy của Chủ tịch Hồ Chí Minh đối với thế hệ trẻ; tư tưởng Hồ Chí Minh về sự nghiệp giáo dục Việt Nam; tư tưởng Hồ Chí Minh về đạo dức cách mạng; những bài học về tư tưởng, đạo đức, phong cách Hồ Chí Minh. - Giới thiệu về mô hình hay, cách làm mới, kinh nghiệm quý trong học tập và làm theo tư tưởng, đạo đức, phong cách Hồ Chí Minh được gắn các phong trào thi đua, những tấm gương cán bộ, đảng viên, viên chức, người lao động, học viên, sinh viên tiêu biểu, gương mẫu, đi đầu trong học tập và làm theo Bác trên các lĩnh vực công tác. - Kết quả nổi bật trong thực hiện Chỉ thị 05-CT/TW, Kết luận 01-KL/TW, Nghị quyết Đại hội Đảng các cấp gắn với nhiệm vụ chính trị. 2. Hình thức Cuộc thi được tổ chức theo hình thức sân khấu hóa, gồm 03 phần: Phần thi chào hỏi, Phần thi nhận thức và Phần thi tiểu phẩm sân khấu. 3. Thành phần dự thi Cán bộ, đảng viên, viên chức, người lao động và học viên, sinh viên Nhà trường. III. THỜI GIAN, ĐỊA ĐIỂM TỔ CHỨC CUỘC THI 1. Thời gian dự kiến: Ngày 20/9/2023. 2. Địa điểm tổ chức sân khấu hóa: Hội trường tầng 3 nhà A11. IV. CƠ CẤU GIẢI THƯỞNG Đảng ủy tặng Giấy khen kèm tiền thưởng cho các tập thể đạt thành tích trong cuộc thi, cụ thể: - Giải Nhất: 01 giải - 05 triệu đồng/giải. - Giải Nhì: 02 giải - 03 triệu đồng/giải. - Giải\\nnext_contents:\\n- Cuộc thi ""Học tập và làm theo tư tưởng, đạo đức, phong cách Hồ Chí Minh” năm 2023 Thứ Bảy, 07:42 05/08/2023 1449 Trường Đại học Công nghiệp Hà Nội tổ chức Cuộc thi ""Học tập và làm theo tư tưởng, đạo đức, phong cách Hồ Chí Minh năm 2023. I. MỤC ĐÍCH, YÊU CẦU 1. Mục đích - Cuộc thi “Học tập và làm theo tư tưởng, đạo đức, phong cách Hồ Chí Minh” năm 2023 nhằm khơi dậy khát vọng xây dựng Trường Đại học Công nghiệp Hà Nội trở thành đại học văn minh, hiện đại; là đợt sinh hoạt chính trị sâu rộng trong toàn Đảng bộ, viên chức, người lao động, học viên, sinh viên; đưa việc học tập và làm theo tư tưởng, đạo đức, phong cách Hồ Chí Minh ngày càng đi vào cuộc sống. tạo sự chuyển biển từ nhận thức, học tập đến làm theo; khẳng định giá trị to lớn của tư tưởng, đạo đức, phong cách Hồ Chí Minh. Đồng thời góp phần tích cực giáo dục truyền thống cách mạng, tạo sự chuyển biến về ý thức tu dưỡng, rèn luyện phẩm chất đạo đức, lối sống của cán bộ, đảng viên, viên chức, người lao động và người học trong toàn Trưởng. - Phát hiện, nếu gương, nhân rộng mô hình mới, cách làm hay, điển hình tiêu biểu, gương người tốt, việc tốt trong học tập và làm theo tư tưởng, đạo đức, phong cách Hồ Chí Minh với nhiều hình thức đa dạng, phong phủ và có sức thuyết phục, góp phần ngăn chặn, đẩy lùi suy thoái về tư tưởng, chính trị, đạo đức, lỗi sống và các tệ nạn xã hội; phòng, chống tham nhũng, lãng phí, tiêu cực... thúc đẩy việc tổ chức thực hiện thành công Kết luận 01-KLTW ngày 18/5/2021 của Bộ Chính trị về tiếp tục thực hiện Chỉ thị số 05-CT/TW ngày 15/5/2016 của Bộ Chính trị khóa XII ""Về đẩy mạnh học tập và làm theo tư tưởng, đạo đức, phong cách Hồ Chí Minh"", Chuyên đề toàn khóa nhiệm kỳ Đại hội XIII của Đảng ""Học tập và làm theo tư tưởng, đạo đức, phong cách Hồ Chí Minh về ý chí tự học, tự cường và khát vọng phát triển đất nước phần vinh, hạnh phúc”. - Đây là một trong những hoạt động thiết thực, ý nghĩa chào mừng kỷ niệm 125 năm truyền thống Trường Đại học Công nghiệp Hà Nội. 2. Yêu cầu Tổ chức Cuộc\\n', 'content: Cuộc thi ""Học tập và làm theo tư tưởng, đạo đức, phong cách Hồ Chí Minh” năm 2023 Thứ Bảy, 07:42 05/08/2023 1449 Trường Đại học Công nghiệp Hà Nội tổ chức Cuộc thi ""Học tập và làm theo tư tưởng, đạo đức, phong cách Hồ Chí Minh năm 2023. I. MỤC ĐÍCH, YÊU CẦU 1. Mục đích - Cuộc thi “Học tập và làm theo tư tưởng, đạo đức, phong cách Hồ Chí Minh” năm 2023 nhằm khơi dậy khát vọng xây dựng Trường Đại học Công nghiệp Hà Nội trở thành đại học văn minh, hiện đại; là đợt sinh hoạt chính trị sâu rộng trong toàn Đảng bộ, viên chức, người lao động, học viên, sinh viên; đưa việc học tập và làm theo tư tưởng, đạo đức, phong cách Hồ Chí Minh ngày càng đi vào cuộc sống. tạo sự chuyển biển từ nhận thức, học tập đến làm theo; khẳng định giá trị to lớn của tư tưởng, đạo đức, phong cách Hồ Chí Minh. Đồng thời góp phần tích cực giáo dục truyền thống cách mạng, tạo sự chuyển biến về ý thức tu dưỡng, rèn luyện phẩm chất đạo đức, lối sống của cán bộ, đảng viên, viên chức, người lao động và người học trong toàn Trưởng. - Phát hiện, nếu gương, nhân rộng mô hình mới, cách làm hay, điển hình tiêu biểu, gương người tốt, việc tốt trong học tập và làm theo tư tưởng, đạo đức, phong cách Hồ Chí Minh với nhiều hình thức đa dạng, phong phủ và có sức thuyết phục, góp phần ngăn chặn, đẩy lùi suy thoái về tư tưởng, chính trị, đạo đức, lỗi sống và các tệ nạn xã hội; phòng, chống tham nhũng, lãng phí, tiêu cực... thúc đẩy việc tổ chức thực hiện thành công Kết luận 01-KLTW ngày 18/5/2021 của Bộ Chính trị về tiếp tục thực hiện Chỉ thị số 05-CT/TW ngày 15/5/2016 của Bộ Chính trị khóa XII ""Về đẩy mạnh học tập và làm theo tư tưởng, đạo đức, phong cách Hồ Chí Minh"", Chuyên đề toàn khóa nhiệm kỳ Đại hội XIII của Đảng ""Học tập và làm theo tư tưởng, đạo đức, phong cách Hồ Chí Minh về ý chí tự học, tự cường và khát vọng phát triển đất nước phần vinh, hạnh phúc”. - Đây là một trong những hoạt động thiết thực, ý nghĩa chào mừng kỷ niệm 125 năm truyền thống Trường Đại học Công nghiệp Hà Nội. 2. Yêu cầu Tổ chức Cuộc\\nnext_contents:\\n', 'content: Thành, Bí thư Đoàn Thanh niên Công ty cùng các đồng chí đoàn viên thanh niên công ty chăm sóc vườn cây của Đoàn Thanh niên Công ty tại đồi Phú Bùng, khu Di tích lịch sử Đền Hùng. Dù đảm nhận nhiều công việc, chức vụ khác nhau, song anh Thành luôn tận tâm, tận tụy với công việc và hoàn thành xuất sắc nhiệm vụ được giao, luôn kiên định lý tưởng cách mạng của Đảng và Bác Hồ đã lựa chọn, phấn đấu tu dưỡng đạo đức, gương mẫu trong việc chấp hành chủ trương, chính sách của Đảng, pháp luật của Nhà nước, các nội quy quy định của Công ty. Anh Thành cũng là người luôn tích cực giữ gìn mối đoàn kết nội bộ, vận động cán bộ, đảng viên, công nhân lao động trong Công ty tiếp tục đẩy mạnh thực hiện học tập và làm theo tư tưởng, đạo đức, phong cách Hồ Chí Minh. Noi gương Bác Hồ học tập suốt đời, anh Thành đã không ngừng học tập nâng cao trình độ chuyên môn nghiệp vụ. Trước sự phát triển mạnh mẽ của phong trào Thanh niên Công ty với những bước tiến nhảy vọt về nội dung và phương thức hoạt động, các đồng chí đoàn viên thanh niên Công ty đã noi gương anh Trần Xuân Thành luôn nêu cao tinh thần xung kích, tình nguyện sáng tạo, đóng góp tích cực vào sự phát triển bền vững của Công ty. Khi đảm nhiệm trọng trách là Bí thư Đoàn Thanh niên Công ty, anh Trần Xuân Thành đã xây dựng được nhiều phong trào sôi nổi nhờ tư duy đổi mới, sáng tạo trong hoạt động đoàn; gương mẫu trước cán bộ và đoàn viên thanh niên, có nhiều đóng góp tích cực cho công tác đoàn và phong trào thanh, thiếu nhi tại Công ty cũng như trên địa bàn. Anh còn động viên, khích lệ đoàn viên thanh niên tích cực học tập, làm theo tư tưởng, đạo đức, phong cách Hồ Chí Minh bằng những việc làm cụ thể, ý nghĩa. Trong thực tế công việc, anh luôn ""nói đi đôi với làm"" cùng với các đồng chí là cán bộ đoàn viên thanh niên, nêu cao tinh thần noi gương Bác Hồ bằng những việc làm thực tế tại cơ sở như: Tổ chức nhiều chương trình tình nguyện tham gia bốc xếp xuất bán sản phẩm phân bón cùng các đơn vị trong Công ty vào mỗi dịp cao điểm mùa vụ;\\nnext_contents:\\n- tư dây chuyền hiện đại, vì thế anh đã quyết tâm chọn nơi này để lập nghiệp, xây dựng tương lai. Anh Trần Xuân Thành, Bí thư Đoàn Thanh niên Công ty CP Supe phốt phát và hóa chất Lâm Thao trao tặng và hướng dẫn sử dụng phân bón Lâm Thao cho bà con nhân dân xã Đồng Sơn, huyện Tân Sơn, tỉnh Phú Thọ. Anh Thành tâm sự: Sinh ra trong gia đình làm nông nghiệp, bố mẹ anh đều là nông dân nên từ nhỏ, anh đã thấu hiểu những khó khăn, vất vả của bố mẹ. Nhiều lần theo bố mẹ đi làm ruộng, anh thấy mọi người đặc biệt chú trọng vai trò của phân bón tạo nên những mùa vàng bội thu, từ đó, anh Thành rất ấn tượng và để ý thông tin về các doanh nghiệp sản xuất phân bón, mong muốn sau này khi trưởng thành sẽ được tham gia trực tiếp sản xuất tại các doanh nghiệp như thế. Những ước mơ đó luôn in đậm trong trong tâm trí và là động lực thôi thúc anh không ngừng cố gắng nỗ lực học tập để sau khi ra trường, sẽ góp phần nhỏ bé của bản thân xây dựng quê hương ngày càng giàu đẹp, văn minh. Tháng 12/2010, ước mơ của chàng thanh niên Trần Xuân Thành đã trở thành hiện thực khi được tuyển dụng vào Công ty cổ phần Supe Phốt phát và Hóa chất Lâm Thao, làm việc tại Xí nghiệp Supe Phốt phát, sau đó là Đốc công phân tích Xí nghiệp Phân lân nung chảy (từ tháng 6/2012 đến tháng 12/2019). Tháng 12/2019, anh được bổ nhiệm làm Trưởng ca Bảo vệ - Phòng Bảo vệ Công ty, được bầu làm Phó Bí thư thường trực Đoàn Thanh niên Công ty. Và từ tháng 10/2023 đến nay, anh Thành được bầu làm Bí thư Đoàn Thanh niên Công ty. Anh Trần Xuân Thành, Bí thư Đoàn Thanh niên Công ty cùng các đồng chí đoàn viên thanh niên công ty chăm sóc vườn cây của Đoàn Thanh niên Công ty tại đồi Phú Bùng, khu Di tích lịch sử Đền Hùng. Dù đảm nhận nhiều công việc, chức vụ khác nhau, song anh Thành luôn tận tâm, tận tụy với công việc và hoàn thành xuất sắc nhiệm vụ được giao, luôn kiên định lý tưởng cách mạng của Đảng và Bác Hồ đã lựa chọn, phấn đấu tu dưỡng đạo đức, gương mẫu trong việc chấp hành chủ trương, chính sách của Đảng, pháp luật của Nhà\\n', 'content: thư Đoàn Thanh niên Công ty cùng các đồng chí đoàn viên thanh niên công ty chăm sóc vườn cây của Đoàn Thanh niên Công ty tại đồi Phú Bùng, khu Di tích lịch sử Đền Hùng. Dù đảm nhận nhiều công việc, chức vụ khác nhau, song anh Thành luôn tận tâm, tận tụy với công việc và hoàn thành xuất sắc nhiệm vụ được giao, luôn kiên định lý tưởng cách mạng của Đảng và Bác Hồ đã lựa chọn, phấn đấu tu dưỡng đạo đức, gương mẫu trong việc chấp hành chủ trương, chính sách của Đảng, pháp luật của Nhà nước, các nội quy quy định của Công ty. Anh Thành cũng là người luôn tích cực giữ gìn mối đoàn kết nội bộ, vận động cán bộ, đảng viên, công nhân lao động trong Công ty tiếp tục đẩy mạnh thực hiện học tập và làm theo tư tưởng, đạo đức, phong cách Hồ Chí Minh. Noi gương Bác Hồ học tập suốt đời, anh Thành đã không ngừng học tập nâng cao trình độ chuyên môn nghiệp vụ. Trước sự phát triển mạnh mẽ của phong trào Thanh niên Công ty với những bước tiến nhảy vọt về nội dung và phương thức hoạt động, các đồng chí đoàn viên thanh niên Công ty đã noi gương anh Trần Xuân Thành luôn nêu cao tinh thần xung kích, tình nguyện sáng tạo, đóng góp tích cực vào sự phát triển bền vững của Công ty. Khi đảm nhiệm trọng trách là Bí thư Đoàn Thanh niên Công ty, anh Trần Xuân Thành đã xây dựng được nhiều phong trào sôi nổi nhờ tư duy đổi mới, sáng tạo trong hoạt động đoàn; gương mẫu trước cán bộ và đoàn viên thanh niên, có nhiều đóng góp tích cực cho công tác đoàn và phong trào thanh, thiếu nhi tại Công ty cũng như trên địa bàn. Anh còn động viên, khích lệ đoàn viên thanh niên tích cực học tập, làm theo tư tưởng, đạo đức, phong cách Hồ Chí Minh bằng những việc làm cụ thể, ý nghĩa. Trong thực tế công việc, anh luôn ""nói đi đôi với làm"" cùng với các đồng chí là cán bộ đoàn viên thanh niên, nêu cao tinh thần noi gương Bác Hồ bằng những việc làm thực tế tại cơ sở như: Tổ chức nhiều chương trình tình nguyện tham gia bốc xếp xuất bán sản phẩm phân bón cùng các đơn vị trong Công ty vào mỗi dịp cao điểm mùa vụ; vệ sinh\\nnext_contents:\\n- hiện đại, vì thế anh đã quyết tâm chọn nơi này để lập nghiệp, xây dựng tương lai. Anh Trần Xuân Thành, Bí thư Đoàn Thanh niên Công ty CP Supe phốt phát và hóa chất Lâm Thao trao tặng và hướng dẫn sử dụng phân bón Lâm Thao cho bà con nhân dân xã Đồng Sơn, huyện Tân Sơn, tỉnh Phú Thọ. Anh Thành tâm sự: Sinh ra trong gia đình làm nông nghiệp, bố mẹ anh đều là nông dân nên từ nhỏ, anh đã thấu hiểu những khó khăn, vất vả của bố mẹ. Nhiều lần theo bố mẹ đi làm ruộng, anh thấy mọi người đặc biệt chú trọng vai trò của phân bón tạo nên những mùa vàng bội thu, từ đó, anh Thành rất ấn tượng và để ý thông tin về các doanh nghiệp sản xuất phân bón, mong muốn sau này khi trưởng thành sẽ được tham gia trực tiếp sản xuất tại các doanh nghiệp như thế. Những ước mơ đó luôn in đậm trong trong tâm trí và là động lực thôi thúc anh không ngừng cố gắng nỗ lực học tập để sau khi ra trường, sẽ góp phần nhỏ bé của bản thân xây dựng quê hương ngày càng giàu đẹp, văn minh. Tháng 12/2010, ước mơ của chàng thanh niên Trần Xuân Thành đã trở thành hiện thực khi được tuyển dụng vào Công ty cổ phần Supe Phốt phát và Hóa chất Lâm Thao, làm việc tại Xí nghiệp Supe Phốt phát, sau đó là Đốc công phân tích Xí nghiệp Phân lân nung chảy (từ tháng 6/2012 đến tháng 12/2019). Tháng 12/2019, anh được bổ nhiệm làm Trưởng ca Bảo vệ - Phòng Bảo vệ Công ty, được bầu làm Phó Bí thư thường trực Đoàn Thanh niên Công ty. Và từ tháng 10/2023 đến nay, anh Thành được bầu làm Bí thư Đoàn Thanh niên Công ty. Anh Trần Xuân Thành, Bí thư Đoàn Thanh niên Công ty cùng các đồng chí đoàn viên thanh niên công ty chăm sóc vườn cây của Đoàn Thanh niên Công ty tại đồi Phú Bùng, khu Di tích lịch sử Đền Hùng. Dù đảm nhận nhiều công việc, chức vụ khác nhau, song anh Thành luôn tận tâm, tận tụy với công việc và hoàn thành xuất sắc nhiệm vụ được giao, luôn kiên định lý tưởng cách mạng của Đảng và Bác Hồ đã lựa chọn, phấn đấu tu dưỡng đạo đức, gương mẫu trong việc chấp hành chủ trương, chính sách của Đảng, pháp luật của Nhà nước, các nội\\n', 'content: đạo đức, phong cách Hồ Chí Minh. Cán bộ, đảng viên chức vụ càng cao càng phải gương mẫu, cấp trên gương mẫu trước cấp dưới, cấp ủy gương mẫu trước đảng viên, đảng viên gương mẫu trước quần chúng. 2. Tích cực vận động, thuyết phục gia đình, người thân chấp hành tốt chủ trương, đường lối của Đảng, chính sách, pháp luật của Nhà nước. 3. Khiêm tốn, cầu thị, giản dị; không ngừng học tập, tu dưỡng, rèn luyện, nâng cao phẩm chất, đạo đức, trình độ, năng lực công tác. Nói đi đôi với làm, làm đi đôi với nói, đã nói là làm. Điều 6. Tổ chức thực hiện 1. Các cấp ủy, tổ chức đảng, người đứng đầu có trách nhiệm lãnh đạo, chỉ đạo triển khai thực hiện Quy định này phù hợp với chức năng, nhiệm vụ, tình hình của địa phương, cơ quan, đơn vị. Cán bộ, đảng viên nêu cao tinh thần gương mẫu, thực hiện nghiêm Quy định này. 2. Ban Tuyên giáo Trung ương chủ trì, phối hợp với Ban Tổ chức Trung ương, Ủy ban Kiểm tra Trung ương, Ban Nội chính Trung ương và các cơ quan liên quan tham mưu Bộ Chính trị, Ban Bí thư tổ chức quán triệt Quy định; hướng dẫn, theo dõi, kiểm tra, giám sát, đôn đốc việc tổ chức thực hiện; định kỳ sơ kết, tổng kết, báo cáo Bộ Chính trị, Ban Bí thư. Trong quá trình thực hiện nếu phát sinh vướng mắc, báo cáo Bộ Chính trị xem xét, quyết định (qua Ban Tuyên giáo Trung ương). Quy định này có hiệu lực từ ngày ký và phổ biến đến chi bộ để thực hiện./. Quy định số 144-QĐ/TW về chuẩn mực đạo đức cách mạng của cán bộ, đảng viên giai đoạn mới. Đồ họa TTXVN Nguồn: Cổng TTĐT Chính phủ Thứ Năm, 07:37 30/05/2024 Tags: Quy định 144-QĐ/TW Chuẩn mực Đạo đức Cách mạng Cán bộ Đảng viên Giai đoạn mới\\nnext_contents:\\n- động lôi kéo, cám dỗ tiêu cực. Không để gia đình, người thân và người khác lợi dụng chức vụ, vị trí công tác để trục lợi; bảo vệ uy tín, danh dự của bản thân và tổ chức đảng. Thực hiện văn hóa từ chức khi không đủ khả năng, uy tín. Điều 4. Đoàn kết, kỷ cương, tình thương, trách nhiệm 1. Luôn luôn giữ gìn sự đoàn kết, thống nhất trong Đảng, cơ quan, tổ chức và trong Nhân dân, trước hết là ở chi bộ, cơ quan, đơn vị công tác, khu dân cư; kiên quyết đấu tranh với những biểu hiện chia rẽ, bè phái, cục bộ, lợi ích nhóm; xây dựng, chỉnh đốn Đảng và hệ thống chính trị thật sự trong sạch, vững mạnh toàn diện. 2. Nêu cao ý thức tổ chức kỷ luật, kỷ cương, nhất là kỷ luật phát ngôn. Nói và làm theo đúng chủ trương, đường lối của Đảng, chính sách, pháp luật của Nhà nước; chấp hành các quy định của cơ quan, đơn vị; phục tùng sự phân công của Đảng, của tổ chức. 3. Sống có nghĩa tình, chân thành, thương yêu, đối xử, giúp đỡ đồng chí, đồng nghiệp và mọi người theo lẽ phải, phù hợp với đạo lý dân tộc, cùng nhau tiến bộ. 4. Nêu cao trách nhiệm trong công tác và sinh hoạt; sẵn sàng đảm nhận và hoàn thành tốt nhiệm vụ được giao. Kiên quyết đấu tranh, phê phán mọi hành vi né tránh, đùn đẩy, hoặc có tư tưởng trung bình chủ nghĩa, làm việc cầm chừng, sợ trách nhiệm, không dám làm. Làm tốt trách nhiệm, bổn phận, nghĩa vụ đối với gia đình, cộng đồng, xã hội. Điều 5. Gương mẫu, khiêm tốn, tu dưỡng rèn luyện, học tập suốt đời 1. Gương mẫu trong công tác và sinh hoạt, tích cực học tập và làm theo tư tưởng, đạo đức, phong cách Hồ Chí Minh. Cán bộ, đảng viên chức vụ càng cao càng phải gương mẫu, cấp trên gương mẫu trước cấp dưới, cấp ủy gương mẫu trước đảng viên, đảng viên gương mẫu trước quần chúng. 2. Tích cực vận động, thuyết phục gia đình, người thân chấp hành tốt chủ trương, đường lối của Đảng, chính sách, pháp luật của Nhà nước. 3. Khiêm tốn, cầu thị, giản dị; không ngừng học tập, tu dưỡng, rèn luyện, nâng cao phẩm chất, đạo đức, trình độ, năng lực công tác. Nói đi đôi với làm, làm đi đôi\\n']","['Ban Chủ nhiệm Khóa mới ra mắt Qua quá trình hoạt động, làm việc và xin ý kiến chỉ đạo của Ban Chấp hành Đoàn trường, tại buổi lễ Kiện toàn, Đội Thanh niên tình nguyện Khoa CNTT HaUI đã thống nhất, giới thiệu Ban chủ nhiệm Đội nhiệm kỳ 2024-2025 gồm 4 thành viên: Đồng chí Nguyễn Hữu Nhật – Chủ nhiệm, Đồng chí Phạm Thị Hải Hà – Phó chủ nhiệm, Đồng chí Nguyễn Thanh Tùng – Phó chủ nhiệm, Đồng chí Lê Văn Sơn – Phó chủ nhiệm Các thành viên trong đội đều là những cá nhân nhiệt huyết với công tác Đoàn, phong trào thanh niên Được biết, trong nhiệm kỳ 2024- 2025, phát huy những kết quả đạt được trong hoạt động năm 2024, bám sát định hướng, chỉ đạo của Đoàn Thanh niên trường Đại học Công Nghiệp Hà Nội, Đội Thanh niên tình nguyện Khoa CNTT HaUI xác định phương hướng, nhiệm vụ công tác Đoàn và phong trào thanh niên năm 2025 sẽ tiếp tục tập trung bám sát sự chỉ đạo của Đoàn trường, xây dựng kế hoạch công tác khả thi, phù hợp với đặc thù của Đội; Tăng cường tuyên truyền, giáo dục chính trị tư tưởng, đạo đức lối sống, ý thức chấp hành pháp luật trong Đội viên; Thường xuyên theo dõi nắm bắt tình hình tư tưởng, tâm tư nguyện vọng của Đội viên; Đẩy mạnh các phong trào thi đua học tập, sáng tạo, tích cực rèn luyện tác phong, lề lối, nâng cao chất lượng, hiệu quả công việc gắn với đảm bảo hiệu quả học tập; Tiếp tục xây dựng, củng cố tổ chức của Đội, nâng cao chất lượng hoạt động Đoàn, chú trọng công tác kiểm tra, giám sát và thực hiện tốt công tác Đoàn tham gia xây dựng Đảng. Một số chỉ tiêu, nhiệm vụ cụ thể được toàn Đội xác định như: 100% đội viên gương mẫu, đẩy mạnh học tập và làm theo tư tưởng, đạo đức, phong cách Chủ tịch Hồ Chí Minh; Đội tiếp tục giới thiệu cho Đoàn trường để giới thiệu cho Đảng những đoàn viên ưu tú, chú trọng chất lượng đoàn viên, quần chúng ưu tú được giới thiệu cho Đảng; Thực hiện tốt chế độ thông tin, báo cáo Đoàn trường Đại học Công Nghiệp Hà Nội; Liên tục đổi mới các nội dung sinh hoạt của Đội, gắn hoạt động Đoàn với việc học tập; Nâng cao chất lượng hoạt động của Đội gắn với nâng cao tính chủ động của các thành viên trong Đội; Triển khai và tham gia tích cực các hoạt động, phong trào do Đoàn trường tổ chức; Mở rộng học hỏi, giao lưu với các Đội, CLB trong trường; Tăng cường tổ chức các hoạt động văn nghệ, thể thao nhằm kết nối các thành viên trong Đội; Vận động các thành viên trong Đội tích cực tham gia xung kích giữ gìn an ninh trật tự và an toàn xã hội.']","### Thông tin về hoạt động khóa và các hoạt động đoàn hội tại Khoa Công nghệ Thông tin, Trường Đại học Công nghiệp Hà Nội

1. **Hoạt động khóa**:
   - Khoa Công nghệ Thông tin thường xuyên tổ chức các hội thảo việc làm, tạo cơ hội cho sinh viên gặp gỡ và trao đổi với các nhà tuyển dụng. Ví dụ, trong tháng 4 năm 2022, trường đã tổ chức hội thảo việc làm với sự tham gia của nhiều công ty lớn, mang đến hàng trăm cơ hội việc làm cho sinh viên.
   - Các hoạt động ngoại khóa như tham gia các cuộc thi Robocon cũng được khuyến khích, giúp sinh viên rèn luyện kỹ năng làm việc nhóm và sáng tạo.

2. **Hoạt động đoàn hội**:
   - Khoa có các hoạt động đoàn hội sôi nổi, bao gồm các phong trào tình nguyện, các chương trình giao lưu văn hóa, thể thao, và các hoạt động xã hội khác nhằm phát triển kỹ năng mềm cho sinh viên.
   - Sinh viên cũng được khuyến khích tham gia các hoạt động nghiên cứu khoa học và khởi nghiệp, tạo điều kiện cho việc phát triển ý tưởng và ứng dụng thực tiễn.

### Tại sao các đội viên cần học tập và làm theo tư tưởng, đạo đức, phong cách của Chủ tịch Hồ Chí Minh?

1. **Mục đích**:
   - Cuộc thi ""Học tập và làm theo tư tưởng, đạo đức, phong cách Hồ Chí Minh"" được tổ chức nhằm khơi dậy tinh thần học tập và thực hiện các giá trị đạo đức trong cuộc sống hàng ngày của sinh viên.
   - Việc học tập và làm theo tư tưởng của Bác giúp sinh viên phát triển nhân cách, nâng cao phẩm chất đạo đức, góp phần xây dựng môi trường học tập và làm việc tích cực.

2. **Ý nghĩa**:
   - Tư tưởng, đạo đức, phong cách Hồ Chí Minh là nền tảng cho việc hình thành nhân cách và lối sống của thế hệ trẻ, giúp họ trở thành những công dân có trách nhiệm với xã hội.
   - Việc thực hiện các giá trị này không chỉ giúp sinh viên phát triển bản thân mà còn góp phần vào sự phát triển bền vững của đất nước.

### Tài liệu tham khảo
- [Hội thảo việc làm cho sinh viên](https://www.haui.edu.vn/vn/hoat-dong-sinh-vien/hap-dan-voi-hang-tram-co-hoi-viec-lam-cho-sinh-vien/63508) - [**Link tham khảo**](https://www.haui.edu.vn/vn/hoat-dong-sinh-vien/hap-dan-voi-hang-tram-co-hoi-viec-lam-cho-sinh-vien/63508).
- [Cuộc thi ""Học tập và làm theo tư tưởng, đạo đức, phong cách Hồ Chí Minh"" năm 2023](https://www.haui.edu.vn/vn/thong-bao/cuoc-thi-hoc-tap-va-lam-theo-tu-tuong-dao-duc-phong-cach-ho-chi-minh-nam-2023/64347) - [**Link tham khảo**](https://www.haui.edu.vn/vn/thong-bao/cuoc-thi-hoc-tap-va-lam-theo-tu-tuong-dao-duc-phong-cach-ho-chi-minh-nam-2023/64347).

Nếu bạn cần thêm thông tin hoặc có câu hỏi khác, hãy cho tôi biết!","Các đội viên cần học tập và làm theo tư tưởng, đạo đức, phong cách của Chủ tịch Hồ Chí Minh để trở thành những cá nhân gương mẫu, nâng cao chất lượng hoạt động Đoàn và góp phần xây dựng tổ chức Đoàn vững mạnh.",0.7779791942251718,0.99999999998,0.37037037037037035,1.0,0.9694888591766357,14.077823877334595
Bạn Nguyễn Hữu Nhật đã chia sẻ điều gì về vai trò của mình trong nhiệm kỳ 2024-2025?,"['content: Sinh viên ngành IT HaUI hào hứng tiếp cận thị trường ICT Nhật Bản Thứ Hai, 16:56 30/09/2024 1018 “FPT Leader Talk: Hành trang Nhật Tiến” là chương trình do FPT Software phối hợp với Khoa Công nghệ Thông tin, Trường Đại học Công nghiệp Hà Nội tổ chức ngày 30/9/2024, nhằm giúp các bạn sinh viên có góc nhìn tổng quan về cơ hội việc làm ICT thị trường Nhật Bản, cũng như xác định được những hành trang cần thiết cho hành trình Nhật tiến. Buổi chia sẻ thu hút hơn 200 sinh viên khoá 17 Khoa Công nghệ Thông tin, Trường Đại học Công nghiệp Hà Nội quan tâm tham dự. Anh Nguyễn Văn Vinh - Phó giám đốc FPT Software Academy nhận định doanh thu của thị trường IT Services tại Nhật Bản dự kiến đạt 36 tỷ USD trong năm nay, và hơn 40% công việc của thị trường này được dự báo là thuê outsource. Đến năm 2030, Nhật Bản sẽ thiếu khoảng 790.000 chuyên gia ICT. TS. Đặng Trọng Hợp - Trưởng khoa Công nghệ Thông tin cho rằng, chất lượng đầu vào sinh viên ngành IT tại trường ngày một nâng cao, để đáp ứng tốt hơn nguồn nhân lực ICT toàn cầu trong tương lai, sinh viên cần được định hướng và chủ động trang bị kỹ năng, ngôn ngữ để đón đầu chuỗi cơ hội rộng mở, hội nhập hiện nay và trong tương lai Chị Trần Thị Quỳnh Mai - Quản lý chương trình đào tạo ICT tiếng Nhật tại FPT Software chia sẻ những hoạt động cụ thể về việc phối hợp đầu tư đào tạo với nhà trường. Anh anh Nguyễn Văn Vinh - Phó giám đốc FPT Software Academy, trao tài trợ chương trình cử nhân CNTT cầu nối Nhật Bản tới TS. Đặng Trọng Hợp - Trưởng khoa Công nghệ Thông tin, Trường Đại học Công nghiệp Hà Nội. FPT Software trao 20 suất học bổng 100% khóa học tiếng Nhật trị giá từ 1.390.000 tới 4.710.000 / 1 khóa Các diễn giả từ trái qua phải: Anh Đào Việt Bách - Trưởng phòng Tuyển dụng và Thu hút Nhân tài, FPT Software Academy; Anh Lê Thành Nhân - Giám đốc FPT Software Hà Nội; Anh Nguyễn Phụ Hưng - Project Manager, BrSE tại FPT Software. Ngành Công nghệ Thông tin và Truyền thông (ICT) đang phát triển mạnh mẽ, khu vực châu Á, đặc biệt là thị\\nnext_contents:\\n', 'content: đôi bạn thân Đồng Gia Khánh và Ma Thị Huyền cũng “chớp” lấy cơ hội trong sự kiện Tokyo Job Fair, để được trực tiếp trò chuyện, tìm hiểu sâu hơn về công ty mà mình dự định ứng tuyển sau khi ra trường. Đồng Gia Khánh và Ma Thị Huyền, sinh viên ngành Ngôn ngữ Nhật, Trường Ngoại ngữ Du lịch, HaUI cũng rất tự tin với trình độ Tiếng Nhật của mình. Hai bạn dự định ứng tuyển vào Công ty TNHH Lopia – chuyên về lĩnh vực bán lẻ tại Tokyo, Nhật Bản. Tokyo Job Fair 2024 hướng đến tuyển dụng ứng viên và người lao động từ tất cả độ tuổi và ngành nghề, không chỉ giới hạn ở các bạn sinh viên, mới tốt nghiệp mà còn mở rộng đến đối tượng đã đi làm có nhiều năm kinh nghiệm. Đại diện doanh nghiệp Nhật Bản trực tiếp đến gặp gỡ, trao đổi với sinh viên Trường Đại học Công nghiệp Hà Nội Ngành nghề tuyển dụng của Tokyo Job Fair năm nay đa dạng, đáp ứng nhu cầu của nhiều đối tượng ứng viên, bao gồm: Công nghệ thông tin (lập trình viên, kỹ sư phần mềm, chuyên viên dữ liệu); Dịch vụ (dịch vụ khách hàng, quản lý, khách sạn); Sản xuất (kỹ sư, kỹ sư cơ khí, kỹ thuật viên, công nhân kỹ thuật); Xây dựng (kỹ sư xây dựng, công nhân xây dựng, quản lí thi công); Kinh doanh (marketing, sales, bán lẻ, nhân viên kinh doanh)…, cùng hàng chục vị trí từ các ngành nghề khác. Các vị trí việc làm cho sinh viên mới ra trường được nhiều doanh nghiệp trả lương cao, hỗ trợ nhà ở, học tiếng, làm visa, đăng ký lưu trú và hỗ trợ chi phí đi lại. Trực tiếp trò chuyện và trao đổi với sinh viên Đại học Công nghiệp Hà Nội, đại diện các doanh nghiệp đến từ Nhật Bản đều có nhiều ấn tượng tốt về khả năng nói Tiếng Nhật, về thái độ tích cực và mục tiêu rõ ràng của sinh viên nhà trường. Ông Kato Takaaki, đại diện Công ty TNHH Nippon Information cho biết, công ty Nippon làm nhiều dự án liên quan đến hệ thống máy móc, hệ thống công nghệ thông tin. Sang Việt Nam lần này, ông hy vọng tuyển được một số nhân sự có khả năng lập trình tốt, giao tiếp và đọc được tài liệu bằng tiếng Nhật. Hướng tới tìm kiếm nhân lực ngành công nghệ thông\\nnext_contents:\\n- Tokyo Job Fair 2024 – kết nối doanh nghiệp Nhật Bản với sinh viên HaUI Thứ Sáu, 15:45 04/10/2024 2303 Sáng ngày 4/10, trong chương trình Tokyo Job Fair 2024, đại diện 5 doanh nghiệp từ Nhật Bản đã có buổi làm việc tại Trường Đại học Công nghiệp Hà Nội để trực tiếp gặp gỡ, giao lưu và tuyển dụng sinh viên nhà trường sang làm việc tại Tokyo (Nhật Bản) PGS.TS.Phạm Văn Đông – Phó Hiệu trưởng nhà trường chào đón đại diện các doanh nghiệp đến từ Nhật Bản tham dự chương trình. Hào hứng tham dự sự kiện từ sớm, Vương Lê Quốc Tuấn, sinh viên lớp Cơ khí 7, Trường Cơ khí – Ô tô (HaUI) tự tin chia sẻ: Em đã từng tham dự đợt thực tập doanh nghiệp 1 năm tại Nhật Bản, vì thế em đã xác định mục tiêu cụ thể là sau khi tốt nghiệp ra trường sẽ làm việc tại doanh nghiệp nước ngoài, cụ thể là Tokyo, Nhật Bản. Tự tin với vốn Tiếng Nhật “tự học”, Vương Lê Quốc Tuấn – sinh viên Trường Cơ khí – Ô tô (HaUI) đã có cơ hội được giao lưu, chia sẻ và trao đổi trực tiếp với những đại diện doanh nghiệp đến từ Nhật Bản Để chuẩn bị hành trang tốt nhất cho bản thân trước khi gia nhập vào một thị trường hiện đại, công nghệ như Nhật Bản, Quốc Tuấn đã tự trau dồi khả năng Tiếng Nhật cũng như không ngừng hoàn thiện các môn chuyên ngành, nắm vững kiến thức cơ bản trong lĩnh vực của mình. Với vốn Tiếng Nhật thành thạo, Quốc Tuấn đã tự tin giao tiếp, đặt câu hỏi và gây ấn tượng với doanh nghiệp Nhật Bản trong sự kiện Tokyo Job Fair 2024 năm nay. Theo học chuyên ngành Ngôn ngữ Nhật tại trường Ngoại ngữ - Du lịch (HaUI), đôi bạn thân Đồng Gia Khánh và Ma Thị Huyền cũng “chớp” lấy cơ hội trong sự kiện Tokyo Job Fair, để được trực tiếp trò chuyện, tìm hiểu sâu hơn về công ty mà mình dự định ứng tuyển sau khi ra trường. Đồng Gia Khánh và Ma Thị Huyền, sinh viên ngành Ngôn ngữ Nhật, Trường Ngoại ngữ Du lịch, HaUI cũng rất tự tin với trình độ Tiếng Nhật của mình. Hai bạn dự định ứng tuyển vào Công ty TNHH Lopia – chuyên về lĩnh vực bán lẻ tại Tokyo, Nhật Bản. Tokyo Job Fair 2024 hướng đến tuyển dụng ứng viên và\\n', 'content: khoa Công nghệ Thông tin, Trường Đại học Công nghiệp Hà Nội. FPT Software trao 20 suất học bổng 100% khóa học tiếng Nhật trị giá từ 1.390.000 tới 4.710.000 / 1 khóa Các diễn giả từ trái qua phải: Anh Đào Việt Bách - Trưởng phòng Tuyển dụng và Thu hút Nhân tài, FPT Software Academy; Anh Lê Thành Nhân - Giám đốc FPT Software Hà Nội; Anh Nguyễn Phụ Hưng - Project Manager, BrSE tại FPT Software. Ngành Công nghệ Thông tin và Truyền thông (ICT) đang phát triển mạnh mẽ, khu vực châu Á, đặc biệt là thị trường Nhật Bản, đã và đang ghi nhận những bước tiến vượt bậc. Theo dự báo, ngành ICT Nhật Bản sẽ đạt tốc độ tăng trưởng lên đến 8,6% mỗi năm trong giai đoạn 2022-2032, với quy mô dự kiến 941 tỷ USD vào năm 2032. Sự phát triển này kéo theo nhu cầu rất lớn về nguồn nhân lực chất lượng cao cho thị trường Nhật Bản, mở ra những cơ hội hợp tác đầy hứa hẹn cho các doanh nghiệp Việt Nam, cũng như cơ hội nghề nghiệp chất lượng cho nhân sự ngành ICT ở thị trường này. “Cử nhân Công nghệ thông tin Nhật Bản - Japanese BrSE” là chương trình đào tạo chuyên sâu do FPT Software phối hợp cùng Khoa Công nghệ thông tin, Trường Đại học Công nghiệp Hà Nội tổ chức, nhằm trang bị năng lực ngoại ngữ tiếng Nhật IT và kiến thức công nghệ thông tin thực chiến dành cho sinh viên có mong muốn định hướng làm việc tại thị trường Nhật Bản. Thứ Hai, 16:56 30/09/2024 Tags: Đại học Công nghiệp Hà Nội HaUI ĐHCNHN sinh viên IT Khoa Công nghệ Thông tin ICT Nhật Bản FPT Leader Talk Hành trang Nhật Tiến Japanese BrSE\\nnext_contents:\\n- Sinh viên ngành IT HaUI hào hứng tiếp cận thị trường ICT Nhật Bản Thứ Hai, 16:56 30/09/2024 1018 “FPT Leader Talk: Hành trang Nhật Tiến” là chương trình do FPT Software phối hợp với Khoa Công nghệ Thông tin, Trường Đại học Công nghiệp Hà Nội tổ chức ngày 30/9/2024, nhằm giúp các bạn sinh viên có góc nhìn tổng quan về cơ hội việc làm ICT thị trường Nhật Bản, cũng như xác định được những hành trang cần thiết cho hành trình Nhật tiến. Buổi chia sẻ thu hút hơn 200 sinh viên khoá 17 Khoa Công nghệ Thông tin, Trường Đại học Công nghiệp Hà Nội quan tâm tham dự. Anh Nguyễn Văn Vinh - Phó giám đốc FPT Software Academy nhận định doanh thu của thị trường IT Services tại Nhật Bản dự kiến đạt 36 tỷ USD trong năm nay, và hơn 40% công việc của thị trường này được dự báo là thuê outsource. Đến năm 2030, Nhật Bản sẽ thiếu khoảng 790.000 chuyên gia ICT. TS. Đặng Trọng Hợp - Trưởng khoa Công nghệ Thông tin cho rằng, chất lượng đầu vào sinh viên ngành IT tại trường ngày một nâng cao, để đáp ứng tốt hơn nguồn nhân lực ICT toàn cầu trong tương lai, sinh viên cần được định hướng và chủ động trang bị kỹ năng, ngôn ngữ để đón đầu chuỗi cơ hội rộng mở, hội nhập hiện nay và trong tương lai Chị Trần Thị Quỳnh Mai - Quản lý chương trình đào tạo ICT tiếng Nhật tại FPT Software chia sẻ những hoạt động cụ thể về việc phối hợp đầu tư đào tạo với nhà trường. Anh anh Nguyễn Văn Vinh - Phó giám đốc FPT Software Academy, trao tài trợ chương trình cử nhân CNTT cầu nối Nhật Bản tới TS. Đặng Trọng Hợp - Trưởng khoa Công nghệ Thông tin, Trường Đại học Công nghiệp Hà Nội. FPT Software trao 20 suất học bổng 100% khóa học tiếng Nhật trị giá từ 1.390.000 tới 4.710.000 / 1 khóa Các diễn giả từ trái qua phải: Anh Đào Việt Bách - Trưởng phòng Tuyển dụng và Thu hút Nhân tài, FPT Software Academy; Anh Lê Thành Nhân - Giám đốc FPT Software Hà Nội; Anh Nguyễn Phụ Hưng - Project Manager, BrSE tại FPT Software. Ngành Công nghệ Thông tin và Truyền thông (ICT) đang phát triển mạnh mẽ, khu vực châu Á, đặc biệt là thị\\n', 'content: Tokyo Job Fair 2024 – kết nối doanh nghiệp Nhật Bản với sinh viên HaUI Thứ Sáu, 15:45 04/10/2024 2303 Sáng ngày 4/10, trong chương trình Tokyo Job Fair 2024, đại diện 5 doanh nghiệp từ Nhật Bản đã có buổi làm việc tại Trường Đại học Công nghiệp Hà Nội để trực tiếp gặp gỡ, giao lưu và tuyển dụng sinh viên nhà trường sang làm việc tại Tokyo (Nhật Bản) PGS.TS.Phạm Văn Đông – Phó Hiệu trưởng nhà trường chào đón đại diện các doanh nghiệp đến từ Nhật Bản tham dự chương trình. Hào hứng tham dự sự kiện từ sớm, Vương Lê Quốc Tuấn, sinh viên lớp Cơ khí 7, Trường Cơ khí – Ô tô (HaUI) tự tin chia sẻ: Em đã từng tham dự đợt thực tập doanh nghiệp 1 năm tại Nhật Bản, vì thế em đã xác định mục tiêu cụ thể là sau khi tốt nghiệp ra trường sẽ làm việc tại doanh nghiệp nước ngoài, cụ thể là Tokyo, Nhật Bản. Tự tin với vốn Tiếng Nhật “tự học”, Vương Lê Quốc Tuấn – sinh viên Trường Cơ khí – Ô tô (HaUI) đã có cơ hội được giao lưu, chia sẻ và trao đổi trực tiếp với những đại diện doanh nghiệp đến từ Nhật Bản Để chuẩn bị hành trang tốt nhất cho bản thân trước khi gia nhập vào một thị trường hiện đại, công nghệ như Nhật Bản, Quốc Tuấn đã tự trau dồi khả năng Tiếng Nhật cũng như không ngừng hoàn thiện các môn chuyên ngành, nắm vững kiến thức cơ bản trong lĩnh vực của mình. Với vốn Tiếng Nhật thành thạo, Quốc Tuấn đã tự tin giao tiếp, đặt câu hỏi và gây ấn tượng với doanh nghiệp Nhật Bản trong sự kiện Tokyo Job Fair 2024 năm nay. Theo học chuyên ngành Ngôn ngữ Nhật tại trường Ngoại ngữ - Du lịch (HaUI), đôi bạn thân Đồng Gia Khánh và Ma Thị Huyền cũng “chớp” lấy cơ hội trong sự kiện Tokyo Job Fair, để được trực tiếp trò chuyện, tìm hiểu sâu hơn về công ty mà mình dự định ứng tuyển sau khi ra trường. Đồng Gia Khánh và Ma Thị Huyền, sinh viên ngành Ngôn ngữ Nhật, Trường Ngoại ngữ Du lịch, HaUI cũng rất tự tin với trình độ Tiếng Nhật của mình. Hai bạn dự định ứng tuyển vào Công ty TNHH Lopia – chuyên về lĩnh vực bán lẻ tại Tokyo, Nhật Bản. Tokyo Job Fair 2024 hướng đến tuyển dụng ứng viên và\\nnext_contents:\\n', 'content: Mở rộng cơ hội hợp tác với Tập đoàn KIOXIA, Nhật Bản Thứ Ba, 16:30 10/12/2024 438 Sáng ngày 10/12, PGS.TS. Phạm Văn Đông – Phó Hiệu trưởng Trường Đại học Công nghiệp Hà Nội đã có buổi làm việc với ông Shibayama Koichiro – Giám đốc Nhà máy Kioxia Iwate, Nhật Bản. Trong chiến lược phát triển của Trường Đại học Công nghiệp (HaUI) giai đoạn 2020 - 2025, tầm nhìn 2030, mục tiêu phát triển hợp tác với các trường đại học, doanh nghiệp nói chung và với Nhật Bản nói riêng được xem là một trong những nhiệm vụ trọng tâm. Trong hơn 200 doanh nghiệp có mối quan hệ hợp tác bền chặt, thường xuyên với HaUI, có rất nhiều doanh nghiệp đến từ Nhật Bản như Honda, Nissan, Toyota, Mitsubitshi, Mazda…., Làm việc với Tập đoàn Kioxia, Nhật Bản Tại buổi làm việc, PGS.TS. Phạm Văn Đông – Phó Hiệu trưởng Trường Đại học Công nghiệp Hà Nội bày tỏ vui mừng, chào đón đoàn công tác của Tập đoàn Kioxia, Nhật Bản đến với Nhà trường. Đại diện HaUI khẳng định mối quan hệ thân thiết, bền chặt giữa HaUI với các tổ chức, doanh nghiệp của Nhật Bản là rất quan trọng, mang lại nhiều giá trị tốt đẹp cho cả hai bên trong việc nâng cao chất lượng đào tạo, nghiên cứu, hỗ trợ sinh viên của nhà trường. PGS. TS. Phạm Văn Đông – Phó Hiệu trưởng Trường Đại học Công nghiệp Hà Nội phát biểu tại buổi làm việc Nhấn mạnh đến nhân lực chất lượng cao ngành vi mạch bán dẫn, PGS.TS. Phạm Văn Đông – Phó Hiệu trưởng nhà trường cho biết: Là một trong 18 cơ sở giáo dục đại học được Chính phủ ưu tiên đầu tư phòng thí nghiệm bán dẫn, Trường Đại học Công nghiệp Hà Nội đã chủ động chuẩn bị các điều kiện, chú trọng đầu tư nhiều trang thiết bị đào tạo cơ bản và chuyên sâu cho nhiều lĩnh vực liên quan đến công nghiệp bán dẫn như Điện, Điện tử, Tự động hóa, Công nghệ thông tin, Cơ khí, Hóa học,... với mục tiêu đào tạo nguồn nhân lực chất lượng cao sẵn sàng hội nhập, đáp ứng yêu cầu của thị trường lao động trong nước và quốc tế. Tại buổi làm việc, ông Shibayama Koichiro – Giám đốc Nhà máy Kioxia Iwate, Nhật Bản cảm ơn sự tiếp đón thân\\nnext_contents:\\n']","['Chia sẻ khi nhận nhiệm vụ là tân Đội trưởng Đội Thanh niên tình nguyện Khoa CNTT HaUI khoá mới, bạn Nguyễn Hữu Nhật, đội trưởng nhiệm kỳ 2024-2025 cho biết: ""Mình rất vui vì được Ban Chấp hành Đoàn trường, ban chủ nhiệm khoá cũ và toàn đội tín nhiệm, tin tưởng giao trọng trách trở thành người dẫn dắt đội trong thời gian tới. Những thành tựu mà Đội Thanh niên tình nguyện Khoa CNTT HaUI đạt được trong thời gian qua có được là nhờ những đóng góp không ngừng nghỉ của ban lãnh đạo khoá cũ và các thành viên trong Đội"". ""Thời gian tới, mình và ban lãnh đạo khoá mới sẽ cố gắng hết sức để phát huy truyền thống của đội, tiếp tục đưa Đội Thanh niên tình nguyện Khoa CNTT HaUI phát triển đi lên; Trở thành một trong những lá cờ đầu trong hoạt động của Đoàn Thanh niên trường Đại học Công Nghiệp Hà Nội"", Nhật nhấn mạnh. Thứ Sáu, 14:26 06/12/2024 Tags:']","Tôi không có thông tin cụ thể về vai trò của bạn Nguyễn Hữu Nhật trong nhiệm kỳ 2024-2025. Để tìm hiểu thêm về các hoạt động của Đoàn thanh niên và Hội sinh viên tại Trường Đại học Công nghiệp Hà Nội, bạn có thể tham khảo các nguồn thông tin khác hoặc liên hệ với bộ phận hỗ trợ của trường.

Nếu bạn cần thêm thông tin về các hoạt động khác hoặc có câu hỏi cụ thể nào khác, hãy cho tôi biết! 

Bạn có thể liên hệ hỗ trợ qua dịch vụ khách hàng nếu cần thiết.","Bạn Nguyễn Hữu Nhật, tân Đội trưởng Đội Thanh niên tình nguyện Khoa CNTT HaUI khoá mới, cho biết rằng bạn rất vui vì được tín nhiệm giao trọng trách dẫn dắt đội. Bạn nhấn mạnh rằng những thành tựu của đội có được là nhờ vào những đóng góp của ban lãnh đạo khoá cũ và các thành viên. Trong thời gian tới, bạn và ban lãnh đạo khoá mới sẽ cố gắng phát huy truyền thống của đội và đưa Đội Thanh niên tình nguyện Khoa CNTT HaUI phát triển hơn nữa.",0.0,0.0,0.2,1.0,1.130742073059082,3.206857919692993
Công nghiệp là gì trong bối cảnh số hoá cho nhà sản xuất?,[],['[Tọa đàm trực tuyến] Số hoá trong lĩnh vực công nghiệp - Bài toán cho các nhà sản xuất'],"### Thông tin về hoạt động khóa và các hoạt động đoàn hội tại Trường Đại học Công nghiệp Hà Nội

1. **Hoạt động khóa**:
   - Trường Đại học Công nghiệp Hà Nội tổ chức nhiều hoạt động nhằm phát triển kỹ năng và tạo cơ hội giao lưu cho sinh viên. Một trong những hoạt động nổi bật là Ngày hội Tân sinh viên, diễn ra vào ngày 26/11/2022, thu hút hàng ngàn sinh viên tham gia với nhiều nội dung hấp dẫn.
   - Các hoạt động khác bao gồm các hội thảo, workshop, và các cuộc thi nhằm khuyến khích sự sáng tạo và phát triển kỹ năng cho sinh viên.

2. **Hoạt động đoàn hội**:
   - Đoàn Thanh niên và Hội Sinh viên trường thường xuyên tổ chức các hội nghị tổng kết công tác đoàn hội hàng năm, nhằm đánh giá kết quả hoạt động và đề ra kế hoạch cho năm học tiếp theo.
   - Các phong trào thanh niên tình nguyện, hoạt động xã hội, và các chương trình giáo dục chính trị cũng được triển khai mạnh mẽ, tạo điều kiện cho sinh viên tham gia và cống hiến cho cộng đồng.

### Công nghiệp trong bối cảnh số hóa cho nhà sản xuất

- **Số hóa trong ngành công nghiệp**:
  - Số hóa trong ngành công nghiệp là quá trình áp dụng công nghệ thông tin và truyền thông để cải thiện quy trình sản xuất, nâng cao năng suất và hiệu quả hoạt động. Điều này bao gồm việc tự động hóa quy trình sản xuất, sử dụng dữ liệu lớn để phân tích và tối ưu hóa hoạt động.
  - Các doanh nghiệp cần phải chuyển đổi số để tăng cường khả năng cạnh tranh, cải thiện chất lượng sản phẩm và dịch vụ, đồng thời giảm chi phí sản xuất.

- **Lợi ích của số hóa**:
  - Số hóa giúp doanh nghiệp cải thiện quản lý chất lượng sản phẩm, tăng cường khả năng kiểm soát quy trình sản xuất, và nâng cao hiệu quả hoạt động.
  - Việc áp dụng công nghệ 4.0 trong sản xuất cũng giúp doanh nghiệp tối ưu hóa quy trình, giảm thiểu lãng phí và tăng cường khả năng đáp ứng nhu cầu thị trường.

### Tài liệu tham khảo
- [Lễ tổng kết công tác Đoàn - Hội và phong trào thanh niên, sinh viên năm học 2017 - 2018] - [**Link tham khảo**](https://www.haui.edu.vn/vn/hoat-dong-sinh-vien/le-tong-ket-cong-tac-doan-hoi-va-phong-trao-thanh-nien-sinh-vien-nam-hoc-2017-2018-phat-dong-thi-dua-nam-hoc-2018-2019/60866).
- [Số hóa trong lĩnh vực công nghiệp - bài toán cho các nhà sản xuất] - [**Link tham khảo**](https://www.haui.edu.vn/vn/bao-chi-viet-ve-haui/congthuong-so-hoa-trong-linh-vuc-cong-nghiep-bai-toan-cho-cac-nha-san-xuat/65781).

Nếu bạn cần thêm thông tin hoặc có câu hỏi khác, hãy cho tôi biết!",Công nghiệp trong bối cảnh số hoá đề cập đến việc áp dụng công nghệ số để cải thiện quy trình sản xuất và quản lý trong các nhà máy.,0.8201033545739335,0.0,0.0,0.0,0.6950020790100098,12.063960075378418
Selex Motors sẽ tham gia tọa đàm nào và ai là đại diện của họ?,"['content: thể đi xa hơn kỳ vọng như thế. 4. Team Ba Anh Em Siêu Nhân (Đại học Công nghiệp Hà Nội) Ba Anh Em Siêu Nhân là nhóm các bạn sinh viên năm tư trường Đại học Công nghiệp Hà Nội. Về hành trình tiên phong khai phá chinh phục đỉnh cao của Marketing Journey 2024, nhóm đặc biệt gửi lời tri ân đặc biệt đến Ban tổ chức và những người đã luôn đồng hành, ủng hộ nhóm trong suốt thời gian vừa qua. Xin chúc TOP 04 đội thi xuất sắc nhất luôn giữ tinh thần nhiệt huyết, sự đam mê, sáng tạo để có sự chuẩn bị tốt nhất cho Đêm chung kết. Chúc các bạn tự tin thể hiện mình để ghi dấu ấn tiên phong trên hành trình chinh phục Marketing. Thông tin chi tiết về Đêm chung kết Marketing Journey 2024: Thời gian: 18h00 thứ Sáu, ngày 21/06/2024 Địa điểm: Tầng 3, tòa A11, trường Đại học Công nghiệp Hà Nội (Số 298 Đ. Cầu Diễn, Minh Khai, Bắc Từ Liêm, Hà Nội) Format chung kết: Vòng 3.1: Báo cáo kết quả TOP 04 trình bày kết quả phần thực thi và nhận câu hỏi từ Nhà Tài trợ và BGK. Chọn ra TOP 02 đội thi có điểm cao nhất tiến vào phần thi cuối cùng. Vòng 3.2: Tranh biện TOP 02 thực hiện tranh biện giữa 2 đội thi về 1 chủ đề từ Nhà Tài trợ. Đăng ký tham dự Đêm chung kết tại: https://forms.gle/1qKCKTPztMTrqw7UA Mọi thông tin chi tiết về Marketing Journey vui lòng liên hệ: CLB Marketing Trường Đại học Công nghiệp Hà Nội (Số 298 Đ. Cầu Diễn, Minh Khai, Bắc Từ Liêm, Hà Nội) Website: marketingjourneymc8.com Fanpage: Marketing Journey Nguồn: Báo Tri thức và Cuộc sống Thứ Năm, 14:11 20/06/2024 Tags:\\nnext_contents:\\n- vực Marketing và truyền thông: Vòng 1: “Planning” – Từ 21/05/2024 đến 29/05/2024 Vòng 2: “Implementing” – Từ 30/05/2024 đến 17/06/2024 Vòng 3: “Pitching”: Đêm chung kết– Từ ngày 18/06/2024 đến ngày 21/06/2024 Ai sẽ là người ghi dấu ấn tiên phong trên Hành trình Marketing? Từ quy mô hơn 65 đội thi, trải qua gần 1 tháng chinh phục, chỉ còn lại TOP 04 đội thi xuất sắc nhất bước vào chặng đường cuối cùng tại Đêm chung kết Marketing Journey 2024 - nơi tỏa sáng của những con người tiên phong khai phá chinh phục đỉnh cao. 1. Team Hươu Linh (Học viện Báo chí và Tuyên truyền) Những cô gái xinh đẹp đến từ Học viện Báo chí và Tuyên truyền chia sẻ rằng trở thành TOP 04 Marketing Journey 2024 chính là thành quả xứng đáng cho những nỗ lực không ngừng nghỉ của cả nhóm trong suốt thời gian qua. 2. Team Chiến Binh Lửa (Đại học Công nghiệp Hà Nội) Chiến Binh Lửa là nhóm các bạn sinh viên Marketing đến từ trường Đại học Công nghiệp Hà Nội. Từ 3 cá nhân chưa từng làm việc chung với nhau, vô tình có điểm chung là muốn tham dự cuộc thi nhưng chưa có đội và rất may mắn là 3 bạn đã tìm thấy nhau rồi cùng nhau tạo ra Chiến Binh Lửa. 3. Team Ngô Đồng (Đại học Văn Lang, Đại học Kinh tế - Luật, Đại học Hàng Hải Việt Nam) Đồng Nai, Hải Phòng, Tiền Giang là 3 tỉnh thành tuy chẳng liên quan gì đến nhau nhưng có một sự liên kết mạnh mẽ giữa 3 cá nhân trong team Ngô Đồng. Các bạn quen biết nhau tại 1 cộng đồng marketing, quyết định cùng nhau tham gia cuộc thi và thật bất ngờ khi hành trình của nhóm lại có thể đi xa hơn kỳ vọng như thế. 4. Team Ba Anh Em Siêu Nhân (Đại học Công nghiệp Hà Nội) Ba Anh Em Siêu Nhân là nhóm các bạn sinh viên năm tư trường Đại học Công nghiệp Hà Nội. Về hành trình tiên phong khai phá chinh phục đỉnh cao của Marketing Journey 2024, nhóm đặc biệt gửi lời tri ân đặc biệt đến Ban tổ chức và những người đã luôn đồng hành, ủng hộ nhóm trong suốt thời gian vừa qua. Xin chúc TOP 04 đội thi xuất sắc nhất luôn giữ tinh thần nhiệt huyết, sự đam mê, sáng tạo để có sự chuẩn bị tốt\\n', 'content: Talk show đường đến doanh nghiệp Ngày 26/12/2019, Khoa Công nghệ thông tin Trường Đại học Công nghiệp Hà Nội đã phối hợp với Công ty VTI tổ chức hội thảo hướng nghiệp trở thành người tiên phong tại Phòng hội thảo 1 tầng 6 nhà A1. Tham dự hội thảo về phía Khoa CNTT có TS. Ngô Đức Vĩnh – Trưởng khoa CNTT. Về phía Công ty VTI có các diễn giả hàng đầu CNTT: CEO VTI Academy – Anh Nguyễn Quyết ; CEO Top CV – Anh Trần Trung Hiếu. Chương trình hội thảo đã chia sẻ những kinh nghiệm sinh viên đón nhận sứ mệnh trở thành người dẫn dắt, tiên phong trong kiến tạo những trải nghiệm mới cho khách hàng, cho xã hội, đất nước và cùng VTI Academy thực hiện sứ mệnh đó ngay từ hôm nay. Phát biểu tại hội thảo, TS. Ngô Đức Vĩnh – Trưởng khoa CNTT đã nhấn mạnh. Đây là sự kiện đặc biệt, là bước ngoặt vô cùng quan trọng đối với các em sinh viên năm cuối của khoa, đồng thời cũng là cơ hội được lĩnh hội thêm nhiều kiến thức mới, cọ xát thực tế cho tất cả các em sinh viên đanh theo học ngành CNTT tiếp cận gần hơn với doanh nghiệp và thêm nhiều cơ hội việc làm hấp dẫn. Hội thảo hướng nghiệp do hai bên phối hợp tổ chức là cầu nối giúp sinh viên có cơ hội tiếp xúc, thể hiện năng lực bản thân và tìm kiếm cơ hội việc làm đúng chuyên ngành đào tạo tại các doanh nghiệp uy tín. Sinh viên hào hứng tham gia giao lưu và các minigame Phần giao lưu và minigame Short quiz được sinh viên hào hứng tham gia để tìm hiểu các chương trình, dự án lớn VTI đang triển khai gồm điện toán đám mây, big data… Quan trọng hơn hết là các vị trí tuyển dụng kỹ sư tại VTI được giới thiệu tại hội thảo để giúp sinh viên nắm bắt được nhu cầu tuyển dụng và các yêu cầu kỹ năng cần khi tham gia ứng tuyển. Sẽ mang đến nguồn kiến thức thực tế giá trị, củng cố thêm các kỹ năng, kết nối và rút ngắn khoảng cách sinh viên khoa CNTT của trường với các doanh nghiệp công nghệ lớn. Một phần kiến thức nằm trong sự kiện còn là những yếu tố tiên quyết để giúp các em chinh phục nhà tuyển dụng một cách tuyệt đối. Với thời gian 120 phút chia sẻ mà\\nnext_contents:\\n', 'content: Lễ bàn giao thiết bị của Tập đoàn Phoenix Contact - CHLB Đức cho Trường Đại học Công nghiệp Hà Nội Thứ Năm, 22:00 28/02/2019 2662 Thiết bị trị giá 90.000 USD đã được Tập đoàn Phoenix Contact trao tặng cho Trường Đại học Công nghiệp Hà Nội (ĐHCNHN) tại Lễ bàn giao thiết bị phòng thực hành thí nghiệm kỹ thuật tự động hóa diễn ra sáng ngày 28/02/2019. Ông Klaus Hengsbach - Giám đốc Đào tạo Tập đoàn Phoenix Contact trao bảng tượng trưng giá trị thiết bị cho PGS.TS. Trần Đức Quý - Hiệu trưởng ĐHCNHN Tham dự buổi Lễ, về phía ĐHCNHN có PGS.TS. Trần Đức Quý - Hiệu trưởng Nhà trường cùng các thầy, cô trong Ban Giám hiệu và đại diện Trung tâm Hợp tác Doanh nghiệp, Trung tâm Hợp tác Quốc tế, Khoa Cơ khí, Khoa Điện. Về phía Tập đoàn Phoenix Contact có sự hiện diện của ông Klaus Hengsbach - Giám đốc Đào tạo Tập đoàn cùng đại diện Văn phòng Tập đoàn tại Việt Nam. Toàn cảnh buổi Lễ bàn giao thiết bị của Tập đoàn Phoenix Contact tặng Trường ĐHCNHN Ông Klaus Hengsbach - Giám đốc Đào tạo Tập đoàn Phoenix Contact phát biểu tại Lễ bàn giao Phát biểu tại Lễ bàn giao, ông Klaus Hengsbach cho biết: “Với mong muốn hỗ trợ công tác đào tạo và nghiên cứu khoa học cho cán bộ, giảng viên và sinh viên Trường ĐHCNHN, Tập đoàn Phoenix Contact trao tặng gói thiết bị gồm các thiết bị tự động hóa hiện đại của Tập đoàn”. Theo ông Klaus, việc tài trợ thiết bị cho Nhà trường là nền tảng cho sự hợp tác giữa ĐHCNHN và Phoenix Contact trong công tác đào tạo, nghiên cứu nhằm nâng cao năng lực chuyên môn, kỹ năng, thực hành, nghiên cứu và ứng dụng trong lĩnh vực kỹ thuật nói chung và lĩnh vực tự động hóa nói riêng cho cán bộ, giảng viên và sinh viên ĐHCNHN. Những thiết bị này đã được lắp đặt tại phòng thực hành thí nghiệm kỹ thuật tự động hóa với tổng kinh phí 90.000 USD, tương đương 2,1 tỉ đồng. PGS.TS. Trần Đức Quý - Hiệu trưởng Nhà trường phát biểu tại buổi Lễ Thay mặt Trường ĐHCNHN, PGS.TS. Trần Đức Quý cảm ơn sự quan tâm, hỗ trợ từ phía Tập đoàn Phoenix Contact và đánh giá cao mối quan hệ tốt đẹp giữa\\nnext_contents:\\n', 'content: Khai mạc khoá đánh giá kỹ năng nghề quốc gia, nghề Cắt gọt kim loại trên máy CNC Sáng 15/12/2012, tại trường Đại học Công nghiệp Hà Nội đã diễn ra khai mạc khoá đánh giá kỹ năng nghề quốc gia, nghề Cắt gọt kim loại trên máy CNC. Đến dự khai mạc có đại diện: Tổng cục Dạy nghề, Sở Lao động Thương binh và Xã hội, Công ty Pentax, Công ty Bắc Việt. Về phía trường Đại học Công nghiệp Hà Nội có ông Hà Xuân Quang – Phó Hiệu trưởng, cố vấn trưởng, chuyên gia dự án JICA – HaUI, các thành viên trong Ban tổ chức, Ban giám khảo, Tổ giám sát, Tổ thư ký các thí sinh dự thi. Tại buổi khai mạc, ông Cao Quang Đại - Vụ trưởng Vụ Kỹ năng nghề thuộc Tổng cục Dạy nghề đã trao chứng nhận thành lập Trung tâm đánh giá kỹ năng nghề quốc gia, nghề Cắt gọt kim loại trên máy CNC tại trường Đại học Công nghiệp Hà Nội. Thay mặt Ban Lãnh đạo nhà trường, Phó Hiệu trưởng Hà Xuân Quang cảm ơn Tổng cục Dạy nghề đã chọn trường Đại học Công nghiệp Hà Nội để tổ chức đánh giá kỹ năng nghề quốc gia; đồng thời cam kết sẽ tổ chức nghiêm túc kỳ thi, đảm bảo đúng yêu cầu, quy định đã đề ra. Đây là lần đầu tiên ở Việt Nam tổ chức được đánh giá kỹ năng nghề quốc gia, nghề Cắt gọt kim loại trên máy CNC Kỳ thi được tổ chức trong 2 ngày 15 và 16/12/2012 tại Trung tâm Việt Nhật và Trung tâm Đào tạo kỹ thuật HaUI – Foxconn với sự tham dự của 10 thí sinh đang làm việc tại Công ty Pentax. Kết thúc kỳ thi, Ban Tổ chức sẽ trao giấy chứng nhận cho các thí sinh đạt yêu cầu. Chủ Nhật, 07:37 16/12/2012 Tags:\\nnext_contents:\\n', 'content: Hơn 1.000 học sinh THPT Nguyễn Thị Minh Khai quan tâm, tìm hiểu thông tin về Đại học Công nghiệp Hà Nội Thứ Năm, 11:23 30/03/2023 1632 Sáng ngày 30/3, đoàn cán bộ tuyển sinh của Phòng Đào tạo - Đại học Công nghiệp Hà Nội đã có mặt tại THPT Nguyễn Thị Minh Khai (Hà Nội) tham dự Ngày hội Tư vấn tuyển sinh hướng nghiệp năm 2023. Đây là hoạt động nằm trong chuỗi hoạt động tư vấn Tuyển sinh năm 2023 của HaUI, nhằm mang hình ảnh Đại học Công nghiệp Hà Nội đến gần hơn với học sinh THPT và phụ huynh quan tâm. Trước đó, Đại học Công nghiệp Hà Nội cũng đã tổ chức thành công chương trình Tư vấn tuyển sinh hướng nghiệp tại Hưng Hà,Thái Bình ; T ham dự ngày Hội tư vấn tuyển sinh tại Đại học Bách Khoa Hà Nội . Và ngày 2/4 sắp tới, đoàn tuyển sinh nhà trường cũng sẽ có chuyến tư vấn tuyển sinh tại Hải Dương. Ngay từ đầu giờ sáng, hơn 1000 học sinh khối 12 đã có mặt đông đủ, tham dự Chương trình Ngày hội tư vấn tuyển sinh hướng nghiệp năm 2023 Phát biểu khai mạc chương trình, Thầy Đoàn Minh Châu - Hiệu trưởng nhà trường nhấn mạnh: 18 trường Đại học, Học viện có mặt trong Ngày hội tư vấn tuyển sinh hôm nay sẽ mang đến rất nhiều thông tin bổ ích, giải đáp mọi thắc mắc cho các em. Hãy nắm bắt cơ hội này để hiểu rõ hơn và định hướng rõ ràng hơn nghề nghiệp trong tương lai của mình. Khu vực tư vấn của Đại học Công nghiệp Hà Nội nổi bật với màu áo xanh thương hiệu TS.Thân Thanh Sơn - Trưởng phòng Đào tạo và TS. Nguyễn Viết Tuyến - Phó phòng Đào tạo đang chia sẻ thông tin cũng như giải đáp những thắc mắc cho nhóm bạn nữ của trường THPT Nguyễn Thị Minh Khai Thầy Vũ Ngọc Ánh - Tổ trưởng tổ tuyển sinh đang giải đáp thắc mắc về ngành Marketing và ngành Logictics cho bạn học sinh lớp 11 đang quan tâm. Nhóm bạn nữ lớp 12A1 đang được bạn sinh viên tình nguyện của HaUI chia sẻ những thông tin về hoạt động Đoàn - Hội, những chương trình hấp dẫn mà sinh viên sẽ được trải nghiệm tại HaUI Không chỉ học sinh khối 12, khối 11, mà rất nhiều phụ huynh có con theo học tại THPT Minh Khai cũng có mặt để\\nnext_contents:\\n']","['Tọa đàm: “Số hoá trong lĩnh vực công nghiệp - Bài toán cho các nhà sản xuất” do Tạp chí Công Thương tổ chức sẽ phát trực tuyến trên nền tảng Tạp chí Công Thương điện tử và Fanpage Tự hào hàng Việt Nam vào 9h30 ngày 04/12/2024. Theo đánh giá của các chuyên gia, trước xu hướng và đà tăng trưởng hiện nay, thị trường thương mại điện tử và kinh tế số Việt Nam sẽ còn phát triển mạnh mẽ hơn nữa và trở thành một trong những động lực thúc đẩy tăng trưởng kinh tế. Đây cũng chính là thời điểm để chúng ta xây nên những mô hình và chiến lược mới, ứng dụng mạnh mẽ công nghệ số, tăng sức cạnh tranh trong bối cảnh mới. Theo đánh giá của các chuyên gia, trước xu hướng và đà tăng trưởng hiện nay, thị trường thương mại điện tử và kinh tế số Việt Nam sẽ còn phát triển mạnh mẽ hơn nữa và trở thành một trong những động lực thúc đẩy tăng trưởng kinh tế. Đây cũng chính là thời điểm để chúng ta xây nên những mô hình và chiến lược mới, ứng dụng mạnh mẽ công nghệ số, tăng sức cạnh tranh trong bối cảnh mới. Tọa đàm: “Số hoá trong lĩnh vực công nghiệp – Bài toán cho các nhà sản xuất” do Tạp chí Công Thương tổ chức sẽ phát trực tuyến trên nền tảng Tạp chí Công Thương điện tử và Fanpage Tự hào hàng Việt Nam vào 9h30 ngày 05/12/2024. Thời gian qua, Bộ Công Thương đã ban hành nhiều văn bản, chính sách nhằm thúc đẩy chuyển đổi số ngành Công Thương, triển khai Chiến lược Quốc gia về phát triển kinh tế số và xã hội số, trong đó tập trung vào các nội dung: (i) tăng cường xây dựng Chính phủ điện tử Bộ Công Thương ; (ii) thúc đẩy phát triển Kinh tế số ngành Công Thương theo ba lĩnh vực ưu tiên là thương mại, công nghiệp - năng lượng, và dịch vụ logistics. Vệc đẩy mạnh ứng dụng chuyển đổi số ngành Công Thương là vô cùng cần thiết trong nâng cao hiệu quả quản lý, điều hành Bộ Công Thương cũng như thúc đẩy kinh tế số trong ngành. Đặc biệt, trong lĩnh vực sản xuất, quá trình số hóa được đánh giá đã làm thay đổi diện mạo của ngành công nghiệp, đưa tỷ trọng của những ngành khai thác giảm dần và tỷ trọng ngành chế biến, chế tạo tăng dần. Tuy nhiên để phát triển kinh tế số ngành Công Thương nói chung cũng như số hóa các lĩnh vực công nghiệp một cách bền vững hiện vẫn tồn tại rất nhiều khó khăn, rào cản. Đây là bài toán của các nhà sản xuất cần được sự chung tay vào cuộc của nhiều thành phần với nỗ lực mạnh mẽ để thúc đẩy chuyển đổi số trong lĩnh vực công nghiệp trong thời gian tới. Vấn đề này sẽ được chia sẻ với góc nhìn đa dạng và sâu sắc hơn tại Tọa đàm do Tạp chí Công Thương thực hiện với chủ đề: "" Số hoá trong lĩnh vực công nghiệp – Bài toán cho các nhà sản xuất"", phát trực tuyến vào 9h30 ngày 04/12/2024. Tham dự Tọa đàm có sự tham gia của các vị khách mời: - TS. Đặng Trọng Hợp - Trưởng khoa Công nghệ thông tin, Đại học Công nghiệp Hà Nội; - Ông Nguyễn An Sơn - Trưởng phòng Phát triển dự án, Trung tâm Tin học và Công nghệ số, Cục Thương mại điện tử và Kinh tế số (Bộ Công Thương) - TS. Nguyễn Hữu Phước Nguyên - Tổng Giám đốc điều hành Selex Motors Tại Tọa đàm, đại diện cơ quan quản lý Nhà nước, đại diện cơ sở đào tạo và doanh nghiệp sẽ cùng tham gia thảo luận, chia sẻ về những hành động cụ thể của Bộ Công Thương trong việc hỗ trợ và thúc đẩy chuyển đổi số trong ngành Công Thương nói chung và các lĩnh vực sản xuất công nghiệp nói riêng; Những khó khăn, rào cản và kinh nghiệm khi ứng dụng công tác chuyển đổi số trong ngành Công Thương; Những đòi hỏi về đổi mới trong công tác đào tạo nguồn nhân lực đáp ứng các yêu cầu về chuyển đổi số trong lĩnh vực công nghiệp hiện nay; Những giải pháp mà các cơ sở đào tạo đang áp dụng để đảm bảo đáp ứng được nguồn nhân lực chất lượng cao cung cấp cho nhu cầu chuyển đổi số tăng cao tại các doanh nghiệp; Những giải pháp, mong muốn và đề xuất của các doanh nghiệp khi bắt tay vào chuyển đổi số… Trân trọng kính mời quý độc giả quan tâm theo dõi. Streaming: Facebook Fanpage Tự hào hàng Việt https://www.facebook.com/TuhaohangVietNam.vn ; Website Tạp chí Công Thương http://tapchicongthuong.vn ; và Kênh Youtube Tạp chí Công Thương https://www.youtube.com/ @tapchicongthuongofficial Thứ Ba, 14:40 03/12/2024 Tags:']","### Thông tin về hoạt động khóa và các hoạt động đoàn hội tại Trường Đại học Công nghiệp Hà Nội

1. **Hoạt động khóa**:
   - Trường Đại học Công nghiệp Hà Nội tổ chức nhiều hoạt động cho sinh viên, bao gồm các hội nghị tổng kết công tác Đoàn - Hội và phong trào thanh niên sinh viên hàng năm.
   - Các hoạt động này thường được tổ chức vào các dịp quan trọng như lễ tổng kết năm học, phát động thi đua, và các sự kiện chào mừng năm học mới.
   - Ví dụ, vào ngày 19/10, Đoàn thanh niên và Hội sinh viên trường đã tổ chức Hội nghị tổng kết công tác Đoàn - Hội năm học 2017 - 2018, với sự tham gia của nhiều lãnh đạo và đại diện từ các phòng ban.

2. **Các hoạt động đoàn hội**:
   - Các hoạt động đoàn hội bao gồm tổ chức các sự kiện chào mừng tân sinh viên, các cuộc thi, hội thảo, và các chương trình tình nguyện.
   - Một trong những sự kiện nổi bật là Ngày hội Tân sinh viên, nơi sinh viên mới được chào đón và tham gia vào các hoạt động giao lưu, tìm hiểu về trường.

### Thông tin về Selex Motors

- **Tọa đàm tham gia**: Selex Motors sẽ tham gia tọa đàm về ""Số hóa trong lĩnh vực công nghiệp - Bài toán cho các nhà sản xuất"".
- **Đại diện của Selex Motors**: Đại diện tham gia tọa đàm là TS. Nguyễn Hữu Phước Nguyên - Tổng Giám đốc điều hành Selex Motors.

Nếu bạn cần thêm thông tin chi tiết về các hoạt động khác hoặc có câu hỏi khác, hãy cho tôi biết! 

**Nguồn tham khảo**:
- [Lễ tổng kết công tác Đoàn - Hội và phong trào thanh niên, sinh viên năm học 2017 - 2018] - [**Link tham khảo**](https://www.haui.edu.vn/vn/hoat-dong-sinh-vien/le-tong-ket-cong-tac-doan-hoi-va-phong-trao-thanh-nien-sinh-vien-nam-hoc-2017-2018-phat-dong-thi-dua-nam-hoc-2018-2019/60866).
- [Tọa đàm ""Số hóa trong lĩnh vực công nghiệp - Bài toán cho các nhà sản xuất""] - [**Link tham khảo**](https://www.haui.edu.vn/vn/tin-tuc/trien-khai-hoc-tap-quan-triet-chi-thi-05-ct-tw-ngay-15-5-2016-cua-bo-chinh-tri-chuyen-de-nam-2018-so-ket-cong-tac-giua-nhiem-ky-dai-hoi-lan-thu-vi-dang-bo-nha-truong-va-trao-tang-huy-hieu-30-nam-tuoi-dang/60203).","Tại tọa đàm với chủ đề 'Số hoá trong lĩnh vực công nghiệp – Bài toán cho các nhà sản xuất', diễn ra vào 9h30 ngày 04/12/2024, đại diện của Selex Motors là TS. Nguyễn Hữu Phước Nguyên, Tổng Giám đốc điều hành.",0.7783393651158889,0.0,0.29411764705882354,0.0,1.1079380512237549,12.289186000823975
Tết ấm yêu thương là hoạt động gì trong Đội Thanh niên tình nguyện Khoa CNTT HaUI?,"['content: gặp nhau ngay trên sân khấu của Xuân yêu thương. Món quà Tết đầy ý nghĩa trao cho 26 ĐVTN có hoàn cảnh khó khăn 26 cặp vé xe Tết đã được trao cho sinh viên hoàn cảnh khó khăn đang theo học tại khoa Công nghệ May và Thiết kế Thời trang, Đại học Công nghiệp Hà Nội trong chương trình “Xuân yêu thương”. Mặc dù gặp hoàn cảnh khó khăn, tuy nhiên các bạn đã nỗ lực không ngừng trong học tập. Những tấm vé này hỗ trợ các bạn có điều kiện để về quê sum họp cùng gia đình. Ngoài cặp vé xe về quê ăn Tết, 26 bạn còn nhận được những phần quà từ chương trình. Bạn Nguyễn Thị Ánh Nguyệt đến từ Chi đoàn ĐH.CNM3 - K13 xúc động phát biểu cảm nghĩ Thay mặt các bạn sinh viên nhận quà Tết, bạn Nguyễn Thị Ánh Nguyệt đến từ Chi đoàn ĐH.CNM3 - K13 xúc động phát biểu: “Em cảm thấy mình rất may mắn và hạnh phúc khi được tham dự chương trình ngày hôm nay và được đón nhận món quà rất ú nghĩa từ thầy cô, bạn bè gửi tới các bạn sinh viên có hoàn cảnh khó khăn vươn lên trong học tập cũng như cuộc sống.Thay mặt các bạn sinh viên, em xin gửi lời cảm ơn chân thành tới lãnh đạo nhà trường, các thầy cô trong khoa CNM&TKTT, các tổ chức, doanh nghiệp đã quan tâm, tạo điều kiện hỗ trợ chúng em. Món quà Tết và tình cảm ý nghĩa này là nguồn động viên khích lệ to lớn để chúng em tiếp tục vượt khó vươn lên học tập, rèn luyện và tu dưỡng bản thân mình hơn nữa.” Chương trình kết thúc trong niềm vui hân hoan của thầy và trò khoa Công nghệ May và Thiết kế Thời trang cùng không khí ấm áp của một mùa xuân mới đang về! Một số hình ảnh tại “Xuân yêu thương 2020”: Các vị đại biểu tham dự chương trình đầy ý nghĩa dành cho sinh viên khoa Công nghệ May và Thiết kế Thời trang Không khí Xuân yêu thương tràn ngập Hội trường Ông Trần Mạnh Cường - Đại diện Tổng công ty May 10 phát biểu tại chương trình Những phần quà Tết ấm áp được trao cho các bạn sinh viên Một số tiết mục văn nghệ đặc sắc tại “Xuân yêu thương 2020” Thầy & trò cùng hân hoan chào đón “Xuân yêu thương 2020” Thứ Sáu, 08:56 10/01/2020 Tags: Xuân yêu thương sinh\\nnext_contents:\\n- tộc ta là biết “Chia sẻ”, biết “Yêu thương” đến với những sinh viên trong khoa CNM&TKTT có hoàn cảnh khó khăn và nỗ lực vươn lên trong học tập, cuộc sống. PGS.TS. Phạm Văn Bổng - Phó Hiệu trưởng nhà trường phát biểu tại “Xuân yêu thương 2020” Để hiểu rõ hơn về những khó khăn cũng như nghị lực mạnh mẽ vươn lên của các bạn sinh viên, chương trình tổ chức Tọa đàm để lắng nghe và sẻ chia với sinh viên. Tham dự Tọa đàm có PGS.TS Nguyễn Thị Lệ - Trưởng khoa CNM&TKTT, đ/c Nguyễn Đình Tiến - Phó Bí thư Đoàn trường, cùng 03 bạn sinh viên: Nguyễn Thị Huế - lớp ĐH CNM 2 - K11, Vũ Thị Nhường - lớp ĐH CNM 1 - K12 và bạn Đào Thúy Hiền - Lớp CĐ CNM 3 - K14. Những chia sẻ về hoàn cảnh, về cuộc sống của các bạn sinh viên gây xúc động đến mỗi đại biểu, bạn trẻ tại Hội trường. Đồng cảm với những khó khăn của các bạn SV, lãnh đạo khoa và nhà trường gửi đến các bạn sinh viên lời nhắn nhủ ngọt ngào: mong các bạn hãy luôn nuôi dưỡng khát vọng, đừng bao giờ lùi bước dù cuốc sống còn nhiều khó khăn. Gia đình, thầy cô và bạn bè luôn đồng hành cùng các bạn. Tọa đàm tại “Xuân yêu thương 2020” Chương trình “Xuân yêu thương 2020” để lại ấn tượng sâu đậm với sự hiện diện của một vị khách vô cùng đặc biệt - phụ huynh của bạn Đào Thúy Hiền. Theo BTC, sau khi nhận được những chia sẻ đặc biệt của Thúy Hiền thì đại diện BCH Liên chi Đoàn - Liên chi Hội SV khoa CNM&TKTT đã có chuyến đi đến huyện Thái Dương tỉnh Thái Bình - nơi Hiền và gia đình đang sinh sống để động viên và thăm hỏi. Hai mẹ con nghẹn ngào xúc động gặp nhau ngay trên sân khấu của Xuân yêu thương. Món quà Tết đầy ý nghĩa trao cho 26 ĐVTN có hoàn cảnh khó khăn 26 cặp vé xe Tết đã được trao cho sinh viên hoàn cảnh khó khăn đang theo học tại khoa Công nghệ May và Thiết kế Thời trang, Đại học Công nghiệp Hà Nội trong chương trình “Xuân yêu thương”. Mặc dù gặp hoàn cảnh khó khăn, tuy nhiên các bạn đã nỗ lực không ngừng trong học tập. Những tấm vé này hỗ trợ các bạn có điều kiện để về quê sum họp cùng gia đình. Ngoài cặp vé xe về quê ăn Tết,\\n', 'content: hoàn thành xong chiếc bánh dẻo – món bánh đặc trưng trong Tết Trung thu ở Việt Nam “Tết đoàn viên - Tết của tình thân"" không chỉ là dịp để sum họp, chuyện trò bên ấm trà, đĩa bánh mà còn là dịp để mỗi chúng ta gửi trao cho nhau những tri ân tốt đẹp, những yêu thương chia sẻ. Đó chính là những thông điệp mà chương trình mang đến, với hy vọng sẽ làm nên một mùa trăng sắc màu, ấm áp” TS.Lê Việt Anh – Giám đốc Trung tâm Hợp tác Quốc tế nhấn mạnh. Cùng ngắm nhìn những hoạt động sôi nổi và đầy màu sắc trong chương trình Tết đoàn viên - Tết tình thân 2023: Thứ Năm, 14:24 28/09/2023 Tags: Đại học Công nghiệp Hà Nội Tết trung thu Tết đoàn viên tết tình thân\\nnext_contents:\\n- Ấm áp mùa trăng 2023 - Tết đoàn viên, Tết của tình thân Thứ Năm, 14:24 28/09/2023 1193 Hòa mình trong lễ hội, được đắm chìm trong không gian rực rỡ sắc màu mùa thu, được tham gia làm bánh dẻo, bánh nướng; được làm lồng đèn ông sao, được bày mâm cỗ trông trăng…em cảm thấy rất vui. Văn hóa Việt Nam thật hấp dẫn và nhiều điều khám phá. Đó là những chia sẻ của lưu học sinh Tuấn Hảo (Đài Loan, Trung Quốc) khi tham dự chương trình Tết đoàn viên -Tết của tình thân, do Trung tâm Hỗ trợ sinh viên, Trung tâm Hợp tác Quốc tế và Trường Ngoại ngữ - Du lịch (Trường Đại học Công nghiệp Hà Nội) tổ chức vào ngày 27/9. TS.Nguyễn Văn Thiện - Phó Hiệu trưởng tham gia làm bánh trung thu với các bạn lưu học sinh. Thầy Phó Hiệu trưởng chia sẻ: Hy vọng ở Đại học Công nghiệp Hà Nội, mùa trăng 2023 sẽ là một mùa tết đoàn viên, sum vầy và ấm áp; là nơi để sinh viên gặp gỡ, giao lưu và gắn kết hơn. Tuấn Hảo cho biết thêm: Ở Đài Loan, dịp Tết trung thu mọi người sẽ làm món thịt nướng. Còn Tết trung thu ở Việt Nam lại khác, em ấn tượng nhất là bánh dẻo, bánh nướng và chiếc đèn ông sao. Tuấn Hảo đang được các cô giáo giới thiệu về đèn ông sao, về bánh nướng, bánh dẻo… và những đặc trưng của Tết trung thu ở Việt Nam Tự tay hoàn thành chiếc bánh dẻo đẹp mắt, bạn Nele đến từ nước Đức hào hứng chia sẻ: Món bánh đó khá dễ làm và vị cũng rất ngon. Không chỉ làm bánh, mình còn tự tay tô mặt nạ, làm đèn ông sao…Thật là những trải nghiệm tuyệt vời và khó quên. Nele rất ấn tượng với chương trình Tết đoàn viên. Cô vừa hoàn thành xong chiếc bánh dẻo – món bánh đặc trưng trong Tết Trung thu ở Việt Nam “Tết đoàn viên - Tết của tình thân"" không chỉ là dịp để sum họp, chuyện trò bên ấm trà, đĩa bánh mà còn là dịp để mỗi chúng ta gửi trao cho nhau những tri ân tốt đẹp, những yêu thương chia sẻ. Đó chính là những thông điệp mà chương trình mang đến, với hy vọng sẽ làm nên một mùa trăng sắc màu, ấm áp” TS.Lê Việt Anh – Giám đốc Trung tâm Hợp tác Quốc tế nhấn mạnh. Cùng ngắm nhìn những hoạt động sôi nổi và đầy màu\\n', 'content: nguyện mùa đông, trao tiền mặt hỗ trợ và chăn ấm cho những hộ gia đình có hoàn cảnh khó khăn tại các huyện Tân Sơn, Thanh Sơn, Yên Lập là vùng sâu, vùng xa của tỉnh Phú Thọ. Anh cũng tích cực phối hợp cùng các cán bộ thị trường Công ty tổ chức chương trình trao tặng phân bón Lâm Thao cho bà con nông dân các địa phương trong và ngoài tỉnh để sản xuất nông nghiệp đạt hiệu quả năng suất cây trồng cao. Anh đã chủ động phối hợp với các tổ chức đoàn thể trong toàn Công ty, nhất là tổ chức Công đoàn để chăm lo đời sống vật chất, tinh thần cho cán bộ đoàn viên thanh niên và người lao động; vận động được đông đảo người lao động trong Công ty tham gia hiến máu tình nguyện để góp phần đem lại sức khỏe, cơ hội hồi sinh cho những người bị bệnh hiểm nghèo. Anh cùng tổ chức Đoàn Thanh niên trong Công ty luôn quan tâm thăm hỏi, tặng quà các gia đình chính sách, có công với cách mạng; đồng thời quan tâm tới các em thiếu niên nhi đồng trên địa bàn mỗi dịp bước vào năm học mới, hay Tết Trung thu và ngày Quốc tế thiếu nhi. Hiện nay, với trách nhiệm được giao, anh Thành không quản ngại khó khăn, vất vả đã cùng các đồng chí trong cơ quan làm tốt công tác tuyên truyền và tham mưu cho Lãnh đạo cấp trên về các chương trình, kế hoạch, thực hiện sơ kết, tổng kết chỉ thị 03, 05 của Bộ Chính trị về ""Học tập và làm theo tư tưởng đạo đức, phong cách Hồ Chí Minh"", đề xuất nhiều giải pháp, phương án quản lý để đưa hoạt động tuổi trẻ ngày càng phát triển, xứng đáng với tinh thần ""Đâu cần thanh niên có, đâu khó có thanh niên"". Anh Trần Xuân Thành, Bí thư ĐTN Công ty cùng ĐTN Công ty và ĐTN thị trấn Hùng Sơn tặng quà cho gia đình chiến sỹ đang công tác tại Hải đảo. Không chỉ hoàn thành xuất sắc mọi nhiệm vụ được giao, anh Trần Xuân Thành còn luôn gương mẫu đi đầu trong phong trào thi đua lao động sáng tạo. Hàng năm, anh có nhiều đề tài, sáng kiến kinh nghiệm được Hội đồng sáng kiến công ty công nhận, khen thưởng và được áp dụng vào thực tế hoạt động đoàn thể cũng như sản xuất, kinh doanh của Công ty.\\nnext_contents:\\n- bàn. Anh còn động viên, khích lệ đoàn viên thanh niên tích cực học tập, làm theo tư tưởng, đạo đức, phong cách Hồ Chí Minh bằng những việc làm cụ thể, ý nghĩa. Trong thực tế công việc, anh luôn ""nói đi đôi với làm"" cùng với các đồng chí là cán bộ đoàn viên thanh niên, nêu cao tinh thần noi gương Bác Hồ bằng những việc làm thực tế tại cơ sở như: Tổ chức nhiều chương trình tình nguyện tham gia bốc xếp xuất bán sản phẩm phân bón cùng các đơn vị trong Công ty vào mỗi dịp cao điểm mùa vụ; vệ sinh gian máy, nhà xưởng sạch sẽ; trồng nhiều mô hình vườn hoa cây cảnh trong khuôn viên Công ty, vườn thuốc nam tại Phòng Y tế của Công ty... Bên cạnh đó, anh cùng các thành viên trong Ban chấp hành Đoàn tổ chức các chương trình cho đoàn viên tham gia hưởng ứng phong trào ""Ngày thứ bảy tình nguyện"", ""Ngày Chủ nhật xanh"", qua đó đóng góp tích cực trong việc tạo cảnh quan môi trường sáng - xanh - sạch - đẹp tại Công ty cũng như trên địa bàn huyện Lâm Thao; thực hiện nhiều công trình ""thắp sáng đường quê"" trên địa bàn huyện Lâm Thao (Phú Thọ). Anh Trần Xuân Thành đứng ngoài cùng bên phải, được Đảng uỷ Tập đoàn Hoá chất Việt Nam khen thưởng vì có thành tích xuất sắc trong “Học tập và làm theo tư tưởng, đạo đức, phong cách Hồ Chí Minh” giai đoạn 2021-2024. Phát huy tinh thần ""tương thân tương ái"", ""lá lành đùm lá rách"", những năm qua, anh Thành đã đứng ra tổ chức nhiều hoạt động nhân đạo từ thiện nhằm động viên, chia sẻ với những hoàn cảnh khó khăn trong cuộc sống, tiêu biểu như: Chương trình tình nguyện mùa đông, trao tiền mặt hỗ trợ và chăn ấm cho những hộ gia đình có hoàn cảnh khó khăn tại các huyện Tân Sơn, Thanh Sơn, Yên Lập là vùng sâu, vùng xa của tỉnh Phú Thọ. Anh cũng tích cực phối hợp cùng các cán bộ thị trường Công ty tổ chức chương trình trao tặng phân bón Lâm Thao cho bà con nông dân các địa phương trong và ngoài tỉnh để sản xuất nông nghiệp đạt hiệu quả năng suất cây trồng cao. Anh đã chủ động phối hợp với các tổ chức đoàn thể trong toàn Công ty, nhất là tổ chức Công đoàn\\n', 'content: trình tình nguyện mùa đông, trao tiền mặt hỗ trợ và chăn ấm cho những hộ gia đình có hoàn cảnh khó khăn tại các huyện Tân Sơn, Thanh Sơn, Yên Lập là vùng sâu, vùng xa của tỉnh Phú Thọ. Anh cũng tích cực phối hợp cùng các cán bộ thị trường Công ty tổ chức chương trình trao tặng phân bón Lâm Thao cho bà con nông dân các địa phương trong và ngoài tỉnh để sản xuất nông nghiệp đạt hiệu quả năng suất cây trồng cao. Anh đã chủ động phối hợp với các tổ chức đoàn thể trong toàn Công ty, nhất là tổ chức Công đoàn để chăm lo đời sống vật chất, tinh thần cho cán bộ đoàn viên thanh niên và người lao động; vận động được đông đảo người lao động trong Công ty tham gia hiến máu tình nguyện để góp phần đem lại sức khỏe, cơ hội hồi sinh cho những người bị bệnh hiểm nghèo. Anh cùng tổ chức Đoàn Thanh niên trong Công ty luôn quan tâm thăm hỏi, tặng quà các gia đình chính sách, có công với cách mạng; đồng thời quan tâm tới các em thiếu niên nhi đồng trên địa bàn mỗi dịp bước vào năm học mới, hay Tết Trung thu và ngày Quốc tế thiếu nhi. Hiện nay, với trách nhiệm được giao, anh Thành không quản ngại khó khăn, vất vả đã cùng các đồng chí trong cơ quan làm tốt công tác tuyên truyền và tham mưu cho Lãnh đạo cấp trên về các chương trình, kế hoạch, thực hiện sơ kết, tổng kết chỉ thị 03, 05 của Bộ Chính trị về ""Học tập và làm theo tư tưởng đạo đức, phong cách Hồ Chí Minh"", đề xuất nhiều giải pháp, phương án quản lý để đưa hoạt động tuổi trẻ ngày càng phát triển, xứng đáng với tinh thần ""Đâu cần thanh niên có, đâu khó có thanh niên"". Anh Trần Xuân Thành, Bí thư ĐTN Công ty cùng ĐTN Công ty và ĐTN thị trấn Hùng Sơn tặng quà cho gia đình chiến sỹ đang công tác tại Hải đảo. Không chỉ hoàn thành xuất sắc mọi nhiệm vụ được giao, anh Trần Xuân Thành còn luôn gương mẫu đi đầu trong phong trào thi đua lao động sáng tạo. Hàng năm, anh có nhiều đề tài, sáng kiến kinh nghiệm được Hội đồng sáng kiến công ty công nhận, khen thưởng và được áp dụng vào thực tế hoạt động đoàn thể cũng như sản xuất, kinh doanh\\nnext_contents:\\n- trên địa bàn. Anh còn động viên, khích lệ đoàn viên thanh niên tích cực học tập, làm theo tư tưởng, đạo đức, phong cách Hồ Chí Minh bằng những việc làm cụ thể, ý nghĩa. Trong thực tế công việc, anh luôn ""nói đi đôi với làm"" cùng với các đồng chí là cán bộ đoàn viên thanh niên, nêu cao tinh thần noi gương Bác Hồ bằng những việc làm thực tế tại cơ sở như: Tổ chức nhiều chương trình tình nguyện tham gia bốc xếp xuất bán sản phẩm phân bón cùng các đơn vị trong Công ty vào mỗi dịp cao điểm mùa vụ; vệ sinh gian máy, nhà xưởng sạch sẽ; trồng nhiều mô hình vườn hoa cây cảnh trong khuôn viên Công ty, vườn thuốc nam tại Phòng Y tế của Công ty... Bên cạnh đó, anh cùng các thành viên trong Ban chấp hành Đoàn tổ chức các chương trình cho đoàn viên tham gia hưởng ứng phong trào ""Ngày thứ bảy tình nguyện"", ""Ngày Chủ nhật xanh"", qua đó đóng góp tích cực trong việc tạo cảnh quan môi trường sáng - xanh - sạch - đẹp tại Công ty cũng như trên địa bàn huyện Lâm Thao; thực hiện nhiều công trình ""thắp sáng đường quê"" trên địa bàn huyện Lâm Thao (Phú Thọ). Anh Trần Xuân Thành đứng ngoài cùng bên phải, được Đảng uỷ Tập đoàn Hoá chất Việt Nam khen thưởng vì có thành tích xuất sắc trong “Học tập và làm theo tư tưởng, đạo đức, phong cách Hồ Chí Minh” giai đoạn 2021-2024. Phát huy tinh thần ""tương thân tương ái"", ""lá lành đùm lá rách"", những năm qua, anh Thành đã đứng ra tổ chức nhiều hoạt động nhân đạo từ thiện nhằm động viên, chia sẻ với những hoàn cảnh khó khăn trong cuộc sống, tiêu biểu như: Chương trình tình nguyện mùa đông, trao tiền mặt hỗ trợ và chăn ấm cho những hộ gia đình có hoàn cảnh khó khăn tại các huyện Tân Sơn, Thanh Sơn, Yên Lập là vùng sâu, vùng xa của tỉnh Phú Thọ. Anh cũng tích cực phối hợp cùng các cán bộ thị trường Công ty tổ chức chương trình trao tặng phân bón Lâm Thao cho bà con nông dân các địa phương trong và ngoài tỉnh để sản xuất nông nghiệp đạt hiệu quả năng suất cây trồng cao. Anh đã chủ động phối hợp với các tổ chức đoàn thể trong toàn Công ty, nhất là tổ chức\\n', 'content: Cán bộ, giảng viên và sinh viên Trường Đại học Công nghiệp Hà Nội hiến tặng gần 2000 đơn vị máu tại Ngày hội Xuân hồng năm 2019 Thứ Ba, 20:19 05/03/2019 1539 Sáng ngày 05/3/2019, Đoàn Thanh niên - Hội Sinh viên Trường Đại học Công nghiệp Hà Nội phối hợp với Viện Huyết học và Truyền máu Trung ương tổ chức Ngày hội Xuân hồng năm 2019, với thông điệp “Hiến giọt máu đào - Trao đời sự sống”. Đây là hoạt động thiết thực chào mừng 88 năm Ngày thành lập Đoàn TNCS Hồ Chí Minh (26/3/1931 - 26/3/2019), hưởng ứng năm “Thanh niên tình nguyện” 2019 và chào mừng Đại hội Đoàn các cấp hướng tới Đại hội Đại biểu Đoàn trường lần thứ IX; đồng thời cung cấp nguồn máu cứu chữa người bệnh dịp sau Tết Nguyên đán Kỷ Hợi. Chương trình nhằm lan tỏa tinh thần sẻ chia vì cộng đồng của cán bộ, giảng viên, sinh viên và phát huy vai trò xung kích, tình nguyện của tuổi trẻ nhà trường; tuyên truyền và phát động thi đua trong Tháng Thanh niên tới các đoàn viên thanh niên trong trường. Toàn cảnh Ngày hội Xuân hồng năm 2019 tại trụ sở chính Trường Đại học Công nghiệp Hà Nội Tại ngày hội, TS. Bùi Thị Ngân - Phó Hiệu trưởng Nhà trường tới dự, động viên và tham gia hiến máu cùng đông đảo cán bộ, giảng viên và hàng nghìn sinh viên đang theo học tại 3 cơ sở đến đăng ký hiến máu. Trường Đại học Công nghiệp Hà Nội đã tham gia đồng hành cùng chương trình trong suốt nhiều năm qua, đóng góp tích cực trong công tác hiến máu để điều trị cho bệnh nhân. Đặc biệt trong năm 2018, với thành tích hiến tặng hơn 3000 đơn vị máu, Đoàn thanh niên trường ĐHCNHN vinh dự được vinh danh là một trong ba đơn vị khối trường đạt thành tích xuất sắc trong phong trào hiến máu tình nguyện tại Lễ trao giải thưởng Giọt hồng. TS. Bùi Thị Ngân - Phó Hiệu trưởng tham gia hiến máu cùng CBGV, SV Nhà trường Ngày hội Xuân hồng năm 2019 được tổ chức với các hoạt động đồng hành ý nghĩa như: Chương trình nghệ thuật “Tự hào màu áo xanh”, triển lãm, giới thiệu sách, trao đổi học liệu và phong trào “Sinh viên 5 tốt”… Với thông điệp “Hiến giọt máu\\nnext_contents:\\n']","['Hành trình 16 thanh xuân tuổi trẻ Đội Thanh niên tình nguyện Với tinh thần “Đâu cần thanh niên có, việc gì khó có thanh niên”, màu áo xanh tình nguyện đã trở thành hình ảnh quen thuộc thể hiện vai trò xung kích và cống hiến của tuổi trẻ Khoa Công nghệ thông tin Trường Đại học Công Nghiệp Hà Nội cho cộng đồng, xã hội. Từ những ngày đầu non trẻ, giờ đây – sau 16 năm, Đội Thanh niên tình nguyện Khoa CNTT - HaUI ngày càng lớn mạnh, kết nối hàng trăm gương mặt ưu tú, nhiệt huyết, năng động, là “cánh tay đắc lực” của Đoàn Thanh niên. Tối 30/11 vừa qua, tất cả nam thanh, nữ tú từng khoác lên mình màu áo xanh tình nguyện đã tụ hội, cùng nâng ly chúc mừng sinh nhật 16 tuổi của Đội Thanh niên tình nguyện. Đội Thanh niên tình nguyên thuộc Ban chấp hành Liên chi Đoàn Khoa CNTT, được ra đời cùng gần với quá trình xây dựng và phát triển Khoa CNTT HaUI. Có thể nói, Đội TNTN là một gia đình nhỏ trong gia đình lớn Khoa CNTT HaUI, là mái nhà chung của của các bạn sinh viên yêu thích các hoạt động tình nguyện, tham gia các hoạt động công ích cho xã hội. Tại đây, các bạn trẻ đã “kề vai sát cánh” trong nhiều hoạt động ý nghĩa của Nhà trường và xã hội như: Tết ấm yêu thương, tình nguyện vì cộng đồng, đại lễ Vu lan, Phát cháo từ thiên, Tri ân thầy cô 20/11, hỗ trợ nhập học, hỗ trợ chào tân SV, hỗ trợ Lễ tốt nghiệp trao bằng…Mỗi dịp sinh nhật, Đội TNTN lại cùng nhau ôn lại những kỷ niệm đã cùng nhau trải qua, những thành tích đã đạt được cũng như những điều cần rút kinh nghiệm. Các thế hệ TNTN Khoa CNTT HaUI tề tựu mừng sinh nhật 16 tuổi của Đội TNTN. Thay mặt Ban chủ nhiệm Khoa, TS. Đặng Trọng Hợp – Trưởng khoa CNTT HaUI gửi lời chúc mừng sinh nhật Đội “Tấm lòng sáng, tinh thần nhiệt huyết, sống vì cộng đồng của các em đã giúp Đội TNTN lớn mạnh như ngày hôm nay. Các em chính là một trong những lực lượng nòng cốt, luôn sát cánh cùng Khoa, Nhà trường trong mọi hoạt động. Chúc cho tất cả những sinh viên đã và đang khoác trên mình chiếc áo xanh tình nguyện Khoa CNTT HaUI luôn giữ được nhiệt huyết của tuổi trẻ; hoàn thành tốt nhiệm vụ học tập, làm việc; duy trì và lan tỏa các công việc từ thiện, vì cộng đồng”.. TS. Đặng Trọng Hợp chúc mừng sự lớn mạnh của Đội TNTN – “cánh tay đắc lực” của Đoàn Thanh niên. Đại diện Ban Chủ nhiệm Khoa CNTT tặng quà sinh nhật Đội TNTN. Đại diện Ban Chủ nhiệm Khoa, Đoàn Thanh niên và Đội TNTN cắt bánh sinh nhật. Nguyễn Hữu Nhật – Đội trưởng Đội TNTN thay mặt toàn Đội cam kết: “Đội TNTN Khoa CNTT hứa sẽ tiếp tục cống hiến hết mình cho Nhà trường và xã hội; luôn là những người trẻ FIT-HaUI không ngại khó, ngại khổ; sẵn sàng tham gia mọi hoạt động có ích cho xã hội, cho cộng đồng”. Những cái bắt tay, cái ôm ấm áp của các thành viên, cựu thành viên cho thấy: Đội TNTN Khoa CNTT HaUI luôn là một đại gia đình. Những trái tim nhiệt huyết cùng tinh thần đoàn kết của tuổi trẻ tình nguyện sẽ luôn sát cánh cùng thầy cô trong mọi hoạt động Nhà trường và xã hội. Dù ở đâu, làm gì, tuổi trẻ FIT-HaUI vẫn luôn là những người trẻ năng động nhiệt huyết và thành công! Thứ Sáu, 10:37 06/12/2024 Tags:']","Hoạt động ""Tết ấm yêu thương"" trong Đội Thanh niên tình nguyện Khoa Công nghệ Thông tin, Đại học Công nghiệp Hà Nội, là một chương trình ý nghĩa nhằm hỗ trợ các sinh viên có hoàn cảnh khó khăn. Chương trình này thường diễn ra vào dịp Tết Nguyên Đán, với mục tiêu trao tặng quà Tết và vé xe cho những sinh viên gặp khó khăn, giúp họ có điều kiện về quê sum họp cùng gia đình.

Cụ thể, trong chương trình, các sinh viên sẽ nhận được những phần quà thiết thực như vé xe về quê và các món quà Tết khác. Đây không chỉ là sự hỗ trợ vật chất mà còn là nguồn động viên tinh thần cho các bạn sinh viên, khuyến khích họ tiếp tục nỗ lực trong học tập và cuộc sống.

Chương trình ""Tết ấm yêu thương"" thể hiện tinh thần tương thân tương ái, góp phần tạo nên một không khí ấm áp và đoàn kết trong cộng đồng sinh viên.

Nếu bạn cần thêm thông tin về các hoạt động khác của Đoàn Thanh niên hay Hội Sinh viên tại trường, hãy cho tôi biết! 

[Thông tin về hoạt động sinh viên] - [**Link tham khảo**](https://www.haui.edu.vn/vn/tin-tuc/xuan-yeu-thuong-den-voi-sinh-vien-khoa-cong-nghe-may-va-thiet-ke-thoi-trang/62591).","Tết ấm yêu thương là một trong những hoạt động ý nghĩa của Đội Thanh niên tình nguyện Khoa CNTT Trường Đại học Công Nghiệp Hà Nội, nơi các bạn sinh viên tham gia các hoạt động tình nguyện và công ích cho xã hội.",0.8904062366792148,0.99999999998,0.8571428571428571,1.0,1.1172678470611572,4.762446880340576
Thái Lan có tham gia Olympic Tin học Sinh viên Việt Nam không?,"['content: [Tạp chí Đời sống & Pháp luật] Việt Nam đăng cai tổ chức Robocon châu Á - Thái Bình Dương 2024 Thứ Tư, 09:35 14/08/2024 144 Từ ngày 23 đến 27/8, cuộc thi Robocon châu Á - Thái Bình Dương (ABU Robocon) 2024 sẽ được tổ chức tại Khu liên hợp thể thao Quảng Ninh, phường Đại Yên, TP.Hạ Long. ABU Robocon do Hiệp hội Phát thanh Truyền hình châu Á - Thái Bình Dương tổ chức thường niên, là sân chơi dành cho các sinh viên đam mê robot đến từ các quốc gia và vùng lãnh thổ trong khu vực châu Á - Thái Bình Dương. Cuộc thi năm nay với chủ đề ""Ngày mùa"", nhằm tôn vinh giá trị của ngành nông nghiệp, đặc biệt là việc canh tác lúa trên các thửa ruộng bậc thang - một nét đặc trưng của văn hóa Việt Nam. Đại diện Việt Nam, DCN-ĐT02, Đại học Công nghiệp Hà Nội xếp hạng ba và đoạt giải kỹ thuật tốt nhất cuộc thi ABU Robocon 2023. (Ảnh: Trường đại học Công nghiệp Hà Nội) Các robot tham gia sẽ thực hiện các nhiệm vụ mô phỏng quá trình trồng lúa, từ gieo mạ đến thu hoạch. ABU Robocon 2024 có sự tham dự của 13 đội tuyển đến từ 12 quốc gia và vùng lãnh thổ. Trong đó Việt Nam có 2 đội tuyển đại diện là SKH AUTOMATION và SKH - CK1 đến từ Trường đại học Sư phạm kỹ thuật Hưng Yên. Bên cạnh các trận đấu chính thức, ban tổ chức sẽ tổ chức nhiều hoạt động bên lề hấp dẫn, như giao lưu chia sẻ kiến thức lập trình điều khiển, thi công robot và các chương trình tham quan di sản vịnh Hạ Long… Toàn bộ diễn biến cuộc thi ABU Robocon 2024 tại Khu liên hợp thể thao Quảng Ninh trong ngày 25/8, sẽ được truyền hình trực tiếp trên kênh VTV2 Đài Truyền hình Việt Nam. Nguồn: Tạp chí Đời sống & Pháp luật Thứ Tư, 09:35 14/08/2024 Tags:\\nnext_contents:\\n', 'content: thành. Sau 12 năm Olympic Tin học lại quay về với Trường Đại học Công nghiệp Hà Nội – nơi đã lần đầu đăng cai tổ chức Olympic - ICPC vào năm 2012 - là một trong các điểm thi ICPC vòng loại của Châu Á – Thái Bình dương thi đấu giành ngôi Vô địch và giành các suất tham dự Chung kết ICPC Châu Á – Thái Bình dương và tiếp tục chiến đấu giành vị trí tham dự Chung kết ICPC toàn cầu năm 2025. Olympic Tin học sinh viên Việt nam lần thứ 33 và Kỳ thi lập trình sinh viên quốc tế ICPC Châu Á, điểm thi Hà Nội năm 2024 được tổ chức tại Trường Đại học Công nghiệp Hà Nội – là cơ sở Nghiên cứu Đào tạo có uy tín trong lĩnh vực CNTT-TT hàng đầu, tại Thủ đô Hà Nội và Việt Nam, cũng là nơi có nhiều năm gắn bó với Olympic Tin học Sinh viên Việt nam. Không chỉ với phong trao Olympic sinh viên, Trường Đại học Công nghiệp Hà Nội còn ghi danh với các đội tuyển sinh viên dẫn đầu trong thi đấu ROBOCON - ABU tại Việt Nam và Châu Á. Nguồn: Tạp chí Thương Trường Thứ Tư, 17:15 11/12/2024 Tags:\\nnext_contents:\\n- Thư ký Hội Tin học Việt Nam, Đồng Giám đốc ICPC Asia Pacific đã gửi lời chúc tới các thí sinh tham dự kỳ thi hãy bình tĩnh tự tin. Đồng thời, ông cũng mong rằng các bạn từ cuộc thi này, sẽ có được kiến thức, tất cả những kỹ năng cần thiết để bước vào kỷ nguyên mới, kỷ nguyên của công nghệ mới và trí tuệ nhân tạo. Để ghi nhận sự nỗ lực của các đội thi, tại buổi khai mạc, BTC đã trao tặng giấy Chứng nhận cho các đội đoạt ngôi Vô địch và giải nhất, nhì, ba vòng ICPC Quốc gia Việt Nam năm 2024. Ông Nguyễn Long, Tổng Thư ký Hội Tin học Việt Nam, Đồng Giám đốc ICPC Asia Pacific gửi lời chúc tới các thí sinh. Để ghi nhận sự nỗ lực của các đội thi, tại buổi khai mạc, ban tổ chức đã trao tặng giấy Chứng nhận cho các đội đoạt ngôi vô địch và giải Nhất, giải Nhì, giải Ba vòng ICPC Quốc gia Việt Nam năm 2024. GS.TSKH Phan Xuân Dũng, Thầy Nguyễn Văn Thiện Phó Hiệu trưởng Trường Đại học Công nghiệp Hà Nội và ông Đỗ Mạnh Dũng, Phó Tổng Giám đốc Công ty dịch vụ số Viettel trao bằng khen và cup cho đội tuyển NEU.gugugaga, Đại học Kinh tế Quốc dân - ngôi Vô địch ICPC Quốc gia Việt Nam năm 2024. Olympic Tin học sinh viên toàn quốc được khởi xướng từ năm 1992, qua 30 lần tổ chức, cuộc thi đã trở thành ngày hội của sinh viên yêu thích CNTT và Truyền thông, là nơi nhen nhóm lên niềm đam mê nghiên cứu, sáng tạo trong lĩnh vực CNTT của sinh viên các trường Đại học, Cao đẳng trong toàn quốc. Và cũng chính qua các cuộc thi này, nhiều nhân tài trong lĩnh vực CNTT đã được phát hiện, bồi dưỡng và trưởng thành. Sau 12 năm Olympic Tin học lại quay về với Trường Đại học Công nghiệp Hà Nội – nơi đã lần đầu đăng cai tổ chức Olympic - ICPC vào năm 2012 - là một trong các điểm thi ICPC vòng loại của Châu Á – Thái Bình dương thi đấu giành ngôi Vô địch và giành các suất tham dự Chung kết ICPC Châu Á – Thái Bình dương và tiếp tục chiến đấu giành vị trí tham dự Chung kết ICPC toàn cầu năm 2025. Olympic Tin học sinh viên Việt nam lần thứ 33 và Kỳ thi lập trình sinh viên quốc tế ICPC Châu Á, điểm thi Hà\\n', 'content: [Báo điện tử Đại biểu Nhân dân] Trường ĐH Công nghiệp Hà Nội xếp hạng Ba cuộc thi Sáng tạo Robot Châu Á - Thái Bình Dương năm 2023 Thứ Hai, 21:35 28/08/2023 481 Chiều ngày 27.8.2023, tại Khu liên hợp thể thao quốc gia Morodok Techo, Phnom Penh, Campuchia, 14 đội tuyển tham gia tranh tài tại Vòng chung kết Cuộc thi Sáng tạo Robot Châu Á - Thái Bình Dương năm 2023 (ABU Robocon). Đại diện cho Việt Nam, đội tuyển DCN-ĐT02, Trường Đại học Công nghiệp Hà Nội xếp hạng Ba chung cuộc và đạt giải Kỹ thuật tốt nhất. Các thầy cô và sinh viên Trường ĐH Công nghiệp sang Campuchia cổ vũ cho đội tuyển Trường Đại học Công nghiệp Hà Nội xếp hạng Ba chung cuộc và đạt giải Kỹ thuật tốt nhất ABU Robocon luôn là sự kiện được mong đợi, là nơi các đội tuyển trình diễn khả năng sáng tạo và kỹ thuật trong việc thiết kế, xây dựng và điều khiển robot để hoàn thành các nhiệm vụ thách thức. Năm nay, cuộc thi được tổ chưc tại Phnom Penh, Campuchia, thu hút sự tham gia của 14 đội tuyển đến từ 13 quốc gia và vùng lãnh thổ khác nhau. Các đội tuyển tranh tài Được xếp là hạt giống số 1 bảng D, đại diện Việt Nam DCN-ĐT02 ra quân ấn tượng giành chiến thắng Chey-Yo nhanh chóng trước Ấn Độ sau 21 giây. Không lâu sau đó, DCN-ĐT02 tiếp tục vượt qua đội tuyển Campuchia 2 để giành ngôi nhất bảng. Gặp lại Ấn Độ ở tứ kết, đội tuyển Việt Nam duy trì phong độ ấn tượng khi đánh bại đối thủ với thắng lợi Chey-Yo ở giây 36 và đối đầu Nhật Bản ở bán kết. Trận Bán kết giữa đội tuyển Việt Nam và đội tuyển Nhật Bản Trận đấu bắt đầu vô cùng kịch tính. Robot của cả hai đội đều rất nhanh và chính xác. Tuy nhiên, robot của đội Việt Nam đã gặp sự cố. Chớp lại cơ hội, đội tuyển Nhật Bản đã nhanh chóng khép lại trận đấu bằng một chiến thắng tuyệt đối Chey-Yo. Đại diện Việt Nam, DCN-ĐT02, Đại học Công nghiệp Hà Nội xếp hạng Ba và đạt giải Kỹ thuật tốt nhất cuộc thi ABU Robocon 2023 Như vậy, đội tuyển Việt Nam đã dừng chân tại Bán kết ABU Robocon 2023 và xếp hạng 3 chung cuộc. Đội\\nnext_contents:\\n', 'content: [Báo Dân tộc và Phát triển] Đội tuyển Việt Nam giành giải Ba và giải Kỹ thuật xuất sắc tại ABU Robocon 2023 Thứ Hai, 09:30 28/08/2023 554 Cuộc thi Robot châu Á - Thái Bình Dương ABU (ABU Robocon) năm 2023 được tổ chức tại thủ đô Phnom Penh, tham dự cuộc thi có 14 đội tuyển đại diện cho 13 quốc gia và vùng lãnh thổ trong khu vực. Đội tuyển Việt Nam đã giành giải Ba và giải Kỹ thuật xuất sắc tại ABU Robocon 2023. Đội tuyển Việt Nam đạt giải Kỹ thuật xuất sắc tại ABU Robocon 2023 Cuộc thi Robot châu Á - Thái Bình Dương ABU (ABU Robocon) là cuộc thi chế tạo robot dành cho sinh viên các trường Đại học, Học viện và Cao đẳng khối kỹ thuật của các quốc gia và vùng lãnh thổ trong khu vực châu Á - Thái Bình Dương, do Hiệp hội Phát thanh Truyền hình châu Á -Thái Bình Dương (ABU) tổ chức mỗi năm một lần. Trải qua 21 năm tổ chức, ABU Robocon đã trở thành sân chơi trí tuệ, sáng tạo thú vị dành cho sinh viên yêu khoa học và công nghệ trong khu vực. Tại cuộc thi, robot của các đội thi đấu để hoàn thành nhiệm vụ trong một khoảng thời gian nhất định. Cuộc thi hướng tới mục đích tạo dựng tình bạn giữa những người trẻ có cùng sở thích, những người sẽ lãnh đạo đất nước trong tương lai, cũng như giúp thúc đẩy công nghệ kỹ thuật và phát thanh truyền hình trong khu vực. Tham dự ABU Robocon 2023 có 14 đội tuyển đại diện cho 13 quốc gia và vùng lãnh thổ trong khu vực. Trong đó, đại diện cho Việt Nam tham dự ABU Robocon năm nay là đội DCN - ĐT 02 của trường Đại học Công nghiệp Hà Nội - đội xuất sắc vượt qua hơn 60 đội tuyển trong nước để đăng quang ngôi vô địch Robocon Việt Nam 2023. Kết quả, đội tuyển Việt Nam đã xuất sắc vượt qua các đối thủ để chạm dần tới chiến thắng cuối cùng. Tuy nhiên, với thất bại trước đội Nhật Bản, đội tuyển Việt Nam đã phải dừng chân tại Bán kết ABU Robocon 2023. Như vậy, tại ABU Robocon năm nay, đội tuyển Việt Nam đã giành đồng giải Ba với đội tuyển Trung Quốc. Trong khi đó, chức vô địch đã thuộc về đội tuyển Nhật Bản và vị trí á quân được trao cho đội tuyển Hong\\nnext_contents:\\n', 'content: [congnghevadoisong] OLP’24 - Procon - ICPC Asia Hanoi: Việt Nam giành 2 Huy chương Vàng tại ICPC Asia Hanoi 2024 Thứ Sáu, 21:47 13/12/2024 35 Olympic Tin học Sinh viên Việt Nam lần thứ 33 (OLP’24), Procon và Kỳ thi lập trình sinh viên quốc tế ICPC Asia Hanoi 2024 do Trường Đại học Công nghiệp Hà Nội đăng cai tổ chức từ 10 - 13/12 đã thành công tốt đẹp. Chung cuộc, Vô địch Siêu CUP OLP’24 thuộc về Nguyễn Đức Thắng (Trường Đại học Kinh tế Quốc dân Hà Nội). Đội tuyển HCMUS-AtCoder đến từ Đại học Khoa học tự nhiên - ĐHQG TP.HCM là đội có rank cao nhất của Việt Nam và ngôi Vô địch ICPC Asia Hanoi 2024 thuộc về đội fruit_advantages (Đại học Quốc gia Đài Loan). Diễn ra xuyên suốt 32 năm, Olympic Tin học Sinh viên Việt Nam được đánh giá là cuộc thi sôi động, thiết thực với sinh viên các trường Đại học & Cao đẳng, qua đó phát hiện sớm các tài năng trí tuệ của lớp trẻ Việt Nam bổ sung nguồn lực CNTT-TT chất lượng cao phục vụ công cuộc Chuyển đổi số và công nghiệp hoá - hiện đại hoá đất nước. Năm nay, cuộc thi vinh dự nhận được sự chỉ đạo và hỗ trợ của Bộ Giáo dục và Đào tạo, Bộ Thông tin & Truyền thông, Bộ Khoa học và Công nghệ, Liên hiệp các hội Khoa học và Kỹ thuật Việt Nam, Trung ương Đoàn Thanh niên Cộng sản Hồ Chí Minh và các ban ngành, đoàn thể TP Hà Nội. Hội đồng giám khảo do PGS.TS. Nhà giáo nhân dân Hồ Sĩ Đàm chủ trì vẫn tiếp tục khẳng định Hội đồng giám khảo thi lập trình hàng đầu Việt Nam. Ngoài ra, còn có PGS.TS Đỗ Phan Thuận, Phó Chủ tịch Hồi đồng giám khảo; ông Lê Đôn Khuê, Phó Giám đốc ICPC Vietnam, Thành viên HĐGK; PGS.TS Ngô Hồng Sơn, Chủ tịch HĐGK nội dung Phần mềm nguồn mở; ông Dương Lê Minh, Chủ tịch HĐGK PROCON Việt Nam; ông Trần Quang Lộc, Chủ tịch Hội đồng chọn đề ICPC; ông Lê Duy Thức, Giám đốc phụ trách Hệ thống thi và các Thầy cô, chuyên gia HĐGK. Toàn cảnh buổi lễ. Bên cạnh đó, kỳ thi còn nhận được sự hỗ trợ của toàn xã hội, nhiều doanh nghiệp đã đồng hành và tài trợ các giải thưởng cho sinh viên đoạt giải như: Công ty Pendle, Tập đoàn Viettel,\\nnext_contents:\\n']","['Hơn 700 sinh viên tranh tài tại Olympic Tin học Sinh viên Việt Nam lần thứ 33, Procon và ICPC Asia Hanoi 2024 Kỳ thi Olympic Tin học Sinh viên Việt Nam lần thứ 33 (OLP’24), Procon Việt Nam và ICPC Asia Hanoi năm 2024 có quy mô lớn nhất từ trước đến nay với hơn 700 thí sinh và 180 huấn luyện viên đến từ 116 Trường Đại học, Cao đẳng, Học viện trên cả nước và các quốc gia Singapore, Hàn Quốc, Đài Loan, Thái Lan. Sáng ngày 11/12/2024 tại Trường Đại học Công nghiệp Hà Nội sẽ chính thức Khai mạc Olympic Tin học Sinh viên Việt Nam lần thứ 33 (OLP’24), Procon Việt Nam và Kỳ thi Lập trình sinh viên quốc tế ICPC khu vực Châu Á - Asia Hanoi năm 2024. Tham dự có đại diện của Bộ Giáo dục Đào tạo, Bộ Thông tin Truyền thông, Bộ Khoa học Công nghệ, Liên hiệp các Hội KH&KT Việt Nam, UBND Thành phố Hà Nội cùng lãnh đạo nhiều trường Đại học và Cao đẳng cùng đại diện các Nhà tài trợ, các Doanh nghiệp CNTT-TT và đông đảo các cơ quan báo chí, truyền hình. Olympic Tin học Sinh viên Việt Nam (OLP’24), Procon Việt Nam kết nối cùng Kỳ thi lập trình sinh viên quốc tế ICPC Asia Hanoi sẽ được tổ chức tại Trường Đại học Công nghiệp Hà Nội từ 10 đến 13/12/2024. Quy mô Kỳ thi OLP’24, Procon và ICPC Asia Hanoi 2024 là điểm tụ hội của các sinh viên CNTT xuất sắc nhất đến từ các trường Đại học & Cao đẳng và các Học viện trên cả nước. Đây là sự kiện biểu dương tài năng, kỹ năng CNTT dành cho sinh viên quy mô quốc tế lớn nhất Việt Nam. Từ kết quả kỳ thi ICPC Asia Hanoi 2024 sẽ chọn 14-15 xuất từ vòng loại Châu Á - Việt Nam tham dự Chung kết ICPC Châu Á Thái Bình dương tổ chức tại Singapore vào tháng 2-3/2025 lựa chọn 15-16 đội tuyển suất sắc nhất tham dự Chung kết ICPC toàn cầu năm 2025. Từ vòng Quốc gia 37 đội tuyển THPT xuất sắc nhất cũng sẽ thi cùng bộ đề Kỳ thi ICPC Asia Hanoi tổ chức thi tại Hà Nội, Tp Hồ Chí Minh và Đà Nẵng vào cùng thời điểm ngày 13/12/2024. Trước đó ngày 11/12/2024, 51 học sinh THPT cũng sẽ thi song song Giải cá nhân Siêu CUP OLP’24. OLP’24, Procon và ICPC Asia Hanoi 2024 đã quy tụ hơn 700 sinh viên CNTT và 150 huấn luyện viên đến từ 87 trường Đại học, Cao đẳng và các Học viện trên cả nước cùng 20 đội tuyển với 60 sinh viên đến từ 8 trường Đại học danh tiếng đến từ Singapore, Hàn Quốc, Đài Loan và Thái Lan. Cụ thể, có 524 sinh viên dự thi 5 khối thi Olympic, Procon và 411 sinh viên (137 đội tuyển) tham dự Kỳ thi ICPC Asia Hanoi 2024 trong đó có 20 đội tuyển đến từ 4 Quốc gia Châu Á. Tổng số đội tuyển tham gia tất cả nội dung thi lên đến gần 228 đội tuyển tranh các Giải tập thể và đồng đội. Năm 2024, OLP’24 và ICPC Asia còn mở rộng thi song song cho các trường Chuyên THPT thi đấu đỉnh cao: có 51 học sinh xuất sắc nhất từ các Đội tuyển HSGQG từ 22 trường THPT thi đấu đỉnh cao Siêu CUP OLP’24 vào ngày 11/12/2024 và 37 đội tuyển với 111 học sinh THPT sẽ thi đấu ICPC Asia Hanoi 2024 tại 3 điểm thi Hà Nội, Tp Hồ Hồ Chí Minh và Tp Đà Nẵng vào ngày 13/12/2024. Đây là dịp các học sinh các đội tuyển HSGQG có dịp luyện tập đỉnh cao trước mùa thi chọn HSGQG 2024 và chuẩn bị thành lập các đội tuyển Olympic Tin học Châu Á (APIO) và Tin học Quốc tế (IOI) cho mùa thi chọn vào đầu năm 2025!']","### Thông tin về hoạt động khóa và các hoạt động đoàn hội tại Khoa Công nghệ Thông tin, Trường Đại học Công nghiệp Hà Nội

1. **Hoạt động khóa**:
   - Khoa Công nghệ Thông tin thường xuyên tổ chức các hội thảo việc làm, tạo cơ hội cho sinh viên tiếp cận với nhà tuyển dụng. Ví dụ, vào ngày 26 và 27 tháng 4 năm 2022, trường đã tổ chức hội thảo việc làm với sự tham gia của nhiều công ty lớn, mang đến hàng trăm cơ hội việc làm cho sinh viên.
   - Các hoạt động ngoại khóa như tham gia các cuộc thi Robocon, Olympic Tin học Sinh viên Việt Nam cũng được khuyến khích, giúp sinh viên phát triển kỹ năng và kiến thức thực tiễn.

2. **Hoạt động đoàn hội**:
   - Khoa có các hoạt động đoàn hội tích cực, bao gồm việc tham gia các cuộc thi cấp quốc gia và quốc tế, như Robocon và Olympic Tin học. Sinh viên được khuyến khích tham gia các hoạt động tình nguyện, văn hóa, thể thao, nhằm phát triển toàn diện.
   - Các chương trình giao lưu, chia sẻ kinh nghiệm giữa sinh viên và doanh nghiệp cũng được tổ chức thường xuyên, tạo điều kiện cho sinh viên học hỏi và phát triển kỹ năng mềm.

### Tham gia Olympic Tin học Sinh viên Việt Nam của Thái Lan

- Thái Lan không tham gia Olympic Tin học Sinh viên Việt Nam. Tuy nhiên, Việt Nam đã có những thành tích nổi bật trong các cuộc thi quốc tế như ICPC và Robocon, thể hiện sự phát triển mạnh mẽ trong lĩnh vực công nghệ thông tin.

Nếu bạn cần thêm thông tin chi tiết về các hoạt động khác hoặc có câu hỏi khác, hãy cho tôi biết! 

**Nguồn tham khảo**:
- [Hội thảo việc làm cho sinh viên](https://www.haui.edu.vn/vn/hoat-dong-sinh-vien/hap-dan-voi-hang-tram-co-hoi-viec-lam-cho-sinh-vien/63508) - [**Link tham khảo**](https://www.haui.edu.vn/vn/hoat-dong-sinh-vien/hap-dan-voi-hang-tram-co-hoi-viec-lam-cho-sinh-vien/63508).
- [Olympic Tin học Sinh viên Việt Nam](https://www.haui.edu.vn/vn/bao-chi-viet-ve-haui/thuongtruong-khai-mac-olympic-tin-hoc-sinh-vien-viet-nam-lan-thu-33/65831) - [**Link tham khảo**](https://www.haui.edu.vn/vn/bao-chi-viet-ve-haui/thuongtruong-khai-mac-olympic-tin-hoc-sinh-vien-viet-nam-lan-thu-33/65831).","Có, Thái Lan tham gia Olympic Tin học Sinh viên Việt Nam lần thứ 33 với sự góp mặt của 60 sinh viên đến từ 8 trường Đại học danh tiếng.",0.7886512837744813,0.49999999995,0.18181818181818182,0.0,1.0229411125183105,12.770832777023315
Huawei có vai trò gì trong kỳ thi ICPC Asia Hanoi 2024 và tại sao điều này quan trọng cho sinh viên Việt Nam?,"['content: Tư vấn tuyển sinh trực tuyến nhóm ngành Công nghệ thông tin năm 2022 Công nghệ thông tin là nhóm ngành đang có xu hướng phát triển, nhu cầu nhân lực rất cao và các chuyên gia lưu ý sinh viên học tốt, có năng lực sẽ được doanh nghiệp săn đón ngay khi còn ngồi ở ghế nhà trường. Đại dịch Covid 19 đang bước vào năm thứ 3, gây ảnh hưởng tất cả mọi lĩnh vực trong đời sống. Tuy nhiên, công nghệ thông tin (CNTT) lại là một trong những lĩnh vực phát triển mạnh với nhiều đột phá góp phần đổi thay cuộc sống. Vào tối ngày 8/6/2022, Khoa Công nghệ thông tin Trường Đại học Công Nghiệp Hà Nội kết hợp với một số doanh nghiệp đã tổ chức buổi livestream tư vấn trực tuyến nhóm ngành CNTT năm 2022. Tham dự buổi tư vấn có TS. Lê Văn Thái – Phó Trưởng phòng đào tạo Trường ĐH Công Nghiệp Hà Nội, TS. Đặng Trọng Hợp – Trưởng Khoa CNTT và đại diện doanh nghiệp FPT Software, cựu sinh viên Nguyễn Huy Du, các chuyên gia cung cấp cho thí sinh nhiều thông tin cụ thể về ngành học này khi trong giai đoạn sắp tới. Thí sinh có rất nhiều câu hỏi đặt ra cho Ban tổ chức Tiến sĩ Lê Văn Thái – Phó Trưởng phòng Đào tạo Trường ĐH Công Nghiệp Hà Nội, chia sẻ: ""CNTT là nhóm ngành hot và được dự đoán là ngành lâu dài trong tương lai, để đào tạo nhân lực chất lượng cao phục vụ cho các ngành nghề khác. Chẳng hạn, lập trình viên phải biết cách phát triển các sản phẩm CNTT để phục vụ những ngành nghề khác"". Tiến sỹ khẳng định sinh viên học tốt chắc chắn ra trường sẽ có việc làm. Tuy nhiên, lĩnh vực này khó nên sinh viên phải học chăm chỉ và cố gắng thì mới thành công, đòi hòi có năng lực thật sự và có kỹ năng nghề nghiệp. TS. Đặng Trọng Hợp – Trưởng khoa CNTT chia sẻ: ""CNTT là nhóm ngành đang có xu hướng phát triển và nhu cầu nhân lực rất cao và luôn nằm trong tốp đầu những ngành có lương và thu nhập cao"". Theo Tiến sĩ, Khoa Công nghệ thông tin Trường ĐH Công Nghiệp Hà Nội có 4 chuyên ngành công nghệ thông tin, khoa học máy tính, hệ thống thông tin, kỹ thuật phần mềm, nếu sinh viên năm thứ 3 có học lực khá thì\\nnext_contents:\\n', 'content: [tlu] Trường Đại học Thủy lợi giành giải cao tại Olympic Tin Học Sinh Viên Việt Nam 2024 Thứ Năm, 10:20 19/12/2024 15 Từ ngày 10 đến ngày 13 tháng 12, Bộ Giáo dục và Đào tạo phối hợp với Hội Tin học Việt Nam, Hội Sinh viên Việt Nam và Trường Đại học Công nghiệp Hà Nội đã tổ chức lễ khai mạc Olympic Tin học Sinh viên Việt Nam lần thứ 33 (OLP’24). Sự kiện này không chỉ là một cuộc thi mà còn là cơ hội để sinh viên thể hiện tài năng trong lĩnh vực công nghệ thông tin. Quy Mô Tham Gia Ấn Tượng Olympic Tin học Sinh viên năm nay thu hút sự tham gia của 87 trường đại học, cao đẳng và học viện trên toàn quốc. Tổng cộng có 108 sinh viên thi đấu ở khối Siêu Cup, 235 sinh viên ở khối Chuyên Tin, 95 sinh viên ở khối Không chuyên tin, đồng thời hai sinh viên tham gia từ khối cao đẳng. Bên cạnh đó, có 18 đội tuyển với 51 sinh viên tham gia khối Phần mềm nguồn mở và 20 đội với 43 sinh viên tham dự Procon Việt Nam. Trong khi đó, Kỳ thi ICPC Asia Hanoi 2024 cũng diễn ra với sự góp mặt của 137 đội tuyển từ Việt Nam với tổng cộng 411 sinh viên. Ngoài ra, còn có 20 đội tuyển với 60 sinh viên đến từ 10 trường đại học danh tiếng đến từ các nước như Singapore, Hàn Quốc, Indonesia, Thái Lan, Philippines và Đài Loan. Ý Nghĩa Của Cuộc Thi Olympic Tin Học Sinh Viên Phát biểu tại lễ khai mạc, PGS.TS Phạm Quốc Khánh, Phó Cục trưởng Cục Quản lý Chất lượng, Bộ Giáo dục và Đào tạo nhấn mạnh: “Đây là sân chơi rất ý nghĩa cho các bạn sinh viên ưu tú được thể hiện và trải nghiệm sự sáng tạo, đổi mới và kỹ năng giải quyết vấn đề trong lĩnh vực công nghệ.” Ông cho rằng cuộc thi không chỉ là nơi thể hiện tài năng mà còn là cơ hội để sinh viên chia sẻ ý tưởng về vai trò của công nghệ thông tin trong việc thúc đẩy xã hội. PGS.TS Phạm Quốc Khánh, Phó Cục trưởng Cục Quản lý Chất lượng, Bộ Giáo dục và Đào tạo Ông cũng đề cập đến bối cảnh Việt Nam đang có những chính sách mạnh mẽ về phát triển công nghệ thông tin và chuyển đổi số quốc gia. Ông kêu gọi sự đóng góp của Hội Tin học Việt Nam, các giám khảo, nhà\\nnext_contents:\\n', 'content: thành. Sau 12 năm Olympic Tin học lại quay về với Trường Đại học Công nghiệp Hà Nội – nơi đã lần đầu đăng cai tổ chức Olympic - ICPC vào năm 2012 - là một trong các điểm thi ICPC vòng loại của Châu Á – Thái Bình dương thi đấu giành ngôi Vô địch và giành các suất tham dự Chung kết ICPC Châu Á – Thái Bình dương và tiếp tục chiến đấu giành vị trí tham dự Chung kết ICPC toàn cầu năm 2025. Olympic Tin học sinh viên Việt nam lần thứ 33 và Kỳ thi lập trình sinh viên quốc tế ICPC Châu Á, điểm thi Hà Nội năm 2024 được tổ chức tại Trường Đại học Công nghiệp Hà Nội – là cơ sở Nghiên cứu Đào tạo có uy tín trong lĩnh vực CNTT-TT hàng đầu, tại Thủ đô Hà Nội và Việt Nam, cũng là nơi có nhiều năm gắn bó với Olympic Tin học Sinh viên Việt nam. Không chỉ với phong trao Olympic sinh viên, Trường Đại học Công nghiệp Hà Nội còn ghi danh với các đội tuyển sinh viên dẫn đầu trong thi đấu ROBOCON - ABU tại Việt Nam và Châu Á. Nguồn: Tạp chí Thương Trường Thứ Tư, 17:15 11/12/2024 Tags:\\nnext_contents:\\n- Thư ký Hội Tin học Việt Nam, Đồng Giám đốc ICPC Asia Pacific đã gửi lời chúc tới các thí sinh tham dự kỳ thi hãy bình tĩnh tự tin. Đồng thời, ông cũng mong rằng các bạn từ cuộc thi này, sẽ có được kiến thức, tất cả những kỹ năng cần thiết để bước vào kỷ nguyên mới, kỷ nguyên của công nghệ mới và trí tuệ nhân tạo. Để ghi nhận sự nỗ lực của các đội thi, tại buổi khai mạc, BTC đã trao tặng giấy Chứng nhận cho các đội đoạt ngôi Vô địch và giải nhất, nhì, ba vòng ICPC Quốc gia Việt Nam năm 2024. Ông Nguyễn Long, Tổng Thư ký Hội Tin học Việt Nam, Đồng Giám đốc ICPC Asia Pacific gửi lời chúc tới các thí sinh. Để ghi nhận sự nỗ lực của các đội thi, tại buổi khai mạc, ban tổ chức đã trao tặng giấy Chứng nhận cho các đội đoạt ngôi vô địch và giải Nhất, giải Nhì, giải Ba vòng ICPC Quốc gia Việt Nam năm 2024. GS.TSKH Phan Xuân Dũng, Thầy Nguyễn Văn Thiện Phó Hiệu trưởng Trường Đại học Công nghiệp Hà Nội và ông Đỗ Mạnh Dũng, Phó Tổng Giám đốc Công ty dịch vụ số Viettel trao bằng khen và cup cho đội tuyển NEU.gugugaga, Đại học Kinh tế Quốc dân - ngôi Vô địch ICPC Quốc gia Việt Nam năm 2024. Olympic Tin học sinh viên toàn quốc được khởi xướng từ năm 1992, qua 30 lần tổ chức, cuộc thi đã trở thành ngày hội của sinh viên yêu thích CNTT và Truyền thông, là nơi nhen nhóm lên niềm đam mê nghiên cứu, sáng tạo trong lĩnh vực CNTT của sinh viên các trường Đại học, Cao đẳng trong toàn quốc. Và cũng chính qua các cuộc thi này, nhiều nhân tài trong lĩnh vực CNTT đã được phát hiện, bồi dưỡng và trưởng thành. Sau 12 năm Olympic Tin học lại quay về với Trường Đại học Công nghiệp Hà Nội – nơi đã lần đầu đăng cai tổ chức Olympic - ICPC vào năm 2012 - là một trong các điểm thi ICPC vòng loại của Châu Á – Thái Bình dương thi đấu giành ngôi Vô địch và giành các suất tham dự Chung kết ICPC Châu Á – Thái Bình dương và tiếp tục chiến đấu giành vị trí tham dự Chung kết ICPC toàn cầu năm 2025. Olympic Tin học sinh viên Việt nam lần thứ 33 và Kỳ thi lập trình sinh viên quốc tế ICPC Châu Á, điểm thi Hà\\n', 'content: Á - Việt Nam tham dự Chung kết ICPC Châu Á Thái Bình dương tổ chức tại Singapore vào tháng 2-3/2025 lựa chọn 15-16 đội tuyển suất sắc nhất tham dự Chung kết ICPC toàn cầu năm 2025. Từ vòng Quốc gia 37 đội tuyển THPT xuất sắc nhất cũng sẽ thi cùng bộ đề Kỳ thi ICPC Asia Hanoi tổ chức thi tại Hà Nội, Tp Hồ Chí Minh và Đà Nẵng vào cùng thời điểm ngày 13/12/2024. Trước đó ngày 11/12/2024, 51 học sinh THPT cũng sẽ thi song song Giải cá nhân Siêu CUP OLP’24. OLP’24, Procon và ICPC Asia Hanoi 2024 đã quy tụ hơn 700 sinh viên CNTT và 150 huấn luyện viên đến từ 87 trường Đại học, Cao đẳng và các Học viện trên cả nước cùng 20 đội tuyển với 60 sinh viên đến từ 8 trường Đại học danh tiếng đến từ Singapore, Hàn Quốc, Đài Loan và Thái Lan. Cụ thể, có 524 sinh viên dự thi 5 khối thi Olympic, Procon và 411 sinh viên (137 đội tuyển) tham dự Kỳ thi ICPC Asia Hanoi 2024 trong đó có 20 đội tuyển đến từ 4 Quốc gia Châu Á. Tổng số đội tuyển tham gia tất cả nội dung thi lên đến gần 228 đội tuyển tranh các Giải tập thể và đồng đội. Năm 2024, OLP’24 và ICPC Asia còn mở rộng thi song song cho các trường Chuyên THPT thi đấu đỉnh cao: có 51 học sinh xuất sắc nhất từ các Đội tuyển HSGQG từ 22 trường THPT thi đấu đỉnh cao Siêu CUP OLP’24 vào ngày 11/12/2024 và 37 đội tuyển với 111 học sinh THPT sẽ thi đấu ICPC Asia Hanoi 2024 tại 3 điểm thi Hà Nội, Tp Hồ Hồ Chí Minh và Tp Đà Nẵng vào ngày 13/12/2024. Đây là dịp các học sinh các đội tuyển HSGQG có dịp luyện tập đỉnh cao trước mùa thi chọn HSGQG 2024 và chuẩn bị thành lập các đội tuyển Olympic Tin học Châu Á (APIO) và Tin học Quốc tế (IOI) cho mùa thi chọn vào đầu năm 2025! Công tác tổ chức Trường đăng cai - Trường Đại học Công nghiệp Hà Nội đã có sự chuẩn bị kỹ lưỡng và toàn diện cho kỳ thi ICPC Asia Hanoi 2024 thể hiện qua các hoạt động như: Đảm bảo các phương tiện vật chất và công tác thi trong phạm vi nhà trường; Hoàn tất chuẩn bị máy PC và phương tiện kỹ thuật đáp ứng đủ yêu cầu cho kỳ thi, các công tác giám khảo, giám thị và sinh viên tình\\nnext_contents:\\n- Hơn 700 sinh viên tranh tài tại Olympic Tin học Sinh viên Việt Nam lần thứ 33, Procon và ICPC Asia Hanoi 2024 Kỳ thi Olympic Tin học Sinh viên Việt Nam lần thứ 33 (OLP’24), Procon Việt Nam và ICPC Asia Hanoi năm 2024 có quy mô lớn nhất từ trước đến nay với hơn 700 thí sinh và 180 huấn luyện viên đến từ 116 Trường Đại học, Cao đẳng, Học viện trên cả nước và các quốc gia Singapore, Hàn Quốc, Đài Loan, Thái Lan. Sáng ngày 11/12/2024 tại Trường Đại học Công nghiệp Hà Nội sẽ chính thức Khai mạc Olympic Tin học Sinh viên Việt Nam lần thứ 33 (OLP’24), Procon Việt Nam và Kỳ thi Lập trình sinh viên quốc tế ICPC khu vực Châu Á - Asia Hanoi năm 2024. Tham dự có đại diện của Bộ Giáo dục Đào tạo, Bộ Thông tin Truyền thông, Bộ Khoa học Công nghệ, Liên hiệp các Hội KH&KT Việt Nam, UBND Thành phố Hà Nội cùng lãnh đạo nhiều trường Đại học và Cao đẳng cùng đại diện các Nhà tài trợ, các Doanh nghiệp CNTT-TT và đông đảo các cơ quan báo chí, truyền hình. Olympic Tin học Sinh viên Việt Nam (OLP’24), Procon Việt Nam kết nối cùng Kỳ thi lập trình sinh viên quốc tế ICPC Asia Hanoi sẽ được tổ chức tại Trường Đại học Công nghiệp Hà Nội từ 10 đến 13/12/2024. Quy mô Kỳ thi OLP’24, Procon và ICPC Asia Hanoi 2024 là điểm tụ hội của các sinh viên CNTT xuất sắc nhất đến từ các trường Đại học & Cao đẳng và các Học viện trên cả nước. Đây là sự kiện biểu dương tài năng, kỹ năng CNTT dành cho sinh viên quy mô quốc tế lớn nhất Việt Nam. Từ kết quả kỳ thi ICPC Asia Hanoi 2024 sẽ chọn 14-15 xuất từ vòng loại Châu Á - Việt Nam tham dự Chung kết ICPC Châu Á Thái Bình dương tổ chức tại Singapore vào tháng 2-3/2025 lựa chọn 15-16 đội tuyển suất sắc nhất tham dự Chung kết ICPC toàn cầu năm 2025. Từ vòng Quốc gia 37 đội tuyển THPT xuất sắc nhất cũng sẽ thi cùng bộ đề Kỳ thi ICPC Asia Hanoi tổ chức thi tại Hà Nội, Tp Hồ Chí Minh và Đà Nẵng vào cùng thời điểm ngày 13/12/2024. Trước đó ngày 11/12/2024, 51 học sinh THPT cũng sẽ thi song song Giải cá nhân Siêu CUP OLP’24. OLP’24, Procon và ICPC Asia Hanoi 2024 đã\\n', 'content: Trường Đại học Công Nghiệp Hà Nội vinh dự đăng cai tổ chức Kỳ thi Olympic Tin học Sinh viên Việt Nam lần thứ 33 (OLP’24) và Kỳ thi lập trình sinh viên Quốc tế ICPC ASIA 2024 Trường Đại học Công Nghiệp Hà Nội (HaUI) sẽ tiếp nhận đăng cai tổ chức Kỳ thi Olympic Tin học Sinh viên Việt Nam lần thứ 33 (OLP’24) và Kỳ thi lập trình sinh viên Quốc tế ICPC ASIA 2024. Đây bước ngoặt đánh dấu sự phát triển vững mạnh của Trường ĐH Công Nghiệp Hà Nội trong đào tạo khối ngành Công nghệ, khẳng định vị thế Nhà trường trong cộng đồng giáo dục Việt Nam. Đây không chỉ là niềm tự hào đối với thầy trò Khoa Công nghệ thông tin, mà còn khẳng định vị thế của Nhà trường trong đào tạo khối ngành Công nghệ thông tin trên cả nước. Việc đăng cai tổ chức còn là cơ hội để Nhà trường mở rộng hợp tác và phát triển với các trường đại học trong và ngoài nước, cải tiến chương trình đào tạo phù hợp với nhu cầu thực tiễn, học hỏi các công nghệ hàng đầu trong nền giáo dục để ứng dụng trong phát triển đội ngũ Nhà trường. Cuộc thi còn là cơ hội để sinh viên Nhà trường kết nối với bạn bè trong nước và quốc tế, giao lưu, học hỏi kiến thức, kỹ năng, kinh nghiệm về ngành IT trong xu thế phát triển của xã hội. Từ đó, giúp các bạn nâng cao nhận thức về vai trò của công nghệ thông tin trong đời sống xã hội, khuyến khích đổi mới sáng tạo trong giáo dục. 1. MỤC ĐÍCH - Tạo điều kiện cho Sinh viên tự nghiên cứu sáng tạo, nâng cao kỹ năng làm việc theo nhóm, hội nhập các tiêu chuẩn quốc tế của sinh viên trong lĩnh vực Công nghệ Thông tin ở các trường Đại học và Cao đẳng Việt Nam và các nước trong Khu vực Châu Á. - Làm cầu nối để các Trường Đại học và Cao đẳng Việt Nam và các nước trong khu vực Châu Á kết nối giao lưu và hợp tác. - Quảng bá, giới thiệu hình ảnh Trường Đại học Công Nghiệp Hà Nội tới bạn bè trong nước và quốc tế. 2. THỜI GIAN, ĐỊA ĐIỂM - Thời gian: từ ngày 10 đến13 tháng 12 năm 2024. - Địa điểm: Trường Đại học Công nghiệp Hà Nội, Số 298 Đường Cầu Diễn, Quận Bắc Từ Liêm, Hà Nội. - Hình thức tổ chức: Trực\\nnext_contents:\\n']","['Công tác tổ chức Trường đăng cai - Trường Đại học Công nghiệp Hà Nội đã có sự chuẩn bị kỹ lưỡng và toàn diện cho kỳ thi ICPC Asia Hanoi 2024 thể hiện qua các hoạt động như: Đảm bảo các phương tiện vật chất và công tác thi trong phạm vi nhà trường; Hoàn tất chuẩn bị máy PC và phương tiện kỹ thuật đáp ứng đủ yêu cầu cho kỳ thi, các công tác giám khảo, giám thị và sinh viên tình nguyện phục vụ Olympic và ICPC; Tổ chức Thi các giải cá nhân tại các phòng máy trung tâm và khoa CNTT (443 máy tính thi OLP và 40 máy dành riêng cho khối thi THPT), chuẩn bị thi ICPC Asia Hanoi tại Khu thi đấu với 140 máy thi; Hỗ trợ thông tin về ăn, nghỉ, đi lại cho các Đoàn tham dự; Đón tiếp và hỗ trợ các đoàn Quốc tế tham dự tại các khách sạn BTC chỉ định. Cuộc thi Olympic Tin học Sinh viên Việt Nam, với sự kết nối với kỳ thi PROCON và ICPC toàn cầu, không chỉ khẳng định vị thế của Việt Nam về nguồn lực trẻ CNTT trong khu vực và thế giới, mà còn là minh chứng cho khả năng hội nhập mạnh mẽ của tuổi trẻ Việt Nam trong lĩnh vực công nghệ thông tin. Kỳ thi đã nhận được sự ủng hộ từ các Doanh nghiệp như Viettel, Pendle, FPT, Samsung, Phygital… và từ nhà tài trợ ICPC toàn cầu Huawei, Jet Brain. Thông qua sân chơi quốc tế này, sinh viên Việt Nam có cơ hội cọ xát, trau dồi các kỹ năng thiết yếu của một chuyên gia CNTT tương lai, bao gồm lập trình, thuật toán, hoàn thiện sản phẩm, làm việc nhóm và ngoại ngữ. Hơn thế nữa, với đẳng cấp của kỳ thi ICPC Châu Á và toàn cầu, Việt Nam đang từng bước sánh vai top 100 trường đại học hàng đầu thế giới về chất lượng đào tạo sinh viên CNTT, góp phần nâng cao thương hiệu giáo dục và khẳng định tiềm năng phát triển vượt bậc của ngành công nghệ Việt Nam. Ban Tổ chức OLP’24, PROCON & ICPC Asia Hanoi 2024 đã ban hành đầy đủ các quy chế, nội quy và thông báo, đăng ký công khai mọi thông tin trên website: www.olp.vn ; https://icpc.global và http://acm-icpc.olp.vn/. Để đảm bảo chất lượng và chuyên môn, Ban ra đề, HĐGK được thành lập với sự tham gia của các chuyên gia giàu kinh nghiệm phần lớn ở độ tuổi 25-35 từng là học sinh giỏi Quốc gia, Quốc tế; Trường Đại học Công nghệ - ĐHQG Hà Nội đồng tham gia tổ chức thi PROCON, CLB VFOSSA vớicác chuyên gia trong lĩnh vực Phần mềm nguồn mở. Chủ tịch HĐGK OLP năm nay là PGS.TS NGND Hồ Sĩ Đàm và Chủ tịch Hội đồng ICPC là PGS.TS Đỗ Phan Thuận. Kỳ thi được vận hành toàn bộ trên các hệ thống chấm – theo dõi trực tuyến chuẩn Quốc tế: các nội dung thi lập trình OLP và ICPC trên hệ thống VNOJ do CLB Olympic Việt Nam vận hành, hệ thống thi đối kháng theo chuẩn Procon Nhật Bản và nội dung OLP PMNM thi theo hình thức Hackathon. Tất cả kết quả các nội dung thi đều công khai, công bố trực tiếp theo thời gian thực, chỉ “đóng băng” một giờ trước khi kết thúc nhằm bảo mật kết quả đến khi công bố tại lễ Tổng kết – Trao giải vào chiều tối ngày 13/12/2024. Thứ Tư, 10:06 11/12/2024 Tags:']","### Thông tin về hoạt động khóa và các hoạt động đoàn hội tại Khoa Công nghệ Thông tin, Trường Đại học Công nghiệp Hà Nội

1. **Hoạt động khóa**:
   - Khoa Công nghệ Thông tin thường xuyên tổ chức các hội thảo, tọa đàm và các sự kiện kết nối giữa sinh viên và doanh nghiệp. 
   - Các hoạt động này bao gồm hội thảo việc làm, nơi sinh viên có cơ hội gặp gỡ và phỏng vấn trực tiếp với các nhà tuyển dụng.
   - Hơn 30 hội thảo tuyển dụng đã được tổ chức, thu hút gần 4.000 sinh viên tham gia, với tỷ lệ sinh viên tốt nghiệp có việc làm đạt 95%.

2. **Hoạt động đoàn hội**:
   - Khoa cũng tích cực tham gia các hoạt động ngoại khóa, như các cuộc thi Robocon, Olympic Tin học sinh viên Việt Nam, và các hoạt động tình nguyện.
   - Các hoạt động này không chỉ giúp sinh viên phát triển kỹ năng mềm mà còn tạo cơ hội giao lưu, học hỏi và kết nối với các sinh viên khác.

### Vai trò của Huawei trong kỳ thi ICPC Asia Hanoi 2024 và tầm quan trọng cho sinh viên Việt Nam

1. **Vai trò của Huawei**:
   - Huawei đóng vai trò là một trong những nhà tài trợ chính cho kỳ thi ICPC Asia Hanoi 2024, giúp cung cấp cơ sở vật chất và hỗ trợ kỹ thuật cho sự kiện.
   - Sự tham gia của Huawei không chỉ mang lại nguồn lực mà còn tạo cơ hội cho sinh viên tiếp cận công nghệ mới và các giải pháp hiện đại trong lĩnh vực công nghệ thông tin.

2. **Tầm quan trọng cho sinh viên Việt Nam**:
   - Kỳ thi ICPC là một trong những cuộc thi lập trình lớn nhất thế giới, giúp sinh viên Việt Nam có cơ hội thể hiện tài năng và kỹ năng lập trình trên sân chơi quốc tế.
   - Tham gia kỳ thi này giúp sinh viên nâng cao khả năng giải quyết vấn đề, làm việc nhóm và áp dụng kiến thức vào thực tiễn.
   - Đây cũng là cơ hội để sinh viên kết nối với các chuyên gia trong ngành, mở rộng mạng lưới quan hệ và tìm kiếm cơ hội nghề nghiệp trong tương lai.

### Tài liệu tham khảo
- [Hấp dẫn với hàng trăm cơ hội việc làm cho sinh viên](https://www.haui.edu.vn/vn/hoat-dong-sinh-vien/hap-dan-voi-hang-tram-co-hoi-viec-lam-cho-sinh-vien/63508) - [**Link tham khảo**](https://www.haui.edu.vn/vn/hoat-dong-sinh-vien/hap-dan-voi-hang-tram-co-hoi-viec-lam-cho-sinh-vien/63508).
- [Kỳ thi Olympic Tin học sinh viên Việt Nam lần thứ 33, Procon Việt Nam và kỳ thi lập trình sinh viên quốc tế ICPC khu vực Châu Á năm 2024](https://www.haui.edu.vn/vn/tin-tuc/ky-thi-olympic-tin-hoc-sinh-vien-viet-nam-lan-thu-33-procon-viet-nam-va-ky-thi-lap-trinh-sinh-vien-quoc-te-icpc-khu-vuc-chau-a-nam-2024-nhieu-tai-nang-cong-nghe-toa-sang/65836) - [**Link tham khảo**](https://www.haui.edu.vn/vn/tin-tuc/ky-thi-olympic-tin-hoc-sinh-vien-viet-nam-lan-thu-33-procon-viet-nam-va-ky-thi-lap-trinh-sinh-vien-quoc-te-icpc-khu-vuc-chau-a-nam-2024-nhieu-tai-nang-cong-nghe-toa-sang/65836).

Nếu bạn cần thêm thông tin hoặc có câu hỏi khác, hãy cho tôi biết!","Huawei là nhà tài trợ cho kỳ thi ICPC toàn cầu, điều này thể hiện sự ủng hộ từ các doanh nghiệp lớn đối với cuộc thi Olympic Tin học Sinh viên Việt Nam. Sự tham gia của Huawei không chỉ khẳng định vị thế của Việt Nam trong lĩnh vực công nghệ thông tin mà còn tạo cơ hội cho sinh viên Việt Nam cọ xát và trau dồi các kỹ năng thiết yếu của một chuyên gia CNTT tương lai.",0.8298704487835403,0.249999999975,0.5142857142857142,0.0,1.101356029510498,19.63128113746643
HaUI Kid lab la gi?,[],"['L·ªöP H·ªåC TH·ª¨ MI·ªÑN PH√ç - Robotic & L·∫≠p tr√¨nh Scratch d√†nh cho c√°c b√© L·ªöP H·ªåC TH·ª¨ MI·ªÑN PH√ç - Robotic & L·∫≠p tr√¨nh Scratch d√†nh cho c√°c b√©! B·∫°n ƒëang t√¨m ki·∫øm m·ªôt ho·∫°t ƒë·ªông b·ªï √≠ch v√† th√∫ v·ªã cho con v√†o d·ªãp cu·ªëi tu·∫ßn? H√£y ƒë·ªÉ b√© y√™u kh√°m ph√° th·∫ø gi·ªõi c√¥ng ngh·ªá v·ªõi l·ªõp h·ªçc Robotic & L·∫≠p tr√¨nh Scratch c·ª±c k·ª≥ h·∫•p d·∫´n t·∫°i HaUI Kid lab! Tham gia bu·ªïi h·ªçc th·ª≠, m·ªói b√© s·∫Ω nh·∫≠n ngay h·ªçc b·ªïng tr·ªã gi√° 1.000.000ƒë, ƒë∆∞·ª£c t·∫∑ng √°o ƒë·ªìng ph·ª•c c√πng nhi·ªÅu ph·∫ßn qu√† th√∫ v·ªã. Th·ªùi gian: 08:30AM - 11:00AM ‚Ä¢ Ch·ªß nh·∫≠t, ng√†y 18/08/2024 ƒê·ªãa ƒëi·ªÉm h·ªçc: Ph√≤ng h·ªôi th·∫£o 603 - T·∫ßng 6, nh√† A1, ƒê·∫°i h·ªçc C√¥ng Nghi·ªáp H√† N·ªôi, s·ªë 298 ƒë∆∞·ªùng C·∫ßu Di·ªÖn, Minh Khai, B·∫Øc T·ª´ Li√™m, H√† N·ªôi. Th√¥ng tin li√™n h·ªá: - Email: kidlab@haui.edu.vn - Hotline: Ms. Trinh - 0963 005 376 Link ƒëƒÉng k√Ω: https://bit.ly/kidlabhocthu _____________________________________ Trong bu·ªïi h·ªçc th·ª≠, gi·∫£ng vi√™n s·∫Ω ch·ªçn ra m·ªôt n·ªôi dung th√∫ v·ªã nh·∫•t trong t·ª´ng kh√≥a h·ªçc ƒë·ªÉ h∆∞·ªõng d·∫´n c√°c b√© trong 100 ph√∫t (Robotics: 50 ph√∫t; Scratch 50 ph√∫t), n·∫øu b√© h·ª©ng th√∫ v·ªõi b√†i h·ªçc, qu√Ω ph·ª• huynh c√≥ th·ªÉ ƒëƒÉng k√Ω cho b√© kh√≥a h·ªçc ho√†n ch·ªânh ngay sau khi k·∫øt th√∫c bu·ªïi h·ªçc th·ª≠, v·ªõi c√°c n·ªôi dung chi ti·∫øt nh∆∞ sau: KH√ìA H·ªåC STEM ROBOTICS - CH·ª¶ ƒê·ªÄ NƒÇNG L∆Ø·ª¢NG (Ph√π h·ª£p cho tr·∫ª 5-9 tu·ªïi) ‚Ä¢ Th·ªùi gian ƒë√†o t·∫°o: 16 bu·ªïi h·ªçc (M·ªói bu·ªïi 90 ph√∫t) ‚Ä¢ M·ª•c ti√™u kho√° h·ªçc: - Gi·ªõi thi·ªáu c√°c kh√°i ni·ªám c∆° b·∫£n v·ªÅ robot v√† l·∫≠p tr√¨nh cho tr·∫ª m·ªôt c√°ch vui v·∫ª v√† d·ªÖ hi·ªÉu. - Ph√°t tri·ªÉn t∆∞ duy logic, s√°ng t·∫°o, kh·∫£ nƒÉng gi·∫£i quy·∫øt v·∫•n ƒë·ªÅ v√† k·ªπ nƒÉng l√†m vi·ªác nh√≥m c·ªßa tr·∫ª. - Gi√∫p tr·∫ª t·ª± tin thi·∫øt k·∫ø, l·∫≠p tr√¨nh v√† ƒëi·ªÅu khi·ªÉn robot ƒë∆°n gi·∫£n. ‚Ä¢ N·ªôi dung kh√≥a h·ªçc: B√†i 1: T·ªïng quan v·ªÅ Lego Wedo 2.0 B√†i 2: X√¢y d·ª±ng v√† l·∫≠p tr√¨nh ƒëi·ªÅu khi·ªÉn m√¥ h√¨nh Tua-Bin gi√≥ B√†i 3: X√¢y d·ª±ng v√† l·∫≠p tr√¨nh ƒëi·ªÅu khi·ªÉn m√¥ h√¨nh tr·∫°m v·ªá tinh B√†i 4. X√¢y d·ª±ng v√† l·∫≠p tr√¨nh ƒëi·ªÅu khi·ªÉn m√¥ h√¨nh Milo the Science Robot thƒÉm d√≤ kho√°ng s·∫£n B√†i 5: X√¢y d·ª±ng v√† l·∫≠p tr√¨nh ƒëi·ªÅu khi·ªÉn m√¥ h√¨nh Xe oto ti·∫øt ki·ªám nƒÉng l∆∞·ª£ng B√†i 6: X√¢y d·ª±ng v√† l·∫≠p tr√¨nh ƒëi·ªÅu khi·ªÉn m√¥ h√¨nh Robot thu gom r√°c th·∫£i b·∫£o v·ªá m√¥i tr∆∞·ªùng xanh B√†i 7: X√¢y d·ª±ng v√† l·∫≠p tr√¨nh ƒëi·ªÅu khi·ªÉn m√¥ h√¨nh Xe oto thu gom r√°c v√† ch·ªü r√°c th·∫£i B√†i 8. ƒê√°nh gi√° gi·ªØa kho√° B√†i 9. X√¢y d·ª±ng v√† l·∫≠p tr√¨nh ƒëi·ªÅu khi·ªÉn m√¥ h√¨nh Thuy·ªÅn d·ªçn r√°c tr√™n bi·ªÉn B√†i 10: X√¢y d·ª±ng v√† l·∫≠p tr√¨nh ƒëi·ªÅu khi·ªÉn m√¥ h√¨nh H·ªá th·ªëng c·∫£nh b√°o ƒë·ªông ƒë·∫•t B√†i 11: L√†m quen v·ªõi b·ªô m√¥ h√¨nh Lego Spike B√†i 12: X√¢y d·ª±ng v√† l·∫≠p tr√¨nh ƒëi·ªÅu khi·ªÉn m√¥ h√¨nh Robot d·ª± b√°o th·ªùi ti·∫øt B√†i 13: X√¢y d·ª±ng v√† l·∫≠p tr√¨nh ƒëi·ªÅu khi·ªÉn m√¥ h√¨nh Robot ƒëo t·ªëc ƒë·ªô gi√≥ B√†i 14: X√¢y d·ª±ng v√† l·∫≠p tr√¨nh ƒëi·ªÅu khi·ªÉn m√¥ h√¨nh Robot ƒëo ƒë·ªô ·∫©m c·ªßa ƒë·∫•t B√†i 15: X√¢y d·ª±ng v√† l·∫≠p tr√¨nh ƒëi·ªÅu khi·ªÉn m√¥ h√¨nh Xe m√°y ƒëi·ªán b·∫£o v·ªá m√¥i tr∆∞·ªùng B√†i 16: D·ª± √°n cu·ªëi kho√°.']","### Hoạt động khóa và các hoạt động đoàn hội tại Trường Đại học Công nghiệp Hà Nội

1. **Hoạt động khóa**:
   - Trường Đại học Công nghiệp Hà Nội tổ chức nhiều hoạt động nhằm phát triển kỹ năng và kiến thức cho sinh viên, bao gồm các hội thảo, buổi tọa đàm, và các chương trình giao lưu học thuật.
   - Các hoạt động này thường được tổ chức vào các dịp lễ lớn hoặc trong các tháng thanh niên, nhằm khuyến khích sinh viên tham gia và phát triển bản thân.

2. **Hoạt động đoàn hội**:
   - Đoàn thanh niên và Hội sinh viên trường thường xuyên tổ chức các hoạt động phong trào, như Ngày hội Tân sinh viên, các cuộc thi thể thao, văn nghệ, và các chương trình tình nguyện.
   - Các hoạt động này không chỉ giúp sinh viên giao lưu, kết nối mà còn tạo cơ hội để phát triển kỹ năng mềm và nâng cao tinh thần đoàn kết.

3. **Một số sự kiện tiêu biểu**:
   - Ngày hội Tân sinh viên Rêveurs được tổ chức vào tháng 11 hàng năm, thu hút hàng ngàn sinh viên tham gia với nhiều hoạt động hấp dẫn.
   - Các hội nghị tổng kết công tác Đoàn - Hội hàng năm để đánh giá kết quả hoạt động và đề ra phương hướng cho năm học tiếp theo.

### HaUI Kid Lab

- **HaUI Kid Lab** là một không gian sáng tạo dành cho sinh viên, nơi các bạn có thể tham gia vào các hoạt động nghiên cứu khoa học, phát triển sản phẩm công nghệ, và thực hiện các dự án sáng tạo.
- Lab này thường xuyên tổ chức các workshop, khóa học ngắn hạn về công nghệ, robot, và các lĩnh vực STEM khác, nhằm khuyến khích sinh viên phát triển tư duy sáng tạo và kỹ năng thực hành.

### Tài liệu tham khảo
- [Lễ tổng kết công tác Đoàn - Hội và phong trào thanh niên, sinh viên năm học 2017 - 2018] - [**Link tham khảo**](https://www.haui.edu.vn/vn/hoat-dong-sinh-vien/le-tong-ket-cong-tac-doan-hoi-va-phong-trao-thanh-nien-sinh-vien-nam-hoc-2017-2018-phat-dong-thi-dua-nam-hoc-2018-2019/60866).
- [Sôi động và bùng cháy Ngày hội Tân sinh viên Rêveurs] - [**Link tham khảo**](https://www.haui.edu.vn/vn/su-kien/soi-dong-va-bung-chay-ngay-hoi-tan-sinh-vien-reveurs/63871).
- [HaUI trình diễn nhiều công nghệ, sản phẩm tại Techconnect and Innovation Vietnam 2024] - [**Link tham khảo**](https://www.haui.edu.vn/vn/tin-tuc/haui-trinh-dien-nhieu-cong-nghe-san-pham-tai-techconnect-and-innovation-vietnam-2024/65527).

Nếu bạn cần thêm thông tin chi tiết về các hoạt động khác hoặc có câu hỏi nào khác, hãy cho tôi biết!","HaUI Kid lab la mot lop hoc ve Robot va lap trinh Scratch cho cac be. Lop hoc nay giup cac be phat trien ky nang logic, sang tao va lam viec nhom.",0.8167410118394817,0.0,0.0,0.0,1.1057050228118896,13.368033170700073
Nhà trường có những hướng dẫn gì cho sinh viên trong quá trình nhập học trực tuyến?,"['content: Nội Đối với danh mục ngành/chương trình đào tạo tuyển sinh năm 2025: Chương trình đào tạo Đại học chính quy theo thời gian chuẩn 4 năm, tuyển sinh đối với thí sinh tốt nghiệp THPT, chỉ tiêu 7.990, cấp bằng Cử nhân; từ năm thứ 2 sinh viên có thể đăng ký học thêm chương trình thứ 2 nếu đủ điều kiện, sinh viên có thể được công nhận tốt nghiệp cùng một lúc 2 chương trình. Đối với tuyển sinh hệ Đại học từ xa: Trường Đại học Công nghiệp Hà Nội dự kiến tuyển 750 chỉ tiêu tuyển sinh đại học từ xa gồm các ngành: Ngôn ngữ Anh, Ngôn ngữ Trung Quốc, Ngôn Ngữ Hàn Quốc, Quản trị kinh doanh, Kế toán. Thông tin chi tiết sẽ được cập nhật trên Cổng thông tin tuyển sinh của Nhà trường trước ngày 15/3/2025. Đối với tuyển sinh hệ Cao đẳng chính quy: Trường Đại học Công nghiệp Hà Nội dự kiến tuyển sinh 900 chỉ tiêu vào các ngành Cao đẳng chính quy. Thông tin chi tiết sẽ nhà trường được cập nhật trên Cổng thông tin tuyển sinh của Nhà trường trước ngày 15/3/2025. Nguồn: Tạp chí điện tử Thương hiệu và Công luận Thứ Sáu, 09:10 20/12/2024 Tags:\\nnext_contents:\\n- [thuonghieucongluan] Trường Đại học Công nghiệp Hà Nội công bố phương án tuyển sinh năm 2025 Thứ Sáu, 09:10 20/12/2024 33 Năm 2025, Trường Đại học Công nghiệp Hà Nội dự kiến tuyển 7.990 chỉ tiêu cho 62 ngành/chương trình đào tạo đại học chính quy theo 5 phương thức tuyển sinh. Trong đó, có 10 chương trình đào tạo bằng Tiếng Anh. Cụ thể, các phương thức tuyển sinh, bao gồm: Phương thức 1: Xét tuyển thẳng theo quy định của Bộ Giáo dục và Đào tạo. (Không giới hạn chỉ tiêu). Phương thức 2: Xét tuyển theo điểm chứng chỉ quốc tế/giải học sinh giỏi kết hợp với điểm tổng kết học bạ cả năm lớp 10,11,12 của 3 môn theo tổ hợp xét tuyển (chỉ tiêu dự kiến 10%). Phương thức 3: Xét tuyển dựa trên kết quả thi tốt nghiệp THPT năm 2025 (chỉ tiêu dự kiến 80%). Phương thức 4: Xét tuyển dựa trên kết quả thi đánh giá năng lực năm 2025 do Đại học Quốc gia Hà Nội tổ chức kết hợp với điểm tổng kết học bạ cả năm lớp 10,11,12 của 3 môn theo tổ hợp xét tuyển (chỉ tiêu dự kiến 5%). Phương thức 5: Xét tuyển dựa trên kết quả thi đánh giá tư duy năm 2025 do Đại học Bách khoa Hà Nội tổ chức kết hợp với điểm tổng kết học bạ cả năm lớp 10,11,12 của 3 môn theo tổ hợp xét tuyển (chỉ tiêu dự kiến 5%). Nhà trường dự kiến năm tới tuyển sinh 7.990 sinh viên cho 62 ngành và chương trình đào tạo, tăng 340 chỉ tiêu so với năm nay. Năm 2025, Trường Đại học Công nghiệp Hà Nội dự kiến tuyển 7.990 chỉ tiêu cho 62 ngành/chương trình đào tạo đại học chính quy theo 5 phương thức tuyển sinh. Ảnh: Trường Đại học Công nghiệp Hà Nội Đối với danh mục ngành/chương trình đào tạo tuyển sinh năm 2025: Chương trình đào tạo Đại học chính quy theo thời gian chuẩn 4 năm, tuyển sinh đối với thí sinh tốt nghiệp THPT, chỉ tiêu 7.990, cấp bằng Cử nhân; từ năm thứ 2 sinh viên có thể đăng ký học thêm chương trình thứ 2 nếu đủ điều kiện, sinh viên có thể được công nhận tốt nghiệp cùng một lúc 2 chương trình. Đối với tuyển sinh hệ Đại học từ xa: Trường Đại học Công nghiệp Hà Nội dự kiến tuyển 750 chỉ tiêu tuyển sinh đại học từ xa gồm\\n', 'content: thực tập sớm để có trải nghiệm thực tế trong lĩnh vực nghề nghiệp của mình. Điều này giúp sinh viên áp dụng kiến thức học tập vào thực tế, xác định sự phù hợp và khám phá thêm về ngành nghề của mình. Như vậy, hướng nghiệp cho sinh viên năm đầu là rất quan trọng để các em xác định mục tiêu nghề nghiệp, chọn ngành học phù hợp và chuẩn bị cho công việc trong tương lai. Qua tìm hiểu, tư vấn, tham gia hoạt động xã hội, và tìm kiếm cơ hội thực tập, sinh viên có thể xây dựng một cơ sở vững chắc cho sự phát triển nghề nghiệp của mình. Tại Khoa Công nghệ thông tin, ngay từ năm học đầu tiên, sinh viên đã được định hướng nghề nghiệp thông qua Ngày hội Chào tân sinh viên, Tuần sinh hoạt công dân đầu khóa và học phần Nhập môn về kỹ thuật. Ngày hội Chào tân sinh viên khóa 17 2. Tổ chức chuỗi hội thảo thường kỳ cho sinh viên các khóa Hàng năm, khoa Công nghệ thông tin tổ chức khoảng 10 hội thảo chuyên đề và hướng nghiệp cho từng nhóm đối tượng sinh viên, trang bị cho sinh viên hành trang, giúp các bạn vững tin khi ra trường. Chủ đề các hội thảo rất phong phú, đa dạng, đáp ứng nhu cầu của sinh viên từ những năm đầu cho đến khi ra trường. Diễn giả chia sẻ tại các hội thảo là các chuyên gia giàu kinh nghiệm đến từ các doanh nghiệp hàng đầu về công nghệ thông tin. Hình thức tổ chức các hội thảo cũng rất linh hoạt, bao gồm trực tiếp, trực tuyến hoặc kết hợp. Số lượng sinh viên tham dự thực tế thường không dưới 300 em mỗi buổi cho thấy mức độ quan tâm của sinh viên. Và Khoa Công nghệ thông đã triển khai hướng nghiệp hiệu quả, đạt được nhiều kết quả quan trọng. Danh sách hội thảo hướng nghiệp năm học 2022 - 2023 TT Tên hội thảo Tên doanh nghiệp Số lượng sinh viên tham dự 1 Xu hướng, thách thức và cơ hội với sinh viên ngành công nghệ thông tin Công Ty Cổ Phần Clever Group 423 2 Chân dung ứng viên công nghệ thông tin lý tưởng thời đại 4.0 Công ty TNHH phần mềm FPT 350 3 HaUI Orientation – Hướng đi nào đúng cho sinh viên IT Công ty TNHH phần mềm FPT 300 4 Samsung SVMC – Find your future\\nnext_contents:\\n- nghiệp hoặc những người đi trước, tham gia các hoạt động giao lưu và tìm hiểu từ các nguồn thông tin như sách, bài viết, trang web để có cái nhìn tổng quan về các lĩnh vực khác nhau và tìm thấy sự phù hợp với sở thích và năng lực của mình. - Tư vấn hướng nghiệp sớm: Sinh viên năm đầu cần có cơ hội tham gia vào các buổi tư vấn hướng nghiệp để được tư vấn và hỗ trợ trong quá trình xác định mục tiêu nghề nghiệp và lựa chọn hướng đi phù hợp trong ngành học. Tư vấn hướng nghiệp có thể giúp sinh viên nhận ra những sở thích, kỹ năng và giá trị cá nhân của mình, từ đó tạo ra các lựa chọn nghề nghiệp phù hợp và có ý nghĩa. - Tham gia hoạt động xã hội và tình nguyện: Hoạt động xã hội và tình nguyện có thể giúp sinh viên năm đầu tiên phát triển kỹ năng mềm, mở rộng mạng lưới kết nối và có trải nghiệm thực tế trong các lĩnh vực quan tâm của họ. Thông qua việc tham gia các câu lạc bộ, tổ chức xã hội, hoạt động tình nguyện, sinh viên có thể khám phá sở thích cá nhân, xây dựng kỹ năng quan trọng và tạo mối quan hệ có ích cho tương lai nghề nghiệp. - Tìm hiểu về thị trường lao động và xu hướng nghề nghiệp: Sinh viên cần cập nhật thông tin về thị trường lao động và xu hướng nghề nghiệp hiện tại và tương lai. Điều này có thể bao gồm việc nghiên cứu về ngành nghề, tìm hiểu về các vị trí việc làm tiềm năng, yêu cầu kỹ năng và trình độ giáo dục, cũng như những xu hướng mới trong ngành. - Tìm kiếm cơ hội học tập ngoại khóa: Sinh viên năm đầu có thể tìm kiếm cơ hội học tập ngoại khóa hoặc thậm chí thực tập sớm để có trải nghiệm thực tế trong lĩnh vực nghề nghiệp của mình. Điều này giúp sinh viên áp dụng kiến thức học tập vào thực tế, xác định sự phù hợp và khám phá thêm về ngành nghề của mình. Như vậy, hướng nghiệp cho sinh viên năm đầu là rất quan trọng để các em xác định mục tiêu nghề nghiệp, chọn ngành học phù hợp và chuẩn bị cho công việc trong tương lai. Qua tìm hiểu, tư vấn, tham gia hoạt động xã hội, và tìm kiếm cơ hội thực tập, sinh viên có thể xây dựng một cơ sở vững chắc cho sự\\n', 'content: Sinh viên thích học trực tiếp hay trực tuyến? Thứ Hai, 09:10 08/05/2023 1256 Dù xác định dạy trực tuyến là một xu hướng tất yếu nhưng nhiều trường ĐH vẫn triển khai thận trọng, cho sinh viên được lựa chọn học trực tiếp hay trực tuyến. Thực tế cho thấy sinh viên vẫn thích học với thầy dạy trên bảng đen, phấn trắng. Học B-learning, sinh viên được chủ động về thời gian Khác với hình dung của nhiều người, dạy học trực tuyến ở bậc ĐH không phải đến buổi học thì sinh viên (SV) bật máy tính, vào mạng để điểm danh, còn giảng viên (GV) thì ngồi trước camera truyền đi hình ảnh bản thân đang dạy học. Thay vào đó, thầy cô sẽ đưa lên mạng video ghi lại bài dạy của mình, SV có thể truy cập để học bất kỳ lúc nào (nhưng phải hoàn thành việc học trong khung thời gian học tập chung của môn học). Nền tảng được sử dụng để phát video phải thỏa mãn các yêu cầu của Bộ GD-ĐT như hệ thống quản lý học tập, hệ thống quản lý nội dung học tập… Theo nhiều GV, việc chuẩn bị một bài giảng để quay video là rất công phu so với việc thực hiện bài giảng trực tiếp trên lớp. Đó là chưa kể không phải bài học nào cũng có thể dạy trực tuyến. Tuy nhiên, với những bài dạy có nội dung phù hợp, GV chuẩn bị tốt thì bước đầu nhận được sự hưởng ứng khá tích cực của SV. PGS Phạm Thanh Huyền, giảng viên môn hóa dầu, Trường Hóa và Khoa học sự sống (ĐH Bách khoa Hà Nội), cho biết cô đang tham gia triển khai có tính chất thử nghiệm hình thức dạy học kết hợp trực tiếp - trực tuyến (B-learning) một số môn trên nền tảng học tập số LMS. Một tuần các em được học trên LMS, tuần tiếp theo thì GV lên lớp dạy trực tiếp để tổ chức cho SV thảo luận và GV giải đáp các thắc mắc của SV. GS Vũ Hà Văn vừa giảng vừa viết bảng trong một lần giảng bài ở Viện Toán học VN PGS Huyền chia sẻ: ""Học trên LMS là các em tự xem các video bài giảng đã được ghi hình sẵn. Các em có thể mở ra học bất kỳ thời điểm nào thuận tiện cho bản thân, có thể xem đi xem lại video nhiều lần. Ngoài ra, các em có thể được xem các bài đọc thêm có nội dung liên\\nnext_contents:\\n', 'content: [danviet] Những ngành học dự đoán ""hot"" năm 2024 và lưu ý thí sinh trước khi đặt bút đăng ký nguyện vọng Thứ Bảy, 15:39 23/03/2024 645 Theo xu hướng chung, những ngành thuộc nhóm Kinh tế quản lý, Công nghệ thông tin, Công nghệ kỹ thuật, ngoài ra một số ngành đào tạo ngôn ngữ cũng được thí sinh quan tâm trong năm 2024, tuy nhiên, ngành hot không phải là lý do để thí sinh lựa chọn. Những ngành học hot năm 2024 Chia sẻ với PV báo Dân Việt về chọn ngành, TS Phan Đình Quyết, Phó trưởng phòng truyền thông và tuyển sinh Trường Đại học Thương mại, cho hay: ""Việc tư vấn hướng nghiệp cho học sinh cần có sự kết hợp hài hòa giữa trường phổ thông, các trung tâm tổ chức định hướng nghề nghiệp, trường đại học. Trong đó, các trường đại học sẽ cử chuyên gia có kinh nghiệm liên quan công tác định hướng nghề nghiệp để tư vấn cho các em. Bản thân tôi cũng tham gia tư vấn tuyển sinh cho các em và thấy rằng so với nhiều năm trước đây, hiện nay các em đã có sự chuẩn bị, tìm hiểu rất kỹ. Các em đến tư vấn là hỏi luôn về ngành học yêu thích của mình chứ không còn tình trạng mơ hồ. Thí sinh quan tâm đến các ngành học hot của các trường đại học. Ảnh: Tào Nga Việc chọn ngành thế nào, trường gì phù hợp là bài toán và đôi khi cũng là cái duyên với nghề nghiệp. Ai đi học cũng muốn sau này mình được làm nghề yêu thích. Tuy nhiên thực tế sau khi ra trường lại có cơ duyên khác rẽ hướng. Thật khó để khuyên các bạn theo hướng nào. Chỉ biết rằng, các bạn hãy nghiên cứu thật kỹ xem mình hợp ngành nào để lọc ra lựa chọn. Xu hướng ngành nghề thì theo giai đoạn. Cách đây 5 năm, ngành du lịch rất hot nhưng dịch Covid-19 thì ngành này bị gián đoạn. Vì vậy, các bạn hãy chọn ngành học mình thích vì chỉ ngành mình thích mới hứng thú học và học tốt nhất. Khi ra trường làm việc ở chỗ nào mình cũng có thể ""bơi"" được. Còn việc chọn ngành rộng hay hẹp để học thì tùy theo tính cách. Nếu bạn hướng ngoại thì hãy chọn ngành rộng có thể kết nối các ngành với nhau. Bạn nào hướng nội thì chọn ngành hẹp như kế toán, kiểm\\nnext_contents:\\n', 'content: Kế hoạch Tư vấn tuyển sinh trực tuyến năm 2024 Thứ Hai, 08:02 15/04/2024 2069 Đại học Công nghiệp Hà Nội tổ chức Tư vấn tuyển sinh trực tuyến năm 2024. I. MỤC ĐÍCH - YÊU CẦU 1. Mục đích - Cung cấp thông tin trực tiếp, sát thực, cập nhật về kỳ tuyển sinh năm 2024; giải đáp những thắc mắc của thí sinh và phụ huynh về thông tin tuyển sinh, các phương thức tuyển sinh, định hướng chọn ngành nghề, các ngành nghề mới; tư vấn cách nộp hồ sơ đăng ký xét tuyển, lựa chọn nguyện vọng, cơ hội trúng tuyển… - Cung cấp thông tin về cơ hội việc làm cho sinh viên sau khi tốt nghiệp. - Lan tỏa giá trị truyền thống, chất lượng đào tạo của nhà trường đến với xã hội, cộng đồng; khẳng định uy tín, vị thế, thương hiệu, danh tiếng Đại học Công nghiệp Hà Nội. 2. Yêu cầu - Công tác tổ chức đảm bảo chất lượng về nội dung, hình thức, bám sát nhu cầu tìm hiểu thông tin, đáp ứng sự tham gia đông đảo của học sinh và phụ huynh. - Đổi mới, sáng tạo, phối hợp hiệu quả giữa các đơn vị. II. NỘI DUNG TT Nội dung tư vấn Cán bộ tư vấn Thời gian (Dự kiến) 1 Tuyển sinh năm 2024 - Những điều cần biết 1. TS.Thân Thanh Sơn - Trưởng phòng Đào tạo 2. TS.Lê Bá Phương - Trưởng khoa Khoa học cơ bản 3. TS.Nguyễn Văn Thành - Phụ trách phòng Hợp tác đối ngoại 19h45 - 21h00 Thứ Ba, ngày 23/4/2024 2 Hiểu đúng ngành, chọn đúng nghề - Tư vấn chuyên sâu nhóm ngành Cơ khí, Ô tô; CN Hóa; CN May & TKTT. 1. PGS.TS.Hoàng Tiến Dũng - Hiệu trưởng trường Cơ khí Ô tô. 2. PGS.TS.Phạm Thị Mai Hương - Trưởng khoa Công nghệ Hóa. 3. PGS.TS.Nguyễn Thị Lệ - Trưởng khoa CNM và TKTT. 19h45 - 21h00 Thứ Tư ngày 24/4/2024 3 Hiểu đúng ngành, chọn đúng nghề - Tư vấn chuyên sâu nhóm ngành Ngôn ngữ, Du lịch; Kinh doanh, quản lý. 1. TS.Hoàng Ngọc Tuệ - Hiệu trưởng trường Ngoại ngữ Du lịch. 2. TS.Vũ Đình Khoa - Trưởng khoa Quản lý Kinh doanh. 3. TS.Trương Thanh Hằng - Phụ trách khoa Kế toán Kiểm toán. 19h45 - 21h00 Thứ Năm ngày 25/4/2024 4 Hiểu đúng ngành, chọn đúng nghề - Tư vấn chuyên sâu nhóm ngành Điện, Điện tử, CNTT 1. TS.Phạm Văn Minh -\\nnext_contents:\\n']","['Hướng dẫn nhập học Online BƯỚC 1: NHẬP HỌC TRỰC TUYẾN Thí sinh mở tài khoản ngân hàng BIDV(hướng dẫn tại đây) hoặc ví điện tử Viettel Money ( Đăng ký tại đây ) và nộp tiền vào tài khoản theo số tiền phải nộp trong Giấy báo nhập học (Nhà trường liên kết với BIDV và Viettel Money để thực hiện dịch vụ thu hộ học phí và trung gian thanh toán (miễn phí) ). Để có thể xác nhận nhập học trực tuyến thí sinh cần mở tài khoản BIDVhoặcViettel Money (Nhà trường khuyến khích thí sinh mở tài khoản của cả hai đơn vị cung cấp dịch vụ để đa dạng hóa phương thức và thuận tiện trong quá trình thực hiện thanh toán). Lưu ý: Sinh viên khi làm thủ tục nhập học và trong suốt quá trình học nên sử dụng duy nhất 01 số điện thoại cá nhân để thuận tiện cho việc làm thủ tục nhập học, thanh toán học phí hoặc nhận chi trả các khoản như: chế độ chính sách, học bổng, chi phí khác.... Anh/Chị có thể nhập học trực tuyến theo 03 cách sau: Cách 1: Tải và cài đặt ứng dụng “MyHaUI” trên Apple Store, CH Play Cách 2: Truy cập cổng thông tin nhập học trực tuyến https://nhaphoc.haui.edu.vn của Nhà trường Cách 3: Nộp tiền thông qua ứng dụng BIDV hoặc Viettel Money. Tải ứng dụng BIDV hoặc Viettel Money và làm theo hướng dẫn trên ứng dụng (Chi tiết tham khảo tại Website: https://nhaphoc.haui.edu.vn tại mục Mở tài khoản BIDV hoặc các điểm giao dịch của: BIDV– hotline: ; Viettel Money – hotline: 0965.778.999, 0979.928.068, 0987.538.788 * Cổng thanh toán: Hiện tại Nhà trường liên kết với BIDV và Viettel Money để thực hiện dịch vụ thu hộ học phí và trung gian thanh toán (miễn phí) . Để thực hiện nhập học trực tuyến sinh viên cần mở tài khoản BIDV hoặc Viettel Money (Nhà trường khuyến khích sinh viên mở tài khoản của cả hai đơn vị cung cấp dịch vụ để đa dạng hóa phương thức và thuận tiện trong quá trình thực hiện thanh toán). ** Anh/Chị có nguyện vọng ở Ký túc xá (KTX) tham khảo thông tin tại Website http://ssc.haui.edu.vn (Mọi thắc mắc liên quan đến nộp tiền nhập học, các khoản thu xin liên hệ số Hotline 0988.156.363, 0983.668.171 ) BƯỚC 2: KIỂM TRA VÀ CẬP NHẬP HỒ SƠ SINH VIÊN 1. Đăng nhập hệ thống: Truy cập ứng dụng MyHaUI hoặc cổng thông tin sinh viên theo địa chỉ: https://sv.haui.edu.vn và sử dụng tài khoản theo thông tin được cấp. 2. Kiểm tra và cập nhật thông tin sinh viên: Vào phần “Thông tin cá nhân” , mục “Cập nhật thông tin sinh viên” . Tại màn hình này, sinh viên thực hiện cập nhật đầy đủ, chính xác các thông tin: “Thông tin cá nhân” , “Thông tin gia đình” , “Thông tin liên hệ” * Một số chức năng cơ bản của Hệ thống đại học điện tử: - Nhận các thông báo từ Nhà trường liên quan đến các hoạt động: Học tập, khảo thí, chế độ chính sách, học bổng, khen thưởng, kế hoạch thực tập – việc làm… - Thực hiện các hoạt động: Cập nhật hồ sơ cá nhân, đăng ký các dịch vụ hành chính một cửa, nộp học phí, đăng ký học phần, đăng ký thực tập…. - Tham gia Cộng đồng HaUI: Trao đổi với Nhà trường, đội ngũ Cố vấn, sinh viên khác... * Lưu ý: Trường hợp cần cấp lại mật khẩu, tài khoản hệ thống đại học điện tử, sinh viên liên hệ Thầy Lê Thanh Đức (SĐT: 0968 981 994)']","### Thông tin về hoạt động khóa và các hoạt động đoàn hội tại Trường Đại học Công nghiệp Hà Nội

1. **Hoạt động khóa**:
   - Trường tổ chức nhiều hoạt động nhằm phát triển kỹ năng và tạo môi trường giao lưu cho sinh viên. Một trong những sự kiện nổi bật là Ngày hội Tân sinh viên, diễn ra vào ngày 26/11/2022, thu hút hàng ngàn sinh viên tham gia với nhiều nội dung hấp dẫn.
   - Các hoạt động khác bao gồm các cuộc thi, hội thảo, và các chương trình giao lưu văn hóa, thể thao, nhằm khuyến khích sinh viên tham gia và phát triển bản thân.

2. **Hoạt động đoàn hội**:
   - Đoàn Thanh niên và Hội Sinh viên trường thường xuyên tổ chức các hoạt động phong trào, như các cuộc thi sáng tạo, các chương trình tình nguyện, và các hoạt động thể thao.
   - Các hội nghị tổng kết công tác đoàn hội được tổ chức hàng năm để đánh giá kết quả và đề ra phương hướng hoạt động cho năm học tiếp theo.

### Hướng dẫn cho sinh viên trong quá trình nhập học trực tuyến

- Trường Đại học Công nghiệp Hà Nội đã cung cấp hướng dẫn chi tiết cho sinh viên trong quá trình nhập học trực tuyến. Sinh viên cần thực hiện các bước sau:
  1. **Đăng ký tài khoản**: Sinh viên cần tạo tài khoản trên hệ thống của trường để bắt đầu quá trình nhập học.
  2. **Điền thông tin cá nhân**: Cung cấp đầy đủ thông tin cá nhân theo yêu cầu.
  3. **Nộp hồ sơ**: Tải lên các tài liệu cần thiết như bằng tốt nghiệp, giấy chứng nhận, và các giấy tờ khác theo hướng dẫn.
  4. **Xác nhận thông tin**: Kiểm tra và xác nhận lại thông tin đã nhập trước khi hoàn tất quá trình đăng ký.

Để biết thêm thông tin chi tiết về các hoạt động và hướng dẫn nhập học, bạn có thể tham khảo các tài liệu từ trang web của trường.

**Nguồn tham khảo**:
- [Lễ tổng kết công tác Đoàn - Hội và phong trào thanh niên, sinh viên năm học 2017 - 2018] - [**Link tham khảo**](https://www.haui.edu.vn/vn/hoat-dong-sinh-vien/le-tong-ket-cong-tac-doan-hoi-va-phong-trao-thanh-nien-sinh-vien-nam-hoc-2017-2018-phat-dong-thi-dua-nam-hoc-2018-2019/60866).
- [Sôi động và bùng cháy Ngày hội Tân sinh viên Rêveurs] - [**Link tham khảo**](https://www.haui.edu.vn/vn/su-kien/soi-dong-va-bung-chay-ngay-hoi-tan-sinh-vien-reveurs/63871).

Nếu bạn cần thêm thông tin hoặc có câu hỏi khác, hãy cho tôi biết!","Nhà trường hướng dẫn sinh viên nhập học trực tuyến qua ba bước. BƯỚC 1: Sinh viên cần mở tài khoản ngân hàng BIDV hoặc ví điện tử Viettel Money để nộp tiền theo số tiền ghi trong Giấy báo nhập học. Nhà trường khuyến khích sinh viên mở tài khoản của cả hai đơn vị để thuận tiện trong thanh toán. BƯỚC 2: Sinh viên đăng nhập vào hệ thống để kiểm tra và cập nhật hồ sơ cá nhân. BƯỚC 3: Sinh viên có thể thực hiện các hoạt động như cập nhật hồ sơ, nộp học phí, và tham gia cộng đồng HaUI để trao đổi thông tin với nhà trường và sinh viên khác.",0.8329661823297828,0.19999999998,0.8125,1.0,1.0354690551757812,14.583415031433105
"Người dân tộc Lự cần chuẩn bị hồ sơ gì để được miễn, giảm học phí tại Đại học Công nghiệp Hà Nội?","['content: nhà trường cũng nhận được học bổng của các tổ chức: Học bổng Toyota, học bổng năng lượng tương lai, học bổng jinko Solar, học bổng của Quỹ khuyến học tỉnh. Đặc biệt nhà trường có chương trình miễn phí ký túc xá cho sinh viên năm thứ nhất” - TS. Hoàng Hùng Thắng - Hiệu trưởng nhà trường cho biết. Hỗ trợ sinh viên cũng là một trong những hoạt động trọng tâm được Trường Đại học Công nghiệp TP Hồ Chí Minh (IUH) quan tâm, triển khai thực hiện. Chỉ tính riêng năm 2022, nhà trường chi trả tiền miễn, giảm học phí cho sinh viên hơn 8 tỷ đồng, trong đó chi từ ngân sách là 7,5 tỷ đồng. Ngân sách của nhà trường chi cho những sinh viên không thuộc diện chính sách, có hoàn cảnh gia đình khó khăn. Ông Hoàng Đơ – Trưởng phòng Công tác sinh viên - IUH cho biết: Tất cả những trường hợp sinh viên làm đơn xin miễn, giảm học phí đều được nhà trường hỗ trợ, có nhiều trường hợp được hiệu trưởng giảm 100% học phí. Sinh viên IUH nhận được nhiều chương trình học bổng đến từ các doanh nghiệp “Ngoài ra nhà trường còn giải quyết cho hàng ngàn sinh viên chậm nộp học phí. Riêng số tiền chi học bổng hàng năm của nhà trường cũng lên đến hơn 40 tỷ đồng, hỗ trợ sinh viên ở vùng miền bị lũ lụt, sinh viên bị ảnh hưởng do dịch Covid-19… Hàng năm IUH đã tổ chức khám sức khỏe miễn phí cho sinh viên với tổng chi phí gần 1 tỷ đồng”- ông Hoàng Đơn nhấn mạnh. Đảm bảo sinh viên có việc làm sau khi ra trường Là một trong những cơ sở đào tạo chuyên ngành về năng lượng hàng đầu tại Việt Nam, những năm qua, Trường Đại học Điện lực đã có nhiều hoạt động hỗ trợ sinh viên theo học tại trường, trong đó thành công nhất phải kể đến công tác hỗ trợ tìm kiếm việc làm cho sinh viên sau khi ra trường. Ông Nguyễn Tiến Thành - Trưởng phòng Công tác sinh viên- Trường Đại học Điện lực chia sẻ: Để đảm chỉ tiêu tuyển sinh hàng năm, Nhà trường luôn chú trọng đến công tác nâng cao chất lượng đào tạo và hỗ trợ người học, đặc biệt là hỗ trợ những sinh viên có hoàn cảnh khó khăn, dân tộc thiểu số, sinh viên thuộc đối tượng chính sách\\nnext_contents:\\n- học của sinh viên. Chương trình hỗ trợ tín dụng, miễn giảm học phí Tại Trường Đại học Công nghiệp Việt - Hung, bên cạnh các hoạt động hỗ trợ trong nghiên cứu khoa học, rèn luyện kỹ năng mềm, hỗ trợ công tác thực tập, tìm việc làm…Thời gian qua nhà trường đã áp dụng chính sách hỗ trợ tín dụng cho sinh viên. Theo đó, chính sách tín dụng đối với học sinh, sinh viên được áp dụng để hỗ trợ cho học sinh sinh viên có hoàn cảnh khó khăn góp phần trang trải chi phí cho việc học tập, sinh hoạt của sinh viên trong thời gian theo học tại trường. Học sinh, sinh viên sẽ được vay với lãi suất ưu đãi là 0,65%, Bên cạnh đó, là chính sách hỗ trợ về trợ cấp xã hội với đối tượng là dân tộc ít người ở vùng cao; mồ côi cha mẹ… Các đối tượng được trợ cấp xã hội đều có hoàn cảnh, nhân thân khó khăn mà chính họ không thể có đủ khả năng để thực hiện việc học tập một cách trọn vẹn, mặc dù mức trợ cấp được đánh giá là thấp, nhưng đây cũng là một phần khích lệ tinh thần và sự hỗ trợ ở một chừng mực nhất định để một phần giúp học sinh, sinh viên vượt qua khó khăn tạm thời. Còn tại Trường Đại học Công nghiệp Quảng Ninh, bên cạnh thực hiện đầy đủ kịp thời các chính sách hỗ trợ của nhà nước với sinh viên như các chương trình: miễn giảm học phí, trợ cấp xã hội, vay vốn tín dụng, học bổng khuyến khích cho các sinh viên có thành tích học tập xuất sắc, sinh viên nghèo vượt khó.. “Hàng năm Trường Đại học Công nghiệp Quảng Ninh dành 570 suất học bổng trị giá 11.800.000 đồng cho các sinh viên. Ngoài ra sinh viên nhà trường cũng nhận được học bổng của các tổ chức: Học bổng Toyota, học bổng năng lượng tương lai, học bổng jinko Solar, học bổng của Quỹ khuyến học tỉnh. Đặc biệt nhà trường có chương trình miễn phí ký túc xá cho sinh viên năm thứ nhất” - TS. Hoàng Hùng Thắng - Hiệu trưởng nhà trường cho biết. Hỗ trợ sinh viên cũng là một trong những hoạt động trọng tâm được Trường Đại học Công nghiệp TP Hồ Chí Minh (IUH) quan tâm, triển khai thực hiện. Chỉ tính riêng năm 2022, nhà trường chi trả tiền miễn,\\n', 'content: sinh đỗ đại học nhưng bỏ xác nhận nhập học, đại diện Trường Đại học Thương Mại phân tích: ""Có một số lý do khiến cho thí sinh trúng tuyển đại học nhưng không xác nhận nhập học, trong đó có lý do các em đã không đỗ được vào nguyện vọng mình yêu thích. Ngay như Trường Đại học Thương Mại có trường hợp sinh viên đỗ ngành chính quy nhưng vào một ngành không thích. Sau đó, bạn đã bỏ xác nhận nhập học để học ngành Thương mại điện tử, một chương trình liên kết của trường và không đăng ký xét tuyển qua cổng Bộ GDĐT. Một lý do khác nữa là dịch Covid-19 đã được kiểm soát nên các bạn chỉ cần đăng ký vào một trường nhất định rồi đi du học. Khi trúng tuyển, các bạn cũng không xác nhận nhập học"". Nói về lý do có phải do học phí không, đại diện Trường Đại học Thương Mại cho rằng: ""Các bạn đã có rất nhiều thời gian để tham khảo các trường về chương trình đào tạo, học phí. Khi tìm hiểu kỹ để lựa chọn nhưng lại bỏ xác nhận nhập học vì lý do học phí thì thật đáng tiếc. Ở trường chúng tôi, chỉ cần có thí sinh gặp hoàn cảnh khó khăn thì ngay tập tức sẽ được xét duyệt cấp học bổng của trường hoặc quỹ học bổng của cựu sinh viên hỗ trợ"". Cuối cùng, đại diện trường này nêu quan điểm: ""Xu thế học đại học thay vì cao đẳng, trường nghề vẫn được phụ huynh lựa chọn. Chỉ khi nào trường nghề đảm bảo chất lượng và cam kết đầu ra thì đào tạo nghề mới phát triển hơn. Trong khi đó hiện nay, nhiều bạn trẻ thay vì chờ đợi điểm thi tốt nghiệp THPT thì đã nhanh chóng đầu tư cho các phương thức khác để gia tăng cơ hội học đại học. Ngoài ra, cũng có ý kiến các em ở nhà làm công nhân thay vì đại học, tôi nghĩ những bạn này có thể đã xác định được năng lực của mình nên không lựa chọn học đại học từ đầu. Năm nay số lượng thí sinh lựa đăng ký học đại học có tỉ lệ cao hơn năm ngoái"". Thí sinh tham gia ngày hội tư vấn tuyển sinh. Ảnh: Tào Nga Nhiều con đường lựa chọn thay vì xác nhận nhập học theo nguyện vọng trúng tuyển TS. Thân Thanh Sơn, Trưởng phòng Đào tạo, Trường Đại học Công nghiệp Hà Nội cho hay: ""Người\\nnext_contents:\\n- [danviet] Các trường lý giải việc hơn 122.000 thí sinh đỗ đại học nhưng bỏ xác nhận nhập học Thứ Sáu, 16:21 30/08/2024 718 Thông tin hơn 122.000 thí sinh đỗ đại học nhưng bỏ xác nhận nhập học đang nhận sự quan tâm từ dư luận. Tuy nhiên, thực tế những năm qua, tình trạng này không phải là... lạ. Hơn 122.000 thí sinh bỏ xác nhận nhập học Theo công bố của Bộ GDĐT tối 27/8, số lượng thí sinh đăng ký nhập học năm 2024 như sau: Số thí sinh đăng ký xét tuyển đại học năm 2024 là 733.652 thí sinh; Số thí sinh trúng tuyển trên hệ thống là 763.586 thí sinh; Số thí sinh xác nhận nhập học đợt 1 là 551.479 thí sinh. Tỉ lệ thí sinh nhập học/số trúng tuyển là 81.87%. Như vậy, so với năm 2023 là 80.34%, năm nay tỉ lệ thí sinh nhập học đã nhỉnh hơn. Năm 2023, số thí sinh trúng tuyển trên hệ thống là 615.470 thí sinh và có 494.488 thí sinh đăng ký nhập học. Trao đổi với PV báo Dân Việt, đại diện Trường Đại học Thương Mại cho hay: ""Đến thời điểm hiện tại, trường hoàn thành khoảng 97% chỉ tiêu thí sinh đăng ký nhập học. Trong đó, các ngành hot đang trở thành xu hướng trong năm nay được thí sinh quan tâm lựa chọn như Ngân hàng điện tử, các chương trình đào tạo định hướng chuyên sâu nghề nghiệp quốc tế (viết tắt là IPOP) như Quản trị kinh doanh; Ngành Marketing; Ngành Kế toán; Ngành Logistics và Quản lý chuỗi cung ứng; Ngành Kinh doanh quốc tế; Ngành Tài chính – Ngân hàng; Ngành Quản trị nhân lực và Ngành Quản trị khách sạn. Những ngành này điểm chuẩn cao từ 25 điểm trở lên"". Nói về 122.000 thí sinh đỗ đại học nhưng bỏ xác nhận nhập học, đại diện Trường Đại học Thương Mại phân tích: ""Có một số lý do khiến cho thí sinh trúng tuyển đại học nhưng không xác nhận nhập học, trong đó có lý do các em đã không đỗ được vào nguyện vọng mình yêu thích. Ngay như Trường Đại học Thương Mại có trường hợp sinh viên đỗ ngành chính quy nhưng vào một ngành không thích. Sau đó, bạn đã bỏ xác nhận nhập học để học ngành Thương mại điện tử, một chương trình liên kết của trường và không đăng ký xét tuyển qua\\n', 'content: thu nhập tương đối tốt phù hợp với năng lực. - Bộ GD&ĐT cho biết, sẽ kết nối với cơ sở dữ liệu quốc gia về dân cư để cấp mã định danh cho thí sinh khi đăng ký thi, xét tuyển đại học. Đây là điểm khá mới, vậy cụ thể như thế nào? (ngochau***@gmail.com) TS. Phạm Như Nghệ - Phó Vụ trưởng Vụ Giáo dục đại học (Bộ GD&ĐT) Mỗi thí sinh sẽ được cấp tài khoản, mã định danh (chính là căn cước công dân). Mã định danh này đã được kết nối với cơ sở dữ liệu quốc gia. Khi đăng ký xét tuyển, những thông tin cá nhân sẽ được hiển thị (nếu thiếu sẽ được bổ sung) nên thí sinh hoàn toàn có thể yên tâm. Nếu gặp khó khăn, các em sẽ được nhà trường tư vấn, trợ giúp. - Thưa các thầy cô, em muốn đăng ký vào khoa Cơ khí của Trường ĐH Công nghiệp Hà Nội thì chương trình đào tạo sẽ như thế nào, kéo dài trong bao lâu, cơ hội để sinh viên được đi thực tập và ra nghề có lâu không? (Trần Văn Nam ở huyện Ý Yên, tỉnh Nam Định) PGS.TS Phạm Văn Bổng - Phó Hiệu trưởng, Trường ĐH Công nghiệp Hà Nội. Ngành Cơ khí có 2 chương trình đào tạo gồm: Đào tạo hệ cử nhân đại học (học 4 năm) và đào tạo hệ chuyên sâu (học 5 năm cấp bằng kỹ sư). Trong quá trình học, các em sẽ được thực hành thực nghiệm tại xưởng của trường và các phòng thí nghiệm. Ở học kỳ cuối, sinh viên sẽ được thực tập tại doanh nghiệp liên kết với nhà trường trong khoảng thời gian 2 tháng. - Năm nay có tới 20 phương thức xét tuyển khiến thí sinh và phụ huynh bối rối. Vậy thầy có tư vấn gì cho thí sinh, để các em không bị “trượt oan” vì nhiều phương thức xét tuyển? (haiminh***@gmail.com) TS. Phạm Như Nghệ - Phó Vụ trưởng Vụ Giáo dục đại học (Bộ GD&ĐT) Mỗi trường sẽ có nhiều phương thức xét tuyển nhưng không quá 4 phương thức/ngành. Thí sinh căn cứ vào tiêu chí, điều kiện tuyển sinh mà của trường đưa ra và kết quả/thi học tập của thí sinh để đưa ra lựa chọn phù hợp với nhất với điều kiện của mình cũng như yêu cầu của cơ sở đào tạo. Lưu ý: Trong các phương thức thì thí sinh lựa chọn phương thức có lợi nhất cho mình (lựa chọn theo thế mạnh của mình)\\nnext_contents:\\n- em sẽ nhập học vào cuối tháng 8 nếu đủ điều kiện. - Tuyển sinh là việc tự chủ của các trường đại học, song với vai trò quản lý Nhà nước, Bộ GD&ĐT sẽ có những giải pháp kiểm tra, giám sát như thế nào để đảm bảo quyền lợi cao nhất cho thí sinh? (thuychi***@gmail.com) TS. Phạm Như Nghệ - Phó Vụ trưởng Vụ Giáo dục đại học (Bộ GD&ĐT) Bộ có nhiều giải pháp để đảm bảo công bằng cho thí sinh. Các trường được tự chủ nhưng vẫn phải trong khuôn khổ, có Quy chế tuyển sinh nên các trường buộc phải tuân thủ. Lịch tuyển sinh được công khai, các trường cũng phải công khai đề án tuyển sinh trường. Để đảm bảo công bằng nên Bộ dự kiến lọc ảo chung tất cả các phương thức tuyển sinh đợt 1. Kết quả thí sinh đăng ký đều đưa vào phần mềm xét tuyển chung của Bộ. Bộ sẽ tăng cường thanh tra, kiểm tra và xử lý nghiêm những sai phạm, đồng thời công khai các trường sai phạm và kết quả xử lý. - Nếu là nữ thì có thể theo học ngành Công nghệ ô tô tại trường được không? Những lợi thế và điểm yếu nếu em muốn học ngành này là gì ạ? (Nguyễn Hồng Nhung, huyện Đan Phượng, TP Hà Nội) PGS.TS Phạm Văn Bổng - Phó Hiệu trưởng, Trường ĐH Công nghiệp Hà Nội. Các khoa/ngành của trường đều vẫn có nữ sinh theo học. Với ngành Công nghệ ô tô thì vẫn có nữ sinh theo học nhưng ít. Khi học, nữ sinh có hạn chế về mặt sức khỏe không bằng nam sinh viên. Tuy nhiên, lợi thế ở chỗ ít nữ nên sẽ được giảng viên quan tâm hơn. Các em sau này ra trường có thể làm kỹ thuật ở các doanh nghiệp sản xuất, lắp ráp, bảo hành, sửa chữa ô tô và cho thu nhập tương đối tốt phù hợp với năng lực. - Bộ GD&ĐT cho biết, sẽ kết nối với cơ sở dữ liệu quốc gia về dân cư để cấp mã định danh cho thí sinh khi đăng ký thi, xét tuyển đại học. Đây là điểm khá mới, vậy cụ thể như thế nào? (ngochau***@gmail.com) TS. Phạm Như Nghệ - Phó Vụ trưởng Vụ Giáo dục đại học (Bộ GD&ĐT) Mỗi thí sinh sẽ được cấp tài khoản, mã định danh (chính là căn cước công dân). Mã định danh này đã được kết nối với cơ sở dữ liệu quốc gia. Khi đăng ký xét tuyển, những thông tin cá\\n', 'content: trong tuyển sinh. Nhiều năm nay, Đại học Bách khoa Hà Nội không xét tuyển riêng bằng kết quả học bạ. Năm 2025, trường giữ ổn định 3 phương thức tuyển sinh gồm: xét tuyển tài năng, xét kết quả kỳ thi đánh giá tư duy và xét kết quả thi tốt nghiệp THPT. Năm 2025, Đại học Kinh tế quốc dân tiếp tục bỏ phương thức xét tuyển học bạ. Trước đó, năm 2024, nhà trường đã không còn xét tuyển bằng học bạ. Trong khi đó, năm 2025, Trường Đại học Công thương TPHCM sẽ giảm chỉ tiêu tuyển sinh ở phương thức xét điểm học bạ lớp 10, 11 và học kỳ 1 của lớp 12 xuống chỉ còn 15-20% tổng chỉ tiêu tuyển sinh. Theo ông Phạm Thái Sơn - Giám đốc Trung tâm Tuyển sinh và Truyền thông nhà trường, điểm học bạ của các trường cấp 3 công lập và tư thục thường không đều nhau, khoảng cách chênh lệch lớn. Điều này dẫn đến việc thiếu công bằng trong xét tuyển đầu vào. Có nên bỏ xét tuyển sớm? Trong khi các trường có xu hướng bỏ hoặc giảm chỉ tiêu xét tuyển bằng điểm học bạ trong mùa tuyển sinh 2025 thì Bộ GDĐT đang lấy ý kiến đóng góp cho dự thảo sửa đổi quy chế tuyển sinh đại học. Dự thảo này có một số điểm mới, trong đó Bộ dự kiến siết phương thức xét tuyển này. Theo dự thảo, với phương thức xét tuyển đại học bằng học bạ cấp THPT, các trường phải dùng kết quả học tập cả năm lớp 12 của thí sinh. Trong khi hiện nay, nhiều trường sử dụng phương thức này chỉ quy định dùng kết quả học tập của 5 kỳ học, tức là kết quả học tập năm lớp 10, lớp 11 và học kỳ I của lớp 12. Ngoài ra, Bộ GDĐT dự kiến, các trường chỉ được dành chỉ tiêu cho phương thức xét tuyển sớm không vượt quá 20% trong tổng chỉ tiêu của từng ngành, nhóm ngành. Nếu được thông qua, quy định này sẽ được áp dụng từ kỳ tuyển sinh đại học năm 2025. Những dự kiến nêu trên đang thu hút nhiều ý kiến đóng góp. Nhiều chuyên gia, đại diện các trường đại học cho rằng nên bỏ xét tuyển sớm. Tuy nhiên, ở chiều ngược lại, nhiều ý kiến cho rằng, không thể cực đoan thực hiện bỏ xét tuyển sớm, bởi xét tuyển sớm vẫn phổ biến ở nhiều quốc gia, các trường đại học được\\nnext_contents:\\n- [daidoanket] Tuyển sinh đại học 2025: Thêm nhiều trường bỏ xét tuyển học bạ Thứ Tư, 15:23 18/12/2024 21 Năm 2025, nhiều trường đại học thông tin sẽ bỏ phương thức xét tuyển học bạ hoặc giảm chỉ tiêu xét tuyển của phương thức này trong tuyển sinh. Trường Đại học Công nghiệp Hà Nội vừa thông báo dự kiến những điểm mới trong tuyển sinh đại học năm 2025. Trong đó, nhà trường sẽ bỏ phương thức xét tuyển bằng học bạ độc lập. Năm ngoái nhà trường dành 15% chỉ tiêu cho phương thức này. Dự kiến từ năm 2025, thí sinh xét học bạ vào Trường Đại học Công nghiệp Hà Nội phải kết hợp điểm thi đánh giá năng lực hoặc đánh giá tư duy, chứng chỉ quốc tế, giải học sinh giỏi. Thí sinh tìm hiểu thông tin tuyển sinh của các trường đại học. Theo dự kiến đề án tuyển sinh năm 2025, Trường Đại học Sư phạm TPHCM sẽ không còn sử dụng điểm học bạ trong xét tuyển. Thay vào đó, trường định hướng kỳ thi đánh giá năng lực chuyên biệt trở thành phương thức xét tuyển chủ đạo, chiếm 40-50% chỉ tiêu. Kết quả của kỳ thi sẽ sử dụng xét tuyển độc lập cho các ngành của trường. Theo Trường Đại học Sư phạm TPHCM, trường bỏ xét tuyển học bạ nhằm đáp ứng đối với học sinh học theo chương trình mới trên quan điểm chung đảm bảo công bằng, minh bạch, tạo điều kiện thuận lợi cho thí sinh và đảm bảo nâng cao chất lượng đầu vào, đáp ứng yêu cầu của thị trường lao động hiện đại. Tương tự, một số trường đại học top đầu cũng thông báo dự kiến không dùng phương thức xét tuyển học bạ hoặc giảm chỉ tiêu xét tuyển của phương thức này trong tuyển sinh. Nhiều năm nay, Đại học Bách khoa Hà Nội không xét tuyển riêng bằng kết quả học bạ. Năm 2025, trường giữ ổn định 3 phương thức tuyển sinh gồm: xét tuyển tài năng, xét kết quả kỳ thi đánh giá tư duy và xét kết quả thi tốt nghiệp THPT. Năm 2025, Đại học Kinh tế quốc dân tiếp tục bỏ phương thức xét tuyển học bạ. Trước đó, năm 2024, nhà trường đã không còn xét tuyển bằng học bạ. Trong khi đó, năm 2025, Trường Đại học Công thương TPHCM sẽ giảm chỉ tiêu tuyển sinh ở phương thức xét\\n', 'content: THPT của thí sinh đến các trường đại học sử dụng phương thức xét tuyển bằng học bạ, nhằm tạo thuận tiện cho các cơ sở đào tạo trong quá trình xét tuyển bằng phương thức này. Nếu vận dụng cơ sở dữ liệu này, chúng ta không cần yêu cầu thí sinh đi công chứng học bạ hay các trường THPT phải xác nhận kết quả học tập cho thí sinh, mà tất cả sẽ được công nhận trên hệ thống chung của Bộ GD&ĐT. Thực hiện giải pháp này, sẽ giảm thiểu rất nhiều thủ tục hành chính cho thí sinh và cơ sở đào tạo, đồng thời giải phóng một số công việc “chân tay”. Thứ trưởng Bộ GD&ĐT Hoàng Minh Sơn đề nghị các Sở GDĐT tham gia tích cực vào công tác tuyển sinh đại học, cao đẳng ngành giáo dục mầm non năm 2022; trong đó có việc rà soát danh mục mã trường THPT, khu vực ưu tiên. Đồng thời, chỉ đạo các trường THPT cập nhật kết quả học tập (lớp 10, lớp 11, lớp 12) lên cơ sở dữ liệu ngành, kiểm tra rà soát dữ liệu này sau khi được đồng bộ sang hệ thống quản lý thi và xét tuyển. Nguồn: Báo Giáo dục & Thời đại Thứ Hai, 09:42 18/04/2022 Tags: Bộ Giáo dục và Đào tạo GD&ĐT tuyển sinh THPT dữ liệu xét tuyển Đại học Công nghiệp Hà Nội HaUI ĐHCNHN\\nnext_contents:\\n- và các trường Không muốn lặp lại một số hạn chế như những năm trước khiến thí sinh và cơ sở giáo dục đại học vất vả trong việc nộp hồ sơ học bạ THPT để xét tuyển, GS.TS Nguyễn Trung Kiên - Trường ĐH Công nghệ TP Hồ Chí Minh mong muốn, chủ trương cập nhật kết quả học tập (lớp 10, lớp 11, lớp 12) lên cơ sở dữ liệu ngành và đồng bộ với hệ thống quản lý thi, xét tuyển sớm thành hiện thực để các trường có thể sử dụng cơ sở dữ liệu này càng sớm, càng tốt. Liên quan đến vấn đề này, ông Nguyễn Sơn Hải - Cục trưởng Cục Công nghệ thông tin (Bộ GD&ĐT) nhấn mạnh: Chủ trương ứng dụng công nghệ thông tin vào thi, xét tuyển đại học đã và đang được Bộ GD&ĐT triển khai sâu rộng. Qua đó, tạo thuận lợi cho thí sinh trong đăng ký thi và xét tuyển, hỗ trợ các trường trong công tác tuyển sinh. Theo ông Hải, cơ sở dữ liệu của Bộ kết nối với cơ sở dữ liệu quốc gia về dân cư, đồng bộ mã định danh, căn cước của giáo viên và tới đây sẽ là học sinh. Làm được điều này sẽ thuận lợi cho các dịch vụ trực tuyến; trong đó có việc đăng ký thi, xét tuyển đại học của thí sinh và các cơ sở giáo dục đại học trong công tác tuyển sinh. Đại diện lãnh đạo Vụ Giáo dục Đại học (Bộ GD&ĐT) cho hay: Trong hệ thống đăng ký xét tuyển, Bộ GD&ĐT sẽ cập nhập, liên kết dữ liệu với cơ sở dữ liệu ngành cũng như cơ sở dữ liệu quốc gia về dân cư, để bảo đảm thông tin của thí sinh chính xác nhất, thuận tiện cho quá trình đăng ký dự thi và xét tuyển đại học, cao đẳng. Từ kết nối hệ thống đó, Bộ sẽ cung cấp dữ liệu từ kết quả học bạ THPT của thí sinh đến các trường đại học sử dụng phương thức xét tuyển bằng học bạ, nhằm tạo thuận tiện cho các cơ sở đào tạo trong quá trình xét tuyển bằng phương thức này. Nếu vận dụng cơ sở dữ liệu này, chúng ta không cần yêu cầu thí sinh đi công chứng học bạ hay các trường THPT phải xác nhận kết quả học tập cho thí sinh, mà tất cả sẽ được công nhận trên hệ thống chung của Bộ GD&ĐT. Thực hiện giải pháp này, sẽ giảm thiểu rất nhiều thủ tục hành chính cho thí sinh và cơ sở đào tạo, đồng thời\\n']","['BƯỚC 3.1: HỒ SƠ SINH VIÊN 1. Hồ sơ sinh viên gồm: - Giấy CN tốt nghiệp THPT/THBT đối với HS tốt nghiệp năm 2024 hoặc bản sao chứng thực Bằng tốt nghiệp đối với HS tốt nghiệp từ năm 2023 về trước; Bản sao chứng thực Học bạ; Bản sao chứng thực Giấy khai sinh, bản sao chứng thực CCCD. - Đối với nam sinh viên: Giấy giới thiệu di chuyển đăng ký nghĩa vụ quân sự. - Người nhập học là Đoàn viên: Chuyển sinh hoạt đoàn về Đoàn trường ĐH Công nghiệp Hà Nội. - Người nhập học là Đảng viên: Trong thời hạn tối đa 30 ngày, đảng viên nộp trực tiếp hồ sơ đảng viên về Đảng ủy Khối các trường Đại học, Cao đẳng Hà Nội - 219 Trần Phú, Hà Đông, Hà Nội (Thời gian làm việc là sáng thứ 3, 4, 5 hàng tuần). Sau khi đã hoàn thiện thủ tục tại Đảng ủy Khối, đảng viên chuyển hồ sơ đảng viên (đã niêm phong) về Văn phòng Đảng ủy trường Đại học Công nghiệp Hà Nội để làm thủ tục tiếp nhận sinh hoạt đảng. 2. Hồ sơ mở thẻ sinh viên tích hợp: Từ năm học 2024 – 2025, Nhà trường thực hiện mở thẻ sinh viên tích hợp với thẻ ATM của Ngân hàng TMCP Công thương Việt Nam (Vietinbank). Sinh viên nộp hồ sơ mở thẻ tích hợp cùng với hồ sơ sinh viên trong “Tuần sinh hoạt công dân – sinh viên” đầu khóa (kế hoạch cụ thể xem tại mục “ Thời khóa biểu/KH học tập đầu khóa ” trên ứng dụng MyHaUI hoặc Cổng thông tin sinh viên https://sv.haui.edu.vn ). Hồ sơ mở thẻ bao gồm: - 01 Giấy đề nghị kiêm hợp đồng mở, sử dụng tài khoản thanh toán & dịch vụ ngân hàng ( sinh viên tải, in giấy đề nghị và điền các thông tin theo mẫu gửi kèm ). - 01 bản sao chứng thực Căn cước công dân. - 01 bản in xác minh thông tin thuê bao số điện thoại chính chủ sinh viên sử dụng. (Soạn tin nhắn cú pháp “TTTB SốCCCD” gửi 1414, hệ thống trả lời tin nhắn xác nhận thông tin Họ và tên, số CCCD đăng kí sử dụng thuê bao phải trùng khớp Họ tên, số CCCD của sinh viên). Tải Giấy đề nghị, Mẫu điền Giấy đề nghị và Mẫu xác minh thông tin thuê bao tại đây: https://drive.google.com/drive/folders/1eSpKnhVsjfjvlxJkp7KCACVgHr8qntG- Trường hợp cần giải đáp thắc mắc về vấn đề hồ sơ mở thẻ tích hợp, sinh viên liên hệ Thầy Lê Thanh Đức (SĐT: 0968 981 994) 3. Hồ sơ miễn, giảm học phí (Nếu có) theo các đối tượng sau: TT Đối tượng miễn, giảm học phí Hồ sơ cần nộp 1 Người có công với cách mạng hoặc cha đẻ, mẹ đẻ, vợ, chồng, con đẻ, con nuôi người có công với cách mạng. - Giấy xác nhận thân nhân người có công (Mẫu số 45 Nghị định 131/2021/NĐ-CP) 2 Là người dân tộc thiểu số rất ít người gồm (La Hủ, La Ha, Pà Thẻn, Lự, Ngái, Chứt, Lô Lô, Mảng; Cống, Cờ Lao, Bố Y; Si La; Pu Péo; Rơ Măm; BRâu, Ơ Đu). - Giấy xác nhận vùng có điều kiện KTXH khó khăn hoặc đặc biệt khó khăn. - Giấy xác nhận thông tin cư trú (mẫu CT07) có xác nhận của Công An Phường/ Xã. 3 Là người dân tộc thiểu số (không phải là người dân tộc thiểu số rất ít người). - Giấy xác nhận vùng có điều kiện KTXH đặc biệt khó khăn HOẶC giấy chứng nhận hộ nghèo/cận nghèo năm 2024. - Giấy xác nhận thông tin về cư trú (mẫu CT07) có xác nhận của Công An Phường/ Xã. 4 Có cha/mẹ bị tai nạn lao động hoặc mắc bệnh nghề nghiệp. - Bản sao chứng thực Quyết định của cha/mẹ về việc hưởng chế độ tai nạn lao động hoặc mắc bệnh nghề nghiệp. 5 Là người tàn tật, khuyết tật. - Giấy xác nhận tàn tật, khuyết tật. 6 Mồ côi cả cha và mẹ. - Quyết định về việc trợ cấp xã hội của Chủ tịch UBND cấp huyện. * Lưu ý: Trường hợp cần giải đáp thắc mắc về vấn đề hồ sơ, sinh viên liên hệ Cô Nguyễn Thị Ngọc Anh (SĐT: 0387 828 968)']","### Thông tin về hoạt động khóa và các hoạt động đoàn hội tại Trường Đại học Công nghiệp Hà Nội

1. **Hoạt động khóa**:
   - Trường Đại học Công nghiệp Hà Nội tổ chức nhiều hoạt động nhằm phát triển kỹ năng và tạo môi trường học tập tích cực cho sinh viên. Các hoạt động này bao gồm:
     - Hội nghị tổng kết công tác Đoàn - Hội và phong trào thanh niên sinh viên hàng năm.
     - Các chương trình phát động thi đua, hoạt động tình nguyện, và các sự kiện thể thao.
     - Ngày hội tân sinh viên với nhiều nội dung hấp dẫn, thu hút hàng ngàn sinh viên tham gia.
   - Các hoạt động này không chỉ giúp sinh viên rèn luyện kỹ năng mềm mà còn tạo cơ hội giao lưu, kết nối giữa các sinh viên trong trường.

2. **Hồ sơ miễn giảm học phí cho người dân tộc Lự**:
   - Để được miễn giảm học phí tại Trường Đại học Công nghiệp Hà Nội, sinh viên thuộc dân tộc Lự cần chuẩn bị các hồ sơ sau:
     - Đơn xin miễn giảm học phí (theo mẫu quy định của trường).
     - Giấy xác nhận dân tộc từ cơ quan có thẩm quyền.
     - Bản sao hộ khẩu hoặc giấy tờ chứng minh nơi cư trú.
     - Các giấy tờ khác theo yêu cầu của nhà trường.

### Tài liệu tham khảo
- [Lễ tổng kết công tác Đoàn - Hội và phong trào thanh niên, sinh viên năm học 2017 - 2018] - [**Link tham khảo**](https://www.haui.edu.vn/vn/hoat-dong-sinh-vien/le-tong-ket-cong-tac-doan-hoi-va-phong-trao-thanh-nien-sinh-vien-nam-hoc-2017-2018-phat-dong-thi-dua-nam-hoc-2018-2019/60866).
- [Sinh viên được hỗ trợ gì khi học tại các trường đại học ngành Công Thương?] - [**Link tham khảo**](https://www.haui.edu.vn/vn/su-kien/sinh-vien-duoc-ho-tro-gi-khi-hoc-tai-cac-truong-dai-hoc-nganh-cong-thuong/64042).

Nếu bạn cần thêm thông tin hoặc có câu hỏi khác, hãy cho tôi biết!","Người dân tộc Lự cần chuẩn bị hồ sơ gồm: Giấy xác nhận vùng có điều kiện kinh tế - xã hội khó khăn hoặc đặc biệt khó khăn, và Giấy xác nhận thông tin cư trú (mẫu CT07) có xác nhận của Công An Phường/Xã.",0.814050091740119,0.9999999999,1.0,0.0,12.55896782875061,13.687596082687378
Nhà trường có kế hoạch gì cho năm học 2024-2025?,"['content: Kế hoạch đăng ký khối lượng học tập DỰ KIẾN học kỳ 2 năm học 2024-2025 cho Sinh viên Đại học các khóa Căn cứ Phương án xây dựng Kế hoạch học tập và tổ chức cho sinh viên đăng ký học tập đã được Hiệu trưởng Nhà trường phê duyệt; Căn cứ tiến độ, kế hoạch đào tạo năm học; Nhà trường triển khai thông báo số: 217/TB-ĐHCN ngày 24/9/2024 về việc Kế hoạch đăng ký khối lượng học tập dự kiến học kỳ 2 năm học 2024-2025 cho Sinh viên Đại học các khóa. HƯỚNG DẪN SINH VIÊN ĐĂNG KÝ HỌC PHẦN DỰ KIẾN: Tải về tại đây. Thứ Tư, 15:17 25/09/2024 Tags:\\nnext_contents:\\n', 'content: Thông báo thành lập các lớp học phần trong học kỳ phụ 2 năm học 2023 – 2024 Căn cứ tiến độ, kế hoạch đào tạo năm học 2023-2024; Căn cứ kết quả đăng ký học tập học kỳ phụ 2 năm học 2023-2024 của sinh viên; Hiệu trưởng Nhà trường thông báo thành lập các lớp học phần cho sinh viên Đại học các khóa và phân công các đơn vị, cá nhân liên quan thực hiện một số công việc, cụ thể tại file đính kèm . thong-bao-thanh-lap-lop-hkp2-2023-2024-dai-hoc-05072024 Danh sách lớp được thành lập Thứ Hai, 13:58 22/07/2024 Tags:\\nnext_contents:\\n', 'content: công bố phương án tuyển sinh đại học chính quy năm 2025 với các tổ hợp mới. Đáng chú ý, tổ hợp Toán, Tiếng Anh, Tin học đã xuất hiện trong danh mục xét tuyển. Cụ thể, nhà trường công bố 4 tổ hợp môn xét tuyển, trong đó, có 1 tổ hợp có sự xuất hiện của môn Tin học là: Toán - Tiếng Anh - Tin học. Phương án tuyển sinh năm 2025 được nhà trường xây dựng nhằm chọn lọc những thí sinh giỏi, đảm bảo chất lượng đầu vào phù hợp với yêu cầu đào tạo của trường và đáp ứng nhu cầu khắt khe của thị trường lao động. Nhà trường sẽ công bố đề án tuyển sinh năm 2025 chi tiết trước tháng 2/2025. Trường hợp Bộ Giáo dục và Đào tạo ban hành quy chế tuyển sinh mới, trường sẽ cập nhật điều chỉnh lại phương án tuyển sinh đúng theo các quy định. Theo đề án tuyển sinh năm 2024, mức học phí của Trường Đại học Kinh tế - Luật (Đại học Quốc gia Thành phố Hồ Chí Minh) trong năm học 2024-2025 được xác định là 11,8 triệu đồng/học kỳ (tương đương 23,6 triệu đồng/năm học). Mức học phí dự kiến tăng không quá 10% mỗi năm tiếp theo. Trường Đại học Nha Trang Theo danh mục ngành và phương thức xét tuyển năm 2025, Trường Đại học Nha Trang dự kiến bổ sung tổ hợp xét tuyển gồm môn Toán, Ngữ văn, Tin học (trong đó môn Toán được nhân hệ số 2) đối với các ngành như: Công nghệ thông tin, Hệ thống thông tin quản lý, Quản trị kinh doanh, Marketing, Kinh doanh thương mại, Tài chính - Ngân hàng, Khoa học máy tính, Kế toán, Kiểm toán. Đặc biệt, đối với mỗi ngành và chuyên ngành đào tạo của trường, sẽ dự kiến sơ tuyển một số môn học ở trung học phổ thông theo quy định của trường. Kết quả học các môn này cần đạt yêu cầu tối thiểu do trường công bố hằng năm. Cụ thể: Nếu thí sinh không học các môn cần thiết ở bậc trung học phổ thông đối với ngành xét tuyển, Trường Đại học Nha Trang sẽ căn cứ vào kết quả học tập tại cấp trung học phổ thông và tiến hành đánh giá năng lực của thí sinh ở các môn học khác có thể thay thế. Ngoài ra, trường sẽ cung cấp các khóa bổ trợ kiến thức trong học kỳ đầu tiên của khóa học để bù đắp những\\nnext_contents:\\n- nghệ giúp học sinh hình thành các năng lực như: nhận thức, giao tiếp, ứng dụng, đánh giá công nghệ, thiết kế kỹ thuật,… Như vậy, môn Tin học và Công nghệ cùng với các môn Toán, Vật lý, Hoá học, Sinh học,… đóng vai trò quan trọng trong việc thúc đẩy giáo dục STEM, việc đưa các môn này vào tổ hợp xét tuyển là phù hợp với yêu cầu của một số lĩnh vực đào tạo chính của nhà trường như Công nghệ, Kỹ thuật, Máy tính và Công nghệ thông tin"", thầy Sơn cho hay. Trường Đại học Công thương Thành phố Hồ Chí Minh Dựa trên dữ liệu xét tuyển năm 2025, Trường Đại học Công thương Thành phố Hồ Chí Minh cung cấp đa dạng các tổ hợp môn để đáp ứng nhu cầu của thí sinh. Một số môn học chính thường xuyên xuất hiện trong các tổ hợp xét tuyển như môn Toán; được xem là môn học chính trong các ngành như Công nghệ thông tin, Kế toán, Tài chính ngân hàng và các ngành kỹ thuật. Trong mùa tuyển sinh năm 2025, Trường Đại học Công thương Thành phố Hồ Chí Minh lần đầu tiên đưa tổ hợp Toán học, Tiếng Anh, Tin học vào xét tuyển. Tổ hợp này dự kiến được áp dụng cho các ngành như Công nghệ thông tin, An toàn thông tin và Khoa học dữ liệu. Theo đề án tuyển sinh năm 2024, học phí hệ đại học chính quy năm học 2024-2025 được xác định là 836.000 đồng/tín chỉ lý thuyết và 1.100.000 đồng/tín chỉ thực hành. Lộ trình học phí hằng năm của trường tuân theo quy định của Chính phủ. Trường Đại học Kinh tế - Luật (Đại học Quốc gia Thành phố Hồ Chí Minh) Trường Đại học Kinh tế - Luật (Đại học Quốc gia Thành phố Hồ Chí Minh) cũng công bố phương án tuyển sinh đại học chính quy năm 2025 với các tổ hợp mới. Đáng chú ý, tổ hợp Toán, Tiếng Anh, Tin học đã xuất hiện trong danh mục xét tuyển. Cụ thể, nhà trường công bố 4 tổ hợp môn xét tuyển, trong đó, có 1 tổ hợp có sự xuất hiện của môn Tin học là: Toán - Tiếng Anh - Tin học. Phương án tuyển sinh năm 2025 được nhà trường xây dựng nhằm chọn lọc những thí sinh giỏi, đảm bảo chất lượng đầu vào phù hợp với yêu cầu đào tạo của trường và đáp ứng nhu cầu khắt khe của thị trường lao\\n', 'content: Tiếng Anh, Giáo dục kinh tế và Pháp luật). Chỉ tiêu, phương thức và tổ hợp xét tuyển dự kiến của từng ngành như sau: Trường Đại học Công nghiệp Hà Nội công bố chỉ tiêu, phương thức và tổ hợp xét tuyển dự kiến của từng ngành năm 2025. Ảnh chụp màn hình Năm 2024, điểm chuẩn của trường dựa vào điểm thi tốt nghiệp THPT dao động từ 19-26,05 điểm. Trong đó, ngành Công nghệ kỹ thuật điều khiển và tự động hóa có điểm chuẩn cao nhất. Mùa tuyển sinh năm 2025, không riêng Trường Đại học Công nghiệp Hà Nội, một số trường như Trường Đại học Sư phạm TPHCM, Trường Đại học Công thương TPHCM cũng giảm hoặc bỏ xét tuyển học bạ vì lo ngại việc đánh giá, cho điểm học bạ của các trường phổ thông không đồng đều. Nguồn: Báo điện tử Lao Động Thứ Ba, 18:42 17/12/2024 Tags:\\nnext_contents:\\n- [laodong] Phương thức tuyển sinh Đại học Công nghiệp Hà Nội năm 2025 Thứ Ba, 18:42 17/12/2024 23 Năm 2025, Trường Đại học Công nghiệp Hà Nội bỏ xét tuyển học bạ độc lập, tuyển sinh theo 5 phương thức. Giảng viên Trường Đại học Công nghiệp Hà Nội tư vấn tuyển sinh cho thí sinh năm 2025. Ảnh: HaUI Trường Đại học Công nghiệp Hà Nội vừa công bố phương án tuyển sinh năm 2025. Nhà trường dự kiến năm tới tuyển sinh 7.990 sinh viên cho 62 ngành và chương trình đào tạo, tăng 340 chỉ tiêu so với năm nay. Trường sử dụng 5 phương thức gồm: Phương thức 1: Xét tuyển thẳng, không giới hạn chỉ tiêu; Phương thức 2: Xét điểm chứng chỉ quốc tế hoặc giải học sinh giỏi kết hợp với điểm học bạ cả ba năm THPT của ba môn theo tổ hợp (dự kiến 10% chỉ tiêu); Phương thức 3: Xét tuyển dựa vào kết quả thi tốt nghiệp (dự kiến 80% chỉ tiêu); Phương thức 4: Xét tuyển dựa vào điểm thi đánh giá năng lực của Đại học Quốc gia Hà Nội kết hợp học bạ (dự kiến 5% chỉ tiêu tuyển sinh); Phương thức 5: Xét kết quả thi đánh giá tư duy của Đại học Bách khoa Hà Nội kết hợp học bạ (dự kiến 5% chỉ tiêu). So với năm ngoái, Trường Đại học Công nghiệp Hà Nội bỏ xét độc lập điểm học bạ, thay vào đó là kết hợp tiêu chí này với chứng chỉ quốc tế, giải học sinh giỏi, điểm thi đánh giá năng lực, tư duy. Về tổ hợp xét tuyển, trường dự kiến bổ sung một số tổ hợp mới phù hợp với chương trình phổ thông mới, gồm A0C (Toán, Lý, Công nghệ), A0T (Toán, Lý, Tin học), B0C (Toán, Hoá, Công nghệ), D0C (Toán, Tiếng Anh, Công nghệ), D0G (Toán, Tiếng Anh, Giáo dục kinh tế và Pháp luật). Chỉ tiêu, phương thức và tổ hợp xét tuyển dự kiến của từng ngành như sau: Trường Đại học Công nghiệp Hà Nội công bố chỉ tiêu, phương thức và tổ hợp xét tuyển dự kiến của từng ngành năm 2025. Ảnh chụp màn hình Năm 2024, điểm chuẩn của trường dựa vào điểm thi tốt nghiệp THPT dao động từ 19-26,05 điểm. Trong đó, ngành Công nghệ kỹ thuật điều khiển và tự động hóa có điểm chuẩn cao nhất. Mùa tuyển sinh năm 2025, không riêng Trường Đại học Công nghiệp Hà\\n', 'content: Kết quả xét tuyển Đại học chính quy năm 2024 Thứ Bảy, 19:30 17/08/2024 32586 Đại học Công nghiệp Hà Nội thông báo kết quả xét tuyển Đại học chính quy năm 2024 (Phương thức xét tuyển dựa trên kết quả thi tốt nghiệp THPT năm 2024) THÔNG BÁO Kết quả xét tuyển Đại học chính quy năm 2024 (Phương thức xét tuyển dựa trên kết quả thi tốt nghiệp THPT năm 2024) Căn cứ Quy chế tuyển sinh đại học ban hành kèm theo quyết định số 238/QĐ-ĐHCN ngày 02/3/2023 của Hiệu trưởng Trường Đại học Công nghiệp Hà Nội; Căn cứ Đề án tuyển sinh đại học năm 2024 của Trường Đại học Công nghiệp Hà Nội năm 2024; Căn cứ kết quả xét tuyển đại học chính quy năm 2024. Hội đồng tuyển sinh đại học Trường Đại học Công nghiệp Hà Nội thông báo: 1. Điểm chuẩn trúng tuyển đại học chính quy theo phương thức 3 - Xét tuyển dựa trên kết quả thi tốt nghiệp THPT 2024 TT Mã ngành/ CTĐT Tên ngành/chương trình đào tạo Điểm chuẩn trúng tuyển Tiêu chí phụ thứ nhất (*) Tiêu chí phụ thứ hai (**) 1 7210404 Thiết kế thời trang 23.56 TTNV ≤ 5 2 7220201 Ngôn ngữ Anh 24.68 Tiếng Anh > 7.80 Tiếng Anh = 7.80 và TTNV ≤ 3 3 7220204 Ngôn ngữ Trung Quốc 25.58 TTNV ≤ 4 4 7220204LK Ngôn ngữ Trung Quốc (LK2+2 với ĐHKHKT Quảng Tây) 24.91 TTNV ≤ 1 5 7220209 Ngôn ngữ Nhật 24.00 TTNV ≤ 4 6 7220210 Ngôn ngữ Hàn Quốc 24.86 TTNV ≤ 2 7 7229020 Ngôn ngữ học 25.25 TTNV ≤ 10 8 7310104 Kinh tế đầu tư 24.64 Toán > 7.60 Toán = 7.60 và TTNV ≤ 5 9 7310612 Trung Quốc học 24.51 TTNV ≤ 2 10 7320113 Công nghệ đa phương tiện 24.91 Toán > 8.80 Toán = 8.80 và TTNV ≤ 1 11 7340101 Quản trị kinh doanh 24.31 Toán > 7.80 Toán = 7.80 và TTNV ≤ 4 12 7340115 Marketing 25.33 Toán > 8.00 Toán = 8.00 và TTNV ≤ 2 13 7340125 Phân tích dữ liệu kinh doanh 24.25 Toán > 8.60 Toán = 8.60 và TTNV ≤ 6 14 7340201 Tài chính – Ngân hàng 24.74 Toán > 8.40 Toán = 8.40 và TTNV ≤ 3 15 7340301 Kế toán 24.01 Toán > 7.40 Toán = 7.40 và TTNV ≤ 5 16 7340302 Kiểm toán 24.45 Toán > 8.00 Toán = 8.00 và TTNV ≤ 3 17 7340404 Quản trị nhân lực 24.80 Toán > 8.00 Toán = 8.00 và TTNV ≤ 4 18\\nnext_contents:\\n']","['BƯỚC 3.2: THAM GIA TUẦN SINH HOẠT CÔNG DÂN VÀ THỰC HIỆN KẾ HOẠCH HỌC TẬP HỌC KỲ I NĂM HỌC 2024-2025 Thực hiện kế hoạch học tập năm học 2024-2025 được đăng tải trên ứng dụng MyHaUI hoặc cổng thông tin sinh viên https://sv.haui.edu.vn của Nhà trường. Thứ Tư, 15:27 04/09/2024 Tags:']","Trường Đại học Công nghiệp Hà Nội có nhiều kế hoạch và hoạt động cho năm học 2024-2025, đặc biệt trong lĩnh vực đào tạo và phát triển các khoa. Dưới đây là một số thông tin nổi bật:

### Kế hoạch cho năm học 2024-2025:
1. **Thành lập các trường thành viên**:
   - Trường dự kiến thành lập 3 trường thành viên mới: 
     - Trường Điện - Điện tử
     - Trường Kinh tế
     - Trường Công nghệ Thông tin Truyền thông
   - Mục tiêu là chuẩn bị đủ điều kiện để chuyển đổi từ ""trường đại học"" thành ""đại học"" vào năm 2025.

2. **Đào tạo gắn với thực tiễn**:
   - Nhà trường sẽ tiếp tục chú trọng vào việc đào tạo gắn liền với thực tiễn, nhằm cung cấp cho thị trường lao động đội ngũ nhân sự chất lượng cao.

3. **Tuyển sinh**:
   - Mỗi năm, trường dự kiến tuyển sinh từ 7.000 đến 8.000 sinh viên, với nhiều phương thức tuyển sinh khác nhau.

### Các hoạt động đoàn hội:
- Trường Đại học Công nghiệp Hà Nội thường xuyên tổ chức các hoạt động đoàn hội nhằm thúc đẩy sự gắn kết giữa sinh viên và nhà trường, cũng như tạo điều kiện cho sinh viên tham gia vào các hoạt động ngoại khóa, nghiên cứu khoa học và các chương trình tình nguyện.

### Thông tin thêm:
- Trường đã có những bước phát triển mạnh mẽ trong những năm qua, với việc thành lập các khoa mới và cải tiến chương trình đào tạo để đáp ứng nhu cầu của thị trường lao động.

Nếu bạn cần thêm thông tin chi tiết về các hoạt động cụ thể hoặc các chương trình đào tạo, hãy cho tôi biết! 

[Hội nghị triển khai Nghị quyết Đại hội Đảng bộ cấp trên và Tổng kết công tác Đảng của Đảng bộ trường ĐHCNHN năm 2020] - [**Link tham khảo**](https://www.haui.edu.vn/vn/tin-tuc/hoi-nghi-trien-khai-nghi-quyet-dai-hoi-dang-bo-cap-tren-va-tong-ket-cong-tac-dang-cua-dang-bo-truong-dhcnhn-nam-2020/62917).",Nhà trường đã đăng tải kế hoạch học tập năm học 2024-2025 trên ứng dụng MyHaUI hoặc cổng thông tin sinh viên https://sv.haui.edu.vn.,0.8869612708594358,0.9999999999,0.5625,1.0,1.3002300262451172,10.26659369468689
AR/VR có vai trò gì trong cuộc thi DENSO Factory Hacks 2024?,[],"['DENSO Factory Hacks 2024 Ti·∫øp n·ªëi th√†nh c√¥ng c·ªßa cu·ªôc thi DENSO Factory Hacks nƒÉm 2023, nƒÉm nay cu·ªôc DENSO Factory Hacks nƒÉm th·ª© 2 ch√≠nh th·ª©c tr·ªü l·∫°i, ti·∫øp n·ªëi th√†nh c√¥ng c·ªßa m√πa gi·∫£i ƒë·∫ßu ti√™n v√†o nƒÉm 2023. FPT Software v√† DENSO Vi·ªát Nam ti·∫øp t·ª•c ƒë·ªìng h√†nh v·ªõi th·∫ø h·ªá GenZ y√™u c√¥ng ngh·ªá, mang l·∫°i tr·∫£i nghi·ªám m·ªõi m·∫ª nh∆∞ng ƒë·∫ßy th√°ch th·ª©c cho t√†i nƒÉng tr·∫ª chinh ph·ª•c, khai ph√≥ng kh·∫£ nƒÉng s√°ng t·∫°o trong lƒ©nh v·ª±c s·∫£n xu·∫•t, nh√† m√°y th√¥ng minh. Cu·ªôc thi DENSO Factory Hacks ƒë∆∞·ª£c t·ªï ch·ª©c l·∫ßn ƒë·∫ßu ti√™n v√†o nƒÉm 2023, ƒë√£ thu h√∫t g·∫ßn 800 th√≠ sinh ƒëƒÉng k√Ω tham d·ª±, ƒë·∫øn t·ª´ 32 tr∆∞·ªùng ƒê·∫°i h·ªçc/ H·ªçc vi·ªán/Cao ƒë·∫≥ng tr√™n to√†n qu·ªëc. √ù t∆∞·ªüng c·ªßa ƒë·ªôi v√¥ ƒë·ªãch (""Gi·∫£i ph√°p s·ªë h√≥a d·ªØ li·ªáu analog"") ƒë√£ ƒë∆∞·ª£c ƒë·∫ßu t∆∞ ƒë·ªÉ ti·∫øp t·ª•c ph√°t tri·ªÉn v√† th∆∞∆°ng m·∫°i h√≥a. D·ª± ki·∫øn gi·∫£i ph√°p n√†y s·∫Ω √°p d·ª•ng tr√™n to√†n b·ªô 75 d√¢y chuy·ªÅn c·ªßa nh√† m√°y DENSO t·ª´ 2/2025. DENSO Factory Hacks 2024 ti·∫øp t·ª•c t√¨m ki·∫øm c√°c √Ω t∆∞·ªüng gi·∫£i quy·∫øt c√°c b√†i to√°n trong nh√† m√°y v·ªõi t·ªïng gi√° tr·ªã gi·∫£i th∆∞·ªüng l√™n ƒë·∫øn 250 tri·ªáu ƒë·ªìng . ƒê·ªëi t∆∞·ª£ng tham gia cu·ªôc thi kh√° m·ªü, bao g·ªìm: Sinh vi√™n, c·ª±u sinh vi√™n, c√°n b·ªô gi·∫£ng vi√™n, c√°c nh√≥m nghi√™n c·ª©u, c√°c nh√¢n s·ª± trong ng√†nh c√¥ng ngh·ªá ‚Ä¶ CHI TI·∫æT V·ªÄ CU·ªòC THI: \\uf8ffüöÄ DENSO Factory Hacks 2024 - Cu·ªôc thi c√¥ng ngh·ªá v·ªõi t·ªïng gi·∫£i th∆∞·ªüng l√™n t·ªõi 250 tri·ªáu VNƒê \\uf8ffüí° ""DENSO Factory Hacks 2024"" l√† cu·ªôc thi d√†nh cho c·ªông ƒë·ªìng ƒëam m√™ c√¥ng ngh·ªá, ƒë∆∞a ra √Ω t∆∞·ªüng gi·∫£i quy·∫øt b√†i to√°n trong lƒ©nh v·ª±c s·∫£n xu·∫•t, thi·∫øt k·∫ø v√† v·∫≠n h√†nh trong nh√† m√°y b·∫±ng c√°c c√¥ng ngh·ªá c·ªët l√µi nh∆∞ d·ªØ li·ªáu, tr√≠ tu·ªá nh√¢n t·∫°o, th·ª±c t·∫ø ·∫£o (AR/VR), Internet of things, Cloud, Security,... \\uf8ffüèÖ Tham gia cu·ªôc thi, c√°c b·∫°n s·∫Ω ƒë∆∞·ª£c h∆∞·ªõng d·∫´n - tr·∫£i nghi·ªám tr·ª±c quan t·∫°i nh√† m√°y s·∫£n xu·∫•t c·ªßa DENSO Vi·ªát Nam v√† l√†m vi·ªác trao ƒë·ªïi c√πng c√°c chuy√™n gia h√†ng ƒë·∫ßu c·ªßa FPT & DENSO ƒë·ªÉ ƒë∆∞a ra c√°c √Ω t∆∞·ªüng gi·∫£i quy·∫øt c√°c b√†i to√°n trong nh√† m√°y, ƒë·ªìng th·ªùi c√≥ c∆° h·ªôi nh·∫≠n gi·∫£i th∆∞·ªüng v·ªõi t·ªïng tr·ªã gi√° l√™n t·ªõi 250 tri·ªáu ƒë·ªìng . \\uf8ffüë§ ƒê·ªêI T∆Ø·ª¢NG D·ª∞ THI - Sinh vi√™n c√°c ng√†nh k·ªπ thu·∫≠t (C√¥ng ngh·ªá th√¥ng tin, ƒêi·ªán t·ª≠ vi·ªÖn th√¥ng, ƒêi·ªÅu khi·ªÉn & t·ª± ƒë·ªông h√≥a, To√°n tin, C∆° ƒëi·ªán t·ª≠‚Ä¶) c√≥ ƒëam m√™ c√¥ng ngh·ªá v√† y√™u th√≠ch s√°ng t·∫°o. - C√°c nh√≥m nghi√™n c·ª©u t·∫°i c√°c tr∆∞·ªùng ƒë·∫°i h·ªçc, h·ªçc vi·ªán. - Nh√¢n s·ª± c·ªßa c√°c doanh nghi·ªáp quan t√¢m lƒ©nh v·ª±c s·∫£n xu·∫•t, nh√† m√°y. C∆† C·∫§U GI·∫¢I TH∆Ø·ªûNG \\uf8ffü•á01 Qu√°n Qu√¢n: 100.000.000 VND Ô∏è\\uf8ffü•àÔ∏è01 √Å Qu√¢n: 50.000.000 VND \\uf8ffü•â01 Qu√Ω Qu√¢n: 30.000.000 VND \\uf8ffüèÖ02 Gi·∫£i tri·ªÉn v·ªçng: 10.000.000 VND \\uf8ffü™ô Top 10 ƒë·ªôi thi s·∫Ω ƒë∆∞·ª£c h·ªó tr·ª£ kinh ph√≠ 5M/ƒë·ªôi ƒë·ªÉ ph√°t tri·ªÉn c√°c s·∫£n ph·∫©m gi·∫£i ph√°p \\uf8ffüìå L·ªò TR√åNH CU·ªòC THI (d·ª± ki·∫øn) \\uf8ffüîµ V√≤ng 1: ƒêƒÉng k√Ω & √ù t∆∞·ªüng 26/08 - 17/09: M·ªü ƒë∆°n ƒëƒÉng k√Ω tham gia cu·ªôc thi 12/09: Workshop1: Online Mini Bootcamp 19/09: Bootcamp v√† Factory Tour 1: Tham quan th·ª±c ƒë·ªãa nh√† m√°y DENSO 24/09 - 26/09: N·ªôp √Ω t∆∞·ªüng & ƒê√°nh gi√° √Ω t∆∞·ªüng d·ª± √°n online \\uf8ffüü¢ V√≤ng 2: X√¢y d·ª±ng gi·∫£i ph√°p - Top 10 ƒë·ªôi thi 03/10: Factory Tour 2: Tham quan v√† kh·∫£o s√°t chi ti·∫øt t·∫°i Nh√† m√°y DENSO 03/10: Tr√¨nh b√†y d·ª± √°n & b·∫£o v·ªá gi·∫£i ph√°p v·ªõi Ban Gi√°m kh·∫£o \\uf8ffüî¥ V√≤ng 3: Ph√°t tri·ªÉn d·ª± √°n v√† Chung k·∫øt - Top 5 ƒë·ªôi thi xu·∫•t s·∫Øc nh·∫•t 14/10: Factory Tour 3: Th·ª±c nghi·ªám hi·ªán tr∆∞·ªùng nh√† m√°y DENSO 29/11: V√≤ng Chung k·∫øt v√† L·ªÖ trao gi·∫£i ‚úÖ TH·ªÇ L·ªÜ CU·ªòC THI \\uf8ffüî∏ M·ªói ƒë·ªôi thi t·ªëi ƒëa g·ªìm 5 th√†nh vi√™n, ƒëƒÉng k√Ω tham d·ª± theo m·∫´u quy ƒë·ªãnh c·ªßa BTC. \\uf8ffüîπ C√°c ƒë·ªôi thi s·∫Ω tham d·ª± c√°c ch∆∞∆°ng tr√¨nh Bootcamps v√† Factory Tour ƒë·ªÉ x√¢y d·ª±ng c√°c √Ω t∆∞·ªüng ·ª©ng d·ª•ng c√¥ng ngh·ªá gi·∫£i quy·∫øt c√°c b√†i to√°n th·ª±c t·∫ø trong nh√† m√°y s·∫£n xu·∫•t c·ªßa DENSO. \\uf8ffüî∏ Ban T·ªï ch·ª©c s·∫Ω gi·∫£i ƒë√°p c√°c c√¢u h·ªèi v√† b·ªï sung l√†m r√µ th√™m ch·ªß ƒë·ªÅ cu·ªôc thi t·∫°i bu·ªïi Online Bootcamp v√†o 12/09/2024. \\uf8ffüîπ M·ªói ƒë·ªôi thi s·∫Ω c√≥ 01 mentor c·ªßa BTC h·ªó tr·ª£, v√† tham gia c√°c workshop training v·ªÅ x·ª≠ l√Ω d·ªØ li·ªáu v√† l·∫≠p tr√¨nh cho c√°c thi·∫øt b·ªã (n·∫øu c·∫ßn). \\uf8ffüî∏ C√°c ƒë·ªôi n·ªôp √Ω t∆∞·ªüng tr∆∞·ªõc ng√†y 26/09, BTC s·∫Ω ch·ªçn ra top 10 ƒë·ªôi √Ω t∆∞·ªüng t·ªët nh·∫•t v√† h·ªó tr·ª£ kinh ph√≠ 5M/ƒë·ªôi ƒë·ªÉ ti·∫øp t·ª•c ph√°t tri·ªÉn c√°c s·∫£n ph·∫©m, gi·∫£i ph√°p. \\uf8ffüîπ Top 10 ƒë·ªôi thi s·∫Ω tham d·ª± Factory Tour 2, ph√°t tri·ªÉn √Ω t∆∞·ªüng v√† b·∫£o v·ªá tr∆∞·ªõc Ban gi√°m kh·∫£o v√†o ng√†y 03/10/2024 ƒë·ªÉ ch·ªçn ra top 5 ƒë·ªôi thi xu·∫•t s·∫Øc nh·∫•t. \\uf8ffüî∏ Trong tr∆∞·ªùng h·ª£p c·∫ßn cung c·∫•p b·ªï sung th√¥ng tin d·ªØ li·ªáu ho·∫∑c c√°c y√™u c·∫ßu v·ªÅ ph·∫ßn c·ª©ng, c√°c ƒë·ªôi thi ƒë·ªÅ xu·∫•t v·ªõi BTC ƒë·ªÉ ƒë∆∞·ª£c xem x√©t h·ªó tr·ª£. \\uf8ffüîπ Top 5 ph√°t tri·ªÉn ho√†n thi·ªán c√°c √Ω t∆∞·ªüng, s·∫£n ph·∫©m v√† tr√¨nh b√†y t·∫°i v√≤ng chung k·∫øt d·ª± ki·∫øn t·ªï ch·ª©c v√†o ng√†y 29/11/2024. \\uf8ffüî∏ C√°c √Ω t∆∞·ªüng, s·∫£n ph·∫©m tham d·ª± ƒë∆∞·ª£c ƒë·∫£m b·∫£o v·ªÅ s·ªü h·ªØu tr√≠ tu·ªá v√† ch∆∞a t·ª´ng ƒë∆∞·ª£c th∆∞∆°ng m·∫°i h√≥a. \\uf8ffüåê Link ƒëƒÉng k√Ω tham d·ª± v√† th·ªÉ l·ªá chi ti·∫øt xem t·∫°i: https://densohackathon.com Link ƒëƒÉng k√Ω v√† th√¥ng tin cu·ªôc thi t·∫°i ƒë√¢y: https://densohackathon.com/register M·ªçi th√¥ng tin chi ti·∫øt, sinh vi√™n li√™n h·ªá: ƒê√†o Vi·ªát B√°ch ‚Äì 0969125248 ‚Äì bachdv1@fpt.com Th∆∞ÃÅ T∆∞, 14:04 04/09/2024 Tags:']","### Thông tin về hoạt động khóa và các hoạt động đoàn hội tại Trường Đại học Công nghiệp Hà Nội

1. **Hoạt động khóa**:
   - Trường Đại học Công nghiệp Hà Nội tổ chức nhiều hoạt động nhằm phát triển kỹ năng và tạo sân chơi cho sinh viên, bao gồm các hội thảo, cuộc thi và các sự kiện giao lưu.
   - Các hoạt động này thường xuyên được tổ chức để khuyến khích sinh viên tham gia và phát triển bản thân, như Ngày hội Tân sinh viên, các cuộc thi công nghệ, và các hoạt động tình nguyện.

2. **Hoạt động đoàn hội**:
   - Đoàn Thanh niên và Hội Sinh viên trường thường xuyên tổ chức các hoạt động phong trào thanh niên, như các chương trình tình nguyện, các cuộc thi thể thao, và các hoạt động văn hóa nghệ thuật.
   - Các hoạt động này không chỉ giúp sinh viên rèn luyện kỹ năng mềm mà còn tạo cơ hội giao lưu, kết nối giữa các sinh viên trong trường.

Nguồn: [Lễ tổng kết công tác Đoàn - Hội và phong trào thanh niên, sinh viên năm học 2017 - 2018] - [**Link tham khảo**](https://www.haui.edu.vn/vn/hoat-dong-sinh-vien/le-tong-ket-cong-tac-doan-hoi-va-phong-trao-thanh-nien-sinh-vien-nam-hoc-2017-2018-phat-dong-thi-dua-nam-hoc-2018-2019/60866).

---

### Vai trò của AR/VR trong cuộc thi DENSO Factory Hacks 2024

Cuộc thi DENSO Factory Hacks 2024 là một sự kiện dành cho sinh viên, trong đó AR (Thực tế tăng cường) và VR (Thực tế ảo) đóng vai trò quan trọng trong việc phát triển các giải pháp công nghệ cho ngành sản xuất. Cụ thể:

- **Ứng dụng công nghệ**: AR/VR được sử dụng để mô phỏng và tối ưu hóa quy trình sản xuất, giúp sinh viên có thể trải nghiệm và thử nghiệm các giải pháp trong môi trường ảo.
- **Khuyến khích sáng tạo**: Công nghệ này tạo điều kiện cho sinh viên phát triển các ý tưởng sáng tạo và giải pháp mới, từ đó nâng cao khả năng cạnh tranh trong cuộc thi.
- **Tích hợp với các công nghệ khác**: AR/VR được kết hợp với các công nghệ như IoT (Internet of Things), Cloud, và AI (Trí tuệ nhân tạo) để tạo ra các giải pháp toàn diện cho các vấn đề trong sản xuất.

Nguồn: [Sinh viên Khoa Công nghệ thông tin đạt Top 10 dự án xuất sắc Cuộc thi Công nghệ Denso Factory Hacks năm 2024] - [**Link tham khảo**](https://fit.haui.edu.vn/vn/guong-sang/sinh-vien-khoa-cong-nghe-thong-tin-dat-top-10-du-an-xuat-sac-cuoc-thi-cong-nghe-denso-factory-hacks-nam-2024/71083).

---

Nếu bạn cần thêm thông tin hoặc có câu hỏi khác liên quan, hãy cho tôi biết!","Trong cuộc thi DENSO Factory Hacks 2024, AR/VR được đề cập như một trong những công nghệ quan trọng trong lĩnh vực sản xuất, giúp cải thiện quy trình sản xuất và thiết kế trong nhà máy. Cuộc thi này nhằm khai thác các giải pháp công nghệ, bao gồm AR/VR, để nâng cao hiệu quả và đổi mới trong ngành công nghiệp.",0.8008440763339967,0.0,0.0,0.0,1.1005041599273682,13.84860110282898
Có bao nhiêu sinh viên Khoa CNTT xuất sắc đạt trong năm nay?,"['content: sắc trong công tác tổ chức và bồi dưỡng sinh viên tham dự các Kỳ thi Olympic Tin học sinh viên Việt Nam và Kỳ thi Lập trình sinh viên quốc tế ICPC. Những thành tích đạt được không chỉ là niềm tự hào mà còn là minh chứng rõ nét cho sự nỗ lực, quyết tâm của đội ngũ giảng viên và sinh viên Khoa CNTT trên hành trình khẳng định tầm vóc của Trường Đại học Công Nghiệp Hà Nội trong việc đào tạo nguồn nhân lực chất lượng cao, đáp ứng xu thế phát triển của khoa học công nghệ thời đại mới. Thứ Hai, 11:30 16/12/2024 Tags:\\nnext_contents:\\n- Sinh viên Khoa Công nghệ thông tin ghi thành tích nổi bật tại Olympic Tin học sinh viên Việt Nam lần thứ 33 và Kỳ thi Lập trình ICPC ASIA Hà Nội năm 2024 Sinh viên Khoa Công nghệ thông tin (FIT) Trường Đại học Công Nghiệp Hà Nội (HaUI) vừa ghi dấu ấn đáng tự hào khi đạt nhiều giải thưởng tại Cuộc thi Olympic Tin học sinh viên Việt Nam lần thứ 33 - PROCON VIETNAM, Kỳ thi Lập trình ICPC ASIA Hà Nội năm 2024 khẳng định vị thế của Nhà trường trong đào tạo lĩnh vực công nghệ thông tin. Diễn ra từ ngày 10-13/12 tại Hà Nội, Olympic Tin học sinh viên Việt Nam lần thứ 33 thu hút sự tham gia của 87 trường Đại học, Cao đẳng và Học viện trên cả nước. Có 108 sinh viên thi đấu ở khối Siêu Cup, 235 sinh viên khối Chuyên Tin, 95 sinh viên khối Không chuyên Tin, 02 sinh viên khối Cao đẳng, 18 đội tuyển với 51 sinh viên ở khối Phần mềm nguồn mở và 20 đội tuyển với 43 sinh viên tham gia PROCON Việt Nam. Đoàn giảng viên và sinh viên Khoa CNTT-HaUI tham gia Olympic Tin học sinh viên Việt Nam lần thứ 33 Tham gia tranh tài, sinh viên FIT-HaUI đã tỏa sáng với nhiều thành tích ấn tượng gồm: 01 giải Nhì thuộc khối Chuyên Tin, 02 giải Nhì Procon Việt Nam, 01 giải Ba và 01 giải Khuyến khích khối không Chuyên tin, 02 giải Khuyến khích Khối thi Phần mềm nguồn mở, 01 giải Khuyến khíc ICPC Quốc gia. Đặc biệt, TS. Phạm Văn Hà - Phó Trưởng khoa Công nghệ thông tin Trường Đại học Công Nghiệp Hà Nội vinh dự được Liên hiệp các Hội Khoa học và Kỹ thuật Việt Nam trao tặng Bằng khen vì đã có thành tích xuất sắc trong công tác tổ chức và bồi dưỡng sinh viên tham dự các Kỳ thi Olympic Tin học sinh viên Việt Nam và Kỳ thi Lập trình sinh viên quốc tế ICPC. Những thành tích đạt được không chỉ là niềm tự hào mà còn là minh chứng rõ nét cho sự nỗ lực, quyết tâm của đội ngũ giảng viên và sinh viên Khoa CNTT trên hành trình khẳng định tầm vóc của Trường Đại học Công Nghiệp Hà Nội trong việc đào tạo nguồn nhân lực chất lượng cao, đáp ứng xu thế phát triển của khoa học công nghệ thời đại mới. Thứ Hai, 11:30\\n', 'content: phục những thử thách thực tiễn. Chúng tôi tin rằng, với sự cố gắng không ngừng nghỉ và sự hỗ trợ từ nhà trường và doanh nghiệp, các bạn sinh viên sẽ sớm trở thành những chuyên gia hàng đầu trong lĩnh vực CNTT."" TS. Phạm Văn Hà chia sẻ và chúc mừng các em SV đã đạt được học bổng Lập trình viên Toàn năng (DTN) Sinh viên Trần Thị Minh Tâm đại diện SV khoa CNTT - HaUI được nhận học bổng lên phát biểu Anh Vũ Đức Thuận - Đại diện Công ty VTI lên trao suất học bổng cho SV xuất sắc Khoa CNTT-HaUI Hy vọng rằng học bổng sẽ là nguồn động lực lớn giúp các bạn sinh viên tiếp tục theo đuổi ước mơ của mình trong tương lai, luôn giữ vững tinh thần học hỏi không ngừng và tinh thần sáng tạo để vươn xa hơn trong sự nghiệp. Thứ Sáu, 15:29 27/09/2024 Tags:\\nnext_contents:\\n- Sinh viên Khoa Công nghệ thông tin Trường Đại học Công nghiệp nhận học bổng từ VTI Academy Chương trình học bổng “DIGIWORLD ƯƠM MẦM XANH - ĐÀO TẠO KỸ SƯ LẬP TRÌNH” được hợp tác giữa công ty cổ phần công nghệ số (Digiworld) và VTI Academy, trung tâm đào tạo công nghệ thông tin thuộc tập đoàn VTI nhằm hỗ trợ sinh viên vượt khó, thúc đẩy phát triển nguồn nhân lực công nghệ thông tin chất lượng cao trong thời đại công nghệ 4.0. Với tổng giá trị học bổng 3 tỷ đồng, chương trình mong muốn tạo cơ hội cho sinh viên năm cuối bậc đại học hiện thực hóa ước mơ công nghệ, có điều kiện tiếp cận sớm nhất với dự án doanh nghiệp, nhằm nâng cao trình độ chuyên môn, phát triển kỹ năng mềm và giữ vững tinh thần “học tập suốt đời"" trên con đường sự nghiệp. Chiều ngày 26/9/2024, VTI Academy rất vui được trao tặng học bổng ""Digiword - Ươm mầm xanh"" cho 3 sinh viên xuất sắc đến từ khoa CNTT, trường Đại học Công nghiệp Hà Nội. Đây đều là những sinh viên vượt lên hoàn cảnh khó khăn đạt thành tích học tập xuất sắc. Tại buổi lễ trao học bổng, TS. Phạm Văn Hà, Phó Trưởng khoa CNTT, trường Đại học Công nghiệp Hà Nội, đã chia sẻ: ""Chúng tôi đánh giá cao sự hỗ trợ từ các doanh nghiệp như VTI Academy, không chỉ trong việc trao tặng học bổng mà còn trong việc cung cấp những cơ hội học tập và làm việc cho sinh viên.” Anh Vũ Đức Thuận, COO của VTI Academy, cũng khẳng định: ""VTI Academy cam kết không chỉ đồng hành cùng các sinh viên trong việc nâng cao kiến thức mà còn trong hành trình chinh phục những thử thách thực tiễn. Chúng tôi tin rằng, với sự cố gắng không ngừng nghỉ và sự hỗ trợ từ nhà trường và doanh nghiệp, các bạn sinh viên sẽ sớm trở thành những chuyên gia hàng đầu trong lĩnh vực CNTT."" TS. Phạm Văn Hà chia sẻ và chúc mừng các em SV đã đạt được học bổng Lập trình viên Toàn năng (DTN) Sinh viên Trần Thị Minh Tâm đại diện SV khoa CNTT - HaUI được nhận học bổng lên phát biểu Anh Vũ Đức Thuận - Đại diện Công ty VTI lên trao suất học bổng cho SV xuất sắc Khoa CNTT-HaUI Hy\\n', 'content: Sinh viên Khoa Công nghệ thông tin xuất sắc đạt học bổng tài năng Samsung STP năm 2024 Vừa qua ngày 16/10/2024, Trung tâm Nghiên cứu và Phát triển Samsung Việt Nam (SRV) đã tổ chức Lễ trao học bổng sinh viên tài năng Samsung STP dành cho sinh viên các trường Đại học tại Việt Nam. Sinh viên Khoa Công nghệ thông tin Trường Đại học Công Nghiệp Hà Nội đã xuất sắc và vinh dự đạt được học bổng. Sinh viên Bùi Trường Giang khóa 16 ngành Khoa học máy tính Khoa CNTT – Trường ĐH Công Nghiệp Hà Nội giành được học bổng Tài năng STP năm 2024 sẽ được Samsung Việt Nam tài trợ học bổng trị giá 3000 USD. Cùng với đó, sinh viên sẽ có cơ hội được đào tạo chuyên sâu, thực tập nghề nghiệp với các đề tài công nghệ mới, dưới sự hướng dẫn của các Kỹ sư giàu kinh nghiệm tại SRV. Đồng thời, sinh viên sẽ được đào tạo các kỹ năng về lập trình, về thuật toán chuyên sâu, củng cố kiến thức chuyên môn vững chắc trước khi tốt nghiệp. Các sinh viên đạt học bổng STP đều đã hoàn thành các khóa học Thuật toán ứng dụng do Khoa Công nghệ thông tin phối hợp với Samsung SRV phối hợp tổ chức với kết quả xuất sắc. TS. Đặng Trọng Hợp – Trưởng Khoa CNTT Trường ĐH Công Nghiệp Hà Nội và các sinh viên HaUI nhận học bổng Tài năng Samsung STP 2024 Trường Đại học Công Nghiệp Hà Nội là một trong các trường đại học thuộc khu vực phía Bắc được thụ hưởng chương trình học bổng “Tài năng Samsung” – STP 2024. Chương trình học bổng STP 2024 là một nội dung trong Biên bản hợp tác toàn diện giữa Trường Đại học Công Nghiệp Hà Nội và Samsung Electronic Việt Nam cho giai đoạn 2023 – 2025. Theo biên bản hợp tác được ký kết, bên cạnh việc hai đơn vị thống nhất sẽ tiếp tục triển khai là chương trình học bổng STP, HaUI và Samsung sẽ triển khai các dự án hợp tác nghiên cứu về công nghệ di động, các khóa học đào tạo ngắn hạn về Thuật toán ứng dụng và các khóa đào tạo ngắn khác về IoT, Big Data, Security, Embedded System… giành cho sinh viên HaUI. Thứ Hai, 14:55 21/10/2024 Tags:\\nnext_contents:\\n', 'content: Khoa Công nghệ thông tin Trường Đại học Công Nghiệp Hà Nội vinh dự đón nhận Chứng nhận kiểm định ABET Chương trình cử nhân ngành khoa học máy tính Trường Đại học Công Nghiệp Hà Nội được Ủy ban kiểm định các chương trình máy tính (CAC) của ABET công nhận đạt kiểm định quốc tế. ABET là tổ chức kiểm định chất lượng giáo dục hàng đầu thế giới trong các lĩnh vực khoa học ứng dụng, máy tính, công nghệ và kỹ thuật, với những tiêu chí khắt khe được phát triển bởi các chuyên gia từ các hiệp hội thành viên. Ngành khoa học máy tính Trường ĐH Công Nghiệp Hà Nội đã thành công đạt được kiểm định quốc tế của tổ chức ngay từ lần đánh giá đầu tiên, khẳng định chất lượng vượt trội của chương trình đào tạo, cơ sở vật chất, công tác tổ chức đào tạo và sự hỗ trợ của nhà trường dành cho sinh viên. Chương trình cử nhân ngành khoa học máy tính Trường Đại học Công Nghiệp Hà Nội chính thức đạt kiểm định quốc tế ABET Việc đạt kiểm định quốc tế không chỉ đảm bảo sinh viên có nền tảng kiến thức và kỹ năng vững chắc, tự tin dẫn đầu trong các lĩnh vực đổi mới và công nghệ tiên tiến mà còn mở ra nhiều cơ hội sau khi tốt nghiệp, từ việc nâng cao triển vọng nghề nghiệp trong thị trường lao động toàn cầu đến khả năng học lên các bậc học cao hơn trong môi trường quốc tế. Việc đạt kiểm định quốc tế ABET là bước tiến quan trọng, khẳng định vị thế của Trường ĐH Công Nghiệp Hà Nội trên bản đồ thế giới trong lĩnh vực đào tạo khối ngành công nghệ. Việc đạt kiểm định ABET tiếp tục khẳng định thương hiệu quốc tế trong đào tạo của Trường Đại học Công Nghiệp Hà Nội Sự công nhận của ABET đối với ngành khoa học máy tính của trường là minh chứng cho chất lượng giáo dục và cũng là cơ hội vàng để sinh viên khai phá và phát huy tối đa tiềm năng của mình trong lĩnh vực công nghệ. Có thể nói Khoa CNTT Trường ĐH Công Nghiệp Hà Nội là điểm khởi đầu lý tưởng cho các bạn trẻ đam mê công nghệ, mong muốn tạo dựng sự nghiệp vững chắc và tạo ảnh hưởng trong thế giới công nghệ hiện đại. Thứ Hai, 09:32 18/11/2024 Tags:\\nnext_contents:\\n', 'content: vào trong công tác đào tạo nhân lực chất lượng cao, năm 2024 Nhà trường đã tham gia Đề án ""Hỗ trợ hệ sinh thái khởi nghiệp đổi mới sáng tạo quốc gia đến năm 2025"" (Đề án 844) của Bộ Khoa học và Công nghệ. PGS.TS Đinh Văn Châu - Hiệu trưởng Trường Đại học Điện lực cho biết: “Trường Đại học Điện lực luôn coi trọng việc phát triển các hoạt động nghiên cứu khoa học của sinh viên, khuyến khích các bạn tham gia nghiên cứu từ những năm đầu tiên để tích lũy kiến thức, kỹ năng và kinh nghiệm thực tiễn”. “Những năm qua, Trường Đại học Điện lực đã có sự trưởng thành và phát triển vượt bậc trong nghiên cứu khoa học của người học bao gồm cả về số lượng và chất lượng. Cụ thể, số lượng nhiệm vụ đăng ký trong đợt 1 năm học 2023 - 2024 là 22 nhiệm vụ, đợt 2 là 44 nhiệm vụ và theo số liệu đăng ký đợt 1 năm học 2024 - 2025 con số này đã tăng lên đến 82 nhiệm vụ”- PGS.TS Đinh Văn Châu nhấn mạnh. Hiệu trưởng Trường Đại học Điện lực cho rằng: Sự phát triển nhanh chóng về số lượng các nhiệm vụ đã cho thấy sự quan tâm của sinh viên trong hoạt động nghiên cứu khoa học. Đây là dấu hiệu tích cực cho thấy tinh thần học hỏi, sáng tạo và nghiên cứu của sinh viên đang ngày càng phát triển mạnh mẽ. Xác định nghiên cứu khoa học sẽ đóng vai trò then chốt trong nâng cao chất lượng đào tạo, xây dựng cho sinh viên một môi trường học tập chuyên nghiệp, gắn với thực tiễn hoạt động của doanh nghiệp, PGS.TS Nguyễn Xuân Hoàn – Hiệu trưởng Trường Đại học Công Thương TP.HCM khẳng định: Thời gian qua, nhà trường đã có nhiều hoạt động hỗ trợ thúc đẩy sinh viên nghiên cứu khoa học, qua đó nhiều đề tài, công trình nghiên cứu của sinh viên đã đạt giải cao tại Giải thưởng khoa học và công nghệ dành cho sinh viên trong cơ sở giáo dục đại học; Giải thưởng Sinh viên NCKH – Euréka…nhiều đề tài của sinh viên có tính ứng dụng cao qua đó đã được chuyển giao cho doanh nghiệp để tiếp tục phát triển thành sản phẩm thương mại để đưa ra thị trường. Còn tại Trường Đại học Công nghiệp TP.HCM, để thúc đẩy nghiên cứu khoa học\\nnext_contents:\\n- giảng dạy, nghiên cứu và học tập. Theo đó, từ năm 2011, Đại học Công nghiệp Hà Nội đã xây dựng và ứng dụng đại học điện tử trong quản trị toàn diện, áp dụng trên 34 lĩnh vực với trên 600 hoạt động quản lý. Hệ thống đại học điện tử của Trường đã vinh dự nhận 3 giải thưởng lớn (Nhân tài Đất Việt năm 2012, Sao Khuê năm 2016 và Giải thưởng Sáng tạo Khoa học và Công nghệ Việt Nam (Vifotec) năm 2018); đáp ứng yêu cầu bộ chỉ số, tiêu chí đánh giá chuyển đổi số cơ sở giáo dục đại học theo Quyết định số 4740/QĐ-BGDĐT ngày 30/12/2022. Trường Đại học Công nghiệp Hà Nội luôn coi trọng và tạo điều kiện tốt nhất để sinh viên có thể phát huy tiềm năng, thỏa sức sáng tạo với đam mê và khát khao chinh phục những đỉnh cao mới trong học tập, nghiên cứu. HaUI luôn quan tâm dành nguồn lực để phát triển, thúc đẩy hoạt động nghiên cứu khoa học của sinh viên. Kinh phí chi cho hoạt động nghiên cứu khoa học của sinh viên năm học 2023 - 2024 là trên 5 tỷ đồng tăng hơn 1,5 lần so với năm học 2022 - 2023. Đại học Công nghiệp Hà Nội đang tiếp tục đầu tư nâng cao cơ sở vật chất, trang thiết bị và hỗ trợ tài chính, tạo điều kiện thuận lợi nhất cho công tác nghiên cứu. Đặc biệt, năm học 2023 - 2024, có 562 đề tài bảo vệ thành công với 41 giải Nhất, 98 giải Nhì, 109 giải Ba và 314 giải Khuyến khích trong 11 lĩnh vực khác nhau, đánh dấu những nấc thang mới trong hành trình chinh phục đỉnh cao tri thức của thầy và trò HaUI. Còn tại Trường Đại học Điện lực, nhận rõ vai trò quan trọng của nghiên cứu khoa học vào trong công tác đào tạo nhân lực chất lượng cao, năm 2024 Nhà trường đã tham gia Đề án ""Hỗ trợ hệ sinh thái khởi nghiệp đổi mới sáng tạo quốc gia đến năm 2025"" (Đề án 844) của Bộ Khoa học và Công nghệ. PGS.TS Đinh Văn Châu - Hiệu trưởng Trường Đại học Điện lực cho biết: “Trường Đại học Điện lực luôn coi trọng việc phát triển các hoạt động nghiên cứu khoa học của sinh viên, khuyến khích các bạn tham gia nghiên cứu từ những năm đầu tiên để tích lũy kiến thức, kỹ năng và kinh nghiệm thực tiễn”.\\n']",['Gần 150 sinh viên Khoa CNTT xuất sắc đạt'],"### Thông tin về hoạt động khóa và các hoạt động đoàn hội tại Khoa Công nghệ thông tin

1. **Hoạt động khóa**:
   - Khoa Công nghệ thông tin thường xuyên tổ chức các hội thảo, sự kiện tuyển dụng, và các hoạt động ngoại khóa nhằm tạo cơ hội cho sinh viên giao lưu và tìm kiếm việc làm.
   - Ví dụ, vào ngày 26 và 27 tháng 4, trường đã tổ chức hội thảo việc làm với sự tham gia của nhiều công ty lớn, mang đến hàng trăm cơ hội việc làm cho sinh viên.

2. **Hoạt động đoàn hội**:
   - Khoa có nhiều hoạt động phong trào, thể thao, văn hóa nhằm nâng cao đời sống tinh thần cho sinh viên.
   - Các hoạt động này không chỉ giúp sinh viên phát triển kỹ năng mềm mà còn tạo cơ hội để kết nối và giao lưu giữa các sinh viên.

### Số lượng sinh viên Khoa CNTT xuất sắc đạt trong năm nay

- Trong năm 2024, sinh viên Khoa Công nghệ thông tin đã có những thành tích nổi bật, trong đó có sinh viên Bùi Trường Giang đạt học bổng tài năng Samsung STP trị giá 3000 USD. 
- Ngoài ra, sinh viên Khoa CNTT cũng đã ghi dấu ấn tại các cuộc thi Olympic Tin học sinh viên Việt Nam và ICPC, với nhiều giải thưởng cao.

### Kết luận
Khoa Công nghệ thông tin tại Trường Đại học Công nghiệp Hà Nội không chỉ chú trọng đến việc đào tạo chuyên môn mà còn tích cực tổ chức các hoạt động ngoại khóa và phong trào đoàn hội, tạo điều kiện cho sinh viên phát triển toàn diện.

Nếu bạn cần thêm thông tin chi tiết về các hoạt động cụ thể hoặc thành tích của sinh viên, hãy cho tôi biết! 

[Hội thảo việc làm cho sinh viên] - [**Link tham khảo**](https://www.haui.edu.vn/vn/hoat-dong-sinh-vien/hap-dan-voi-hang-tram-co-hoi-viec-lam-cho-sinh-viên/63508).",Gần 150 sinh viên Khoa CNTT xuất sắc đạt.,0.739663049084132,0.8333333332916666,0.3333333333333333,0.0,1.0603561401367188,12.315205097198486
IoT có vai trò gì trong cuộc cách mạng công nghiệp lần thứ 4?,"['content: Hội thảo ""Deep Learning và ứng dụng"" Thứ Bảy, 09:58 15/01/2022 860 Cách mạng công nghiệp lần thứ tư được gọi là Công nghiệp 4.0. đang phát triển mạnh mẽ trên thế giới cũng như ở Việt Nam. Hạt nhân cho sự bùng nổ này đến từ Trí tuệ nhân tạo (Artificial Intelligence – AI) hay cụ thể hơn là học máy (Machine Learning) và Học sâu (Deep learning). Học sâu là một lĩnh vực của học máy liên quan đến các thuật toán lấy cảm hứng từ cấu trúc và chức năng của não người, được gọi là mạng nơ-ron nhân tạo (Artificial neural networks - ANN). Những mạng nơ-ron nhân tạo này cố gắng mô phỏng hành vi của não người, tiêu biểu như khả năng: biết suy nghĩ và lập luận để giải quyết vấn đề; hiểu ngôn ngữ, tiếng nói; biết học và tự thích nghi,… Hội thảo Deep Learning và ứng dụng Trong hội thảo “Học sâu và ứng dụng”, TS Trần Hùng Cường và nhóm nghiên cứu đã trình bày khái niệm Học sâu, sự khác biệt giữa học máy và học sâu; ứng dụng của học sâu trong thực tế. Giảng viên dành phần lớn thời lượng giới thiệu mạng tích chập (Convolution neural network – CNN), bao gồm: kiến trúc mạng; các thành phần cơ bản; cách xây dựng một mạng CNN từ đầu hoặc từ mô hình có sẵn (pre-trained model). Cuối cùng Giảng viên trình bày một ứng dụng cụ thể của mạng CNN cho bài toán nhận dạng chữ viết tay dựa trên bộ dữ liệu MNIST (Modified National Institute of Standards and Technology). Hội thảo đã thu hút được sự tham gia đông đảo cán bộ giảng viên, học viên cao học và sinh viên trong Khoa Công nghệ thông tin. Thứ Bảy, 09:58 15/01/2022 Tags:\\nnext_contents:\\n', 'content: có chủ đích (APT) cũng đã bắt đầu sử dụng các botnet để triển khai thực hiện. Trong vài năm qua, một xu hướng mới của mạng botnet như một dịch vụ (Botnet as a Service - BaaS) đã hình thành, làm giảm chi phí của tội phạm mạng khi thực hiện các cuộc tấn công liên tục với qui mô rất lớn và mặt khác, giúp chúng kiểm soát botnet dễ dàng hơn. Cùng với xu hướng này, ngày càng có nhiều mạng botnet với quy mô ngày càng tăng với mức độ phân tán rất cao, tạo ra mối đe dọa nghiêm trọng đối với hệ sinh thái Internet. Buổi seminar là một phần trong chuỗi các hoạt động nghiên cứu của Khoa CNTT-HaUI. Với mong muốn đẩy mạnh phát triển khoa học công nghệ của Trường Đại học Công Nghiệp nói chung và Khoa Công nghệ thông tin nói riêng, Khoa đã và đang tạo điều kiện tốt nhất để các giảng viên, nghiên cứu sinh và các nhà khoa học có cơ hội trao đổi, xây dựng và cùng hợp tác trong công tác nghiên cứu khoa học. Sự kiện đã diễn ra rất sôi nổi và kết thúc thành công. Khoa Công nghệ thông tin tin tưởng, sau các buổi seminar khoa học, nhiều ý tưởng khoa học có ý nghĩa sẽ được xây dựng và thực hiện dựa trên sự hợp tác giữa các giảng viên, các chuyên gia và các nhà khoa học. Thứ Ba, 14:34 22/10/2024 Tags:\\nnext_contents:\\n- Seminar ""Một số kết quả nghiên cứu về bài toán DGA Botnet Mô hình, dữ liệu và phương pháp học"" (tiếp) Sáng ngày 22/10/2024, Khoa Công nghệ thông tin Trường Đại học Công Nghiệp Hà Nội đã tổ chức seminar khoa học với chủ đề ""Một số kết quả nghiên cứu về bài toán DGA Botnet Mô hình, dữ liệu và phương pháp học"". Seminar do TS. Tống Anh Tuấn – Trường Đại học Kỹ thuật – Hậu cần CAND trình bày. Buổi seminar có sự tham gia đông đảo của toàn thể cán bộ, giảng viên, chuyên gia, và nghiên cứu sinh của Khoa. Việc tổ chức các seminar là hoạt động khoa học định kỳ của Khoa nhằm tạo cầu nối để các nhà khoa học có thể chia sẻ về hướng nghiên cứu, kết quả nghiên cứu, tăng cường cơ hội trao đổi, hợp tác trong công tác nghiên cứu khoa học. Trong buổi seminar, TS. Tống Anh Tuấn đã chia sẻ các botnet đã thực sự trở thành một trong các mối đe dọa lớn nhất đối với mạng Internet toàn cầu do chúng đã và đang phát triển rất mạnh về cả quy mô, mức độ phân tán, kỹ thuật điều khiển và trực tiếp thực hiện, hoặc có liên quan chặt chẽ đến nhiều hoạt động độc hại, như tấn công DDoS, phát tán thư rác, quảng bá, phát tán các loại phần mềm độc hại, phần mềm gián điệp, quảng cáo, giả mạo địa chỉ URL, giả mạo hệ thống DNS, tấn công chèn mã độc trên các ứng dụng web và đánh cắp các thông tin nhạy cảm trên các hệ thống máy chủ cũng trên hệ thống máy người dùng cuối. Một số họ mã độc tống tiền (ransomware) được phát hiện gần đây có khả năng tự quảng bá, truyền thông qua mạng botnet và thậm chí các cuộc tấn công có chủ đích (APT) cũng đã bắt đầu sử dụng các botnet để triển khai thực hiện. Trong vài năm qua, một xu hướng mới của mạng botnet như một dịch vụ (Botnet as a Service - BaaS) đã hình thành, làm giảm chi phí của tội phạm mạng khi thực hiện các cuộc tấn công liên tục với qui mô rất lớn và mặt khác, giúp chúng kiểm soát botnet dễ dàng hơn. Cùng với xu hướng này, ngày càng có nhiều mạng botnet với quy mô ngày càng tăng với mức độ phân tán rất cao, tạo ra mối đe dọa nghiêm trọng đối với hệ sinh thái\\n', 'content: Hội thảo Data Analyst - Hướng đi mới cho sinh viên khối ngành CNTT Ngày nay, nhu cầu tuyển dụng nhân sự ngành phân tích dữ liệu tăng mạnh do lượng dữ liệu con người tạo ra ngày càng nhiều, nhờ đó mà cơ hội việc làm và phát triển sự nghiệp của những người theo đuổi ngành phân tích dữ liệu cũng vô cùng rộng mở. Ngày nay, nhu cầu tuyển dụng nhân sự ngành phân tích dữ liệu tăng mạnh do lượng dữ liệu con người tạo ra ngày càng nhiều, nhờ đó mà cơ hội việc làm và phát triển sự nghiệp của những người theo đuổi ngành phân tích dữ liệu cũng vô cùng rộng mở. Đặc biệt đối với những sinh viên các khối ngành CNTT, phân tích dữ liệu chính là một hướng đi mới được rất nhiều người lựa chọn trong bối cảnh cuộc cách mạng 4.0 đang bùng nổ kéo theo nhu cầu về phân tích data, phân tích các đối tượng khách hàng hay phân tích rủi ro,… Xuất phát từ thực tiễn trên, Khoa Công nghệ thông tin Trường Đại học Công Nghiệp Hà Nội kết hợp với công ty VTI tổ chức ""Techsharing: DATA ANALYTICS - NGHỆ THUẬT PHÂN TÍCH DỮ LIỆU Đi đúng đường - chạm đúng đích” nhằm cung cấp cho các bạn sinh viên những hiểu biết cần thiết về ngành phân tích dữ liệu (Data analytics), qua đó giúp các bạn quyết định được hướng đi đúng đắn của bản thân trong tương lai. Mở đầu chương trình, anh Nguyễn Quyết – CEO tại VTI Academy giới thiệu về công ty VTI, được biết VTI là công ty phần mềm chuyên cung cấp các dịch vụ cho các đối tác lớn của Nhật Bản, Hàn quốc, Việt Nam,… trong lĩnh vực chứng khoán, tài chính, bảo hiểm và sản xuất lớn như: Hitachi, Toyota, SamSung,LG, Vingroup…v.v, kết hợp với sự đa dạng về công nghệ mới như AI, ML, hay gần đây là Cloud Computing, Blockchain,… đã giúp những sản phẩm của VTI trong thực tiễn phù hợp với công nghệ số 4.0 và ứng dụng vào thực tiễn trong các nhà máy, khu công nghiệp, trường học để đáp ứng được nhu cầu của đối tác và người sử dụng. Hấp dẫn không kém là phần chia sẻ về ngành Data Analytics của đại diện Công ty Anh Nguyễn Tiến Sử - Senior Data Scientist. Cung cấp các kiến thức hữu ích và\\nnext_contents:\\n', 'content: Hội thảo ""Deep Learning và ứng dụng"" Cách mạng công nghiệp lần thứ tư được gọi là Công nghiệp 4.0. đang phát triển mạnh mẽ trên thế giới cũng như ở Việt Nam. Hạt nhân cho sự bùng nổ này đến từ Trí tuệ nhân tạo (Artificial Intelligence – AI) hay cụ thể hơn là học máy (Machine Learning) và Học sâu (Deep learning). Học sâu là một lĩnh vực của học máy liên quan đến các thuật toán lấy cảm hứng từ cấu trúc và chức năng của não người, được gọi là mạng nơ-ron nhân tạo ( Artificial neural networks - ANN) . Những mạng nơ-ron nhân tạo này cố gắng mô phỏng hành vi của não người, tiêu biểu như khả năng: biết suy nghĩ và lập luận để giải quyết vấn đề; hiểu ngôn ngữ, tiếng nói; biết học và tự thích nghi,… Trong hội thảo “Học sâu và ứng dụng”, TS Trần Hùng Cường và nhóm nghiên cứu đã trình bày khái niệm Học sâu, sự khác biệt giữa học máy và học sâu; ứng dụng của học sâu trong thực tế. Giảng viên dành phần lớn thời lượng giới thiệu mạng tích chập (Convolution neural network – CNN), bao gồm: kiến trúc mạng; các thành phần cơ bản; cách xây dựng một mạng CNN từ đầu hoặc từ mô hình có sẵn (pre-trained model). Cuối cùng Giảng viên trình bày một ứng dụng cụ thể của mạng CNN cho bài toán nhận dạng chữ viết tay dựa trên bộ dữ liệu MNIST (Modified National Institute of Standards and Technology) . Hội thảo đã thu hút được sự tham gia đông đảo cán bộ giáo viên, các em học viên cao học và sinh viên trong Khoa Công nghệ thông tin. Thứ Sáu, 21:10 14/01/2022 Tags:\\nnext_contents:\\n', 'content: ADHOCNETS 2023: Hội thảo Quốc tế về mạng AD HOC Thứ Sáu, 12:41 10/11/2023 1897 Ngày 10/11, Đại học Công nghiệp Hà Nội tổ chức hội thảo quốc tế ADHOCNETS “The 14th EAI International Conference on Ad Hoc Networks”. Hội thảo đã thu hút đông đảo các nhà khoa học, giảng viên, sinh viên tham gia trao đổi, thảo luận về các công nghệ mạng đặc biệt và các ứng dụng của mạng. Toàn cảnh Hội thảo PGS.TS.Phạm Văn Đông – Phó Hiệu trưởng Đại học Công nghiệp Hà Nội phát biểu khai mạc Hội thảo Phát biểu khai mạc Hội thảo, PGS.TS.Phạm Văn Đông – Phó Hiệu trưởng Đại học Công nghiệp Hà Nội nhấn mạnh: Kỷ nguyên mới về khoa học và công nghệ với sự ra đời của các mô hình trí tuệ nhân tạo dữ liệu lớn như ChatGPT, Copilot và các hệ thống tương tự, điều này đã chuyển đổi sự tương tác giữa con người với máy tính và Kết nối vạn vật - Internet of Things (IoT) và Mạng lưới vạn vật - Web of Things (WoT) đang cách mạng hóa khái niệm về các thiết bị được kết nối với nhau. Cùng với đó, việc tích hợp mạnh mẽ các mô hình AI và học máy (Machine learning) vào mạng Ad Hoc là cần thiết, bắt buộc cho quá trình ra quyết định tự động trong MANET, VANET và mạng cảm biến. Điều này kỳ vọng sẽ mang đến các hệ thống mạng thông minh hơn, mạnh mẽ hơn, hiệu quả hơn. Sức mạnh tổng hợp giữa các mô hình AI và mạng Ad Hoc theo đó có thể mở ra những khả năng chưa từng có trong điện toán biên, thành phố thông minh và xử lý dữ liệu thời gian thực. Trong bối cảnh đó, việc tăng cường hợp tác, trao đổi học thuật, tìm kiếm những hướng nghiên cứu mới mà đặc biệt là các hướng nghiên cứu liên ngành, đa lĩnh vực là xu thế tất yếu đối với các nhà khoa học về kết nối mạng, mạng máy tính và truyền thông.Hội thảo Quốc tế ADHOCNETS 2023 sẽ là diễn đàn chuyên sâu, nơi các chuyên gia hội tụ để trao đổi về những tiến bộ, ý tưởng công nghệ mới, đóng góp những giải pháp trong phát huy tiềm năng, phát triển công nghệ thông minh hơn, kết nối hơn và trực quan hơn. Điểm nhấn của hội thảo năm nay là phần trình bày của những diễn giả có uy tín\\nnext_contents:\\n']","['Chứng nhận Samsung Innovation Campus Không ngừng học hỏi, khám phá, sáng tạo và vượt qua giới hạn bản thân để chinh phục những đỉnh cao công nghệ là vô cùng quan trọng trong bối cảnh công nghệ đang phát triển thần tốc như hiện nay. Gần 150 sinh viên Khoa Công nghệ thông tin Trường Đại học Công Nghiệp Hà Nội đã xuất sắc đạt được chứng nhận Samsung Innovation Campus. Gần 150 SV các lớp SIC (Samsung Innovation Campus) được nhận chứng nhận Tinh thần này được lan tỏa tích cực tại Samsung Innovation Campus (SIC) thông qua cách chương trình thiết kế các khóa học kiến thức kết hợp kỹ năng ứng dụng công nghệ đa dạng, hấp dẫn và hiệu quả. Mang đến những thay đổi sâu sắc trên mọi lĩnh vực đời sống xã hội, cuộc cách mạng công nghiệp lần thứ 4 (CMCN 4.0) đang diễn ra với tốc độ chóng mặt trên toàn cầu. Trong đó, công nghệ đóng vai trò dẫn dắt, là động lực thúc đẩy sự phát triển của các ngành kinh tế, xã hội. Chưa bao giờ các công nghệ cốt lõi như AI (trí tuệ nhân tạo), IoT (vạn vật kết nối internet), dữ liệu lớn, đám mây, nền tảng di động… trở nên quan trọng như hiện nay. Cung cấp cho thế hệ trẻ một ""chương trình giảng dạy cốt lõi chung"", cho phép sinh viên có được các kiến thức cơ bản nhất của 5 công nghệ nền tảng cũng chính là mục tiêu Samsung hướng đến khi đầu tư và phát triển dự án Innovation Campus, với tư cách là doanh nghiệp công nghệ hàng đầu. Khởi động từ 2019, cho đến nay, Innovation Campus đã đào tạo những kiến thức công nghệ mới nhất cho hơn 6.000 học sinh, sinh viên trên khắp mọi miền đất nước, qua đó khẳng định vị thế hàng đầu của Samsung trong việc nỗ lực thúc đẩy phát triển nguồn nhân lực công nghệ chất lượng cao tại Việt Nam. TS. Phạm Văn Hà - Phó Trưởng khoa CNTT Đại học Công nghiệp trao chứng nhận cho những sinh viên xuất sắc tại Khóa học Với chương trình học được thiết kế dựa trên nền tảng các công nghệ lõi của tương lai, kết hợp kỹ năng thực hành ứng dụng, đồng thời sát với xu hướng và yêu cầu tuyển dụng từ các doanh nghiệp công nghệ đầu ngành, SIC mỗi niên khóa đều nhận được sự hưởng ứng tích cực của hàng ngàn học viên tham gia. Không chỉ hướng đến cung cấp kho kiến thức nền tảng về công nghệ mới nhất, SIC còn khuyến khích học viên ứng dụng kiến thức đã được trau dồi vào thực tiễn. Theo đó, không chỉ được tạo điều kiện thực hành ngay trong khóa học, học viên tốt nghiệp SIC còn có cơ hội áp dụng kiến thức và kỹ năng đã học để tham dự Cuộc thi Innovation Tech Challenge, thông qua việc tháo gỡ bài toán hóc búa được ban tổ chức đề ra bằng các ý tưởng, giải pháp sáng tạo, hay thêm cơ hội để được thực tập tại Samsung Việt Nam']","### Thông tin về hoạt động khóa và các hoạt động đoàn hội tại Trường Đại học Công nghiệp Hà Nội

1. **Hoạt động khóa**:
   - Trường Đại học Công nghiệp Hà Nội tổ chức nhiều hoạt động nhằm phát triển kỹ năng và kiến thức cho sinh viên, bao gồm các hội thảo, seminar và các chương trình giao lưu văn hóa.
   - Một số hoạt động tiêu biểu như Ngày hội Tân sinh viên, các cuộc thi thể thao, văn nghệ, và các chương trình tình nguyện.

2. **Hoạt động đoàn hội**:
   - Đoàn thanh niên và Hội sinh viên trường thường xuyên tổ chức các hoạt động phong trào thanh niên, như các buổi lễ tổng kết công tác đoàn hội hàng năm.
   - Các hoạt động này bao gồm việc phát động thi đua, tổ chức các chương trình tình nguyện, và các hoạt động giao lưu giữa các sinh viên.
   - Ví dụ, trong năm học 2017-2018, Đoàn thanh niên đã tổ chức nhiều hoạt động nhằm nâng cao chất lượng công tác hỗ trợ sinh viên, phát động các phong trào thanh niên tình nguyện, và tổ chức các cuộc thi nhằm khuyến khích sự sáng tạo của sinh viên.

### Vai trò của IoT trong cuộc cách mạng công nghiệp lần thứ 4

- **IoT (Internet of Things)** là một trong những công nghệ cốt lõi của cuộc cách mạng công nghiệp 4.0, giúp kết nối và trao đổi dữ liệu giữa các thiết bị thông minh.
- IoT cho phép thu thập và phân tích dữ liệu lớn từ các thiết bị, từ đó tối ưu hóa quy trình sản xuất, nâng cao hiệu quả và giảm chi phí.
- Công nghệ này cũng hỗ trợ trong việc phát triển các hệ thống tự động hóa, giúp cải thiện chất lượng sản phẩm và dịch vụ, đồng thời tạo ra những mô hình kinh doanh mới.

### Tài liệu tham khảo
- [Lễ tổng kết công tác Đoàn - Hội và phong trào thanh niên, sinh viên năm học 2017 - 2018] - [**Link tham khảo**](https://www.haui.edu.vn/vn/hoat-dong-sinh-vien/le-tong-ket-cong-tac-doan-hoi-va-phong-trao-thanh-nien-sinh-vien-nam-hoc-2017-2018-phat-dong-thi-dua-nam-hoc-2018-2019/60866).
- [Hội thảo ""Deep Learning và ứng dụng""] - [**Link tham khảo**](https://www.haui.edu.vn/vn/su-kien/hoi-thao-deep-learning-va-ung-dung/63452).

Nếu bạn cần thêm thông tin hoặc có câu hỏi khác, hãy cho tôi biết!","IoT (vạn vật kết nối internet) là một trong những công nghệ cốt lõi quan trọng trong cuộc cách mạng công nghiệp lần thứ 4, đóng vai trò dẫn dắt và là động lực thúc đẩy sự phát triển của các ngành kinh tế, xã hội.",0.7916395694588432,0.19999999998,0.38461538461538464,0.5,1.118595838546753,14.348441123962402
Dự án Innovation Campus của Samsung mang lại lợi ích gì cho sinh viên trong lĩnh vực công nghệ thông tin?,"['content: Samsung khởi động Chương trình phát triển nhân tài công nghệ 2024-2025 Chiều 22/11, Tổ hợp Samsung Việt Nam chính thức khởi động Chương trình Phát triển nhân tài công nghệ – Samsung Innovation Campus 2024-2025 nhằm phát triển năng lực công nghệ cao cho thế hệ trẻ Việt Nam là những người sẽ dẫn dắt sự thành công của cuộc Cách mạng Công nghiệp 4.0 tại Việt Nam trong tương lai. Chương trình đào tạo được thiết kế trên nền tảng giáo dục kết hợp giữa kỹ năng công nghệ cốt lõi trong tương lai với các kỹ năng mềm và kỹ năng làm việc trong thực tiễn. Các nội dung đào tạo này được lựa chọn thông qua việc thực hiện khảo sát phân tầng theo các xu hướng phát triển trong các ngành công nghiệp ở từng khu vực khác nhau, kết hợp với nhu cầu tuyển dụng tại các công ty lớn. Lễ ký kết biên bản ghi nhớ MOU giữa các đơn vị triển khai dự án Samsung Innovation Campus 2024-2025 Học viên khi kết thúc khóa học và đạt kết quả theo yêu cầu của chương trình sẽ nhận được chứng nhận hoàn thành khóa học Samsung Innovation Campus, cũng như có cơ hội tham gia nhiều hoạt động có giá trị khác của dự án như Cuộc thi Sáng tạo khoa học công nghệ – Innovation Tech Challenge – cuộc thi nằm trong khuôn khổ của dự án nhằm tạo ra sân chơi giúp các học viên được áp dụng kiến thức, kỹ năng đã được học trong chương trình vào thực tế. Trong khuôn khổ dự án SIC 2024-2025, các nội dung đào tạo sẽ được phân bổ lại cấu trúc nhằm nâng cao chất lượng học tập và phù hợp hơn với tình hình thực tế triển khai. Đồng thời, tiếp tục áp dụng kết hợp giữa 2 hình thức đào tạo trực tuyến (E-learning) và trực tiếp (offline) để mở rộng quy mô và tối ưu lịch trình học tập cho học viên. Sinh viên Khoa CNTT - Trường ĐH Công Nghiệp Hà Nội tại Lễ khởi động Dự kiến Samsung Innovation Campus 2024-2025 sẽ mang tới cơ hội học tập và phát triển năng lực công nghệ cho khoảng 6.600 học sinh và sinh viên tại Việt Nam. Cũng tại sự kiện, Samsung Việt Nam, Tổ chức Tuổi trẻ thành đạt Việt Nam và Công ty Letuin Việt Nam đã thực hiện Lễ ký kết biên\\nnext_contents:\\n', 'content: dụng kết hợp giữa 2 hình thức đào tạo trực tuyến (E-learning) và trực tiếp (offline) để mở rộng quy mô và tối ưu lịch trình học tập cho học viên. Sinh viên Khoa CNTT - Trường ĐH Công Nghiệp Hà Nội tại Lễ khởi động Dự kiến Samsung Innovation Campus 2024-2025 sẽ mang tới cơ hội học tập và phát triển năng lực công nghệ cho khoảng 6.600 học sinh và sinh viên tại Việt Nam. Cũng tại sự kiện, Samsung Việt Nam, Tổ chức Tuổi trẻ thành đạt Việt Nam và Công ty Letuin Việt Nam đã thực hiện Lễ ký kết biên bản ghi nhớ MOU, khẳng định cam kết đồng hành nhằm triển khai dự án Samsung Innovation Campus 2024-2025 tại Việt Nam. Thứ Hai, 14:07 25/11/2024 Tags:\\nnext_contents:\\n- Samsung khởi động Chương trình phát triển nhân tài công nghệ 2024-2025 Chiều 22/11, Tổ hợp Samsung Việt Nam chính thức khởi động Chương trình Phát triển nhân tài công nghệ – Samsung Innovation Campus 2024-2025 nhằm phát triển năng lực công nghệ cao cho thế hệ trẻ Việt Nam là những người sẽ dẫn dắt sự thành công của cuộc Cách mạng Công nghiệp 4.0 tại Việt Nam trong tương lai. Chương trình đào tạo được thiết kế trên nền tảng giáo dục kết hợp giữa kỹ năng công nghệ cốt lõi trong tương lai với các kỹ năng mềm và kỹ năng làm việc trong thực tiễn. Các nội dung đào tạo này được lựa chọn thông qua việc thực hiện khảo sát phân tầng theo các xu hướng phát triển trong các ngành công nghiệp ở từng khu vực khác nhau, kết hợp với nhu cầu tuyển dụng tại các công ty lớn. Lễ ký kết biên bản ghi nhớ MOU giữa các đơn vị triển khai dự án Samsung Innovation Campus 2024-2025 Học viên khi kết thúc khóa học và đạt kết quả theo yêu cầu của chương trình sẽ nhận được chứng nhận hoàn thành khóa học Samsung Innovation Campus, cũng như có cơ hội tham gia nhiều hoạt động có giá trị khác của dự án như Cuộc thi Sáng tạo khoa học công nghệ – Innovation Tech Challenge – cuộc thi nằm trong khuôn khổ của dự án nhằm tạo ra sân chơi giúp các học viên được áp dụng kiến thức, kỹ năng đã được học trong chương trình vào thực tế. Trong khuôn khổ dự án SIC 2024-2025, các nội dung đào tạo sẽ được phân bổ lại cấu trúc nhằm nâng cao chất lượng học tập và phù hợp hơn với tình hình thực tế triển khai. Đồng thời, tiếp tục áp dụng kết hợp giữa 2 hình thức đào tạo trực tuyến (E-learning) và trực tiếp (offline) để mở rộng quy mô và tối ưu lịch trình học tập cho học viên. Sinh viên Khoa CNTT - Trường ĐH Công Nghiệp Hà Nội tại Lễ khởi động Dự kiến Samsung Innovation Campus 2024-2025 sẽ mang tới cơ hội học tập và phát triển năng lực công nghệ cho khoảng 6.600 học sinh và sinh viên tại Việt Nam. Cũng tại sự kiện, Samsung Việt Nam, Tổ chức Tuổi trẻ thành đạt Việt Nam và Công ty Letuin Việt Nam đã thực hiện Lễ ký kết biên\\n', 'content: Sinh viên Khoa Công nghệ thông tin xuất sắc đạt học bổng tài năng Samsung STP năm 2024 Vừa qua ngày 16/10/2024, Trung tâm Nghiên cứu và Phát triển Samsung Việt Nam (SRV) đã tổ chức Lễ trao học bổng sinh viên tài năng Samsung STP dành cho sinh viên các trường Đại học tại Việt Nam. Sinh viên Khoa Công nghệ thông tin Trường Đại học Công Nghiệp Hà Nội đã xuất sắc và vinh dự đạt được học bổng. Sinh viên Bùi Trường Giang khóa 16 ngành Khoa học máy tính Khoa CNTT – Trường ĐH Công Nghiệp Hà Nội giành được học bổng Tài năng STP năm 2024 sẽ được Samsung Việt Nam tài trợ học bổng trị giá 3000 USD. Cùng với đó, sinh viên sẽ có cơ hội được đào tạo chuyên sâu, thực tập nghề nghiệp với các đề tài công nghệ mới, dưới sự hướng dẫn của các Kỹ sư giàu kinh nghiệm tại SRV. Đồng thời, sinh viên sẽ được đào tạo các kỹ năng về lập trình, về thuật toán chuyên sâu, củng cố kiến thức chuyên môn vững chắc trước khi tốt nghiệp. Các sinh viên đạt học bổng STP đều đã hoàn thành các khóa học Thuật toán ứng dụng do Khoa Công nghệ thông tin phối hợp với Samsung SRV phối hợp tổ chức với kết quả xuất sắc. TS. Đặng Trọng Hợp – Trưởng Khoa CNTT Trường ĐH Công Nghiệp Hà Nội và các sinh viên HaUI nhận học bổng Tài năng Samsung STP 2024 Trường Đại học Công Nghiệp Hà Nội là một trong các trường đại học thuộc khu vực phía Bắc được thụ hưởng chương trình học bổng “Tài năng Samsung” – STP 2024. Chương trình học bổng STP 2024 là một nội dung trong Biên bản hợp tác toàn diện giữa Trường Đại học Công Nghiệp Hà Nội và Samsung Electronic Việt Nam cho giai đoạn 2023 – 2025. Theo biên bản hợp tác được ký kết, bên cạnh việc hai đơn vị thống nhất sẽ tiếp tục triển khai là chương trình học bổng STP, HaUI và Samsung sẽ triển khai các dự án hợp tác nghiên cứu về công nghệ di động, các khóa học đào tạo ngắn hạn về Thuật toán ứng dụng và các khóa đào tạo ngắn khác về IoT, Big Data, Security, Embedded System… giành cho sinh viên HaUI. Thứ Hai, 14:55 21/10/2024 Tags:\\nnext_contents:\\n', 'content: Sinh viên Khoa Công nghệ thông tin Trường Đại học Công Nghiệp Hà Nội đạt học bổng sinh viên xuất sắc Chương trình SIC 2023-2024 Kết thúc niên khoá 2023-2024, SIC tiếp tục chứng tỏ sức hút lớn của chương trình bồi đắp nhân tài công nghệ hàng đầu Việt Nam với số lượng học viên tăng đột phá, đạt gần 6.400 người, gấp đôi năm học 2022 – 2023. Lễ tổng kết chương trình Phát triển Nhân tài Công nghệ - Samsung Innovation Campus (SIC) niên khóa 2023-2024 do Samsung Việt Nam phối hợp cùng Tổ chức Tuổi trẻ thành đạt tổ chức chiều 29/8, tại Hà Nội. Sự kiện nhằm đánh giá hiệu quả thực hiện dự án sau một năm nỗ lực bồi đắp năng lực công nghệ cao cho thế hệ trẻ Việt Nam - những người sẽ dẫn dắt sự thành công của cuộc Cách mạng 4.0 trong hiện tại và tương lai. Buổi lễ có sự tham dự của ông Choi Joo Ho - Tổng Giám đốc Tổ hợp Samsung Việt Nam, ông Kim Yong Sup - Phó Tổng Giám đốc phụ trách Đối ngoại Tổ hợp Samsung Việt Nam, đại diện từ Chính phú, các đối tác, cũng như các trường THCS, THPT, Cao đẳngvà Đại học. Khởi động vào tháng 10/2023, Samsung Innovation Campus 2023-2024 đã mang đến các khóa học phát triển năng lực công nghệ đa dạng dành cho các bạn trẻ từ 13-22 tuổi, kết hợp giữa hai hình thức đào tạo trực tiếp và trực tuyến (E-Learning), nhằm tạo điều kiện cho các học viên trên cả nước đều có cơ hội tham gia. Chương trình năm nay cung cấp 3 khóa học phát triển năng lực công nghệ, bao gồm: Vạn vật kết nối (Internet of Things – IoT), Trí tuệ nhân tạo (Artificial Intelligence – AI), Dữ liệu lớn (Big Data) và 1 khóa học kỹ năng Lập trình cơ bản (Coding & Programming – C&P). Thầy Phạm Văn Đông - Phó Hiệu trưởng Trường ĐH Công Nghiệp Hà Nội tại Buổi tổng két Ngoài ra, dự án còn cung cấp các nội dung hướng nghiệp và kỹ năng mềm nhằm bổ trợ và nâng cao năng lực toàn diện cho học viên. Sau một năm triển khai, Samsung Innovation Campus 2023 - 2024 đã lan tỏa tới 67 trường, bao gồm các trường THCS, THPT và Đại học ở 13 tỉnh, thành phố trên cả nước, tương ứng với 21.000 giờ học được giảng\\nnext_contents:\\n', 'content: [vjst] Đẩy mạnh hợp tác phát triển công nghệ bán dẫn và vi mạch tại Việt Nam Thứ Năm, 17:09 30/11/2023 305 Ngày 29/11/2023 tại Hà Nội, Trường Đại học Công nghiệp Hà Nội đã ký kết Thỏa thuận hợp tác nhằm đẩy mạnh hoạt động đào tạo, nghiên cứu khoa học, phát triển công nghệ bán dẫn và vi mạch tại Việt Nam với 2 doanh nghiệp là: Công ty TNHH LG Electronics Development Việt Nam (LGEDV) và Công ty TNHH LG CNS Việt Nam (LGCNS). PGS.TS Phạm Văn Đông - Phó Hiệu trưởng Trường Đại học Công nghiệp Hà Nội cho biết, Thỏa thuận hợp tác với 2 đối tác sẽ góp phần nâng cao chất lượng công tác đào tạo nguồn nhân lực ngành công nghệ thông tin cũng như hoạt động nghiên cứu - ứng dụng công nghệ của Trường và doanh nghiệp. Hiện nay, các doanh nghiệp có vốn đầu tư nước ngoài quy mô lớn đã đầu tư vào Việt Nam trong ngành công nghiệp vi mạch và bán dẫn, chính vì thế, các cơ sở đào tạo tại Việt Nam, trong đó có Trường Đại học Công nghiệp Hà Nội đang tập trung triển khai đào tạo nguồn nhân lực chất lượng cao trong lĩnh vực công nghệ bán dẫn, nhất là kỹ sư thiết kế vi mạch. Do vậy, bên cạnh việc mở rộng hợp tác trong lĩnh vực này, Nhà trường sẽ đẩy mạnh các hoạt động hợp tác trong các lĩnh vực khác như cơ khí, tự động hóa... Đại diện LGEDV và LGCNS đánh giá cao chất lượng nguồn nhân lực được Trường Đại học Công nghiệp Hà Nội đào tạo. Tuy nhiên, để nâng cao hơn nữa công tác đào tạo gắn với thực tiễn, LGEDV và LGCNS đề nghị Trường tiếp tục nghiên cứu, xúc tiến nội dung, định hướng hợp tác trong thời gian tới như: xây dựng các khóa học, mời chuyên gia nước ngoài (trong đó có Hàn Quốc) tham gia vào quá trình đào tạo tại Trường; đồng thời tiến hành tổ chức khóa đào tạo/tập huấn nhằm cập nhật những kiến thức và công nghệ mới nhất cho sinh viên… Nguồn: Tạp chí Khoa học và Công nghệ Việt Nam Thứ Năm, 17:09 30/11/2023 Tags:\\nnext_contents:\\n']","['Dự án Innovation Campus là minh chứng cho sự cam kết của Samsung trong nỗ lực thúc đẩy nguồn năng lực chất lượng cao trong lĩnh vực CNTT Từ hấp thu kiến thức đến trau dồi kỹ năng thực hành, ứng dụng, có thể thấy SIC đã mang đến cho thế hệ trẻ những trải nghiệm học tập quý giá, giúp sinh viên nâng cao năng lực công nghệ, sẵn sàng làm chủ tương lai số. Tham gia khóa học SIC là ""bệ phóng"" giúp nhiều bạn trẻ hoàn thành giấc mơ chinh phục công nghệ Thứ Tư, 13:23 30/10/2024 Tags:']","Dự án **Samsung Innovation Campus** (SIC) 2024-2025 mang lại nhiều lợi ích cho sinh viên trong lĩnh vực công nghệ thông tin, cụ thể như sau:

1. **Phát triển năng lực công nghệ cao**: Chương trình được thiết kế nhằm nâng cao kỹ năng công nghệ cốt lõi, kỹ năng mềm và kỹ năng làm việc thực tiễn cho sinh viên, giúp họ trở thành những người dẫn dắt trong cuộc Cách mạng Công nghiệp 4.0.

2. **Chứng nhận hoàn thành khóa học**: Sinh viên hoàn thành khóa học sẽ nhận được chứng nhận từ Samsung, tạo điều kiện thuận lợi cho việc tìm kiếm việc làm sau này.

3. **Cuộc thi Sáng tạo khoa học công nghệ**: Sinh viên có cơ hội tham gia vào các cuộc thi như **Innovation Tech Challenge**, giúp họ áp dụng kiến thức và kỹ năng đã học vào thực tiễn.

4. **Hình thức đào tạo linh hoạt**: Chương trình kết hợp giữa đào tạo trực tuyến (E-learning) và trực tiếp (offline), giúp sinh viên dễ dàng tiếp cận và tối ưu hóa lịch trình học tập.

5. **Cơ hội học tập cho nhiều sinh viên**: Dự kiến, chương trình sẽ mang đến cơ hội học tập cho khoảng 6.600 học sinh và sinh viên tại Việt Nam, mở rộng quy mô và nâng cao chất lượng đào tạo.

Chương trình này không chỉ giúp sinh viên nâng cao kiến thức mà còn tạo ra nhiều cơ hội thực hành và kết nối với các chuyên gia trong ngành công nghệ.

Nguồn: [Samsung khởi động Chương trình phát triển nhân tài công nghệ 2024-2025] - [**Link tham khảo**](https://fit.haui.edu.vn/vn/tin-tuc/samsung-khoi-dong-chuong-trinh-phat-trien-nhan-tai-cong-nghe-2024-2025/71163).

Nếu bạn cần thêm thông tin về các hoạt động khác của khoa công nghệ thông tin hoặc các hoạt động đoàn hội, hãy cho tôi biết!","Dự án Innovation Campus là minh chứng cho sự cam kết của Samsung trong việc thúc đẩy nguồn năng lực chất lượng cao trong lĩnh vực CNTT. Dự án này mang đến cho sinh viên những trải nghiệm học tập quý giá, giúp họ nâng cao năng lực công nghệ và sẵn sàng làm chủ tương lai số.",0.9024900944152177,0.999999999975,0.8235294117647058,1.0,1.0991020202636719,6.7912819385528564
Ủy ban Cạnh tranh Quốc gia đã tổ chức cuộc thi nào cho sinh viên và mục đích của cuộc thi đó là gì?,"['content: tâm Khảo thí Đại học Quốc gia Hà Nội công bố đề thi tham khảo bài thi đánh giá năng lực học sinh THPT (HSA). GS Nguyễn Tiến Thảo - Giám đốc Trung tâm cho hay, đề tham khảo được thiết kế phục vụ đối tượng dự thi là học sinh theo học Chương trình GDPT 2018 tham dự các đợt thi tổ chức từ năm 2025. Lãnh đạo Trung tâm Khảo thí (Đại học Quốc gia Hà Nội) cho biết, đề thi HSA có khoảng trên 75% là câu hỏi trắc nghiệm khách quan 4 lựa chọn. Điểm mới trong cấu trúc đề thi đánh giá năng lực năm 2025 sẽ bổ sung câu hỏi chùm trong tất cả phần thi, chủ đề thi. Câu hỏi chùm gồm đầu bài chung và các câu hỏi riêng phát triển đánh giá năng lực thí sinh từ cấp độ thấp đến cao. Câu hỏi chùm sẽ khai thác nguồn dữ kiện phong phú, đánh giá tư duy học sinh theo từng lĩnh vực và xuyên lĩnh vực. Đề thi tham khảo cung cấp dạng thức câu hỏi, cấu trúc bài thi để học sinh xây dựng kế hoạch học tập phù hợp yêu cầu của kỳ thi. Điểm bài thi được tính dựa trên tổng số câu trả lời đúng, các câu trả lời sai không bị trừ điểm. Trong bài thi chính thức, điểm đạt được trên máy sẽ hiện ra sau khi thí sinh kết thúc phần thi. Đa phần trường đại học sử dụng kết quả bài thi đánh giá năng lực nhận hồ sơ theo tổng số điểm bài thi. Tuy nhiên, một số trường có thể có thêm các yêu cầu về chủ đề lựa chọn ở phần thi Khoa học (phần 3). Thí sinh tìm hiểu thông tin tuyển sinh của Học viện Chính sách và Phát triển. Ảnh: Minh Phong Hiện, các phương thức tuyển sinh của Trường Đại học Công nghiệp Hà Nội khá đa dạng. TS Thân Thanh Sơn - Trưởng phòng Đào tạo nhận định, phương thức sử dụng học bạ THPT tương đối phù hợp xu hướng Chương trình GDPT 2018 và Kỳ thi tốt nghiệp THPT từ năm 2025. Trường Đại học Công nghiệp Hà Nội có 2 nhóm ngành là khối công nghệ, kỹ thuật; khối kinh tế, xã hội và nhân văn. Theo phương án thi tốt nghiệp THPT năm 2025, các ngành có sử dụng tổ hợp A01 (Toán, Vật lý, Tiếng Anh) để xét tuyển, nhà trường sẽ nghiên cứu thêm. “Với cách thi tốt nghiệp THPT từ năm 2025, chúng tôi sẽ khảo sát số lượng học\\nnext_contents:\\n- 4 môn: Toán, Ngữ văn, Tiếng Anh và 1 môn phù hợp với ngành đào tạo, 1 môn nhân hệ số. Nếu sử dụng tổ hợp 5 môn: Toán, Ngữ văn, Tiếng Anh và 2 môn phù hợp với ngành đào tạo, không nhân hệ số. Như vậy, ngoài 3 môn học bắt buộc gồm: Toán, Ngữ văn, Tiếng Anh, thí sinh có thể chọn 1 - 2 môn xét tuyển phù hợp với ngành đào tạo bao gồm: Vật lý, Hóa học, Sinh học, Địa lý, Lịch sử, Công nghệ, Tin học. Trường Đại học Kinh tế Quốc dân (Hà Nội) công bố phương hướng tuyển sinh đại học chính quy năm 2025. Theo đó, nhà trường vẫn giữ 3 phương thức xét tuyển gồm: Xét tuyển thẳng; xét tuyển kết hợp và xét tuyển theo kết quả thi tốt nghiệp THPT năm 2025. Riêng với phương thức xét tuyển theo kết quả thi tốt nghiệp THPT năm 2025, dự kiến, chỉ tiêu cho phương thức này chiếm 15% tổng chỉ tiêu và theo mã tuyển sinh. Điểm trúng tuyển theo mã tuyển sinh; không có chênh lệch điểm giữa các tổ hợp xét tuyển, không có tiêu chí phụ. GS.TS Phạm Hồng Chương - Hiệu trưởng Trường Đại học Kinh tế Quốc dân cho biết, nhà trường dự kiến không sử dụng các tổ hợp xét tuyển: B00 (Toán - Hóa học - Sinh học), C03 (Ngữ Văn - Toán - Lịch sử), C04 (Ngữ văn - Toán - Địa lý), D09 (Toán - Tiếng Anh - Lịch sử), D10 (Toán - Tiếng Anh - Địa lý). Thay vào đó, trường sẽ áp dụng 4 tổ hợp gồm: A00 (Toán - Vật lý - Hóa học), A01 (Toán - Vật lý - Tiếng Anh), D01 (Toán - Ngữ văn - Tiếng Anh), D07 (Toán - Hóa học - Tiếng Anh). Thí sinh dự thi đánh giá năng lực của Đại học Quốc gia Hà Nội. Ảnh: VNU Chủ động bắt nhịp Đầu tháng 8, Trung tâm Khảo thí Đại học Quốc gia Hà Nội công bố đề thi tham khảo bài thi đánh giá năng lực học sinh THPT (HSA). GS Nguyễn Tiến Thảo - Giám đốc Trung tâm cho hay, đề tham khảo được thiết kế phục vụ đối tượng dự thi là học sinh theo học Chương trình GDPT 2018 tham dự các đợt thi tổ chức từ năm 2025. Lãnh đạo Trung tâm Khảo thí (Đại học Quốc gia Hà Nội) cho biết, đề thi HSA có khoảng trên 75% là câu hỏi trắc nghiệm khách quan 4 lựa chọn. Điểm mới trong cấu trúc đề thi đánh giá năng lực năm 2025 sẽ bổ\\n', 'content: huống, năng khiếu nghệ thuật trước Ban Giám khảo và khán giả thông qua 3 phần thi: Tài năng; Kiến thức và Trình diễn tình huống tuyên truyền. Tương tự, 3 đội thi của vòng chung kết Cuộc thi “Người tiêu dùng trẻ trong thương mại điện tử” năm 2024 cũng tham gia tranh tài tại 3 phần thi: Nhận diện “Người tiêu dùng Gen Z”; Chung sức; và Góc nhìn Gen Z để lựa chọn ra đội chiến thắng có tổng số điểm cuối cùng cao nhất. Điểm đặc biệt thú vị trong cuộc thi năm nay là các đội thi sẽ tham gia trả lời tình huống về bảo vệ quyền lợi người tiêu dùng thông qua tình huống thực tế mô phỏng buổi livestream của streamer nổi tiếng PewPew Hoàng Văn Khoa ngay tại sân khấu của vòng chung kết. Kết quả chung cuộc hội thi ""Tuyền truyền pháp luật bảo vệ quyền lợi người tiêu dùng năm 2024"", giải nhất thuộc về Tổng cục Quản lý thị trường; giải nhì Học viện Báo chí và Tuyên truyền; giải ba là Công ty CP Phương tiện điện Thông minh Selex (Selex Motors). Chung cuộc cuộc thi “Người tiêu dùng trẻ trong thương mại điện tử” năm 2024, giải nhất Trường Đại học Thương mại; giải nhì Trường Đại học Công nghiệp Hà Nội; giải ba Trường Đại học Kinh tế - Kỹ thuật Công nghiệp. Đánh giá về hiệu ứng của hai cuộc thi, ông Tạ Đình Thi, Phó Chủ nhiệm Ủy ban Khoa học công nghệ và Môi trường của Quốc hội, cho rằng những hoạt động này của Bộ Công Thương đã đưa công tác phổ biến, giáo dục pháp luật trở thành hoạt động thường xuyên, hấp dẫn, sáng tạo và hiệu quả phổ cập rộng và sâu. Đồng thời đáp ứng nhu cầu tìm hiểu pháp luật về bảo vệ quyền lợi người tiêu dùng của công chúng, đặc biệt là nhóm người tiêu dùng trẻ (đối tượng tiêu dùng chính hiện nay và trong tương lai), cũng như khuyến khích, khơi dậy những tiềm năng và khát vọng của những người tiêu dùng trẻ trong việc đóng góp vào việc xây dựng một môi trường kinh doanh, tiêu dùng lành mạnh và bền vững ở Việt Nam. Nguồn: VnEconomy Thứ Hai, 08:37 16/12/2024 Tags:\\nnext_contents:\\n- thương mại điện tử” với đối tượng tham gia là học sinh, sinh viên; người lao động tại các Hội Bảo vệ người tiêu dùng, hiệp hội ngành hàng, tổ chức công đoàn; câu lạc bộ trong các cơ sở giáo dục; cơ sở kinh doanh;... các tỉnh, thành phố trên cả nước. Ông Lê Triệu Dũng nhấn mạnh: ""Bảo vệ người tiêu dùng là trách nhiệm chung của toàn xã hội. Do đó, việc tìm hiểu và tự trang bị kiến thức cần thiết nhằm bảo vệ quyền và lợi ích hợp pháp của bản thân trên cương vị người tiêu dùng là một việc làm cần thiết, không chỉ với mỗi cá nhân mà với cả cộng đồng xã hội"". Theo thông tin từ ban tổ chức, trước khi bước vào vòng chung kết, hai cuộc thi đã thu hút hàng chục ngàn người tham gia ở vòng sơ kết. Hội thi “Tuyên truyền về pháp luật bảo vệ quyền lợi người tiêu dùng” đã thu hút gần 16.000 lượt tiếp cận, hơn 6.500 lượt người tham gia theo hình thức trực tuyến. Trong đó, hơn 75% lượt người tham gia có hiểu biết rõ về những kiến thức pháp luật bảo vệ quyền lợi người tiêu dùng. Cuộc thi “Người tiêu dùng trẻ trong thương mại điện tử” tiếp cận được gần 11.000 lượt người tiêu dùng Gen Z và hơn 2.000 lượt chia sẻ trên các kênh truyền thông hiện đại. Tại vòng chung kết Hội thi Tuyên truyền về pháp luật bảo vệ quyền lợi người tiêu dùng năm 2024, các đội thi hoá thân thành các tuyên truyền viên trong các vai: hot tiktoker, thủ lĩnh đoàn thể, chủ doanh nghiệp,… để phố biến kiến thức pháp luật bảo vệ người tiêu dùng cho cộng đồng. Các đội thi thể hiện khả năng xây dựng ý trưởng tuyên truyền, xử lý tình huống, năng khiếu nghệ thuật trước Ban Giám khảo và khán giả thông qua 3 phần thi: Tài năng; Kiến thức và Trình diễn tình huống tuyên truyền. Tương tự, 3 đội thi của vòng chung kết Cuộc thi “Người tiêu dùng trẻ trong thương mại điện tử” năm 2024 cũng tham gia tranh tài tại 3 phần thi: Nhận diện “Người tiêu dùng Gen Z”; Chung sức; và Góc nhìn Gen Z để lựa chọn ra đội chiến thắng có tổng số điểm cuối cùng cao nhất. Điểm đặc biệt thú vị trong cuộc thi năm nay là các đội thi sẽ tham gia trả lời\\n', 'content: thức 4: Xét tuyển dựa trên kết quả học tập ở bậc học THPT. - Phương thức 5: Xét tuyển dựa trên kết quả kỳ thi đánh giá năng lực năm 2024 do Đại học Quốc gia Hà Nội tổ chức. - Phương thức 6: Xét tuyển dựa trên kết quả thi đánh kỳ thi giá tư duy năm 2024 do Đại học Bách khoa Hà Nội tổ chức. 2.1.4. Chỉ tiêu tuyển sinh: Tổng chỉ tiêu 7.650 được phân bổ cho 6 phương thức xét tuyển. 2.1.4.1. Chỉ tiêu tuyển sinh Phương thức 1 - Tuyển thẳng đối với thí sinh đủ điều kiện theo quy định tại Thông tư số 08/2022/TT-BGDĐT ngày 06/06/2022 của Bộ trưởng Bộ Giáo dục và Đào tạo, cụ thể: Anh hùng lao động, Anh hùng lực lượng vũ trang nhân dân, Chiến sĩ thi đua toàn quốc; Thí sinh đoạt giải nhất, nhì, ba trong kỳ thi chọn học sinh giỏi quốc gia, quốc tế hoặc thi khoa học, kỹ thuật cấp quốc gia, quốc tế do Bộ GDĐT tổ chức, cử tham gia; Thí sinh đoạt giải nhất, nhì, ba trong các kỳ thi tay nghề khu vực ASEAN và thi tay nghề quốc tế do Bộ Lao động - Thương binh và Xã hội cử đi; thời gian đoạt giải không quá 3 năm tính tới thời điểm xét tuyển thẳng. - Theo quy định tại Thông tư số 44/2021/TT-BGDĐT ngày 31/12/2021 của Bộ trưởng Bộ Giáo dục và Đào tạo: Nhà trường thống nhất với các trường Dự bị Đại học về chỉ tiêu theo quy chế tuyển sinh, bồi dưỡng dự bị đại học. Dự kiến chỉ tiêu tại Phụ lục 3. 2.1.4.2. Chỉ tiêu tuyển sinh Phương thức 2 TT Trình độ đào tạo Mã ngành/ nhóm ngành xét tuyển Tên ngành/ chương trình đào tạo/ nhóm ngành xét tuyển Mã phương thức xét tuyển Tên phương thức xét tuyển Chỉ tiêu Tổ hợp xét tuyển [1] 1 Tổ hợp xét tuyển 2 Tổ hợp xét tuyển 3 Tổ hợp xét tuyển 4 Tổ hợp môn Môn chính Tổ hợp môn Môn chính Tổ hợp môn Môn chính Tổ hợp môn Môn chính (1) (2) (3) (4) (5) (6) (7) (8) (9) (10) (11) (12) (13) (14) (15) 1 ĐH 7210404 Thiết kế thời trang 410 Phương thức 2 5 A00 A01 D01 D14 2 ĐH 7220201 Ngôn ngữ Anh 410 Phương thức 2 20 D01 3 ĐH 7220204 Ngôn ngữ Trung Quốc 410 Phương thức 2 20 D04 D01 4 ĐH 7220204LK Ngôn ngữ Trung Quốc (Chương trình liên kết đào tạo 2+2 với ĐH Khoa học kỹ\\nnext_contents:\\n- 1.10.2.3. Thống kê về học liệu (giáo trình, học liệu, tài liệu, sách tham khảo…sách, tạp chí, kể cả e-book, cơ sở dữ liệu điện tử) trong thư viện TT Lĩnh vực Số lượng (đầu sách/quyển) 1 Nghệ thuật 4.471 2 Nhân văn 16.366 3 Khoa học xã hội và hành vi 8.105 4 Báo chí và thông tin 586 5 Kinh doanh và quản lý 21.843 6 Máy tính và công nghệ thông tin 19.675 7 Công nghệ kỹ thuật 59.098 8 Kỹ thuật 4.057 9 Sản xuất và chế biến 8.301 10 Sức khỏe 2181 11 Du lịch, khách sạn, thể thao và dịch vụ cá nhân 2.744 12 Khoa học tự nhiên 5.446 13 Toán và thống kê 4.753 Tổng 157.626 1.10.3. Danh sách giảng viên: Danh sách giảng viên toàn thời gian tại Phụ lục 2 Danh sách giảng viên công khai tại: https://tuyensinh.haui.edu.vn/dai-hoc/de-an-tuyen-sinh-dai-hoc 1.11. Đề án tuyển sinh công khai tại: https:// tuyensinh.haui.edu.vn/dai-hoc/de-an-tuyen-sinh-dai-hoc 1.12. Quy chế tuyển sinh công khai tại : https://tuyensinh.haui.edu.vn/dai-hoc/quy-che-tuyen-sinh-dai-hoc II. TUYỂN SINH ĐÀO TẠO CHÍNH QUY 2.1. Tuyển sinh đại học chính quy 2.1.1. Đối tượng, điều kiện tuyển sinh: Thí sinh tốt nghiệp THPT hoặc tương đương. 2.1.2. Phạm vi tuyển sinh: Trong nước và quốc tế. 2.1.3. Phương thức tuyển sinh (thi tuyển, xét tuyển hoặc kết hợp thi tuyển và xét tuyển). - Phương thức 1: Xét tuyển thẳng theo quy định của BGD&ĐT. - Phương thức 2: Xét tuyển thí sinh đoạt giải học sinh giỏi cấp tỉnh/thành phố, thí sinh có chứng chỉ quốc tế. - Phương thức 3: Xét tuyển dựa trên kết quả thi tốt nghiệp THPT năm 2024. - Phương thức 4: Xét tuyển dựa trên kết quả học tập ở bậc học THPT. - Phương thức 5: Xét tuyển dựa trên kết quả kỳ thi đánh giá năng lực năm 2024 do Đại học Quốc gia Hà Nội tổ chức. - Phương thức 6: Xét tuyển dựa trên kết quả thi đánh kỳ thi giá tư duy năm 2024 do Đại học Bách khoa Hà Nội tổ chức. 2.1.4. Chỉ tiêu tuyển sinh: Tổng chỉ tiêu 7.650 được phân bổ cho 6 phương thức xét tuyển. 2.1.4.1. Chỉ tiêu tuyển sinh Phương thức 1 - Tuyển thẳng đối với thí sinh đủ điều kiện theo quy định tại Thông tư số\\n', 'content: Sinh viên Đại học Công nghiệp Hà Nội tranh tài tại Chung kết cuộc thi Thử thách lập nghiệp năm 2019 Thứ Tư, 20:07 25/12/2019 3051 Ngày 25/12/2019, Đoàn Thanh niên - Hội Sinh viên trường Đại học Công nghiệp Hà Nội tổ chức cuộc thi “Thử thách lập nghiệp năm 2019”. Trải qua vòng thi sơ loại, 10 dự án xuất sắc nhất tham gia vào vòng chung kết. Toàn cảnh Chung kết cuộc thi “Thử thách lập nghiệp năm 2019” Cuộc thi nhằm tạo sân chơi lành mạnh, bổ ích giúp đoàn viên, thanh niên vận dụng linh hoạt các kiến thức đã học vào thực tiễn, đồng thời khơi dậy những ý tưởng cũng như giúp sinh viên có kế hoạch triển khai ý tưởng khởi nghiệp trong tương lai. Thông qua cuộc thi, Đoàn TN - Hội sinh viên nhà trường mong muốn thúc đẩy tinh thần học tập, nghiên cứu khoa học và lập nghiệp đối với sinh viên toàn trường. “Thử thách lập nghiệp 2019” không chỉ là cuộc thi về các ý tưởng khởi nghiệp, sáng tạo trong sinh viên mà còn là môi trường để sinh viên được trang bị những kỹ năng làm việc, kỹ năng, phân tích, đánh giá hoạch định chiến lược kinh doanh, được đào sâu kiến thức chuyên môn để áp dụng vào thực tiễn, giải quyết các vấn đề xã hội. Ngoài ra, các bạn sinh viên được giao lưu, học hỏi những kinh nghiệm từ thầy cô, chuyên gia, bạn bè để có thể hiện thực hóa ước của bản thân. Các vị đại biểu, Ban giám khảo tham dự chương trình đầy ý nghĩa dành cho sinh viên Đại học Công nghiệp Hà Nội Tại vòng chung kết, 10 đội thi đã trình bày những mô hình, giải pháp độc đáo mang lại giá trị cho nhà đầu tư và người sử dụng. Các sản phẩm tham dự vòng chung kết được đánh giá là có nhiều tiềm năng để ứng dụng vào cuộc sống cũng như mang lại nhiều giá trị thiết thực như: ứng dụng gọi xe đường dài GoWhere, hệ thống chăm sóc cây tự động GAF, đất nén dinh dưỡng CDH, màng bọc thực phẩm tiêu chuẩn Chitotom, hệ thống chăm sóc thanh long FOHA… Theo Ban Tổ chức, Chung kết cuộc thi “Thử thách lập nghiệp năm 2019” gồm 02 vòng thi. Tại vòng 1, các đội trình bày các dự án của đội mình, thời gian trình bày dự án trong\\nnext_contents:\\n', 'content: Sinh viên Khoa Công nghệ thông tin đạt giải tại Cuộc thi “Sinh viên thông thái 2024” Ngày 25/11/2024, chung kết cuộc thi Sinh viên thông thái 2024 với chủ đề: “Tìm hiểu pháp luật quản lý hoạt động kinh doanh theo phương thức đa cấp” đã diễn ra tại Đại học Kinh tế Quốc dân, Hà Nội. Đội thi Trường ĐH Công Nghiệp Hà Nội lọt vào vòng chung kết ""Sinh viên thông thái 2024"" Đây là cuộc thi do Ủy ban Cạnh tranh Quốc gia phối hợp với Vụ Pháp chế, Bộ Công Thương chủ trì tổ chức thực hiện. Cuộc thi nhằm phổ biến, tuyên truyền rộng rãi và nâng cao kiến thức, hiểu biết đúng đắn của sinh viên về hoạt động bán hàng đa cấp và và tầm quan trọng của công tác quản lý hoạt động kinh doanh theo phương thức đa cấp. Qua đó, góp phần tích cực trong việc bảo vệ cộng đồng, phòng chống hoạt động bán hàng đa cấp bất chính, xây dựng ngành bán hàng đa cấp trong sạch đảm bảo quyền và lợi ích cho người dân nói chung và sinh viên nói riêng. Phần thi giới thiệu của Đội thi Trường ĐH Công Nghiệp Hà Nội Đối tượng tham gia là sinh viên các trường đại học, cao đẳng khu vực phía Bắc. Nội dung thi gồm: Tìm hiểu các quy định của pháp luật liên quan đến hoạt động kinh doanh theo phương thức đa cấp và quản lý hoạt động kinh doanh theo phương thức đa cấp; xử lý các tình huống giả định có liên quan tới hoạt động kinh doanh theo phương thức đa cấp; phòng chống đa cấp bất chính; đề xuất các giải pháp nhằm nâng cao hiệu quả thực thi pháp luật quản lý hoạt động kinh doanh theo phương thức đa cấp; tuyên truyền, cảnh báo các dấu hiệu đa cấp bất chính… Phần thi Tiểu phẩm của Đội thi Trường ĐH Công Nghiệp Hà Nội Với 3 phần thi giới thiệu - tiểu phẩm - hùng biện, Sinh viên Lê Văn Thọ lớp ĐH CN Đa phương tiện Khóa 18 và sinh viên Trần Đức Quân lớp ĐH CNTT1 Khóa 18 thuộc Đội thi Trường Đại học Công Nghiệp Hà Nội đã trổ tài tranh biện với những lập luận sắc bén và phản biện thông minh để thuyết phục ban giám khảo là những chuyên gia uy tín hàng đầu về Luật Cạnh tranh và bảo vệ người tiêu dùng. Phần thi hùng biện của Đội\\nnext_contents:\\n']","['Sinh viên Khoa Công nghệ thông tin đạt giải tại Cuộc thi “Sinh viên thông thái 2024” Ngày 25/11/2024, chung kết cuộc thi Sinh viên thông thái 2024 với chủ đề: “Tìm hiểu pháp luật quản lý hoạt động kinh doanh theo phương thức đa cấp” đã diễn ra tại Đại học Kinh tế Quốc dân, Hà Nội. Đội thi Trường ĐH Công Nghiệp Hà Nội lọt vào vòng chung kết ""Sinh viên thông thái 2024"" Đây là cuộc thi do Ủy ban Cạnh tranh Quốc gia phối hợp với Vụ Pháp chế, Bộ Công Thương chủ trì tổ chức thực hiện. Cuộc thi nhằm phổ biến, tuyên truyền rộng rãi và nâng cao kiến thức, hiểu biết đúng đắn của sinh viên về hoạt động bán hàng đa cấp và và tầm quan trọng của công tác quản lý hoạt động kinh doanh theo phương thức đa cấp. Qua đó, góp phần tích cực trong việc bảo vệ cộng đồng, phòng chống hoạt động bán hàng đa cấp bất chính, xây dựng ngành bán hàng đa cấp trong sạch đảm bảo quyền và lợi ích cho người dân nói chung và sinh viên nói riêng. Phần thi giới thiệu của Đội thi Trường ĐH Công Nghiệp Hà Nội Đối tượng tham gia là sinh viên các trường đại học, cao đẳng khu vực phía Bắc. Nội dung thi gồm: Tìm hiểu các quy định của pháp luật liên quan đến hoạt động kinh doanh theo phương thức đa cấp và quản lý hoạt động kinh doanh theo phương thức đa cấp; xử lý các tình huống giả định có liên quan tới hoạt động kinh doanh theo phương thức đa cấp; phòng chống đa cấp bất chính; đề xuất các giải pháp nhằm nâng cao hiệu quả thực thi pháp luật quản lý hoạt động kinh doanh theo phương thức đa cấp; tuyên truyền, cảnh báo các dấu hiệu đa cấp bất chính… Phần thi Tiểu phẩm của Đội thi Trường ĐH Công Nghiệp Hà Nội Với 3 phần thi giới thiệu - tiểu phẩm - hùng biện, Sinh viên Lê Văn Thọ lớp ĐH CN Đa phương tiện Khóa 18 và sinh viên Trần Đức Quân lớp ĐH CNTT1 Khóa 18 thuộc Đội thi Trường Đại học Công Nghiệp Hà Nội đã trổ tài tranh biện với những lập luận sắc bén và phản biện thông minh để thuyết phục ban giám khảo là những chuyên gia uy tín hàng đầu về Luật Cạnh tranh và bảo vệ người tiêu dùng. Phần thi hùng biện của Đội thi Trường ĐH Công Nghiệp Hà Nội. Sinh viên Lê Văn Thọ và Trần Đức Quân (đứng giữa) Khoa Công nghệ thông tin đang thể hiện phần thi Đội thi Trường Đại học Công Nghiệp Hà Nội đã chuẩn bị cẩn thận, kỹ lưỡng ngay từ khi tổng duyệt đến từng phần thi. Những giọt nước mắt hạnh phúc đã rơi cùng với những cái ôm thật chặt, niềm vui sướng và tự hào vô bờ bến của toàn đội sau hành trình hai tháng đầy nỗ lực và thử thách, tập luyện mỗi ngày.']","Trường Đại học Công nghiệp Hà Nội và Khoa Công nghệ thông tin có nhiều hoạt động khóa và hoạt động đoàn hội nhằm tạo môi trường học tập và phát triển cho sinh viên. Dưới đây là một số thông tin liên quan đến các hoạt động này:

### Hoạt động khóa
1. **Cuộc thi ""Thử thách lập nghiệp năm 2019""**:
   - Được tổ chức bởi Đoàn Thanh niên - Hội Sinh viên trường.
   - Mục đích: Tạo sân chơi cho sinh viên vận dụng kiến thức vào thực tiễn, khơi dậy ý tưởng khởi nghiệp và giúp sinh viên lập kế hoạch triển khai ý tưởng khởi nghiệp trong tương lai.
   - Cuộc thi cũng nhằm thúc đẩy tinh thần học tập, nghiên cứu khoa học và lập nghiệp trong sinh viên.

### Hoạt động đoàn hội
1. **Cuộc thi ""Sinh viên thông thái 2024""**:
   - Được tổ chức bởi Ủy ban Cạnh tranh Quốc gia phối hợp với Vụ Pháp chế, Bộ Công Thương.
   - Mục đích: Nâng cao kiến thức và hiểu biết của sinh viên về hoạt động bán hàng đa cấp, quản lý hoạt động kinh doanh theo phương thức đa cấp, và phòng chống hoạt động bán hàng đa cấp bất chính.
   - Nội dung thi bao gồm tìm hiểu quy định pháp luật, xử lý tình huống giả định và đề xuất giải pháp nâng cao hiệu quả thực thi pháp luật.

### Thông tin thêm
- Cuộc thi ""Sinh viên thông thái 2024"" diễn ra từ ngày 25/10/2024 đến hết ngày 31/10/2024, với hình thức thi trắc nghiệm trực tuyến.

Nếu bạn cần thêm thông tin về các hoạt động khác hoặc có câu hỏi cụ thể hơn, hãy cho tôi biết! 

[Thông báo phát động tham gia cuộc thi ""Sinh viên thông thái 2024""] - [**Link tham khảo**](https://fit.haui.edu.vn/vn/thong-bao/thong-bao-phat-dong-tham-gia-cuoc-thi-sinh-vien-thong-thai-2024/71113).  
[Sinh viên Đại học Công nghiệp Hà Nội tranh tài tại Chung kết cuộc thi Thử thách lập nghiệp năm 2019] - [**Link tham khảo**](https://www.haui.edu.vn/vn/tin-tuc/sinh-vien-dai-hoc-cong-nghiep-ha-noi-tranh-tai-tai-chung-ket-cuoc-thi-thu-thach-lap-nghiep-nam-2019/62575).","Ủy ban Cạnh tranh Quốc gia đã phối hợp với Vụ Pháp chế, Bộ Công Thương tổ chức cuộc thi “Sinh viên thông thái 2024”. Mục đích của cuộc thi là nhằm phổ biến, tuyên truyền rộng rãi và nâng cao kiến thức, hiểu biết đúng đắn của sinh viên về hoạt động bán hàng đa cấp và tầm quan trọng của công tác quản lý hoạt động kinh doanh theo phương thức đa cấp.",0.8210675709348139,0.19999999998,0.7307692307692307,1.0,1.1370701789855957,13.65575909614563
Trường Đại học Công nghiệp Hà Nội có đạt giải gì trong cuộc thi Sinh viên thông thái 2024 không và chủ đề của cuộc thi là gì?,"['content: Trường Đại học Công Nghiệp Hà Nội vinh dự đăng cai tổ chức Kỳ thi Olympic Tin học Sinh viên Việt Nam lần thứ 33 (OLP’24) và Kỳ thi lập trình sinh viên Quốc tế ICPC ASIA 2024 Trường Đại học Công Nghiệp Hà Nội (HaUI) sẽ tiếp nhận đăng cai tổ chức Kỳ thi Olympic Tin học Sinh viên Việt Nam lần thứ 33 (OLP’24) và Kỳ thi lập trình sinh viên Quốc tế ICPC ASIA 2024. Đây bước ngoặt đánh dấu sự phát triển vững mạnh của Trường ĐH Công Nghiệp Hà Nội trong đào tạo khối ngành Công nghệ, khẳng định vị thế Nhà trường trong cộng đồng giáo dục Việt Nam. Đây không chỉ là niềm tự hào đối với thầy trò Khoa Công nghệ thông tin, mà còn khẳng định vị thế của Nhà trường trong đào tạo khối ngành Công nghệ thông tin trên cả nước. Việc đăng cai tổ chức còn là cơ hội để Nhà trường mở rộng hợp tác và phát triển với các trường đại học trong và ngoài nước, cải tiến chương trình đào tạo phù hợp với nhu cầu thực tiễn, học hỏi các công nghệ hàng đầu trong nền giáo dục để ứng dụng trong phát triển đội ngũ Nhà trường. Cuộc thi còn là cơ hội để sinh viên Nhà trường kết nối với bạn bè trong nước và quốc tế, giao lưu, học hỏi kiến thức, kỹ năng, kinh nghiệm về ngành IT trong xu thế phát triển của xã hội. Từ đó, giúp các bạn nâng cao nhận thức về vai trò của công nghệ thông tin trong đời sống xã hội, khuyến khích đổi mới sáng tạo trong giáo dục. 1. MỤC ĐÍCH - Tạo điều kiện cho Sinh viên tự nghiên cứu sáng tạo, nâng cao kỹ năng làm việc theo nhóm, hội nhập các tiêu chuẩn quốc tế của sinh viên trong lĩnh vực Công nghệ Thông tin ở các trường Đại học và Cao đẳng Việt Nam và các nước trong Khu vực Châu Á. - Làm cầu nối để các Trường Đại học và Cao đẳng Việt Nam và các nước trong khu vực Châu Á kết nối giao lưu và hợp tác. - Quảng bá, giới thiệu hình ảnh Trường Đại học Công Nghiệp Hà Nội tới bạn bè trong nước và quốc tế. 2. THỜI GIAN, ĐỊA ĐIỂM - Thời gian: từ ngày 10 đến13 tháng 12 năm 2024. - Địa điểm: Trường Đại học Công nghiệp Hà Nội, Số 298 Đường Cầu Diễn, Quận Bắc Từ Liêm, Hà Nội. - Hình thức tổ chức: Trực\\nnext_contents:\\n', 'content: Sinh viên Khoa Công nghệ thông tin ghi thành tích nổi bật tại Olympic Tin học sinh viên Việt Nam lần thứ 33 và Kỳ thi Lập trình ICPC ASIA Hà Nội năm 2024 Sinh viên Khoa Công nghệ thông tin (FIT) Trường Đại học Công Nghiệp Hà Nội (HaUI) vừa ghi dấu ấn đáng tự hào khi đạt nhiều giải thưởng tại Cuộc thi Olympic Tin học sinh viên Việt Nam lần thứ 33 - PROCON VIETNAM, Kỳ thi Lập trình ICPC ASIA Hà Nội năm 2024 khẳng định vị thế của Nhà trường trong đào tạo lĩnh vực công nghệ thông tin. Diễn ra từ ngày 10-13/12 tại Hà Nội, Olympic Tin học sinh viên Việt Nam lần thứ 33 thu hút sự tham gia của 87 trường Đại học, Cao đẳng và Học viện trên cả nước. Có 108 sinh viên thi đấu ở khối Siêu Cup, 235 sinh viên khối Chuyên Tin, 95 sinh viên khối Không chuyên Tin, 02 sinh viên khối Cao đẳng, 18 đội tuyển với 51 sinh viên ở khối Phần mềm nguồn mở và 20 đội tuyển với 43 sinh viên tham gia PROCON Việt Nam. Đoàn giảng viên và sinh viên Khoa CNTT-HaUI tham gia Olympic Tin học sinh viên Việt Nam lần thứ 33 Tham gia tranh tài, sinh viên FIT-HaUI đã tỏa sáng với nhiều thành tích ấn tượng gồm: 01 giải Nhì thuộc khối Chuyên Tin, 02 giải Nhì Procon Việt Nam, 01 giải Ba và 01 giải Khuyến khích khối không Chuyên tin, 02 giải Khuyến khích Khối thi Phần mềm nguồn mở, 01 giải Khuyến khíc ICPC Quốc gia. Đặc biệt, TS. Phạm Văn Hà - Phó Trưởng khoa Công nghệ thông tin Trường Đại học Công Nghiệp Hà Nội vinh dự được Liên hiệp các Hội Khoa học và Kỹ thuật Việt Nam trao tặng Bằng khen vì đã có thành tích xuất sắc trong công tác tổ chức và bồi dưỡng sinh viên tham dự các Kỳ thi Olympic Tin học sinh viên Việt Nam và Kỳ thi Lập trình sinh viên quốc tế ICPC. Những thành tích đạt được không chỉ là niềm tự hào mà còn là minh chứng rõ nét cho sự nỗ lực, quyết tâm của đội ngũ giảng viên và sinh viên Khoa CNTT trên hành trình khẳng định tầm vóc của Trường Đại học Công Nghiệp Hà Nội trong việc đào tạo nguồn nhân lực chất lượng cao, đáp ứng xu thế phát triển của khoa học công nghệ thời đại mới. Thứ Hai, 11:30\\nnext_contents:\\n', 'content: Đội tuyển sinh viên Khoa CNTT Trường Đại học Công Nghiệp Hà Nội xuất sắc đạt giải Ba Kỳ thi Lập trình ICPC Northern Vietnam 2024 Tại Cuộc thi Lập trình ICPC miền Bắc năm 2024 (ICPC Northern-2024) do Trường Đại học Công Nghiệp Hà Nội đăng cai, Đội HaUI.Wise_Owls của Trường ĐH Công Nghiệp Hà Nội gồm 03 sinh viên (SV): Nguyễn Duy Tuấn Anh CNTT1-K17, Nguyễn Viết Vượng KHMT1-K16, Nguyễn Huy Hoàng KHMT2-K18, đã xuất sắc đạt giải Ba với thành tích giải được 5/12 bài. Kết quả tại ICPC Northern-2024 tiếp tục khẳng định thuyết phục uy tín, học hiệu của Trường ĐH Công Nghiệp Hà Nội cũng như các trường thành viên, hướng tới các cuộc thi quốc gia, quốc tế Kết quả này tiếp tục khẳng định thuyết phục uy tín, chất lượng đào tạo nói chung, Khoa Công nghệ thông tin Trường ĐH Công Nghiệp Hà Nội nói riêng cũng như các trường ĐH thành viên mà cánh chim đầu đàn là Trường ĐH Công Nghiệp Hà Nội không những đạt thành tích xuất sắc năm nay mà năm 2023 đạt Top 4 Procon tại Nhật Bản, giải Nhất tại cuộc thi Procon Việt Nam, giải Nhì khối chuyên Tin trong cuộc thi Olympic Tin học SV Việt Nam, giải Ba ICPC Quốc gia. Đây là tiền đề quan trọng để các đội thi SV Khoa Công nghệ thông tin Trường Đại học Công Nghiệp Hà Nội tiếp tục chuẩn bị, hướng tới những thành công lớn hơn tại các sân chơi tầm vóc quốc gia, quốc tế, góp phần tỏa sáng truyền thông, học hiệu Trường Đại học Công Nghiệp Hà Nội. Thứ Tư, 14:52 30/10/2024 Tags:\\nnext_contents:\\n', 'content: Sinh viên HaUI đạt thành tích cao tại Cuộc thi Olympic Tin học sinh viên Việt Nam lần thứ 30 Tiếp nối truyền thống ham học hỏi từ những thế hệ đi trước. Năm 2022, sinh viên Khoa Công nghệ thông tin Trường Đại học Công Nghiệp Hà Nội đã gặt hái được nhiều thành tích tại kỳ thi Olympic Tin học sinh viên Việt Nam lần thứ 30 và kỳ thi lập trình sinh viên quốc tế ICPC Asia Hanoi Đội tuyển sinh viên khoa Công nghệ thông tin, Đại học Công nghiệp Hà Nội xuất sắc đạt 01 giải Nhất, 03 giải Nhì, 04 giải Ba, 01 giải Khuyến khích tại cuộc thi Olympic Tin học sinh viên Việt Nam (OLP) lần thứ 30, Procon và Lập trình sinh viên quốc tế ICPC Asia Hanoi 2021 vừa diễn ra tại Hà Nội từ ngày 22 - 25/3/2022. Thầy và trò đội tuyển Olympic Tin học Đại học Công nghiệp Hà Nội Cuộc thi do Bộ Giáo dục và Đào tạo, Hội Tin học Việt Nam và Hội Sinh viên Việt Nam phối hợp tổ chức với sự đăng cai của trường đại học FPT Hà Nội. Sự kiện quy tụ gần 700 sinh viên đến từ 67 trường đại học và cao đẳng cả nước với 68 sinh viên dự thi khối Siêu Cup, 171 sinh viên khối Chuyên Tin, 114 sinh viên khối không chuyên tin, 9 sinh viên Khối cao đẳng, 27 sinh viên dự khối Phần mềm nguồn mở, 46 sinh viên tham dự PROCON Việt Nam và 126 đội tuyển với 378 sinh viên tham dự khối ICPC Asia Hanoi 2021. Đội tuyển OLP Tin học Đại học Công nghiệp Hà Nội với sự tham dự của 15 sinh viên tranh tài ở các nội dung sau: Cá nhân siêu cúp (02 sinh viên), Olympic cá nhân chuyên tin (03 sinh viên), Olympic cá nhân không chuyên tin (03 sinh viên), Procon Việt Nam (03 đội, mỗi đội gồm 03 thành viên), Lập trình sinh viên quốc tế ICPC (03 đội, mỗi đội gồm 03 thành viên). Sinh viên Đại học Công nghiệp Hà Nội trong phần thi Procon Với sự chuẩn bị, tập luyện, ý chí quyết tâm cao, sau 04 ngày tranh tài, sinh viên Đại học Công nghiệp Hà Nội xuất sắc đạt 01 giải Nhất, 03 giải Nhì, 04 giải Ba, 01 giải Khuyến khích, cụ thể: 1. Olympic tin học sinh viên - 01 giải Nhì Olympic khối chuyên tin: Tô Văn Sang - Lớp CNTT02-K14 - 01 giải Nhì Olympic khối\\nnext_contents:\\n', 'content: [kinhtemoitruong] Việt Nam giành 2 Huy chương Vàng tại ICPC Asia Hanoi 2024 Thứ Bảy, 11:38 14/12/2024 17 Olympic Tin học Sinh viên Việt Nam lần thứ 33 (OLP’24), Procon và Kỳ thi lập trình sinh viên quốc tế ICPC Asia Hanoi 2024 đã thành công tốt đẹp. Olympic Tin học Sinh viên Việt Nam lần thứ 33 (OLP’24), Procon và Kỳ thi lập trình sinh viên quốc tế ICPC Asia Hanoi 2024 do Trường Đại học Công nghiệp Hà Nội đăng cai tổ chức từ 10 – 13/12 đã thành công tốt đẹp. Chung cuộc, Vô địch Siêu CUP OLP’24 thuộc về Nguyễn Đức Thắng (Trường Đại học Kinh tế Quốc dân Hà Nội. Đội tuyển HCMUS-AtCoder đến từ Đại học Khoa học tự nhiên – ĐHQG TP.HCM là đội có rank cao nhất của Việt Nam và ngôi Vô địch ICPC Asia Hanoi 2024 thuộc về đội fruit_advantages (Đại học Quốc gia Đài Loan). Diễn ra xuyên suốt 32 năm, Olympic Tin học Sinh viên Việt Nam được đánh giá là cuộc thi sôi động, thiết thực với sinh viên các trường Đại học & Cao đẳng, Qua đó phát hiện sớm các tài năng trí tuệ của lớp trẻ Việt Nam bổ sung nguồn lực CNTT-TT chất lượng cao phục vụ công cuộc chuyển đổi số và công nghiệp hoá - hiện đại hoá đất nước. Năm nay, cuộc thi nhận được sự chỉ đạo và hỗ trợ của Bộ Giáo dục và Đào tạo, Bộ Thông tin & Truyền thông, Bộ Khoa học và Công nghệ, Liên hiệp các hội Khoa học và Kỹ thuật Việt Nam, Trung ương Đoàn Thanh niên Cộng sản Hồ Chí Minh và các ban ngành, đoàn thể Tp Hồ Chí Minh. Hội đồng giám khảo do PGS.TS. Nhà giáo nhân dân Hồ Sĩ Đàm chủ trì vẫn tiếp tục khẳng định là Hội đồng giám khảo thi lập trình hàng đầu Việt Nam. Ngoài ra, còn có PGS.TS Đỗ Phan Thuận, Phó Chủ tịch Hồi đồng giám khảo; ông Lê Đôn Khuê, Phó Giám đốc ICPC Vietnam, Thành viên HĐGK; PGS.TS Ngô Hồng Sơn, Chủ tịch HĐGK nội dung Phần mềm nguồn mở; ông Dương Lê Minh, Chủ tịch HĐGK PROCON Việt Nam; ông Trần Quang Lộc, Chủ tịch Hội đồng chọn đề ICPC; ông Lê Duy Thức, Giám đốc phụ trách Hệ thống thi và các thầy cô, chuyên gia HĐGK. PGS.TS, Nhà giáo nhân dân Hồ Sỹ Đàm, Chủ tịch Hồi đồng giám khảo phát biểu tổng kết chung về chất\\nnext_contents:\\n']","['Chúc mừng đội thi Trường Đại học Công nghiệp Hà Nội đạt giải Khuyến khích Chung kết cuộc thi ""Sinh viên thông thái 2024"" với chủ đề đặc biệt ""Tìm hiểu về pháp luật quản lý hoạt động kinh doanh theo phương thức đa cấp"" Các đội thi chụp ảnh lưu niệm. Thứ Tư, 10:39 27/11/2024 Tags:']","### Thông tin về hoạt động khóa và các hoạt động đoàn hội tại Trường Đại học Công nghiệp Hà Nội

1. **Hoạt động khóa**:
   - Trường Đại học Công nghiệp Hà Nội thường xuyên tổ chức các hoạt động nhằm phát triển kỹ năng và nâng cao chất lượng học tập cho sinh viên. Các hoạt động này bao gồm:
     - Hội nghị tổng kết công tác Đoàn - Hội và phong trào thanh niên sinh viên.
     - Các chương trình phát động thi đua, hoạt động tình nguyện, và các sự kiện giao lưu văn hóa, thể thao.
     - Các workshop và cuộc thi nhằm khuyến khích sự sáng tạo và phát triển kỹ năng mềm cho sinh viên.

2. **Hoạt động đoàn hội**:
   - Đoàn thanh niên và Hội sinh viên trường tổ chức nhiều hoạt động phong phú như:
     - Ngày hội tân sinh viên, các cuộc thi thể thao, văn nghệ.
     - Các chương trình tình nguyện, hoạt động xã hội nhằm nâng cao ý thức cộng đồng cho sinh viên.
     - Các buổi tọa đàm, hội thảo về kỹ năng nghề nghiệp và phát triển bản thân.

### Giải thưởng trong cuộc thi Sinh viên thông thái 2024

- Trường Đại học Công nghiệp Hà Nội đã đạt giải Nhất trong cuộc thi Sinh viên thông thái 2024. 
- **Chủ đề của cuộc thi**: Thông tin chi tiết về chủ đề cụ thể của cuộc thi không được cung cấp trong tài liệu hiện có. 

### Thông tin liên hệ
Nếu bạn cần thêm thông tin chi tiết hoặc có câu hỏi khác, vui lòng liên hệ với dịch vụ khách hàng qua [đường link này](https://www.haui.edu.vn/vn/lien-he).

**Nguồn tham khảo**: 
- [Lễ tổng kết công tác Đoàn - Hội và phong trào thanh niên, sinh viên năm học 2017 - 2018] - [**Link tham khảo**](https://www.haui.edu.vn/vn/hoat-dong-sinh-vien/le-tong-ket-cong-tac-doan-hoi-va-phong-trao-thanh-nien-sinh-vien-nam-hoc-2017-2018-phat-dong-thi-dua-nam-hoc-2018-2019/60866).
- [Trường Đại học Công nghiệp Hà Nội vinh dự đăng cai tổ chức Kỳ thi Olympic Tin học Sinh viên Việt Nam lần thứ 33 (OLP24) và Kỳ thi lập trình sinh viên quốc tế ICPC Asia 2024] - [**Link tham khảo**](https://fit.haui.edu.vn/vn/thong-bao/truong-dai-hoc-cong-nghiep-ha-noi-vinh-du-dang-cai-to-chuc-ky-thi-olympic-tin-hoc-sinh-vien-viet-nam-lan-thu-33-olp-24-va-ky-thi-lap-trinh-sinh-vien-quoc-te-icpc-asia-2024/71183).

Nếu bạn có thêm câu hỏi nào khác, hãy cho tôi biết!","Trường Đại học Công nghiệp Hà Nội đã đạt giải Khuyến khích trong Chung kết cuộc thi ""Sinh viên thông thái 2024"" với chủ đề đặc biệt ""Tìm hiểu về pháp luật quản lý hoạt động kinh doanh theo phương thức đa cấp"".",0.8447625029377109,0.0,0.22727272727272727,0.0,1.144134759902954,15.299190044403076
"Học bổng HaUI có những tiêu chí nào để sinh viên có thể nhận được, và vai trò của Đại học Quốc gia Hà Nội trong quá trình xét tuyển là gì?","['content: thu nhập tương đối tốt phù hợp với năng lực. - Bộ GD&ĐT cho biết, sẽ kết nối với cơ sở dữ liệu quốc gia về dân cư để cấp mã định danh cho thí sinh khi đăng ký thi, xét tuyển đại học. Đây là điểm khá mới, vậy cụ thể như thế nào? (ngochau***@gmail.com) TS. Phạm Như Nghệ - Phó Vụ trưởng Vụ Giáo dục đại học (Bộ GD&ĐT) Mỗi thí sinh sẽ được cấp tài khoản, mã định danh (chính là căn cước công dân). Mã định danh này đã được kết nối với cơ sở dữ liệu quốc gia. Khi đăng ký xét tuyển, những thông tin cá nhân sẽ được hiển thị (nếu thiếu sẽ được bổ sung) nên thí sinh hoàn toàn có thể yên tâm. Nếu gặp khó khăn, các em sẽ được nhà trường tư vấn, trợ giúp. - Thưa các thầy cô, em muốn đăng ký vào khoa Cơ khí của Trường ĐH Công nghiệp Hà Nội thì chương trình đào tạo sẽ như thế nào, kéo dài trong bao lâu, cơ hội để sinh viên được đi thực tập và ra nghề có lâu không? (Trần Văn Nam ở huyện Ý Yên, tỉnh Nam Định) PGS.TS Phạm Văn Bổng - Phó Hiệu trưởng, Trường ĐH Công nghiệp Hà Nội. Ngành Cơ khí có 2 chương trình đào tạo gồm: Đào tạo hệ cử nhân đại học (học 4 năm) và đào tạo hệ chuyên sâu (học 5 năm cấp bằng kỹ sư). Trong quá trình học, các em sẽ được thực hành thực nghiệm tại xưởng của trường và các phòng thí nghiệm. Ở học kỳ cuối, sinh viên sẽ được thực tập tại doanh nghiệp liên kết với nhà trường trong khoảng thời gian 2 tháng. - Năm nay có tới 20 phương thức xét tuyển khiến thí sinh và phụ huynh bối rối. Vậy thầy có tư vấn gì cho thí sinh, để các em không bị “trượt oan” vì nhiều phương thức xét tuyển? (haiminh***@gmail.com) TS. Phạm Như Nghệ - Phó Vụ trưởng Vụ Giáo dục đại học (Bộ GD&ĐT) Mỗi trường sẽ có nhiều phương thức xét tuyển nhưng không quá 4 phương thức/ngành. Thí sinh căn cứ vào tiêu chí, điều kiện tuyển sinh mà của trường đưa ra và kết quả/thi học tập của thí sinh để đưa ra lựa chọn phù hợp với nhất với điều kiện của mình cũng như yêu cầu của cơ sở đào tạo. Lưu ý: Trong các phương thức thì thí sinh lựa chọn phương thức có lợi nhất cho mình (lựa chọn theo thế mạnh của mình)\\nnext_contents:\\n- em sẽ nhập học vào cuối tháng 8 nếu đủ điều kiện. - Tuyển sinh là việc tự chủ của các trường đại học, song với vai trò quản lý Nhà nước, Bộ GD&ĐT sẽ có những giải pháp kiểm tra, giám sát như thế nào để đảm bảo quyền lợi cao nhất cho thí sinh? (thuychi***@gmail.com) TS. Phạm Như Nghệ - Phó Vụ trưởng Vụ Giáo dục đại học (Bộ GD&ĐT) Bộ có nhiều giải pháp để đảm bảo công bằng cho thí sinh. Các trường được tự chủ nhưng vẫn phải trong khuôn khổ, có Quy chế tuyển sinh nên các trường buộc phải tuân thủ. Lịch tuyển sinh được công khai, các trường cũng phải công khai đề án tuyển sinh trường. Để đảm bảo công bằng nên Bộ dự kiến lọc ảo chung tất cả các phương thức tuyển sinh đợt 1. Kết quả thí sinh đăng ký đều đưa vào phần mềm xét tuyển chung của Bộ. Bộ sẽ tăng cường thanh tra, kiểm tra và xử lý nghiêm những sai phạm, đồng thời công khai các trường sai phạm và kết quả xử lý. - Nếu là nữ thì có thể theo học ngành Công nghệ ô tô tại trường được không? Những lợi thế và điểm yếu nếu em muốn học ngành này là gì ạ? (Nguyễn Hồng Nhung, huyện Đan Phượng, TP Hà Nội) PGS.TS Phạm Văn Bổng - Phó Hiệu trưởng, Trường ĐH Công nghiệp Hà Nội. Các khoa/ngành của trường đều vẫn có nữ sinh theo học. Với ngành Công nghệ ô tô thì vẫn có nữ sinh theo học nhưng ít. Khi học, nữ sinh có hạn chế về mặt sức khỏe không bằng nam sinh viên. Tuy nhiên, lợi thế ở chỗ ít nữ nên sẽ được giảng viên quan tâm hơn. Các em sau này ra trường có thể làm kỹ thuật ở các doanh nghiệp sản xuất, lắp ráp, bảo hành, sửa chữa ô tô và cho thu nhập tương đối tốt phù hợp với năng lực. - Bộ GD&ĐT cho biết, sẽ kết nối với cơ sở dữ liệu quốc gia về dân cư để cấp mã định danh cho thí sinh khi đăng ký thi, xét tuyển đại học. Đây là điểm khá mới, vậy cụ thể như thế nào? (ngochau***@gmail.com) TS. Phạm Như Nghệ - Phó Vụ trưởng Vụ Giáo dục đại học (Bộ GD&ĐT) Mỗi thí sinh sẽ được cấp tài khoản, mã định danh (chính là căn cước công dân). Mã định danh này đã được kết nối với cơ sở dữ liệu quốc gia. Khi đăng ký xét tuyển, những thông tin cá\\n', 'content: kỳ (không tính sinh viên đã nhận học bổng đầu vào HaUI). c) Học bổng khuyến học Nguyễn Thanh Bình: Dành cho sinh viên đại học chính quy có hoàn cảnh khó khăn đạt yêu cầu về kết quả học tập, rèn luyện mà không thuộc đối tượng được hưởng chính sách miễn, giảm học phí của nhà nước. d) Học bổng tài trợ của các doanh nghiệp: Dành cho sinh viên đáp ứng được các tiêu chí, yêu cầu của nhà tài trợ. 2.2. Tuyển sinh đào tạo đại học chính quy với đối tượng tốt nghiệp từ cao đẳng trở lên (Liên thông từ cao đẳng lên đại học) 2.2.1. Đối tượng, điều kiện tuyển sinh: Tốt nghiệp cao đẳng ngành đúng hoặc ngành phù hợp theo quy định của Bộ GD&ĐT, Bộ LĐTB&XH. 2.2.2. Phạm vi tuyển sinh: Toàn quốc. 2.2.3. Phương thức tuyển sinh: Xét tuyển dựa vào kết quả học tập ở bậc cao đẳng. 2.2.4. Chỉ tiêu tuyển sinh: Chỉ tiêu theo ngành, theo từng phương thức xét tuyển và trình độ đào tạo. TT Trình độ đào tạo Mã ngành xét tuyển Tên ngành/chương trình đào tạo xét tuyển Mã phương thức xét tuyển Tên phương thức xét tuyển Chỉ tiêu (dự kiến) Số văn bản quy định Ngày tháng năm ban hành văn bản Cơ quan có thẩm quyền cho phép hoặc trường tự chủ ban hành Năm bắt đầu đào tạo (1) (2) (3) (4) (5) (6) (7) (8) (9) (10) (11) 1 ĐH 7480201 Công nghệ thông tin 50 236/QĐ-ĐHCN 24/03/2021 ĐHCN HN 2021 2 ĐH 7510201 Công nghệ kỹ thuật cơ khí 50 1196/QĐ-BGDĐT 09/03/2007 Bộ GD&ĐT 2007 3 ĐH 7510205 Công nghệ kỹ thuật ô tô 50 1196/QĐ-BGDĐT 09/03/2007 Bộ GD&ĐT 2007 4 ĐH 7510301 Công nghệ kỹ thuật điện, điện tử 50 1196/QĐ-BGDĐT 09/03/2007 Bộ GD&ĐT 2007 5 ĐH 7510302 Công nghệ kỹ thuật điện tử - viễn thông 50 1196/QĐ-BGDĐT 09/03/2007 Bộ GD&ĐT 2007 2.2.5. Ngưỡng đầu vào Thí sinh được công nhận tốt nghiệp cao đẳng đúng ngành hoặc ngành phù hợp với ngành đăng ký xét tuyển và điểm đánh giá xếp loại tốt nghiệp ở bậc cao đẳng từ 5.0 trở lên tính theo thang điểm 10, từ 2.0 trở lên theo thang điểm 4. 2.2.6. Các thông tin cần thiết khác để thí sinh dự tuyển vào các ngành của trường. 2.2.7. Tổ chức tuyển sinh: - Thời gian đăng ký xét\\nnext_contents:\\n- sau: + Phương thức 2: 12 suất + Phương thức 3: 48 suất + Phương thức 4: 12 suất + Phương thức 5: 12 suất + Phương thức 6: 12 suất (iv) Quy định chung về việc áp dụng học bổng đầu vào - Học bổng đầu vào được phân bổ theo từng học kỳ và chỉ có giá trị áp dụng cho thí sinh nhập học tại Trường Đại học Công nghiệp Hà Nội 2024, không có giá trị bảo lưu và không quy đổi thành tiền mặt hoặc chuyển nhượng vì bất kỳ lý do nào. - Nếu tại thời điểm xét học bổng có nhiều thí sinh thỏa mãn cùng tiêu chí đánh giá hoặc loại học bổng thì căn cứ vào số lượng tiêu chí thỏa mãn, ưu tiên thứ tự nguyện vọng Trường Đại học Công nghiệp Hà Nội là số 1 trên hệ thống xét tuyển chung của Bộ Giáo dục và Đào tạo. - Nếu thí sinh đạt nhiều loại học bổng khác nhau (tại thời điểm xét) thì ưu tiên nhận mức học bổng cao nhất. - Điều kiện duy trì học bổng đầu vào: Sinh viên cần đăng ký đủ khối lượng học tập tối thiểu ở mỗi học kỳ chính, có kết quả rèn luyện đạt loại tốt và có điểm trung bình chung tích lũy của học kỳ đạt từ 2.5/4.0 điểm trở lên để duy trì học bổng. - Trường Đại học Đại học Công nghiệp Hà Nội có quyền đưa ra toàn bộ quyết định cuối cùng liên quan đến chương trình học bổng đầu vào: ngừng cấp hoặc thu hồi học bổng đối với sinh viên không tiếp tục chương trình học, không đáp ứng được điều kiện duy trì học bổng, bị đình chỉ học tập, vi phạm pháp luật, vi phạm nội quy Nhà trường. b) Học bổng khuyến khích học tập: Dành cho sinh viên đại học chính quy đạt kết quả cao trong học tập và rèn luyện trong học kỳ (không tính sinh viên đã nhận học bổng đầu vào HaUI). c) Học bổng khuyến học Nguyễn Thanh Bình: Dành cho sinh viên đại học chính quy có hoàn cảnh khó khăn đạt yêu cầu về kết quả học tập, rèn luyện mà không thuộc đối tượng được hưởng chính sách miễn, giảm học phí của nhà nước. d) Học bổng tài trợ của các doanh nghiệp: Dành cho sinh viên đáp ứng được các tiêu chí, yêu cầu của nhà tài trợ. 2.2. Tuyển sinh đào tạo đại học chính quy với đối tượng tốt nghiệp từ cao đẳng trở lên (Liên thông từ cao\\n', 'content: trị khách sạn có thể đăng ký theo chương trình liên kết đào tạo 2+2 giữa Đại học Công nghiệp Hà Nội với Đại học Bách khoa Quế Lâm - Trung Quốc, học 2 năm tại Đại học Công nghiệp Hà Nội và 2 năm tại Đại học Bách khoa Quế Lâm. Sinh viên hoàn thành chương trình đào tạo và đủ điều kiện tốt nghiệp được cấp 2 bằng của Đại học Công nghiệp Hà Nội và Đại học Bách khoa Quế Lâm. Học bổng: Năm 2025, Đại học Công nghiệp Hà Nội dự kiến cấp học bổng cho sinh viên đại học chính quy có kết quả xét tuyển đầu vào xuất sắc với số tiền khoảng 2 tỷ đồng; học bổng cho sinh viên có thành tích học tập xuất sắc với số tiền khoảng 10 tỷ đồng; ngoài ra còn có các loại học bổng doanh nghiệp với số tiền khoảng 30 tỷ đồng. * Tuyển sinh Đại học từ xa: Dự kiến tuyển 750 chỉ tiêu tuyển sinh đại học từ xa gồm các ngành: Ngôn ngữ Anh, Ngôn ngữ Trung Quốc, Ngôn Ngữ Hàn Quốc, Quản trị kinh doanh, Kế toán. Thông tin chi tiết sẽ được cập nhật trên Cổng thông tin tuyển sinh của Nhà trường trước ngày 15/3/2025. * Tuyển sinh Cao đẳng chính quy: Dự kiến tuyển sinh 900 chỉ tiêu vào các ngành Cao đẳng chính quy. Thông tin chi tiết sẽ được cập nhật trên Cổng thông tin tuyển sinh của Nhà trường trước ngày 15/3/2025. @ Thông tin liên hệ: Thí sinh có thể truy cập Website https://tuyensinh.haui.edu.vn Fanpage https://facebook.com/tuyensinh.haui xem hướng dẫn và được tư vấn trực tiếp về ngành nghề, về các phương thức xét tuyển để có những lựa chọn phù hợp nhất cho bản thân, đồng thời chuẩn bị sẵn sàng mọi điều kiện cho đăng ký xét tuyển. Văn phòng Tuyển sinh & Học vụ - Trường Đại học Công nghiệp Hà Nội Đại chỉ: Số 298, Đường Cầu Diễn, Quận Bắc Từ Liêm, Thành phố Hà Nội Điện thoại: 02437655121 ): 0383371290; 0834560255 Website: tuyensinh.haui.edu.vn Fanpage: facebook.com/tuyensinh.haui Thứ Tư, 09:14 18/12/2024 Tags:\\nnext_contents:\\n- trình đào tạo tuyển sinh năm 2025: - Chương trình đào tạo Đại học chính quy theo thời gian chuẩn 4 năm, tuyển sinh đối với thí sinh tốt nghiệp THPT, chỉ tiêu 7.990, cấp bằng Cử nhân; từ năm thứ 2 sinh viên có thể đăng ký học thêm chương trình thứ 2 nếu đủ điều kiện, sinh viên có thể được công nhận tốt nghiệp cùng một lúc 2 chương trình. Dự kiến chỉ tiêu và phương thức xét tuyển các ngành thuộc Khoa CNTT - Trường Đại học Công Nghiệp Hà Nội năm 2025 Dự kiến tổ hợp mới: *A0C: Toán, Vật lý, Công nghệ. *A0T: Toán, Vật lý, Tin học. *B0C: Toán, Hóa học, Công nghệ. *D0C: Toán, Tiếng Anh, Công nghệ. *D0G: Toán, Tiếng Anh, Giáo dục kinh tế và pháp luật. Chương trình đào tạo liên thông Đại học chính quy : tuyển sinh đối với người tốt nghiệp Cao đẳng, đăng ký xét tuyển và hoàn thành các học phần còn lại của chương trình đào tạo trình độ Đại học trong khoảng từ 2 - 2,5 năm; Chỉ tiêu dự kiến 250, gồm các ngành/CTĐT: Công nghệ kỹ thuật cơ khí; Công nghệ kỹ thuật ô tô; Công nghệ kỹ thuật điện, điện tử; Công nghệ kỹ thuật điện tử - viễn thông; Công nghệ thông tin. Chương trình đào tạo cấp bằng Kỹ sư : tuyển sinh đối với người có bằng Cử nhân, đăng ký xét tuyển vào chương trình đào tạo Đại học chuyên sâu đặc thù trong khoảng 1 năm; Chỉ tiêu dự kiến 120, gồm các ngành/CTĐT: Công nghệ kỹ thuật cơ khí; Công nghệ kỹ thuật điện, điện tử; Công nghệ kỹ thuật điện tử - viễn thông. Chương trình đào tạo liên kết quốc tế: Sinh viên trúng tuyển nhập học ngành Marketing, ngành Quản trị kinh doanh, ngành Quản trị khách sạn có thể đăng ký theo chương trình liên kết đào tạo 2+2 giữa Đại học Công nghiệp Hà Nội với Đại học Bách khoa Quế Lâm - Trung Quốc, học 2 năm tại Đại học Công nghiệp Hà Nội và 2 năm tại Đại học Bách khoa Quế Lâm. Sinh viên hoàn thành chương trình đào tạo và đủ điều kiện tốt nghiệp được cấp 2 bằng của Đại học Công nghiệp Hà Nội và Đại học Bách khoa Quế Lâm. Học bổng: Năm 2025, Đại học Công nghiệp Hà Nội dự kiến cấp học bổng cho sinh viên đại học chính quy có kết quả xét tuyển đầu\\n', 'content: tổ chức, hoặc cấp quốc tế do Bộ GDĐT cử tham gia khi đăng ký xét tuyển vào các ngành phù hợp thì không phải áp dụng ngưỡng đầu vào. - Đối với thí sinh là học sinh hoàn thành dự bị đại học, Nhà trường sẽ thống nhất với các trường Dự bị Đại học về chỉ tiêu và kế hoạch tiếp nhận. Học sinh hoàn thành dự bị đại học khi đăng ký xét tuyển thẳng vào các ngành/chương trình đào tạo Công nghệ đa phương tiện, Công nghệ thông tin, Công nghệ kỹ thuật cơ điện tử, Công nghệ kỹ thuật ô tô, Robot và trí tuệ nhân tạo, Công nghệ kỹ thuật điều khiển và tự động hóa, Hóa dược phải có điểm trung bình chung học tập của từng năm lớp 10, 11, 12 từ 8.0 trở lên. 2.1.5.2. Phương thức xét tuyển thí sinh đoạt giải học sinh giỏi cấp tỉnh/thành phố, thí sinh có chứng chỉ quốc tế (Phương thức 2) - Đối tượng xét tuyển: Thí sinh đoạt giải học sinh giỏi THPT cấp tỉnh/thành phố hoặc có chứng chỉ quốc tế và được công nhận tốt nghiệp THPT hoặc tương đương. - Điều kiện đăng ký xét tuyển: Thí sinh được công nhận tốt nghiệp THPT hoặc tương đương và thỏa mãn một trong hai điều kiện sau: + Thí sinh đoạt giải Nhất, Nhì, Ba trong kỳ thi học sinh giỏi THPT cấp tỉnh/thành phố các môn Toán, Vật lý, Hóa học, Sinh học, Ngữ văn, Lịch sử, Địa lý, Tin học, Tiếng Anh, Tiếng Trung, Tiếng Nhật, Tiếng Hàn; thời gian đoạt giải không quá 3 năm tính tới thời điểm xét tuyển. + Thí sinh có một trong các chứng chỉ Quốc tế SAT ≥ 1000; Chứng chỉ tiếng Anh quốc tế IELTS Academic ≥ 5.5, TOEFL iBT ≥ 50; Chứng chỉ Tiếng Hàn TOPIK cấp độ 3 trở lên; Chứng chỉ tiếng Trung HSK cấp độ 3 trở lên; Chứng chỉ Tiếng Nhật JLPT cấp độ N4 trở lên (Chứng chỉ còn giá trị tính đến ngày đăng ký xét tuyển). Riêng đối với thí sinh xét tuyển vào Chương trình Ngôn ngữ Trung Quốc (Chương trình liên kết đào tạo 2+2 với ĐH Khoa học kỹ thuật Quảng Tây - Trung Quốc) cần có một trong các chứng chỉ Quốc tế SAT ≥ 1000; Chứng chỉ tiếng Anh quốc tế IELTS Academic ≥ 5.5, TOEFL iBT ≥ 50; Chứng chỉ Tiếng Hàn TOPIK cấp độ 4 trở lên; Chứng chỉ tiếng Trung HSK cấp độ 4\\nnext_contents:\\n- cơ điện tử 402 Phương thức 6 30 10 ĐH 7510205 Công nghệ kỹ thuật ô tô 402 Phương thức 6 50 11 ĐH 7510206 Công nghệ kỹ thuật nhiệt 402 Phương thức 6 15 12 ĐH 7510209 Robot và trí tuệ nhân tạo 402 Phương thức 6 10 13 ĐH 7510301 Công nghệ kỹ thuật điện, điện tử 402 Phương thức 6 50 14 ĐH 75190071 Năng lượng tái tạo 402 Phương thức 6 5 15 ĐH 7510302 Công nghệ kỹ thuật điện tử - viễn thông 402 Phương thức 6 50 16 ĐH 75103021 Công nghệ kỹ thuật điện tử y sinh 402 Phương thức 6 5 17 ĐH 7510303 Công nghệ kỹ thuật điều khiển và tự động hóa 402 Phương thức 6 30 18 ĐH 75103031 Kỹ thuật sản xuất thông minh 402 Phương thức 6 5 19 ĐH 7510401 Công nghệ kỹ thuật hoá học 402 Phương thức 6 5 20 ĐH 7519003 Công nghệ kỹ thuật khuôn mẫu 402 Phương thức 6 5 21 ĐH 7510213 Thiết kế cơ khí và kiểu dáng công nghiệp 402 Phương thức 6 5 22 ĐH 7510204 Công nghệ kỹ thuật cơ điện tử ô tô 402 Phương thức 6 5 23 ĐH 7520118 Kỹ thuật hệ thống công nghiệp 402 Phương thức 6 5 24 ĐH 7520116 Kỹ thuật cơ khí động lực 402 Phương thức 6 5 25 ĐH 7540101 Công nghệ thực phẩm 402 Phương thức 6 5 26 ĐH 7720203 Hóa dược 402 Phương thức 6 5 [ [1] ] Tổ hợp xét tuyển được hiểu là: Tổ hợp môn xét tuyển kết quả thi THPT, kết quả học tập cấp THPT hoặc các thông tin khác do trường tự khai báo. 2.1.5. Ngưỡng đầu vào 2.1.5.1. Phương thức xét tuyển thẳng theo quy định của Bộ GD&ĐT và của trường Đại học Công nghiệp Hà Nội (Phương thức 1) - Đối với thí đạt thành tích cao trong các kỳ thi, cuộc thi, giải đấu cấp quốc gia do Bộ GDĐT tổ chức, hoặc cấp quốc tế do Bộ GDĐT cử tham gia khi đăng ký xét tuyển vào các ngành phù hợp thì không phải áp dụng ngưỡng đầu vào. - Đối với thí sinh là học sinh hoàn thành dự bị đại học, Nhà trường sẽ thống nhất với các trường Dự bị Đại học về chỉ tiêu và kế hoạch tiếp nhận. Học sinh hoàn thành dự bị đại học khi đăng ký xét tuyển thẳng vào các ngành/chương trình đào tạo Công nghệ đa phương tiện, Công nghệ thông tin, Công nghệ kỹ thuật cơ điện tử, Công nghệ kỹ thuật ô tô, Robot và trí tuệ nhân\\n', 'content: trị kinh doanh, ngành Quản trị khách sạn có thể đăng ký theo chương trình liên kết đào tạo 2+2 giữa Đại học Công nghiệp Hà Nội với Đại học Bách khoa Quế Lâm - Trung Quốc, học 2 năm tại Đại học Công nghiệp Hà Nội và 2 năm tại Đại học Bách khoa Quế Lâm. Sinh viên hoàn thành chương trình đào tạo và đủ điều kiện tốt nghiệp được cấp 2 bằng của Đại học Công nghiệp Hà Nội và Đại học Bách khoa Quế Lâm. Học bổng: Năm 2025, Đại học Công nghiệp Hà Nội dự kiến cấp học bổng cho sinh viên đại học chính quy có kết quả xét tuyển đầu vào xuất sắc với số tiền khoảng 2 tỷ đồng; học bổng cho sinh viên có thành tích học tập xuất sắc với số tiền khoảng 10 tỷ đồng; ngoài ra còn có các loại học bổng doanh nghiệp với số tiền khoảng 30 tỷ đồng. * Tuyển sinh Đại học từ xa: Dự kiến tuyển 750 chỉ tiêu tuyển sinh đại học từ xa gồm các ngành: Ngôn ngữ Anh, Ngôn ngữ Trung Quốc, Ngôn Ngữ Hàn Quốc, Quản trị kinh doanh, Kế toán. Thông tin chi tiết sẽ được cập nhật trên Cổng thông tin tuyển sinh của Nhà trường trước ngày 15/3/2025. * Tuyển sinh Cao đẳng chính quy: Dự kiến tuyển sinh 900 chỉ tiêu vào các ngành Cao đẳng chính quy. Thông tin chi tiết sẽ được cập nhật trên Cổng thông tin tuyển sinh của Nhà trường trước ngày 15/3/2025. Nguồn: Ban VĂN HÓA - XÃ HỘI Đài Tiếng nói Việt Nam Thứ Sáu, 18:10 20/12/2024 Tags:\\nnext_contents:\\n- GD&ĐT. Thông tin chi tiết sẽ được công bố trong Đề án tuyển sinh đại học năm 2025 (dự kiến trước ngày 15/03/2025). * Danh mục ngành/chương trình đào tạo tuyển sinh năm 2025: - Chương trình đào tạo Đại học chính quy theo thời gian chuẩn 4 năm, tuyển sinh đối với thí sinh tốt nghiệp THPT, chỉ tiêu 7.990, cấp bằng Cử nhân; từ năm thứ 2 sinh viên có thể đăng ký học thêm chương trình thứ 2 nếu đủ điều kiện, sinh viên có thể được công nhận tốt nghiệp cùng một lúc 2 chương trình. Dự kiến tổ hợp mới: *A0C: Toán, Vật lý, Công nghệ. *A0T: Toán, Vật lý, Tin học. *B0C: Toán, Hóa học, Công nghệ. *D0C: Toán, Tiếng Anh, Công nghệ. *D0G: Toán, Tiếng Anh, Giáo dục kinh tế và pháp luật. Chương trình đào tạo liên thông Đại học chính quy: tuyển sinh đối với người tốt nghiệp Cao đẳng, đăng ký xét tuyển và hoàn thành các học phần còn lại của chương trình đào tạo trình độ Đại học trong khoảng từ 2 - 2,5 năm; Chỉ tiêu dự kiến 250, gồm các ngành/CTĐT: Công nghệ kỹ thuật cơ khí; Công nghệ kỹ thuật ô tô; Công nghệ kỹ thuật điện, điện tử; Công nghệ kỹ thuật điện tử - viễn thông; Công nghệ thông tin. Chương trình đào tạo cấp bằng Kỹ sư: tuyển sinh đối với người có bằng Cử nhân, đăng ký xét tuyển vào chương trình đào tạo Đại học chuyên sâu đặc thù trong khoảng 1 năm; Chỉ tiêu dự kiến 120, gồm các ngành/CTĐT: Công nghệ kỹ thuật cơ khí; Công nghệ kỹ thuật điện, điện tử; Công nghệ kỹ thuật điện tử - viễn thông. Chương trình đào tạo liên kết quốc tế: Sinh viên trúng tuyển nhập học ngành Marketing, ngành Quản trị kinh doanh, ngành Quản trị khách sạn có thể đăng ký theo chương trình liên kết đào tạo 2+2 giữa Đại học Công nghiệp Hà Nội với Đại học Bách khoa Quế Lâm - Trung Quốc, học 2 năm tại Đại học Công nghiệp Hà Nội và 2 năm tại Đại học Bách khoa Quế Lâm. Sinh viên hoàn thành chương trình đào tạo và đủ điều kiện tốt nghiệp được cấp 2 bằng của Đại học Công nghiệp Hà Nội và Đại học Bách khoa Quế Lâm. Học bổng: Năm 2025, Đại học Công nghiệp Hà Nội dự kiến cấp học bổng cho sinh viên đại học chính quy\\n']","['Học bổng HaUI – Nguồn động viên vô cùng to lớn giúp sinh viên vươn lên học tập. Học bổng 100% năm thứ nhất là sinh viên có tổng điểm xét tuyển sau thủ khoa của 4 nhóm tổ hợp xét tuyển (A00), (A01), (D01), (B00, C00, D04, D06, D07, D14, DD2). Có tổng điểm xét tuyển sau thủ khoa của các phương thức xét tuyển, thí sinh đạt giải Học sinh giỏi cấp tình/ Thành phố, thí sinh có chứng chỉ quốc tế, dựa trên kết quả học tập của bậc học THPT, dựa trên kết quả thi đánh giá năng lực do Đại học Quốc gia Hà Nội tổ chức, dựa trên kết quả thi đánh giá tư duy do Đại học Bách khoa tổ chức. Học bổng năm thứ nhất được xét theo điểm xét tuyển từ cao xuống thấp được phân bổ chỉ tiêu cho các phương thức xét tuyển tại Đề án Tuyển sinh từng năm của Nhà trường.']","Dưới đây là thông tin về các hoạt động khóa, học bổng HaUI và vai trò của Đại học Quốc gia Hà Nội trong quá trình xét tuyển tại Trường Đại học Công nghiệp Hà Nội:

### 1. Hoạt động khóa và các hoạt động đoàn hội
- Trường Đại học Công nghiệp Hà Nội tổ chức nhiều hoạt động cho sinh viên như Hội nghị tổng kết công tác Đoàn - Hội và phong trào thanh niên sinh viên hàng năm. Các hoạt động này bao gồm:
  - Tổ chức các sự kiện chào mừng năm học mới.
  - Các phong trào thanh niên tình nguyện, sáng tạo, và các hoạt động thể thao.
  - Các chương trình giao lưu văn hóa, nghệ thuật và các cuộc thi nhằm nâng cao tinh thần đoàn kết và phát triển kỹ năng cho sinh viên.
- Một số sự kiện tiêu biểu như Ngày hội Tân sinh viên, các cuộc thi thể thao và văn hóa, giúp sinh viên giao lưu và kết nối với nhau.

### 2. Tiêu chí học bổng HaUI
- Học bổng HaUI được cấp cho sinh viên có thành tích học tập xuất sắc. Các tiêu chí bao gồm:
  - Sinh viên đạt điểm trung bình học tập từ 3.0 trở lên.
  - Có thành tích nổi bật trong các hoạt động ngoại khóa, nghiên cứu khoa học hoặc các cuộc thi cấp quốc gia, quốc tế.
  - Học bổng có thể được cấp cho sinh viên có hoàn cảnh khó khăn nhưng có ý chí vươn lên trong học tập.

### 3. Vai trò của Đại học Quốc gia Hà Nội trong quá trình xét tuyển
- Đại học Quốc gia Hà Nội có vai trò quan trọng trong việc xét tuyển sinh viên vào Trường Đại học Công nghiệp Hà Nội thông qua các chương trình liên kết đào tạo.
- Trường cũng tham gia vào việc tổ chức các kỳ thi tuyển sinh và đánh giá năng lực của thí sinh, đảm bảo chất lượng đầu vào cho các ngành học.
- Các chương trình liên kết đào tạo 2+2 với các trường đại học quốc tế cũng được triển khai, tạo cơ hội cho sinh viên học tập và trải nghiệm tại nước ngoài.

Nếu bạn cần thêm thông tin chi tiết về bất kỳ chủ đề nào, hãy cho tôi biết! 

**Nguồn tham khảo:**
- [Lễ tổng kết công tác Đoàn - Hội và phong trào thanh niên, sinh viên năm học 2017 - 2018] - [**Link tham khảo**](https://www.haui.edu.vn/vn/hoat-dong-sinh-vien/le-tong-ket-cong-tac-doan-hoi-va-phong-trao-thanh-nien-sinh-vien-nam-hoc-2017-2018-phat-dong-thi-dua-nam-hoc-2018-2019/60866).
- [Dự kiến chỉ tiêu và phương thức xét tuyển các ngành thuộc Khoa CNTT - Trường Đại học Công nghiệp Hà Nội năm 2025] - [**Link tham khảo**](https://fit.haui.edu.vn/vn/thong-bao/du-kien-chi-tieu-va-phuong-thuc-xet-tuyen-cac-nganh-thuoc-khoa-cntt-truong-dai-hoc-cong-nghiep-ha-noi-nam-2025/71207).","Học bổng HaUI là nguồn động viên lớn giúp sinh viên vươn lên học tập. Để nhận học bổng 100% năm thứ nhất, sinh viên cần có tổng điểm xét tuyển sau thủ khoa của 4 nhóm tổ hợp xét tuyển (A00), (A01), (D01), (B00, C00, D04, D06, D07, D14, DD2). Ngoài ra, thí sinh cũng có thể đạt học bổng dựa trên tổng điểm xét tuyển sau thủ khoa của các phương thức xét tuyển khác, như thí sinh đạt giải Học sinh giỏi cấp tỉnh/thành phố, thí sinh có chứng chỉ quốc tế, hoặc dựa trên kết quả học tập của bậc học THPT. Đại học Quốc gia Hà Nội đóng vai trò quan trọng trong việc tổ chức thi đánh giá năng lực, và kết quả thi này cũng được sử dụng để xét học bổng.",0.8548160997405431,0.99999999998,0.30303030303030304,0.5,1.0930190086364746,21.046010971069336
Nguyễn Anh Tuấn quê ở đâu?,"['content: thi đấu đôi nam hạng A: - Giải Nhất : VĐV Trần Đức Quý + VĐV Phan Trí Đạt. - Giải Nhì: VĐV Ngô Ích Quân + VĐV Trần Mạnh Dũng. - Giải Ba: VĐV Nguyễn Anh Tuấn + VĐV Nguyễn Văn Phóng; VĐV Trần Phúc Hòa + VĐV Dương Sinh Tuấn Nội dung thi đấu đôi nam hạng B: - Giải Nhất: VĐV Vũ Đình Thơm + VĐV Nguyễn Xuân Yên. - Giải Nhì: VĐV Phạm Sơn + VĐV Nguyễn Văn Hợp. - Giải Ba: VĐV Phan Đăng Hưng + VĐV Nguyễn Hoàng Dương; VĐV Nguyễn Huy Tài + VĐV Nguyễn Văn Dương. Nội dung thi đấu đơn nam: - Giải Nhất: VĐV Phạm Sơn. - Giải Nhì: VĐV Nguyễn Xuân Yên. - Giải Ba: VĐV Phạm Việt Dũng, VĐV Trần Quốc Hưng. Ban Tổ chức sẽ lựa chọn những vận động viên xuất sắc tham gia thi đấu ở cấp cao hơn do các Bộ, Ngành tổ chức, đặc biệt là giải Tennis Người giáo viên nhân dân các trường Đại học, Cao đẳng khu vực Hà Nội do trường Đại học Công nghiệp Hà Nội đăng cai tổ chức vào tháng 5/2013. Chủ Nhật, 11:33 31/03/2013 Tags:\\nnext_contents:\\n- thu hút gần 100 VĐV trong và ngoài trường tham gia thi đấu 03 nội dung: đôi nam hạng A, đôi nam hạng B, đơn nam. Nhằm động viên, khích lệ tinh thần thi đấu của các VĐV và đoàn trọng tài, thay mặt Ban Tổ chức, Phó Hiệu trưởng Hà Xuân Quang đã tặng hoa đại diện VĐV và trọng tài điều hành Giải. Phó Hiệu trưởng Hà Xuân Quang (bên trái) tặng hoa đại diện VĐV Trần Phúc Hòa (giữa) và trọng tài Lê Hồng Sơn (bên phải) Để góp phần thành công cho Giải, nhiều tổ chức và cá nhân đã tham gia đồng tài trợ Giải như: Trung tâm huấn luyện Thể thao Quốc gia Hà Nội (là đơn vị kết nghĩa với nhà trường), Trung tâm: Ngoại ngữ - Tin học, Dịch vụ - Nhà ăn – Ký túc xá, Việt Nhật, phòng Công tác HSSV... Thay mặt Ban Lãnh đạo nhà trường, TS. Trần Đức Quý – Hiệu trưởng đã tặng hoa cảm ơn Lãnh đạo Trung tâm huấn luyện Thể thao Quốc gia Hà Nội và cảm ơn các đơn vị đồng tài trợ Giải. Hiệu trưởng Trần Đức Quý (bên trái) tặng hoa Phó Giám đốc Trung tâm huấn luyện Thể thao Quốc gia Hà Nội Ngô Ích Quân (bên phải) Ngay sau phần khai mạc đã diễn ra trận thi đấu ở nội dung đôi nam hạng A giữa VĐV Trần Đức Quý – Hiệu trưởng nhà trường + VĐV Phan Trí Đạt – Giảng viên khoa Giáo dục Thể chất quốc phòng thi đấu với VĐV Ngô Ích Quân - Phó Giám đốc Trung tâm huấn luyện Thể thao Quốc gia Hà Nội + VĐV Trần Mạnh Dũng – Trung tâm huấn luyện Thể thao Quốc gia Hà Nội. Hình ảnh trong trận thi đấu quần vợt đầu tiên nội dung đôi nam hạng A Kết thúc 02 ngày thi đấu sôi nổi, hào hứng, Ban Tổ chức đã trao các Giải như sau: Nội dung thi đấu đôi nam hạng A: - Giải Nhất : VĐV Trần Đức Quý + VĐV Phan Trí Đạt. - Giải Nhì: VĐV Ngô Ích Quân + VĐV Trần Mạnh Dũng. - Giải Ba: VĐV Nguyễn Anh Tuấn + VĐV Nguyễn Văn Phóng; VĐV Trần Phúc Hòa + VĐV Dương Sinh Tuấn Nội dung thi đấu đôi nam hạng B: - Giải Nhất: VĐV Vũ Đình Thơm + VĐV Nguyễn Xuân Yên. - Giải Nhì: VĐV Phạm Sơn + VĐV Nguyễn Văn Hợp. - Giải Ba: VĐV Phan Đăng Hưng + VĐV Nguyễn Hoàng Dương; VĐV Nguyễn Huy Tài + VĐV Nguyễn Văn Dương. Nội dung thi đấu đơn nam: - Giải Nhất: VĐV\\n', 'content: Nguyễn Đại Việt - trường ĐH Nguyễn Tất Thành (xếp hạng 35.261) 18. Phạm Văn Hùng - trường Đại học Quốc gia TP HCM (xếp hạng 36.345) 19. Nguyễn Hoàng - trường Đại học Mỏ Địa chất ( xếp hạng 39.167) 20. Nguyễn Trung Thắng - trường Đại học Tôn Đức Thắng (xếp hạng 42.210) 21. Lê Hoàng Phong, Đại học Luật TP HCM (xếp hạng 43.470) 22. Chu Đình Tới - trường Quốc tế, Đại học Quốc gia Hà Nội (xếp hạng 44.378) 23. Nguyễn Văn Chương - Học viện Kỹ thuật Quân sự (xếp hạng 47.278) 24. Nguyễn Thời Trung - Đại học Văn Lang (xếp hạng 49.416) 25. Lê Ba Phong - Đại học Công nghiệp Hà Nội (xếp hạng 50.071) 26. Thái Hoàng Chiến - trường Đại học Tôn Đức Thắng (xếp hạng 52.404) 27. Nguyễn Xuân Phương - trường Đại học Giao thông vận tải TP HCM (xếp hạng 57.212) 28. Phạm Văn Việt - trường Đại học Công nghệ TP HCM (xếp hạng 57.893) 29. Sử Đình Thành - Đại học Kinh tế TP HCM (xếp hạng 59.797) 30. Dương Viết Thông - trường Đại học Thủ Dầu Một (xếp hạng 61.057) 31. Nguyễn Việt Cường - Trường Quốc tế, Đại học Quốc gia Hà Nội (xếp hạng 63.065) 32. Nguyễn Đăng Nam - trường Đại học Duy Tân (xếp hạng 63.737) 33. Ngô Thái Hưng - trường Trường Đại học Tài chính - Marketing (xếp hạng 65.126) 34. Nguyễn Trung Kiên - trường Đại học Công nghệ TP HCM (xếp hạng 73.619) 35. Phạm Việt Thành - trường Đại học Tôn Đức Thắng (xếp hạng 77.422) 36. Trương V.Dao - Trường Đại Học Kinh Tế Quốc Dân (xếp hạng 78.407) 37. Nguyễn Huy Tuấn - Đại học Văn Lang (xếp hạng 78.665) 38. Nguyễn Trường Khang - trường Đại học Tôn Đức Thắng (xếp hạng 79.265) 39. Đỗ Minh Hoạt - trường Đại học Duy Tân (xếp hạng 79.736) 40. Nguyễn Minh Thọ - trường Đại học Tôn Đức Thắng (xếp hạng 81.048) 41. Đào Văn Dương - Đại học Phenikaa (xếp hạng 81.800) 42. Lê Anh Tuấn - trường Đại học Hàng Hải Việt Nam (xếp hạng 85.132) 43. Phùng Văn Phúc - trường Đại học Công nghệ TP HCM (xếp hạng 87.092) 44. Hoàng Văn Minh - trường Đại học Y tế công cộng (xếp hạng 93.693) 45. Võ Hồng Đức - trường Đại học Mở TP HCM (xếp hạng 96.591) 46. Nguyễn Công Lượng -\\nnext_contents:\\n- PGS.TS. Lê Ba Phong, Đại học Công nghiệp Hà Nội là một trong 47 người Việt vào top nhà khoa học ảnh hưởng nhất thế giới 2023 Thứ Năm, 12:39 05/10/2023 4913 Bảng xếp hạng do nhóm nhà khoa học thuộc Đại học Stanford (Mỹ) lựa chọn trên cơ sở dữ liệu Scopus và được Nhà xuất bản Elsevier công bố. PGS.TS. Lê Ba Phong, Đại học Công nghiệp Hà Nội là một trong 47 người Việt vào top nhà khoa học ảnh hưởng nhất thế giới 2023. Danh sách 47 người Việt và chỉ số xếp hạng: 1. Hoàng Anh Tuấn - trường Đại học Công nghệ TP HCM (xếp hạng 1.119) 2. Trần Xuân Bách - Đại học Y Hà Nội (xếp hạng 3.240) 3. Phạm Thái Bình - trường Đại học Công nghệ Giao thông vận tải (xếp hạng 4.444) 4. Hoàng Nhật Đức - trường Đại học Duy Tân (xếp hạng 5.551) 5. Nguyễn Đình Đức - Đại học Quốc gia Hà Nội (xếp hạng 5.657) 6. Trần Nguyễn Hải - trường Đại học Duy Tân (xếp hạng 6.669) 7. Lê Hoàng Sơn - Đại học Quốc gia Hà Nội (xếp hạng 6.982) 8. Võ Xuân Vinh - Đại học Kinh tế TP.HCM (xếp hạng 10.196) 9. Huỳnh Lưu Đức Toàn- Đại học Kinh tế TP.HCM (xếp hạng 11.167) 10. Nguyễn Xuân Hùng - trường Đại học Công nghệ TP. HCM (xếp hạng 13.243) 11. Nguyễn Phúc Cảnh - trường Đại học Kinh tế TP.HCM (xếp hạng 16.433) 12. Bùi Quốc Tính - trường Đại học Duy Tân (xếp hạng 18.950) 13. Đặng Văn Hiếu - Trường Đại học Thăng Long (xếp hạng 21.520) 14. Vũ Quang Bách - Trường Đại học Tôn Đức Thắng (xếp hạng 30.971) 15. Vương Quân Hoàng - Đại học Phenikaa (xếp hạng 31.057) 16. Nguyễn Đức Khương - Đại học Quốc gia Hà Nội (xếp hạng 31.824) 17. Võ Nguyễn Đại Việt - trường ĐH Nguyễn Tất Thành (xếp hạng 35.261) 18. Phạm Văn Hùng - trường Đại học Quốc gia TP HCM (xếp hạng 36.345) 19. Nguyễn Hoàng - trường Đại học Mỏ Địa chất ( xếp hạng 39.167) 20. Nguyễn Trung Thắng - trường Đại học Tôn Đức Thắng (xếp hạng 42.210) 21. Lê Hoàng Phong, Đại học Luật TP HCM (xếp hạng 43.470) 22. Chu Đình Tới - trường Quốc tế, Đại học Quốc gia Hà Nội (xếp hạng 44.378) 23. Nguyễn Văn Chương - Học viện Kỹ thuật Quân sự (xếp hạng 47.278) 24. Nguyễn Thời Trung - Đại\\n', 'content: trị khách sạn 10 A01, D01, D14 Toán; Tiếng Anh; Ngữ văn; Lịch sử SAT ≥ 1000; IELTS Academic ≥ 5.5; TOEFL iBT ≥ 50 52 DCN 410 Phương thức 2 7810202 Quản trị nhà hàng và dịch vụ ăn uống 5 - Bảng quy đổi điểm Chứng chỉ quốc tế và Giải học sinh giỏi THPT cấp tỉnh/thành phố sang thang điểm 10: Ngọai ngữ Tiếng Anh Ngoại ngữ khác Chứng chỉ đánh giá năng lực quốc tế Đoạt giải HSG cấp tỉnh/Thành phố Tiếng Anh IELTS Tiếng Anh TOEFL iBT Điểm quy đổi Tiếng Trung HSK Tiếng Nhật JLPT Tiếng Hàn TOPIK Điểm quy đổi SAT Điểm quy đổi Giải Điểm quy đổi 5.5 50-60 9.00 HSK 3 N4 TOPIK 3 9.00 1000-1100 9.00 Ba 9.00 6.0 61-70 9.50 HSK 4 N3 TOPIK 4 9.50 1101-1200 9.50 Nhì 9.50 6.5-9.0 71-120 10 HSK 5 HSK 6 N2 N1 TOPIK 5 TOPIK 6 10 1201-1600 10 Nhất 10 - Cách tính điểm xét tuyển (ĐXT): + Điểm xét tuyển theo thang điểm 30 làm tròn đến hai chữ số thập phân. Điểm xét tuyển được tính như sau: ĐXT =M1 × 2 + M2 + Điểm ưu tiên (nếu có). Trong đó: M1: Điểm quy đổi chứng chỉ hoặc giải thí sinh đoạt được (theo Bảng quy đổi điểm Chứng chỉ quốc tế và Giải học sinh giỏi THPT cấp tỉnh/thành phố sang thang điểm 10). M2: Trung bình cộng điểm tổng kết cả năm lớp 10, 11 và học kỳ 1 năm lớp 12 (cả năm lớp 10, 11, 12 đối với thí sinh tốt nghiệp từ năm 2023 trở về trước) của các môn học trong tổ hợp đăng ký xét tuyển theo thang điểm 10 làm tròn đến hai chữ số thập phân. * Ví dụ : Thí sinh tốt nghiệp năm 2024 đăng ký xét tuyển vào ngành có tổ hợp xét tuyển A00 (Toán, Vật lý, Hóa học) được tính điểm M2 như sau: M2 = ( Toán cả năm lớp 10 + Toán cả năm lớp 11+ Toán học kỳ 1 lớp 12 + Vật lý cả năm lớp 10 + Vật lý cả năm lớp 11+ Vật lý học kỳ 1 lớp 12 + Hóa học cả năm lớp 10 + Hóa học cả năm lớp 11+ Hóa học học kỳ 1 lớp 12)/ 9 Điểm ưu tiên: Bao gồm điểm ưu tiên khu vực và điểm ưu tiên đối tượng theo Quy chế tuyển sinh của Bộ GD&ĐT và của Nhà trường. + Đối với các thí sinh có ĐXT bằng điểm chuẩn mà số lượng thí sinh đủ điều kiện trúng tuyển lớn hơn chỉ tiêu thì ưu tiên theo thứ tự nguyện vọng. + Điểm chênh lệch giữa\\nnext_contents:\\n- ≥ 5.5; TOEFL iBT ≥ 50 41 DCN 410 Phương thức 2 7510213 Thiết kế cơ khí và kiểu dáng công nghiệp 5 A00, A01 Toán; Vật lý SAT ≥ 1000; IELTS Academic ≥ 5.5; TOEFL iBT ≥ 50 42 DCN 410 Phương thức 2 7510204 Công nghệ kỹ thuật cơ điện tử ô tô 5 A00, A01 Toán; Vật lý SAT ≥ 1000; IELTS Academic ≥ 5.5; TOEFL iBT ≥ 50 43 DCN 410 Phương thức 2 7520118 Kỹ thuật hệ thống công nghiệp 5 A00, A01 Toán; Vật lý SAT ≥ 1000; IELTS Academic ≥ 5.5; TOEFL iBT ≥ 50 44 DCN 410 Phương thức 2 7520116 Kỹ thuật cơ khí động lực 5 A00, A01 Toán; Vật lý SAT ≥ 1000; IELTS Academic ≥ 5.5; TOEFL iBT ≥ 50 45 DCN 410 Phương thức 2 7540101 Công nghệ thực phẩm 10 A00, B00, D07 Toán; Hóa học; Sinh học; SAT ≥ 1000; IELTS Academic ≥ 5.5; TOEFL iBT ≥ 50 46 DCN 410 Phương thức 2 7540203 Công nghệ vật liệu dệt, may 5 A00, A01, D01 Toán; Tiếng Anh; Ngữ văn SAT ≥ 1000; IELTS Academic ≥ 5.5; TOEFL iBT ≥ 50 47 DCN 410 Phương thức 2 7540204 Công nghệ dệt, may 5 A00, A01, D01 Toán; Tiếng Anh; Ngữ văn SAT ≥ 1000; IELTS Academic ≥ 5.5; TOEFL iBT ≥ 50 48 DCN 410 Phương thức 2 7720203 Hóa dược 5 A00, B00, D07 Toán; Hóa học; Sinh học; SAT ≥ 1000; IELTS Academic ≥ 5.5; TOEFL iBT ≥ 50 49 DCN 410 Phương thức 2 7810101 Du lịch 10 D01, D14, D15 Toán; Tiếng Anh; Ngữ văn; Lịch sử; Địa lý SAT ≥ 1000; IELTS Academic ≥ 5.5; TOEFL iBT ≥ 50 50 DCN 410 Phương thức 2 7810103 Quản trị dịch vụ du lịch và lữ hành 10 A01, D01, D14 Toán; Tiếng Anh; Ngữ văn; Lịch sử SAT ≥ 1000; IELTS Academic ≥ 5.5; TOEFL iBT ≥ 50 51 DCN 410 Phương thức 2 7810201 Quản trị khách sạn 10 A01, D01, D14 Toán; Tiếng Anh; Ngữ văn; Lịch sử SAT ≥ 1000; IELTS Academic ≥ 5.5; TOEFL iBT ≥ 50 52 DCN 410 Phương thức 2 7810202 Quản trị nhà hàng và dịch vụ ăn uống 5 - Bảng quy đổi điểm Chứng chỉ quốc tế và Giải học sinh giỏi THPT cấp tỉnh/thành phố sang thang điểm 10: Ngọai ngữ Tiếng Anh Ngoại ngữ khác Chứng chỉ đánh giá năng lực quốc tế Đoạt giải HSG cấp tỉnh/Thành phố Tiếng Anh IELTS Tiếng Anh TOEFL iBT Điểm quy đổi Tiếng Trung HSK Tiếng Nhật JLPT Tiếng Hàn TOPIK Điểm\\n', 'content: nước đó. Tiến sĩ Nguyễn Việt Hùng - Trưởng khoa Ngôn ngữ ứng dụng, Trường Quốc tế, Đại học Quốc gia Hà Nội nhận định, Ngôn ngữ không phải bây giờ mới ""hot"" mà ""hot"" từ ngày xưa. ""Nếu không có ngôn ngữ thì sao? Ngôn ngữ để giao tiếp với nhau, giao tiếp với cộng đồng, thậm chí giao tiếp với chính mình. Một con người sống được là nhờ ngôn ngữ. Chính vì vậy, ngôn ngữ là vô cùng quan trọng…"", TS Nguyễn Việt Hùng cho hay. Một trong những lý do hàng đầu khiến nhiều học sinh lựa chọn đăng ký theo học ngành Ngôn ngữ đó chính là cơ hội việc làm cao. Những năm gần đây, nhiều nước trên thế giới đang tăng cường đẩy mạnh đầu tư vào Việt Nam, nhờ đó mà học ngành này có nhiều lợi thế hơn các ngành khác. Trường ĐH KHXHNV TP.HCM tham gia tư vấn tuyển sinh cho thí sinh tại Đồng Nai năm 2023. Ảnh: Quỳnh Nguyễn/hcmussh Mức lương ngành Ngôn ngữ học Theo thông tin từ Trường Đại học Khoa học Xã hội và Nhân văn, Đại học Quốc gia TP.HCM, sinh viên tốt nghiệp ngành Ngôn ngữ học có đầy đủ kiến thức và kỹ năng để có thể làm việc ở nhiều cơ quan, tổ chức trong các lĩnh vực công việc như: Lĩnh vực nghiên cứu ngôn ngữ học: Cử nhân Ngôn ngữ học có thể học lên bậc Thạc sĩ và Tiến sĩ chuyên ngành Ngôn ngữ học để trở thành nhà nghiên cứu chuyên ngành hay liên ngành ở các trường đại học, các viện, trung tâm nghiên cứu. Lĩnh vực báo chí, truyền thông đại chúng: Biên tập báo, biên tập website; viết tin, bài; xây dựng kịch bản truyền hình; làm phóng sự truyền hình; viết nội dung phim tài liệu; sáng tác kịch bản phim; chuyển thể kịch bản phim; viết lời thoại; dẫn chương trình… Lĩnh vực biên tập, xuất bản, dịch thuật: Biên tập sách, báo, tạp chí; làm các công tác xuất bản; công tác biên phiên dịch; tham gia các hoạt động biên soạn sách giáo khoa, sách tham khảo. Lĩnh vực quản lý hành chính văn phòng: Kiến thức ngôn ngữ học có thể tạo điều kiện cho sinh viên ra trường tham gia làm các công việc hành chính, quản trị văn phòng, quản lý hệ thống văn bản. Lĩnh vực phê bình, sáng tác văn học, nghệ thuật: Kiến\\nnext_contents:\\n- [danviet] Ngành học hot không bao giờ sợ bị thất sủng, lương hấp dẫn, lại có cơ hội thăng tiến cao Thứ Năm, 10:13 16/05/2024 153 Ngôn ngữ học là ngành không bao giờ bị thất sủng bởi công nghệ không thể thay thế được ngành này. Nhiều thí sinh quan tâm tới ngành học hot này với mức lương hấp dẫn, cơ hội việc làm và thăng tiến cao. Ngành Ngôn ngữ học: Cơ hội việc làm cao Theo thông tin từ Trường Ngoại ngữ - Du lịch, Trường Đại học Công nghiệp Hà Nội, PGS.TS. Lê Thị Lan Anh, Trưởng Khoa Tiếng Việt và Văn hóa Việt Nam, Trường Ngoại ngữ - Du lịch cho biết, sinh viên ngành Ngôn ngữ học ngoài những môn học kiến thức giáo dục đại cương sinh viên sẽ được học, nghiên cứu những kiến thức cơ sở khối ngành, cơ sở ngành và chuyên ngành liên quan tới Ngôn ngữ học theo định hướng ứng dụng như: Nhập môn Ngôn ngữ học ứng dụng, Ngôn ngữ truyền thông và tiếp thị; Ngôn ngữ học Ngữ liệu, Ngôn ngữ học và thực hành báo chí, Âm ngữ trị liệu… Hiện nay, một số sinh viên đang nhầm lẫn ngành Ngôn ngữ học với các ngành ngôn ngữ khác như Ngôn ngữ Anh, Ngôn ngữ Trung, Ngôn ngữ Hàn, Ngôn ngữ Nhật. Tuy nhiên, Ngôn ngữ học là ngành học khái quát, với hệ thống các khái niệm, các phương pháp nghiên cứu và ứng dụng tập trung vào đối tượng tiếng Việt, một số ngôn ngữ khác có thể được dẫn ra để so sánh, đối chiếu, làm rõ tính riêng biệt hay phổ quát của khái niệm, hiện tượng. Còn các ngành học như Ngôn ngữ Anh, Ngôn ngữ Trung, Ngôn ngữ Hàn, Ngôn ngữ Nhật sinh viên sẽ được học chuyên sâu về ngôn ngữ và văn hóa của đất nước đó. Tiến sĩ Nguyễn Việt Hùng - Trưởng khoa Ngôn ngữ ứng dụng, Trường Quốc tế, Đại học Quốc gia Hà Nội nhận định, Ngôn ngữ không phải bây giờ mới ""hot"" mà ""hot"" từ ngày xưa. ""Nếu không có ngôn ngữ thì sao? Ngôn ngữ để giao tiếp với nhau, giao tiếp với cộng đồng, thậm chí giao tiếp với chính mình. Một con người sống được là nhờ ngôn ngữ. Chính vì vậy, ngôn ngữ là vô cùng quan trọng…"", TS Nguyễn Việt Hùng cho hay. Một trong những lý do hàng đầu khiến nhiều học sinh lựa chọn đăng ký theo học\\n', 'content: + Thí sinh có một trong các chứng chỉ Quốc tế ACT ≥ 20, SAT ≥ 1000; Chứng chỉ tiếng Anh quốc tế IELTS Academic ≥ 5.5, TOEFL iBT ≥ 50; Chứng chỉ Tiếng Hàn TOPIK ≥ 3; Chứng chỉ tiếng Trung HSK ≥ 3; Chứng chỉ Tiếng Nhật N ≤ 4 (các chứng chỉ phải còn hiệu lực). - Xét tuyển theo ngành dựa vào Điểm xét tuyển (ĐXT) của thí sinh. Điểm xét tuyển (ĐXT) được tính như sau: + ĐXT = (Điểm quy đổi từ Chứng chỉ hoặc Giải) x 2 + Điểm trung bình chung các học kỳ lớp 10, 11, 12 + Điểm ưu tiên (nếu có). + Bảng quy đổi điểm Chứng chỉ quốc tế và Giải học sinh giỏi THPT cấp tỉnh/thành phố sang thang điểm 10 để xét tuyển: Ngọai ngữ Tiếng Anh Ngoại ngữ khác Chứng chỉ đánh giá năng lực quốc tế Đoạt giải HSG cấp tỉnh/Thành phố Tiếng Anh IELTS (1-9) Tiếng Anh TOEFL iBT (1-120) Điểm quy đổi Tiếng Trung HSK (1-6) Tiếng Nhật N (5-1) Tiếng Hàn TOPIK (1-5) Điểm quy đổi ACT (1-36) SAT (1-1600) Điểm quy đổi Giải Điểm quy đổi 5.5 50-60 8 HSK 3 N4 TOPIK 3 8 20-25 1000-1100 8 Ba 8 6.0 61-70 9 HSK 4 N3 TOPIK 4 9 26-29 1101-1200 9 Nhì 9 6.5- 9.0 71-120 10 HSK 5-6 N2-1 TOPIK 5 10 30-36 1201-1600 10 Nhất 10 3. Xét tuyển dựa trên kết quả thi tốt nghiệp THPT ( Dự kiến 6.770 chỉ tiêu ) - Thí sinh tham gia kỳ thi tốt nghiệp THPT năm 2021 có các môn thi theo các tổ hợp xét tuyển của ngành đào tạo. - Danh sách ngành, chỉ tiêu, tổ hợp môn xét tuyển sẽ được công khai chi tiết trong Đề án tuyển sinh của Trường. - Mọi chi tiết xin liên hệ: Văn Phòng Tuyển sinh & Học vụ - Trường Đại học Công nghiệp Hà Nội Địa chỉ: Số 298, Đường Cầu Diễn, Quận Bắc Từ Liêm, Thành phố Hà Nội Điện thoại: 0243.7655121 Máy lẻ 277/255 Số hotline: 08.3456.0255 Website: tuyensinh.haui.edu.vn Fanpage: facebook.com/tuyensinh.haui Thứ Hai, 09:40 25/01/2021 Tags: Đại học Công nghiệp Hà Nội phương thức tuyển sinh đại học chính quy tuyển sinh đào tạo năm 2021\\nnext_contents:\\n- Đại học Công nghiệp Hà Nội công bố phương thức tuyển sinh năm 2021 Thứ Hai, 09:40 25/01/2021 22464 Năm 2021, Trường Đại học Công nghiệp Hà Nội dự kiến tuyển 7.120 chỉ tiêu đại học chính quy với 03 phương thức tuyển sinh như sau: 1. Tuyển thẳng: Tuyển thẳng (không giới hạn chỉ tiêu) cho các đối tượng theo quy chế tuyển sinh của Bộ GD&ĐT, cụ thể: - Anh hùng lao động, Anh hùng lực lượng vũ trang nhân dân, Chiến sĩ thi đua toàn quốc... - Thí sinh được triệu tập tham dự kỳ thi chọn đội tuyển quốc gia dự thi Olympic quốc tế, Cuộc thi Khoa học - Kỹ thuật quốc tế; Thí sinh đoạt giải Nhất, Nhì, Ba kỳ thi chọn học sinh giỏi quốc gia hoặc Cuộc thi Khoa học - Kỹ thuật cấp quốc gia do Bộ Giáo dục tổ chức được đăng ký tuyển thẳng vào các ngành đoạt giải phù hợp theo Đề án tuyển sinh của Trường; - Người nước ngoài tốt nghiệp THPT được tuyển thẳng vào học ngành Tiếng Việt và Văn hóa Việt Nam. 2. Xét tuyển thí sinh đoạt giải học sinh giỏi cấp tỉnh/thành phố, thí sinh có chứng chỉ quốc tế ( Dự kiến 350 chỉ tiêu ): - Thí sinh có điểm trung bình các môn học của từng học kỳ lớp 10, 11, 12 đạt 7.0 trở lên (Riêng đối với thí sinh tốt nghiệp năm 2021, lớp 12 chỉ tính học kỳ 1) và đáp ứng một trong các điều kiện dưới đây được đăng ký xét tuyển vào ngành phù hợp với Môn học đoạt giải hoặc Chứng chỉ quốc tế: + Thí sinh đoạt giải Nhất, Nhì, Ba trong kỳ thi học sinh giỏi THPT cấp tỉnh/thành phố các môn Toán, Vật lý, Hóa học, Sinh học, Ngữ văn, Lịch sử, Địa lý, Tin học, Tiếng Anh, Tiếng Trung, Tiếng Nhật; + Thí sinh có một trong các chứng chỉ Quốc tế ACT ≥ 20, SAT ≥ 1000; Chứng chỉ tiếng Anh quốc tế IELTS Academic ≥ 5.5, TOEFL iBT ≥ 50; Chứng chỉ Tiếng Hàn TOPIK ≥ 3; Chứng chỉ tiếng Trung HSK ≥ 3; Chứng chỉ Tiếng Nhật N ≤ 4 (các chứng chỉ phải còn hiệu lực). - Xét tuyển theo ngành dựa vào Điểm xét tuyển (ĐXT) của thí sinh. Điểm xét tuyển (ĐXT) được tính như sau: + ĐXT = (Điểm quy đổi từ Chứng chỉ hoặc Giải) x 2 + Điểm trung bình chung các học kỳ lớp 10, 11, 12 + Điểm ưu tiên (nếu có). + Bảng\\n']","['Năm học 2024-2025, Khóa nhập học Khóa 19 Khoa Công nghệ thông tin vinh dự và tuyên dương nhiều sinh viên đạt được Học bổng HaUI 100% năm thứ nhất và Học bổng 5 triệu đồng. Với thành tích 3 năm Học sinh giỏi ở bậc học THPT và đạt chứng chỉ quốc tế IELTS 6.5, tân sinh viên Nguyễn Thế Sáng lớp 2024DHCNTT03 đã đỗ vào Khoa Công nghệ thông tin Trường Đại học Công Nghiệp Hà Nội với 29,07 điểm theo Phương thức 2 - Xét tuyển thí sinh đoạt giải học sinh giỏi cấp tỉnh/thành phố, thí sinh có chứng chỉ quốc tế. Em đã đạt Học bổng HaUI 100% năm thứ nhất. Lê Xuân Ngọc quê ở Bắc Giang, với thành tích đạt Giải Ba môn Hoá cơ sở năm lớp 11, giải khuyến khích môn Toán tỉnh lớp 12, em đã đỗ vào Khoa Công nghệ thông tin Trường Đại học Công Nghiệp Hà Nội với 27,05 điểm theo Phương thức 3 học lớp 2024DHCNTT04 - Xét tuyển dựa trên kết quả thi tốt nghiệp THPT năm 2024. Em đã đạt Học bổng HaUI 100% năm thứ nhất. Lê Xuân Ngọc đứng hàng 2 từ trái sang cùng tập thể lớp THPT Nguyễn Hoàng Anh quê ở Quốc Oai, Hà Nội với thành tích đạt được giải Ba cấp cụm môn Sinh học, em đã đỗ vào Khoa Công nghệ thông tin Trường Đại học Công Nghiệp Hà Nội với 20,06 điểm theo Phương thức 6 học lớp 2024DHCNTT01 - Xét tuyển dựa trên kết quả thi đánh giá tư duy. Em đã đạt Học bổng HaUI 100% năm thứ nhất. Lê Quốc Đạt quê ở Bắc Ninh, với thành tích đạt được 3 năm Học sinh giỏi bậc THPT, em đã đỗ vào Khoa Công nghệ thông tin Trường Đại học Công Nghiệp Hà Nội với 26,67 điểm theo Phương thức 3 học lớp 2024DHCNTT01 - Xét tuyển dựa trên kết quả thi tốt nghiệp THPT năm 2024. Em đã đạt học bổng HaUI 5 triệu đồng. Nguyễn Anh Tuấn quê ở Bắc Ninh, với thành tích đạt được 3 năm Học sinh giỏi bậc THPT và đạt chứng chỉ quốc tế IELTS 7.0, em đã đỗ vào Khoa Công nghệ thông tin Trường Đại học Công Nghiệp Hà Nội với 28,78 điểm theo Phương thức 2 học lớp 2024DHKHMT01 - Xét tuyển thí sinh đoạt giải học sinh giỏi cấp tỉnh/thành phố, thí sinh có chứng chỉ quốc tế. Em đã đạt học bổng HaUI 5 triệu đồng. Sinh viên Cao Đức Hoàng quê ở Nghệ An, với thành tích đạt được 3 năm Học sinh giỏi bậc THPT, em đã đỗ vào Khoa Công nghệ thông tin Trường Đại học Công Nghiệp Hà Nội với 29,04 điểm theo Phương thức 4 học lớp 2024DHCNTT03 - Xét tuyển dựa trên kết quả học tập ở bậc học THPT. Em đã đạt học bổng HaUI 5 triệu đồng. Sinh viên Nguyễn Đức Cảnh ở Đan Phượng, Hà Nội với ước mơ trở thành chuyên gia An ninh mạng em đã đỗ vào Khoa Công nghệ thông tin Trường Đại học Công Nghiệp Hà Nội với 19,43 điểm theo Phương thức 6 học lớp 2024DHCNTT01 - Xét tuyển dựa trên kết quả thi đánh giá tư duy. Em đã đạt học bổng HaUI 5 triệu đồng. Sinh viên Nguyễn Quang Khải ở Ba Vì, Hà Nội, với ước mơ trở thành Web developer và AI engineer em đã đỗ vào Khoa Công nghệ thông tin Trường Đại học Công Nghiệp Hà Nội với 19,39 điểm theo Phương thức 6 học lớp 2024DHCNTT01 - Xét tuyển dựa trên kết quả thi đánh giá tư duy. Em đã đạt học bổng HaUI 5 triệu đồng. Với các thành tích xuất sắc đã đạt được ở bậc học THPT cùng sự phấn đấu, nỗ lực học tập, hy vọng các em sẽ học tập tốt trên giảng đường đại học và hy vọng môi trường học tập tại Khoa Công nghệ thông tin Trường Đại học Công Nghiệp Hà Nội sẽ là nơi các em trau dồi và tích lũy để trở thành Lập trình viên chuyên nghiệp trong tương lai. Thứ Tư, 11:03 25/09/2024 Tags:']","### Thông tin về hoạt động khóa và các hoạt động đoàn hội tại Trường Đại học Công nghiệp Hà Nội

1. **Hoạt động khóa**:
   - Trường Đại học Công nghiệp Hà Nội tổ chức nhiều hoạt động nhằm phát triển kỹ năng và tạo cơ hội giao lưu cho sinh viên. Một trong những hoạt động nổi bật là Ngày hội Tân sinh viên, diễn ra vào ngày 26/11/2022, với sự tham gia của hàng ngàn sinh viên.
   - Các hoạt động này bao gồm các cuộc thi, workshop, và các chương trình giao lưu văn hóa, thể thao, giúp sinh viên có cơ hội thể hiện bản thân và kết nối với nhau.

2. **Hoạt động đoàn hội**:
   - Đoàn thanh niên và Hội sinh viên trường thường xuyên tổ chức các hội nghị tổng kết công tác đoàn và phong trào thanh niên sinh viên hàng năm. Ví dụ, Hội nghị tổng kết công tác Đoàn - Hội năm học 2017 - 2018 đã được tổ chức vào ngày 19/10.
   - Các hoạt động này không chỉ nhằm tổng kết mà còn phát động các phong trào thi đua trong sinh viên, nâng cao chất lượng công tác đoàn hội.

### Về Nguyễn Anh Tuấn
Nguyễn Anh Tuấn là một sinh viên đã đạt giải Ba trong cuộc thi đấu quần vợt tại Trường Đại học Công nghiệp Hà Nội. Tuy nhiên, thông tin về quê quán của Nguyễn Anh Tuấn không có trong tài liệu hiện có. Tôi khuyến nghị bạn tham khảo nguồn khác để biết thêm chi tiết.

### Tài liệu tham khảo
- [Lễ tổng kết công tác Đoàn - Hội và phong trào thanh niên, sinh viên năm học 2017 - 2018] - [**Link tham khảo**](https://www.haui.edu.vn/vn/hoat-dong-sinh-vien/le-tong-ket-cong-tac-doan-hoi-va-phong-trao-thanh-nien-sinh-vien-nam-hoc-2017-2018-phat-dong-thi-dua-nam-hoc-2018-2019/60866).
- [Sôi động và bùng cháy Ngày hội Tân sinh viên Rêveurs] - [**Link tham khảo**](https://www.haui.edu.vn/vn/su-kien/soi-dong-va-bung-chay-ngay-hoi-tan-sinh-vien-reveurs/63871).

Nếu bạn cần thêm thông tin hoặc có câu hỏi khác, hãy cho tôi biết!",Nguyễn Anh Tuấn quê ở Bắc Ninh.,0.7837010721673683,0.0,0.7407407407407407,0.0,1.07659912109375,11.24919080734253
Đội Thanh niên tình nguyện Khoa CNTT đã có những hoạt động gì trong 16 năm qua và vai trò của Đoàn Thanh niên trong sự phát triển của đội là gì?,"['content: Chúc mừng Hành trình 16 thanh xuân tuổi trẻ Đội Thanh niên tình nguyện Với tinh thần “Đâu cần thanh niên có, việc gì khó có thanh niên”, màu áo xanh tình nguyện đã trở thành hình ảnh quen thuộc thể hiện vai trò xung kích và cống hiến của tuổi trẻ Khoa Công nghệ thông tin Trường Đại học Công Nghiệp Hà Nội cho cộng đồng, xã hội. Từ những ngày đầu non trẻ, giờ đây – sau 16 năm, Đội Thanh niên tình nguyện Khoa CNTT - HaUI ngày càng lớn mạnh, kết nối hàng trăm gương mặt ưu tú, nhiệt huyết, năng động, là “cánh tay đắc lực” của Đoàn Thanh niên. Tối 30/11 vừa qua, tất cả nam thanh, nữ tú từng khoác lên mình màu áo xanh tình nguyện đã tụ hội, cùng nâng ly chúc mừng sinh nhật 16 tuổi của Đội Thanh niên tình nguyện. Đội Thanh niên tình nguyên thuộc Ban chấp hành Liên chi Đoàn Khoa CNTT, được ra đời cùng gần với quá trình xây dựng và phát triển Khoa CNTT HaUI. Có thể nói, Đội TNTN là một gia đình nhỏ trong gia đình lớn Khoa CNTT HaUI, là mái nhà chung của của các bạn sinh viên yêu thích các hoạt động tình nguyện, tham gia các hoạt động công ích cho xã hội. Tại đây, các bạn trẻ đã “kề vai sát cánh” trong nhiều hoạt động ý nghĩa của Nhà trường và xã hội như: Tết ấm yêu thương, tình nguyện vì cộng đồng, đại lễ Vu lan, Phát cháo từ thiên, Tri ân thầy cô 20/11, hỗ trợ nhập học, hỗ trợ chào tân SV, hỗ trợ Lễ tốt nghiệp trao bằng…Mỗi dịp sinh nhật, Đội TNTN lại cùng nhau ôn lại những kỷ niệm đã cùng nhau trải qua, những thành tích đã đạt được cũng như những điều cần rút kinh nghiệm. Các thế hệ TNTN Khoa CNTT HaUI tề tựu mừng sinh nhật 16 tuổi của Đội TNTN. Thay mặt Ban chủ nhiệm Khoa, TS. Đặng Trọng Hợp – Trưởng khoa CNTT HaUI gửi lời chúc mừng sinh nhật Đội “Tấm lòng sáng, tinh thần nhiệt huyết, sống vì cộng đồng của các em đã giúp Đội TNTN lớn mạnh như ngày hôm nay. Các em chính là một trong những lực lượng nòng cốt, luôn sát cánh cùng Khoa, Nhà trường trong mọi hoạt động. Chúc cho tất cả những sinh viên đã và đang khoác trên mình chiếc áo xanh tình nguyện Khoa CNTT HaUI luôn giữ\\nnext_contents:\\n', 'content: Hội nghị kiện toàn Đội Thanh niên tình nguyện Khoa CNTT nhiệm kỳ 2023-2024 Chiều 30/11/2024, Hội nghị Kiện toàn Đội Thanh niên tình nguyện Khoa Công nghệ thông tin Trường ĐH Công Nghiệp Hà Nội nhiệm kỳ 2023-2024 đã diễn ra. Đội Thanh niên tình nguyện Khoa CNTT HaUI là một trong những Đội hình tình nguyện nòng cốt trực thuộc Liên chi Đoàn Khoa CNTT Trường Đại học Công Nghiệp Hà Nội. Bước sang năm hoạt động thứ 16 với 16 lần kiện toàn Ban Chủ nhiệm, Đội Thanh niên tình nguyện Khoa CNTT được tổ chức quy củ, nề nếp, có phương hướng và kế hoạch hoạt động cụ thể, bài bản theo từng giai đoạn. Đội là nhân tố quan trọng đóng góp vào sự phát triển của công tác Đoàn và phong trào thanh niên Khoa CNTT HaUI. Đội Thanh niên tình nguyện Khoa CNTT HaUI đã trải qua 16 năm hoạt động với phương châm được xác định: Tình nguyện bốn bể là nhà - Hai mươi năm ấy vẫn là thanh xuân Tại Lễ Kiện toàn bạn Lê Minh Hùng, Nguyên Đội trưởng Đội Thanh niên tình nguyện ULSA khoá trước chia sẻ: ""Trong nhiệm kỳ quản lý Đội, được giao trọng trách là đội trưởng, mình cảm thấy rất may mắn khi được Ban chủ nhiệm, các thành viên trong Đội và đặc biệt là Đoàn Thanh niên trường tin tưởng và giúp đỡ tận tình. Được gắn bó với Đội suốt 4 năm đại học, đối với mình Đội tình nguyện đã trở thành gia đình thứ 2. Mình có quá nhiều kỷ niệm không thể quên với tập thể Đội. Mình rất tự hào khi nói rằng “ngôi nhà xanh FIT-HaUI” là một tập thể luôn nhiệt huyết, đoàn kết và vững mạnh. Đội đã đi tới nhiều nơi và hoàn thành được nhiều công trình, phần việc vì cộng đồng ý nghĩa Mình mong muốn và tin tưởng Ban Chủ nhiệm Đội trong nhiệm kỳ mới sẽ luôn phát huy tốt tinh thần, nhiệt huyết của tuổi trẻ, theo sự phân công và giao nhiệm vụ của Đoàn Thanh niên trường, quản lý đội thật tốt, để tập thể “ngôi nhà xanh FIT-HaUI” luôn đi đầu trong các phong trào, hoạt động của Đoàn Thanh niên Khoa CNTT-HaUI"". Trong năm học 2023-2024, Đội Thanh niên tình nguyện Khoa CNTT HaUI với định hướng, chỉ đạo của Đoàn Thanh niên trường, cùng với sự cố\\nnext_contents:\\n', 'content: TNTN Khoa CNTT HaUI tề tựu mừng sinh nhật 16 tuổi của Đội TNTN. Thay mặt Ban chủ nhiệm Khoa, TS. Đặng Trọng Hợp – Trưởng khoa CNTT HaUI gửi lời chúc mừng sinh nhật Đội “Tấm lòng sáng, tinh thần nhiệt huyết, sống vì cộng đồng của các em đã giúp Đội TNTN lớn mạnh như ngày hôm nay. Các em chính là một trong những lực lượng nòng cốt, luôn sát cánh cùng Khoa, Nhà trường trong mọi hoạt động. Chúc cho tất cả những sinh viên đã và đang khoác trên mình chiếc áo xanh tình nguyện Khoa CNTT HaUI luôn giữ được nhiệt huyết của tuổi trẻ; hoàn thành tốt nhiệm vụ học tập, làm việc; duy trì và lan tỏa các công việc từ thiện, vì cộng đồng”.. TS. Đặng Trọng Hợp chúc mừng sự lớn mạnh của Đội TNTN – “cánh tay đắc lực” của Đoàn Thanh niên. Đại diện Ban Chủ nhiệm Khoa CNTT tặng quà sinh nhật Đội TNTN. Đại diện Ban Chủ nhiệm Khoa, Đoàn Thanh niên và Đội TNTN cắt bánh sinh nhật. Nguyễn Hữu Nhật – Đội trưởng Đội TNTN thay mặt toàn Đội cam kết: “Đội TNTN Khoa CNTT hứa sẽ tiếp tục cống hiến hết mình cho Nhà trường và xã hội; luôn là những người trẻ FIT-HaUI không ngại khó, ngại khổ; sẵn sàng tham gia mọi hoạt động có ích cho xã hội, cho cộng đồng”. Những cái bắt tay, cái ôm ấm áp của các thành viên, cựu thành viên cho thấy: Đội TNTN Khoa CNTT HaUI luôn là một đại gia đình. Những trái tim nhiệt huyết cùng tinh thần đoàn kết của tuổi trẻ tình nguyện sẽ luôn sát cánh cùng thầy cô trong mọi hoạt động Nhà trường và xã hội. Dù ở đâu, làm gì, tuổi trẻ FIT-HaUI vẫn luôn là những người trẻ năng động nhiệt huyết và thành công! Thứ Sáu, 10:37 06/12/2024 Tags:\\nnext_contents:\\n- Chúc mừng Hành trình 16 thanh xuân tuổi trẻ Đội Thanh niên tình nguyện Với tinh thần “Đâu cần thanh niên có, việc gì khó có thanh niên”, màu áo xanh tình nguyện đã trở thành hình ảnh quen thuộc thể hiện vai trò xung kích và cống hiến của tuổi trẻ Khoa Công nghệ thông tin Trường Đại học Công Nghiệp Hà Nội cho cộng đồng, xã hội. Từ những ngày đầu non trẻ, giờ đây – sau 16 năm, Đội Thanh niên tình nguyện Khoa CNTT - HaUI ngày càng lớn mạnh, kết nối hàng trăm gương mặt ưu tú, nhiệt huyết, năng động, là “cánh tay đắc lực” của Đoàn Thanh niên. Tối 30/11 vừa qua, tất cả nam thanh, nữ tú từng khoác lên mình màu áo xanh tình nguyện đã tụ hội, cùng nâng ly chúc mừng sinh nhật 16 tuổi của Đội Thanh niên tình nguyện. Đội Thanh niên tình nguyên thuộc Ban chấp hành Liên chi Đoàn Khoa CNTT, được ra đời cùng gần với quá trình xây dựng và phát triển Khoa CNTT HaUI. Có thể nói, Đội TNTN là một gia đình nhỏ trong gia đình lớn Khoa CNTT HaUI, là mái nhà chung của của các bạn sinh viên yêu thích các hoạt động tình nguyện, tham gia các hoạt động công ích cho xã hội. Tại đây, các bạn trẻ đã “kề vai sát cánh” trong nhiều hoạt động ý nghĩa của Nhà trường và xã hội như: Tết ấm yêu thương, tình nguyện vì cộng đồng, đại lễ Vu lan, Phát cháo từ thiên, Tri ân thầy cô 20/11, hỗ trợ nhập học, hỗ trợ chào tân SV, hỗ trợ Lễ tốt nghiệp trao bằng…Mỗi dịp sinh nhật, Đội TNTN lại cùng nhau ôn lại những kỷ niệm đã cùng nhau trải qua, những thành tích đã đạt được cũng như những điều cần rút kinh nghiệm. Các thế hệ TNTN Khoa CNTT HaUI tề tựu mừng sinh nhật 16 tuổi của Đội TNTN. Thay mặt Ban chủ nhiệm Khoa, TS. Đặng Trọng Hợp – Trưởng khoa CNTT HaUI gửi lời chúc mừng sinh nhật Đội “Tấm lòng sáng, tinh thần nhiệt huyết, sống vì cộng đồng của các em đã giúp Đội TNTN lớn mạnh như ngày hôm nay. Các em chính là một trong những lực lượng nòng cốt, luôn sát cánh cùng Khoa, Nhà trường trong mọi hoạt động. Chúc cho tất cả những sinh viên đã và đang khoác trên mình chiếc áo xanh tình nguyện Khoa CNTT HaUI luôn giữ\\n', 'content: nhằm kết nối các thành viên trong Đội; Vận động các thành viên trong Đội tích cực tham gia xung kích giữ gìn an ninh trật tự và an toàn xã hội. Chia sẻ khi nhận nhiệm vụ là tân Đội trưởng Đội Thanh niên tình nguyện Khoa CNTT HaUI khoá mới, bạn Nguyễn Hữu Nhật, đội trưởng nhiệm kỳ 2024-2025 cho biết: ""Mình rất vui vì được Ban Chấp hành Đoàn trường, ban chủ nhiệm khoá cũ và toàn đội tín nhiệm, tin tưởng giao trọng trách trở thành người dẫn dắt đội trong thời gian tới. Những thành tựu mà Đội Thanh niên tình nguyện Khoa CNTT HaUI đạt được trong thời gian qua có được là nhờ những đóng góp không ngừng nghỉ của ban lãnh đạo khoá cũ và các thành viên trong Đội"". ""Thời gian tới, mình và ban lãnh đạo khoá mới sẽ cố gắng hết sức để phát huy truyền thống của đội, tiếp tục đưa Đội Thanh niên tình nguyện Khoa CNTT HaUI phát triển đi lên; Trở thành một trong những lá cờ đầu trong hoạt động của Đoàn Thanh niên trường Đại học Công Nghiệp Hà Nội"", Nhật nhấn mạnh. Thứ Sáu, 14:26 06/12/2024 Tags:\\nnext_contents:\\n- nhiệm vụ công tác Đoàn và phong trào thanh niên năm 2025 sẽ tiếp tục tập trung bám sát sự chỉ đạo của Đoàn trường, xây dựng kế hoạch công tác khả thi, phù hợp với đặc thù của Đội; Tăng cường tuyên truyền, giáo dục chính trị tư tưởng, đạo đức lối sống, ý thức chấp hành pháp luật trong Đội viên; Thường xuyên theo dõi nắm bắt tình hình tư tưởng, tâm tư nguyện vọng của Đội viên; Đẩy mạnh các phong trào thi đua học tập, sáng tạo, tích cực rèn luyện tác phong, lề lối, nâng cao chất lượng, hiệu quả công việc gắn với đảm bảo hiệu quả học tập; Tiếp tục xây dựng, củng cố tổ chức của Đội, nâng cao chất lượng hoạt động Đoàn, chú trọng công tác kiểm tra, giám sát và thực hiện tốt công tác Đoàn tham gia xây dựng Đảng. Một số chỉ tiêu, nhiệm vụ cụ thể được toàn Đội xác định như: 100% đội viên gương mẫu, đẩy mạnh học tập và làm theo tư tưởng, đạo đức, phong cách Chủ tịch Hồ Chí Minh; Đội tiếp tục giới thiệu cho Đoàn trường để giới thiệu cho Đảng những đoàn viên ưu tú, chú trọng chất lượng đoàn viên, quần chúng ưu tú được giới thiệu cho Đảng; Thực hiện tốt chế độ thông tin, báo cáo Đoàn trường Đại học Công Nghiệp Hà Nội; Liên tục đổi mới các nội dung sinh hoạt của Đội, gắn hoạt động Đoàn với việc học tập; Nâng cao chất lượng hoạt động của Đội gắn với nâng cao tính chủ động của các thành viên trong Đội; Triển khai và tham gia tích cực các hoạt động, phong trào do Đoàn trường tổ chức; Mở rộng học hỏi, giao lưu với các Đội, CLB trong trường; Tăng cường tổ chức các hoạt động văn nghệ, thể thao nhằm kết nối các thành viên trong Đội; Vận động các thành viên trong Đội tích cực tham gia xung kích giữ gìn an ninh trật tự và an toàn xã hội. Chia sẻ khi nhận nhiệm vụ là tân Đội trưởng Đội Thanh niên tình nguyện Khoa CNTT HaUI khoá mới, bạn Nguyễn Hữu Nhật, đội trưởng nhiệm kỳ 2024-2025 cho biết: ""Mình rất vui vì được Ban Chấp hành Đoàn trường, ban chủ nhiệm khoá cũ và toàn đội tín nhiệm, tin tưởng giao trọng trách trở thành người dẫn dắt đội trong thời gian tới. Những thành tựu mà Đội Thanh\\n', 'content: trình, phần việc vì cộng đồng ý nghĩa Mình mong muốn và tin tưởng Ban Chủ nhiệm Đội trong nhiệm kỳ mới sẽ luôn phát huy tốt tinh thần, nhiệt huyết của tuổi trẻ, theo sự phân công và giao nhiệm vụ của Đoàn Thanh niên trường, quản lý đội thật tốt, để tập thể “ngôi nhà xanh FIT-HaUI” luôn đi đầu trong các phong trào, hoạt động của Đoàn Thanh niên Khoa CNTT-HaUI"". Trong năm học 2023-2024, Đội Thanh niên tình nguyện Khoa CNTT HaUI với định hướng, chỉ đạo của Đoàn Thanh niên trường, cùng với sự cố gắng, nỗ lực của toàn thể đội viên, cộng tác viên, Ban chủ nhiệm, Đội đã hoàn thành xuất sắc các nhiệm vụ năm học 2024 - 2025 và ghi nhiều dấu ấn, thành tích nổi bật; Được Đoàn Thanh niên, Ban Giám hiệu nhà trường ghi nhận, đánh giá cao. Ban Chủ nhiệm Khóa mới ra mắt Qua quá trình hoạt động, làm việc và xin ý kiến chỉ đạo của Ban Chấp hành Đoàn trường, tại buổi lễ Kiện toàn, Đội Thanh niên tình nguyện Khoa CNTT HaUI đã thống nhất, giới thiệu Ban chủ nhiệm Đội nhiệm kỳ 2024-2025 gồm 4 thành viên: Đồng chí Nguyễn Hữu Nhật – Chủ nhiệm, Đồng chí Phạm Thị Hải Hà – Phó chủ nhiệm, Đồng chí Nguyễn Thanh Tùng – Phó chủ nhiệm, Đồng chí Lê Văn Sơn – Phó chủ nhiệm Các thành viên trong đội đều là những cá nhân nhiệt huyết với công tác Đoàn, phong trào thanh niên Được biết, trong nhiệm kỳ 2024- 2025, phát huy những kết quả đạt được trong hoạt động năm 2024, bám sát định hướng, chỉ đạo của Đoàn Thanh niên trường Đại học Công Nghiệp Hà Nội, Đội Thanh niên tình nguyện Khoa CNTT HaUI xác định phương hướng, nhiệm vụ công tác Đoàn và phong trào thanh niên năm 2025 sẽ tiếp tục tập trung bám sát sự chỉ đạo của Đoàn trường, xây dựng kế hoạch công tác khả thi, phù hợp với đặc thù của Đội; Tăng cường tuyên truyền, giáo dục chính trị tư tưởng, đạo đức lối sống, ý thức chấp hành pháp luật trong Đội viên; Thường xuyên theo dõi nắm bắt tình hình tư tưởng, tâm tư nguyện vọng của Đội viên; Đẩy mạnh các phong trào thi đua học tập, sáng tạo, tích cực rèn luyện tác phong, lề lối, nâng cao chất lượng, hiệu quả\\nnext_contents:\\n- Hội nghị kiện toàn Đội Thanh niên tình nguyện Khoa CNTT nhiệm kỳ 2023-2024 Chiều 30/11/2024, Hội nghị Kiện toàn Đội Thanh niên tình nguyện Khoa Công nghệ thông tin Trường ĐH Công Nghiệp Hà Nội nhiệm kỳ 2023-2024 đã diễn ra. Đội Thanh niên tình nguyện Khoa CNTT HaUI là một trong những Đội hình tình nguyện nòng cốt trực thuộc Liên chi Đoàn Khoa CNTT Trường Đại học Công Nghiệp Hà Nội. Bước sang năm hoạt động thứ 16 với 16 lần kiện toàn Ban Chủ nhiệm, Đội Thanh niên tình nguyện Khoa CNTT được tổ chức quy củ, nề nếp, có phương hướng và kế hoạch hoạt động cụ thể, bài bản theo từng giai đoạn. Đội là nhân tố quan trọng đóng góp vào sự phát triển của công tác Đoàn và phong trào thanh niên Khoa CNTT HaUI. Đội Thanh niên tình nguyện Khoa CNTT HaUI đã trải qua 16 năm hoạt động với phương châm được xác định: Tình nguyện bốn bể là nhà - Hai mươi năm ấy vẫn là thanh xuân Tại Lễ Kiện toàn bạn Lê Minh Hùng, Nguyên Đội trưởng Đội Thanh niên tình nguyện ULSA khoá trước chia sẻ: ""Trong nhiệm kỳ quản lý Đội, được giao trọng trách là đội trưởng, mình cảm thấy rất may mắn khi được Ban chủ nhiệm, các thành viên trong Đội và đặc biệt là Đoàn Thanh niên trường tin tưởng và giúp đỡ tận tình. Được gắn bó với Đội suốt 4 năm đại học, đối với mình Đội tình nguyện đã trở thành gia đình thứ 2. Mình có quá nhiều kỷ niệm không thể quên với tập thể Đội. Mình rất tự hào khi nói rằng “ngôi nhà xanh FIT-HaUI” là một tập thể luôn nhiệt huyết, đoàn kết và vững mạnh. Đội đã đi tới nhiều nơi và hoàn thành được nhiều công trình, phần việc vì cộng đồng ý nghĩa Mình mong muốn và tin tưởng Ban Chủ nhiệm Đội trong nhiệm kỳ mới sẽ luôn phát huy tốt tinh thần, nhiệt huyết của tuổi trẻ, theo sự phân công và giao nhiệm vụ của Đoàn Thanh niên trường, quản lý đội thật tốt, để tập thể “ngôi nhà xanh FIT-HaUI” luôn đi đầu trong các phong trào, hoạt động của Đoàn Thanh niên Khoa CNTT-HaUI"". Trong năm học 2023-2024, Đội Thanh niên tình nguyện Khoa CNTT HaUI với định hướng, chỉ đạo của Đoàn Thanh niên trường, cùng với sự cố\\n']","['<1-hop>\\n\\nHành trình 16 thanh xuân tuổi trẻ Đội Thanh niên tình nguyện Với tinh thần “Đâu cần thanh niên có, việc gì khó có thanh niên”, màu áo xanh tình nguyện đã trở thành hình ảnh quen thuộc thể hiện vai trò xung kích và cống hiến của tuổi trẻ Khoa Công nghệ thông tin Trường Đại học Công Nghiệp Hà Nội cho cộng đồng, xã hội. Từ những ngày đầu non trẻ, giờ đây – sau 16 năm, Đội Thanh niên tình nguyện Khoa CNTT - HaUI ngày càng lớn mạnh, kết nối hàng trăm gương mặt ưu tú, nhiệt huyết, năng động, là “cánh tay đắc lực” của Đoàn Thanh niên. Tối 30/11 vừa qua, tất cả nam thanh, nữ tú từng khoác lên mình màu áo xanh tình nguyện đã tụ hội, cùng nâng ly chúc mừng sinh nhật 16 tuổi của Đội Thanh niên tình nguyện. Đội Thanh niên tình nguyên thuộc Ban chấp hành Liên chi Đoàn Khoa CNTT, được ra đời cùng gần với quá trình xây dựng và phát triển Khoa CNTT HaUI. Có thể nói, Đội TNTN là một gia đình nhỏ trong gia đình lớn Khoa CNTT HaUI, là mái nhà chung của của các bạn sinh viên yêu thích các hoạt động tình nguyện, tham gia các hoạt động công ích cho xã hội. Tại đây, các bạn trẻ đã “kề vai sát cánh” trong nhiều hoạt động ý nghĩa của Nhà trường và xã hội như: Tết ấm yêu thương, tình nguyện vì cộng đồng, đại lễ Vu lan, Phát cháo từ thiên, Tri ân thầy cô 20/11, hỗ trợ nhập học, hỗ trợ chào tân SV, hỗ trợ Lễ tốt nghiệp trao bằng…Mỗi dịp sinh nhật, Đội TNTN lại cùng nhau ôn lại những kỷ niệm đã cùng nhau trải qua, những thành tích đã đạt được cũng như những điều cần rút kinh nghiệm. Các thế hệ TNTN Khoa CNTT HaUI tề tựu mừng sinh nhật 16 tuổi của Đội TNTN. Thay mặt Ban chủ nhiệm Khoa, TS. Đặng Trọng Hợp – Trưởng khoa CNTT HaUI gửi lời chúc mừng sinh nhật Đội “Tấm lòng sáng, tinh thần nhiệt huyết, sống vì cộng đồng của các em đã giúp Đội TNTN lớn mạnh như ngày hôm nay. Các em chính là một trong những lực lượng nòng cốt, luôn sát cánh cùng Khoa, Nhà trường trong mọi hoạt động. Chúc cho tất cả những sinh viên đã và đang khoác trên mình chiếc áo xanh tình nguyện Khoa CNTT HaUI luôn giữ được nhiệt huyết của tuổi trẻ; hoàn thành tốt nhiệm vụ học tập, làm việc; duy trì và lan tỏa các công việc từ thiện, vì cộng đồng”.. TS. Đặng Trọng Hợp chúc mừng sự lớn mạnh của Đội TNTN – “cánh tay đắc lực” của Đoàn Thanh niên. Đại diện Ban Chủ nhiệm Khoa CNTT tặng quà sinh nhật Đội TNTN. Đại diện Ban Chủ nhiệm Khoa, Đoàn Thanh niên và Đội TNTN cắt bánh sinh nhật. Nguyễn Hữu Nhật – Đội trưởng Đội TNTN thay mặt toàn Đội cam kết: “Đội TNTN Khoa CNTT hứa sẽ tiếp tục cống hiến hết mình cho Nhà trường và xã hội; luôn là những người trẻ FIT-HaUI không ngại khó, ngại khổ; sẵn sàng tham gia mọi hoạt động có ích cho xã hội, cho cộng đồng”. Những cái bắt tay, cái ôm ấm áp của các thành viên, cựu thành viên cho thấy: Đội TNTN Khoa CNTT HaUI luôn là một đại gia đình. Những trái tim nhiệt huyết cùng tinh thần đoàn kết của tuổi trẻ tình nguyện sẽ luôn sát cánh cùng thầy cô trong mọi hoạt động Nhà trường và xã hội. Dù ở đâu, làm gì, tuổi trẻ FIT-HaUI vẫn luôn là những người trẻ năng động nhiệt huyết và thành công! Thứ Sáu, 10:37 06/12/2024 Tags:', '<2-hop>\\n\\nHội nghị kiện toàn Đội Thanh niên tình nguyện Khoa CNTT nhiệm kỳ 2023-2024 Chiều 30/11/2024, Hội nghị Kiện toàn Đội Thanh niên tình nguyện Khoa Công nghệ thông tin Trường ĐH Công Nghiệp Hà Nội nhiệm kỳ 2023-2024 đã diễn ra. Đội Thanh niên tình nguyện Khoa CNTT HaUI là một trong những Đội hình tình nguyện nòng cốt trực thuộc Liên chi Đoàn Khoa CNTT Trường Đại học Công Nghiệp Hà Nội. Bước sang năm hoạt động thứ 16 với 16 lần kiện toàn Ban Chủ nhiệm, Đội Thanh niên tình nguyện Khoa CNTT được tổ chức quy củ, nề nếp, có phương hướng và kế hoạch hoạt động cụ thể, bài bản theo từng giai đoạn. Đội là nhân tố quan trọng đóng góp vào sự phát triển của công tác Đoàn và phong trào thanh niên Khoa CNTT HaUI. Đội Thanh niên tình nguyện Khoa CNTT HaUI đã trải qua 16 năm hoạt động với phương châm được xác định: Tình nguyện bốn bể là nhà - Hai mươi năm ấy vẫn là thanh xuân Tại Lễ Kiện toàn bạn Lê Minh Hùng, Nguyên Đội trưởng Đội Thanh niên tình nguyện ULSA khoá trước chia sẻ: ""Trong nhiệm kỳ quản lý Đội, được giao trọng trách là đội trưởng, mình cảm thấy rất may mắn khi được Ban chủ nhiệm, các thành viên trong Đội và đặc biệt là Đoàn Thanh niên trường tin tưởng và giúp đỡ tận tình. Được gắn bó với Đội suốt 4 năm đại học, đối với mình Đội tình nguyện đã trở thành gia đình thứ 2. Mình có quá nhiều kỷ niệm không thể quên với tập thể Đội. Mình rất tự hào khi nói rằng “ngôi nhà xanh FIT-HaUI” là một tập thể luôn nhiệt huyết, đoàn kết và vững mạnh. Đội đã đi tới nhiều nơi và hoàn thành được nhiều công trình, phần việc vì cộng đồng ý nghĩa Mình mong muốn và tin tưởng Ban Chủ nhiệm Đội trong nhiệm kỳ mới sẽ luôn phát huy tốt tinh thần, nhiệt huyết của tuổi trẻ, theo sự phân công và giao nhiệm vụ của Đoàn Thanh niên trường, quản lý đội thật tốt, để tập thể “ngôi nhà xanh FIT-HaUI” luôn đi đầu trong các phong trào, hoạt động của Đoàn Thanh niên Khoa CNTT-HaUI"". Trong năm học 2023-2024, Đội Thanh niên tình nguyện Khoa CNTT HaUI với định hướng, chỉ đạo của Đoàn Thanh niên trường, cùng với sự cố gắng, nỗ lực của toàn thể đội viên, cộng tác viên, Ban chủ nhiệm, Đội đã hoàn thành xuất sắc các nhiệm vụ năm học 2024 - 2025 và ghi nhiều dấu ấn, thành tích nổi bật; Được Đoàn Thanh niên, Ban Giám hiệu nhà trường ghi nhận, đánh giá cao.']","### Hoạt động của Đội Thanh niên tình nguyện Khoa Công nghệ Thông tin trong 16 năm qua

1. **Lịch sử hình thành và phát triển**:
   - Đội Thanh niên tình nguyện (TNTN) Khoa CNTT, Trường Đại học Công nghiệp Hà Nội đã trải qua 16 năm hoạt động, từ những ngày đầu thành lập đến nay, đội đã trở thành một phần quan trọng trong các hoạt động tình nguyện của sinh viên.

2. **Các hoạt động nổi bật**:
   - **Hoạt động cộng đồng**: Đội TNTN đã tham gia nhiều hoạt động như tặng quà cho trẻ em nghèo, tổ chức các chương trình tình nguyện tại các địa phương khó khăn, hỗ trợ các hoạt động xã hội như hiến máu nhân đạo, tổ chức các sự kiện văn hóa, thể thao.
   - **Hoạt động hỗ trợ sinh viên**: Đội cũng tham gia vào các hoạt động hỗ trợ sinh viên như tư vấn hướng nghiệp, tổ chức các buổi lễ tốt nghiệp, chào đón sinh viên mới, và các hoạt động giao lưu văn hóa.
   - **Hoạt động kỷ niệm**: Đội TNTN đã tổ chức nhiều sự kiện kỷ niệm, trong đó có lễ kỷ niệm 16 năm thành lập, nhằm ôn lại những kỷ niệm và thành tích đã đạt được.

3. **Vai trò của Đoàn Thanh niên**:
   - Đoàn Thanh niên đóng vai trò quan trọng trong việc định hướng và hỗ trợ các hoạt động của Đội TNTN. Đoàn không chỉ là nơi kết nối các thành viên mà còn là cầu nối giữa sinh viên với các hoạt động xã hội, giúp sinh viên phát triển kỹ năng và nâng cao nhận thức về trách nhiệm xã hội.
   - Đoàn Thanh niên cũng là đơn vị tổ chức các hoạt động phong trào, tạo điều kiện cho sinh viên tham gia vào các hoạt động tình nguyện, từ đó góp phần xây dựng hình ảnh đẹp về sinh viên Khoa CNTT trong cộng đồng.

### Kết luận
Đội Thanh niên tình nguyện Khoa CNTT đã có những đóng góp tích cực cho cộng đồng và sinh viên trong suốt 16 năm qua. Vai trò của Đoàn Thanh niên là rất quan trọng trong việc hỗ trợ và phát triển các hoạt động của đội, giúp sinh viên không chỉ học tập mà còn trưởng thành hơn trong các hoạt động xã hội.

Nguồn tham khảo:
- [Chúc mừng Hành trình 16 thanh xuân tuổi trẻ Đội Thanh niên tình nguyện](https://fit.haui.edu.vn/vn/tin-tuc/chuc-mung-hanh-trinh-16-thanh-xuan-tuoi-tre-doi-thanh-nien-tinh-nguyen/71181) - [**Link tham khảo**](https://fit.haui.edu.vn/vn/tin-tuc/chuc-mung-hanh-trinh-16-thanh-xuan-tuoi-tre-doi-thanh-nien-tinh-nguyen/71181).
- [Hội nghị kiện toàn Đội Thanh niên tình nguyện Khoa CNTT nhiệm kỳ 2023-2024](https://fit.haui.edu.vn/vn/tin-tuc/hoi-nghi-kien-toan-doi-thanh-nien-tinh-nguyen-khoa-cntt-nhiem-ky-2023-2024/71182) - [**Link tham khảo**](https://fit.haui.edu.vn/vn/tin-tuc/hoi-nghi-kien-toan-doi-thanh-nien-tinh-nguyen-khoa-cntt-nhiem-ky-2023-2024/71182).

Nếu bạn cần thêm thông tin hoặc có câu hỏi khác, hãy cho tôi biết!","Trong 16 năm qua, Đội Thanh niên tình nguyện Khoa CNTT Trường Đại học Công Nghiệp Hà Nội đã thực hiện nhiều hoạt động ý nghĩa như Tết ấm yêu thương, tình nguyện vì cộng đồng, đại lễ Vu lan, phát cháo từ thiện, tri ân thầy cô vào ngày 20/11, hỗ trợ nhập học, chào tân sinh viên, và lễ tốt nghiệp. Đoàn Thanh niên đóng vai trò quan trọng trong sự phát triển của đội, là lực lượng nòng cốt, luôn sát cánh cùng Khoa và Nhà trường trong mọi hoạt động, giúp đội ngày càng lớn mạnh và kết nối hàng trăm sinh viên nhiệt huyết, năng động.",0.818271874111019,0.99999999998,0.6666666666666666,1.0,1.0484967231750488,21.65584897994995
Tại sao gần 150 sinh viên Khoa Công nghệ thông tin Trường Đại học Công Nghiệp Hà Nội lại đạt được chứng nhận Samsung Innovation Campus và chương trình này đã có những ảnh hưởng gì đến sự phát triển công nghệ tại Việt Nam?,"['content: Gần 150 sinh viên Khoa CNTT xuất sắc đạt Chứng nhận Samsung Innovation Campus Không ngừng học hỏi, khám phá, sáng tạo và vượt qua giới hạn bản thân để chinh phục những đỉnh cao công nghệ là vô cùng quan trọng trong bối cảnh công nghệ đang phát triển thần tốc như hiện nay. Gần 150 sinh viên Khoa Công nghệ thông tin Trường Đại học Công Nghiệp Hà Nội đã xuất sắc đạt được chứng nhận Samsung Innovation Campus. Gần 150 SV các lớp SIC (Samsung Innovation Campus) được nhận chứng nhận Tinh thần này được lan tỏa tích cực tại Samsung Innovation Campus (SIC) thông qua cách chương trình thiết kế các khóa học kiến thức kết hợp kỹ năng ứng dụng công nghệ đa dạng, hấp dẫn và hiệu quả. Mang đến những thay đổi sâu sắc trên mọi lĩnh vực đời sống xã hội, cuộc cách mạng công nghiệp lần thứ 4 (CMCN 4.0) đang diễn ra với tốc độ chóng mặt trên toàn cầu. Trong đó, công nghệ đóng vai trò dẫn dắt, là động lực thúc đẩy sự phát triển của các ngành kinh tế, xã hội. Chưa bao giờ các công nghệ cốt lõi như AI (trí tuệ nhân tạo), IoT (vạn vật kết nối internet), dữ liệu lớn, đám mây, nền tảng di động… trở nên quan trọng như hiện nay. Cung cấp cho thế hệ trẻ một ""chương trình giảng dạy cốt lõi chung"", cho phép sinh viên có được các kiến thức cơ bản nhất của 5 công nghệ nền tảng cũng chính là mục tiêu Samsung hướng đến khi đầu tư và phát triển dự án Innovation Campus, với tư cách là doanh nghiệp công nghệ hàng đầu. Khởi động từ 2019, cho đến nay, Innovation Campus đã đào tạo những kiến thức công nghệ mới nhất cho hơn 6.000 học sinh, sinh viên trên khắp mọi miền đất nước, qua đó khẳng định vị thế hàng đầu của Samsung trong việc nỗ lực thúc đẩy phát triển nguồn nhân lực công nghệ chất lượng cao tại Việt Nam. TS. Phạm Văn Hà - Phó Trưởng khoa CNTT Đại học Công nghiệp trao chứng nhận cho những sinh viên xuất sắc tại Khóa học Với chương trình học được thiết kế dựa trên nền tảng các công nghệ lõi của tương lai, kết hợp kỹ năng thực hành ứng dụng, đồng thời sát với xu hướng và yêu cầu tuyển dụng từ các doanh\\nnext_contents:\\n', 'content: Sinh viên Khoa Công nghệ thông tin xuất sắc đạt học bổng tài năng Samsung STP năm 2024 Vừa qua ngày 16/10/2024, Trung tâm Nghiên cứu và Phát triển Samsung Việt Nam (SRV) đã tổ chức Lễ trao học bổng sinh viên tài năng Samsung STP dành cho sinh viên các trường Đại học tại Việt Nam. Sinh viên Khoa Công nghệ thông tin Trường Đại học Công Nghiệp Hà Nội đã xuất sắc và vinh dự đạt được học bổng. Sinh viên Bùi Trường Giang khóa 16 ngành Khoa học máy tính Khoa CNTT – Trường ĐH Công Nghiệp Hà Nội giành được học bổng Tài năng STP năm 2024 sẽ được Samsung Việt Nam tài trợ học bổng trị giá 3000 USD. Cùng với đó, sinh viên sẽ có cơ hội được đào tạo chuyên sâu, thực tập nghề nghiệp với các đề tài công nghệ mới, dưới sự hướng dẫn của các Kỹ sư giàu kinh nghiệm tại SRV. Đồng thời, sinh viên sẽ được đào tạo các kỹ năng về lập trình, về thuật toán chuyên sâu, củng cố kiến thức chuyên môn vững chắc trước khi tốt nghiệp. Các sinh viên đạt học bổng STP đều đã hoàn thành các khóa học Thuật toán ứng dụng do Khoa Công nghệ thông tin phối hợp với Samsung SRV phối hợp tổ chức với kết quả xuất sắc. TS. Đặng Trọng Hợp – Trưởng Khoa CNTT Trường ĐH Công Nghiệp Hà Nội và các sinh viên HaUI nhận học bổng Tài năng Samsung STP 2024 Trường Đại học Công Nghiệp Hà Nội là một trong các trường đại học thuộc khu vực phía Bắc được thụ hưởng chương trình học bổng “Tài năng Samsung” – STP 2024. Chương trình học bổng STP 2024 là một nội dung trong Biên bản hợp tác toàn diện giữa Trường Đại học Công Nghiệp Hà Nội và Samsung Electronic Việt Nam cho giai đoạn 2023 – 2025. Theo biên bản hợp tác được ký kết, bên cạnh việc hai đơn vị thống nhất sẽ tiếp tục triển khai là chương trình học bổng STP, HaUI và Samsung sẽ triển khai các dự án hợp tác nghiên cứu về công nghệ di động, các khóa học đào tạo ngắn hạn về Thuật toán ứng dụng và các khóa đào tạo ngắn khác về IoT, Big Data, Security, Embedded System… giành cho sinh viên HaUI. Thứ Hai, 14:55 21/10/2024 Tags:\\nnext_contents:\\n', 'content: dụng kết hợp giữa 2 hình thức đào tạo trực tuyến (E-learning) và trực tiếp (offline) để mở rộng quy mô và tối ưu lịch trình học tập cho học viên. Sinh viên Khoa CNTT - Trường ĐH Công Nghiệp Hà Nội tại Lễ khởi động Dự kiến Samsung Innovation Campus 2024-2025 sẽ mang tới cơ hội học tập và phát triển năng lực công nghệ cho khoảng 6.600 học sinh và sinh viên tại Việt Nam. Cũng tại sự kiện, Samsung Việt Nam, Tổ chức Tuổi trẻ thành đạt Việt Nam và Công ty Letuin Việt Nam đã thực hiện Lễ ký kết biên bản ghi nhớ MOU, khẳng định cam kết đồng hành nhằm triển khai dự án Samsung Innovation Campus 2024-2025 tại Việt Nam. Thứ Hai, 14:07 25/11/2024 Tags:\\nnext_contents:\\n- Samsung khởi động Chương trình phát triển nhân tài công nghệ 2024-2025 Chiều 22/11, Tổ hợp Samsung Việt Nam chính thức khởi động Chương trình Phát triển nhân tài công nghệ – Samsung Innovation Campus 2024-2025 nhằm phát triển năng lực công nghệ cao cho thế hệ trẻ Việt Nam là những người sẽ dẫn dắt sự thành công của cuộc Cách mạng Công nghiệp 4.0 tại Việt Nam trong tương lai. Chương trình đào tạo được thiết kế trên nền tảng giáo dục kết hợp giữa kỹ năng công nghệ cốt lõi trong tương lai với các kỹ năng mềm và kỹ năng làm việc trong thực tiễn. Các nội dung đào tạo này được lựa chọn thông qua việc thực hiện khảo sát phân tầng theo các xu hướng phát triển trong các ngành công nghiệp ở từng khu vực khác nhau, kết hợp với nhu cầu tuyển dụng tại các công ty lớn. Lễ ký kết biên bản ghi nhớ MOU giữa các đơn vị triển khai dự án Samsung Innovation Campus 2024-2025 Học viên khi kết thúc khóa học và đạt kết quả theo yêu cầu của chương trình sẽ nhận được chứng nhận hoàn thành khóa học Samsung Innovation Campus, cũng như có cơ hội tham gia nhiều hoạt động có giá trị khác của dự án như Cuộc thi Sáng tạo khoa học công nghệ – Innovation Tech Challenge – cuộc thi nằm trong khuôn khổ của dự án nhằm tạo ra sân chơi giúp các học viên được áp dụng kiến thức, kỹ năng đã được học trong chương trình vào thực tế. Trong khuôn khổ dự án SIC 2024-2025, các nội dung đào tạo sẽ được phân bổ lại cấu trúc nhằm nâng cao chất lượng học tập và phù hợp hơn với tình hình thực tế triển khai. Đồng thời, tiếp tục áp dụng kết hợp giữa 2 hình thức đào tạo trực tuyến (E-learning) và trực tiếp (offline) để mở rộng quy mô và tối ưu lịch trình học tập cho học viên. Sinh viên Khoa CNTT - Trường ĐH Công Nghiệp Hà Nội tại Lễ khởi động Dự kiến Samsung Innovation Campus 2024-2025 sẽ mang tới cơ hội học tập và phát triển năng lực công nghệ cho khoảng 6.600 học sinh và sinh viên tại Việt Nam. Cũng tại sự kiện, Samsung Việt Nam, Tổ chức Tuổi trẻ thành đạt Việt Nam và Công ty Letuin Việt Nam đã thực hiện Lễ ký kết biên\\n', 'content: Samsung khởi động Chương trình phát triển nhân tài công nghệ 2024-2025 Chiều 22/11, Tổ hợp Samsung Việt Nam chính thức khởi động Chương trình Phát triển nhân tài công nghệ – Samsung Innovation Campus 2024-2025 nhằm phát triển năng lực công nghệ cao cho thế hệ trẻ Việt Nam là những người sẽ dẫn dắt sự thành công của cuộc Cách mạng Công nghiệp 4.0 tại Việt Nam trong tương lai. Chương trình đào tạo được thiết kế trên nền tảng giáo dục kết hợp giữa kỹ năng công nghệ cốt lõi trong tương lai với các kỹ năng mềm và kỹ năng làm việc trong thực tiễn. Các nội dung đào tạo này được lựa chọn thông qua việc thực hiện khảo sát phân tầng theo các xu hướng phát triển trong các ngành công nghiệp ở từng khu vực khác nhau, kết hợp với nhu cầu tuyển dụng tại các công ty lớn. Lễ ký kết biên bản ghi nhớ MOU giữa các đơn vị triển khai dự án Samsung Innovation Campus 2024-2025 Học viên khi kết thúc khóa học và đạt kết quả theo yêu cầu của chương trình sẽ nhận được chứng nhận hoàn thành khóa học Samsung Innovation Campus, cũng như có cơ hội tham gia nhiều hoạt động có giá trị khác của dự án như Cuộc thi Sáng tạo khoa học công nghệ – Innovation Tech Challenge – cuộc thi nằm trong khuôn khổ của dự án nhằm tạo ra sân chơi giúp các học viên được áp dụng kiến thức, kỹ năng đã được học trong chương trình vào thực tế. Trong khuôn khổ dự án SIC 2024-2025, các nội dung đào tạo sẽ được phân bổ lại cấu trúc nhằm nâng cao chất lượng học tập và phù hợp hơn với tình hình thực tế triển khai. Đồng thời, tiếp tục áp dụng kết hợp giữa 2 hình thức đào tạo trực tuyến (E-learning) và trực tiếp (offline) để mở rộng quy mô và tối ưu lịch trình học tập cho học viên. Sinh viên Khoa CNTT - Trường ĐH Công Nghiệp Hà Nội tại Lễ khởi động Dự kiến Samsung Innovation Campus 2024-2025 sẽ mang tới cơ hội học tập và phát triển năng lực công nghệ cho khoảng 6.600 học sinh và sinh viên tại Việt Nam. Cũng tại sự kiện, Samsung Việt Nam, Tổ chức Tuổi trẻ thành đạt Việt Nam và Công ty Letuin Việt Nam đã thực hiện Lễ ký kết biên\\nnext_contents:\\n', 'content: Sinh viên Khoa Công nghệ thông tin Trường Đại học Công Nghiệp Hà Nội đạt học bổng sinh viên xuất sắc Chương trình SIC 2023-2024 Kết thúc niên khoá 2023-2024, SIC tiếp tục chứng tỏ sức hút lớn của chương trình bồi đắp nhân tài công nghệ hàng đầu Việt Nam với số lượng học viên tăng đột phá, đạt gần 6.400 người, gấp đôi năm học 2022 – 2023. Lễ tổng kết chương trình Phát triển Nhân tài Công nghệ - Samsung Innovation Campus (SIC) niên khóa 2023-2024 do Samsung Việt Nam phối hợp cùng Tổ chức Tuổi trẻ thành đạt tổ chức chiều 29/8, tại Hà Nội. Sự kiện nhằm đánh giá hiệu quả thực hiện dự án sau một năm nỗ lực bồi đắp năng lực công nghệ cao cho thế hệ trẻ Việt Nam - những người sẽ dẫn dắt sự thành công của cuộc Cách mạng 4.0 trong hiện tại và tương lai. Buổi lễ có sự tham dự của ông Choi Joo Ho - Tổng Giám đốc Tổ hợp Samsung Việt Nam, ông Kim Yong Sup - Phó Tổng Giám đốc phụ trách Đối ngoại Tổ hợp Samsung Việt Nam, đại diện từ Chính phú, các đối tác, cũng như các trường THCS, THPT, Cao đẳngvà Đại học. Khởi động vào tháng 10/2023, Samsung Innovation Campus 2023-2024 đã mang đến các khóa học phát triển năng lực công nghệ đa dạng dành cho các bạn trẻ từ 13-22 tuổi, kết hợp giữa hai hình thức đào tạo trực tiếp và trực tuyến (E-Learning), nhằm tạo điều kiện cho các học viên trên cả nước đều có cơ hội tham gia. Chương trình năm nay cung cấp 3 khóa học phát triển năng lực công nghệ, bao gồm: Vạn vật kết nối (Internet of Things – IoT), Trí tuệ nhân tạo (Artificial Intelligence – AI), Dữ liệu lớn (Big Data) và 1 khóa học kỹ năng Lập trình cơ bản (Coding & Programming – C&P). Thầy Phạm Văn Đông - Phó Hiệu trưởng Trường ĐH Công Nghiệp Hà Nội tại Buổi tổng két Ngoài ra, dự án còn cung cấp các nội dung hướng nghiệp và kỹ năng mềm nhằm bổ trợ và nâng cao năng lực toàn diện cho học viên. Sau một năm triển khai, Samsung Innovation Campus 2023 - 2024 đã lan tỏa tới 67 trường, bao gồm các trường THCS, THPT và Đại học ở 13 tỉnh, thành phố trên cả nước, tương ứng với 21.000 giờ học được giảng\\nnext_contents:\\n']","['<1-hop>\\n\\nSinh viên Khoa Công nghệ thông tin Trường Đại học Công Nghiệp Hà Nội đạt học bổng sinh viên xuất sắc Chương trình SIC 2023-2024 Kết thúc niên khoá 2023-2024, SIC tiếp tục chứng tỏ sức hút lớn của chương trình bồi đắp nhân tài công nghệ hàng đầu Việt Nam với số lượng học viên tăng đột phá, đạt gần 6.400 người, gấp đôi năm học 2022 – 2023. Lễ tổng kết chương trình Phát triển Nhân tài Công nghệ - Samsung Innovation Campus (SIC) niên khóa 2023-2024 do Samsung Việt Nam phối hợp cùng Tổ chức Tuổi trẻ thành đạt tổ chức chiều 29/8, tại Hà Nội. Sự kiện nhằm đánh giá hiệu quả thực hiện dự án sau một năm nỗ lực bồi đắp năng lực công nghệ cao cho thế hệ trẻ Việt Nam - những người sẽ dẫn dắt sự thành công của cuộc Cách mạng 4.0 trong hiện tại và tương lai. Buổi lễ có sự tham dự của ông Choi Joo Ho - Tổng Giám đốc Tổ hợp Samsung Việt Nam, ông Kim Yong Sup - Phó Tổng Giám đốc phụ trách Đối ngoại Tổ hợp Samsung Việt Nam, đại diện từ Chính phú, các đối tác, cũng như các trường THCS, THPT, Cao đẳngvà Đại học. Khởi động vào tháng 10/2023, Samsung Innovation Campus 2023-2024 đã mang đến các khóa học phát triển năng lực công nghệ đa dạng dành cho các bạn trẻ từ 13-22 tuổi, kết hợp giữa hai hình thức đào tạo trực tiếp và trực tuyến (E-Learning), nhằm tạo điều kiện cho các học viên trên cả nước đều có cơ hội tham gia. Chương trình năm nay cung cấp 3 khóa học phát triển năng lực công nghệ, bao gồm: Vạn vật kết nối (Internet of Things – IoT), Trí tuệ nhân tạo (Artificial Intelligence – AI), Dữ liệu lớn (Big Data) và 1 khóa học kỹ năng Lập trình cơ bản (Coding & Programming – C&P). Thầy Phạm Văn Đông - Phó Hiệu trưởng Trường ĐH Công Nghiệp Hà Nội tại Buổi tổng két Ngoài ra, dự án còn cung cấp các nội dung hướng nghiệp và kỹ năng mềm nhằm bổ trợ và nâng cao năng lực toàn diện cho học viên. Sau một năm triển khai, Samsung Innovation Campus 2023 - 2024 đã lan tỏa tới 67 trường, bao gồm các trường THCS, THPT và Đại học ở 13 tỉnh, thành phố trên cả nước, tương ứng với 21.000 giờ học được giảng dạy tại 227 lớp học cùng 16.320 giờ học E-learning được hoàn thành. Chương trình đã ghi nhận kết quả đột phá, với gần 6.400 học viên tham gia – gần gấp đôi số lượng học viên trong dự án SIC 2022 – 2023. Cũng tại sự kiện, Samsung đã trao tặng 60 suất học bổng cho 60 bạn học viên xuất sắc nhất của chương trình SIC 2023 – 2024. Xin chúc mừng các bạn sinh viên NGUYỄN THỊ NA lớp Big Data, NGUYỄN THÀNH NAM lớp AI, Nguyễn Xuân Khoa lớp IoT - Khoa CNTT - Trường ĐH Công nghiệp Hà Nội đã đạt được học bổng sinh viên xuất sắc của Chương trình', '<2-hop>\\n\\nChứng nhận Samsung Innovation Campus Không ngừng học hỏi, khám phá, sáng tạo và vượt qua giới hạn bản thân để chinh phục những đỉnh cao công nghệ là vô cùng quan trọng trong bối cảnh công nghệ đang phát triển thần tốc như hiện nay. Gần 150 sinh viên Khoa Công nghệ thông tin Trường Đại học Công Nghiệp Hà Nội đã xuất sắc đạt được chứng nhận Samsung Innovation Campus. Gần 150 SV các lớp SIC (Samsung Innovation Campus) được nhận chứng nhận Tinh thần này được lan tỏa tích cực tại Samsung Innovation Campus (SIC) thông qua cách chương trình thiết kế các khóa học kiến thức kết hợp kỹ năng ứng dụng công nghệ đa dạng, hấp dẫn và hiệu quả. Mang đến những thay đổi sâu sắc trên mọi lĩnh vực đời sống xã hội, cuộc cách mạng công nghiệp lần thứ 4 (CMCN 4.0) đang diễn ra với tốc độ chóng mặt trên toàn cầu. Trong đó, công nghệ đóng vai trò dẫn dắt, là động lực thúc đẩy sự phát triển của các ngành kinh tế, xã hội. Chưa bao giờ các công nghệ cốt lõi như AI (trí tuệ nhân tạo), IoT (vạn vật kết nối internet), dữ liệu lớn, đám mây, nền tảng di động… trở nên quan trọng như hiện nay. Cung cấp cho thế hệ trẻ một ""chương trình giảng dạy cốt lõi chung"", cho phép sinh viên có được các kiến thức cơ bản nhất của 5 công nghệ nền tảng cũng chính là mục tiêu Samsung hướng đến khi đầu tư và phát triển dự án Innovation Campus, với tư cách là doanh nghiệp công nghệ hàng đầu. Khởi động từ 2019, cho đến nay, Innovation Campus đã đào tạo những kiến thức công nghệ mới nhất cho hơn 6.000 học sinh, sinh viên trên khắp mọi miền đất nước, qua đó khẳng định vị thế hàng đầu của Samsung trong việc nỗ lực thúc đẩy phát triển nguồn nhân lực công nghệ chất lượng cao tại Việt Nam. TS. Phạm Văn Hà - Phó Trưởng khoa CNTT Đại học Công nghiệp trao chứng nhận cho những sinh viên xuất sắc tại Khóa học Với chương trình học được thiết kế dựa trên nền tảng các công nghệ lõi của tương lai, kết hợp kỹ năng thực hành ứng dụng, đồng thời sát với xu hướng và yêu cầu tuyển dụng từ các doanh nghiệp công nghệ đầu ngành, SIC mỗi niên khóa đều nhận được sự hưởng ứng tích cực của hàng ngàn học viên tham gia. Không chỉ hướng đến cung cấp kho kiến thức nền tảng về công nghệ mới nhất, SIC còn khuyến khích học viên ứng dụng kiến thức đã được trau dồi vào thực tiễn. Theo đó, không chỉ được tạo điều kiện thực hành ngay trong khóa học, học viên tốt nghiệp SIC còn có cơ hội áp dụng kiến thức và kỹ năng đã học để tham dự Cuộc thi Innovation Tech Challenge, thông qua việc tháo gỡ bài toán hóc búa được ban tổ chức đề ra bằng các ý tưởng, giải pháp sáng tạo, hay thêm cơ hội để được thực tập tại Samsung Việt Nam']","### Thông tin về hoạt động khóa và các hoạt động đoàn hội tại Khoa Công nghệ thông tin

Khoa Công nghệ thông tin tại Trường Đại học Công Nghiệp Hà Nội thường xuyên tổ chức các hoạt động nhằm tạo cơ hội cho sinh viên phát triển kỹ năng nghề nghiệp và giao lưu. Một số hoạt động tiêu biểu bao gồm:

- **Hội thảo việc làm**: Khoa tổ chức các hội thảo việc làm với sự tham gia của nhiều doanh nghiệp, giúp sinh viên có cơ hội tìm hiểu về thị trường lao động và ứng tuyển trực tiếp.
- **Chương trình hợp tác với doanh nghiệp**: Khoa có các chương trình hợp tác với các công ty công nghệ, tạo điều kiện cho sinh viên thực tập và làm việc tại các doanh nghiệp lớn.
- **Hoạt động ngoại khóa**: Các câu lạc bộ, đội nhóm sinh viên được thành lập để tổ chức các hoạt động ngoại khóa, giúp sinh viên phát triển kỹ năng mềm và kết nối với nhau.

Nguồn tham khảo: [Hấp dẫn với hàng trăm cơ hội việc làm cho sinh viên](https://www.haui.edu.vn/vn/hoat-dong-sinh-vien/hap-dan-voi-hang-tram-co-hoi-viec-lam-cho-sinh-vien/63508) - [**Link tham khảo**](https://www.haui.edu.vn/vn/hoat-dong-sinh-vien/hap-dan-voi-hang-tram-co-hoi-viec-lam-cho-sinh-vien/63508).

### Chứng nhận Samsung Innovation Campus và ảnh hưởng đến sự phát triển công nghệ tại Việt Nam

Gần 150 sinh viên Khoa Công nghệ thông tin Trường Đại học Công Nghiệp Hà Nội đã xuất sắc đạt chứng nhận Samsung Innovation Campus (SIC). Chương trình này nhằm phát triển năng lực công nghệ cho sinh viên thông qua các khóa học về công nghệ tiên tiến như AI, IoT, và Big Data. 

#### Tại sao sinh viên đạt chứng nhận?
- **Chương trình đào tạo chất lượng**: SIC cung cấp các khóa học thiết kế dựa trên nền tảng công nghệ hiện đại, giúp sinh viên nắm vững kiến thức và kỹ năng cần thiết.
- **Cơ hội thực hành**: Sinh viên được tham gia vào các dự án thực tế, từ đó áp dụng kiến thức vào thực tiễn.

#### Ảnh hưởng đến sự phát triển công nghệ tại Việt Nam:
- **Nâng cao chất lượng nguồn nhân lực**: Chương trình giúp đào tạo ra những nhân lực chất lượng cao, đáp ứng nhu cầu của thị trường công nghệ đang phát triển nhanh chóng.
- **Thúc đẩy đổi mới sáng tạo**: Các sinh viên được trang bị kiến thức và kỹ năng sẽ góp phần vào sự phát triển của các công nghệ mới tại Việt Nam, đặc biệt trong bối cảnh Cách mạng công nghiệp 4.0.

Nguồn tham khảo: [Gần 150 sinh viên Khoa CNTT xuất sắc đạt Chứng nhận Samsung Innovation Campus](https://fit.haui.edu.vn/vn/guong-sang/gan-150-sinh-vien-khoa-cntt-xuat-sac-dat-chung-nhan-samsung-innovation-campus/71121) - [**Link tham khảo**](https://fit.haui.edu.vn/vn/guong-sang/gan-150-sinh-vien-khoa-cntt-xuat-sac-dat-chung-nhan-samsung-innovation-campus/71121).

Nếu bạn cần thêm thông tin hoặc có câu hỏi khác, hãy cho tôi biết!","Gần 150 sinh viên Khoa Công nghệ thông tin Trường Đại học Công Nghiệp Hà Nội đã xuất sắc đạt được chứng nhận Samsung Innovation Campus nhờ vào việc không ngừng học hỏi, khám phá, sáng tạo và vượt qua giới hạn bản thân trong bối cảnh công nghệ đang phát triển nhanh chóng. Chương trình Samsung Innovation Campus (SIC) đã thiết kế các khóa học kết hợp kiến thức và kỹ năng ứng dụng công nghệ đa dạng, hấp dẫn và hiệu quả, từ đó mang đến những thay đổi sâu sắc trong mọi lĩnh vực đời sống xã hội. Chương trình này không chỉ cung cấp kiến thức về các công nghệ cốt lõi như AI, IoT, và dữ liệu lớn mà còn khuyến khích học viên ứng dụng kiến thức vào thực tiễn, tạo cơ hội cho họ tham gia các cuộc thi như Innovation Tech Challenge và thực tập tại Samsung Việt Nam, góp phần thúc đẩy sự phát triển nguồn nhân lực công nghệ chất lượng cao tại Việt Nam.",0.8472133301632353,0.99999999998,0.4827586206896552,1.0,1.1126668453216553,15.262784957885742
Thầy Lê Thanh Đức có thể giúp gì cho sinh viên trong quá trình nhập học và hoàn thiện hồ sơ tại Đại học Công nghiệp Hà Nội?,"['content: trị kinh doanh, ngành Quản trị khách sạn có thể đăng ký theo chương trình liên kết đào tạo 2+2 giữa Đại học Công nghiệp Hà Nội với Đại học Bách khoa Quế Lâm - Trung Quốc, học 2 năm tại Đại học Công nghiệp Hà Nội và 2 năm tại Đại học Bách khoa Quế Lâm. Sinh viên hoàn thành chương trình đào tạo và đủ điều kiện tốt nghiệp được cấp 2 bằng của Đại học Công nghiệp Hà Nội và Đại học Bách khoa Quế Lâm. Học bổng: Năm 2025, Đại học Công nghiệp Hà Nội dự kiến cấp học bổng cho sinh viên đại học chính quy có kết quả xét tuyển đầu vào xuất sắc với số tiền khoảng 2 tỷ đồng; học bổng cho sinh viên có thành tích học tập xuất sắc với số tiền khoảng 10 tỷ đồng; ngoài ra còn có các loại học bổng doanh nghiệp với số tiền khoảng 30 tỷ đồng. * Tuyển sinh Đại học từ xa: Dự kiến tuyển 750 chỉ tiêu tuyển sinh đại học từ xa gồm các ngành: Ngôn ngữ Anh, Ngôn ngữ Trung Quốc, Ngôn Ngữ Hàn Quốc, Quản trị kinh doanh, Kế toán. Thông tin chi tiết sẽ được cập nhật trên Cổng thông tin tuyển sinh của Nhà trường trước ngày 15/3/2025. * Tuyển sinh Cao đẳng chính quy: Dự kiến tuyển sinh 900 chỉ tiêu vào các ngành Cao đẳng chính quy. Thông tin chi tiết sẽ được cập nhật trên Cổng thông tin tuyển sinh của Nhà trường trước ngày 15/3/2025. Nguồn: Ban VĂN HÓA - XÃ HỘI Đài Tiếng nói Việt Nam Thứ Sáu, 18:10 20/12/2024 Tags:\\nnext_contents:\\n- GD&ĐT. Thông tin chi tiết sẽ được công bố trong Đề án tuyển sinh đại học năm 2025 (dự kiến trước ngày 15/03/2025). * Danh mục ngành/chương trình đào tạo tuyển sinh năm 2025: - Chương trình đào tạo Đại học chính quy theo thời gian chuẩn 4 năm, tuyển sinh đối với thí sinh tốt nghiệp THPT, chỉ tiêu 7.990, cấp bằng Cử nhân; từ năm thứ 2 sinh viên có thể đăng ký học thêm chương trình thứ 2 nếu đủ điều kiện, sinh viên có thể được công nhận tốt nghiệp cùng một lúc 2 chương trình. Dự kiến tổ hợp mới: *A0C: Toán, Vật lý, Công nghệ. *A0T: Toán, Vật lý, Tin học. *B0C: Toán, Hóa học, Công nghệ. *D0C: Toán, Tiếng Anh, Công nghệ. *D0G: Toán, Tiếng Anh, Giáo dục kinh tế và pháp luật. Chương trình đào tạo liên thông Đại học chính quy: tuyển sinh đối với người tốt nghiệp Cao đẳng, đăng ký xét tuyển và hoàn thành các học phần còn lại của chương trình đào tạo trình độ Đại học trong khoảng từ 2 - 2,5 năm; Chỉ tiêu dự kiến 250, gồm các ngành/CTĐT: Công nghệ kỹ thuật cơ khí; Công nghệ kỹ thuật ô tô; Công nghệ kỹ thuật điện, điện tử; Công nghệ kỹ thuật điện tử - viễn thông; Công nghệ thông tin. Chương trình đào tạo cấp bằng Kỹ sư: tuyển sinh đối với người có bằng Cử nhân, đăng ký xét tuyển vào chương trình đào tạo Đại học chuyên sâu đặc thù trong khoảng 1 năm; Chỉ tiêu dự kiến 120, gồm các ngành/CTĐT: Công nghệ kỹ thuật cơ khí; Công nghệ kỹ thuật điện, điện tử; Công nghệ kỹ thuật điện tử - viễn thông. Chương trình đào tạo liên kết quốc tế: Sinh viên trúng tuyển nhập học ngành Marketing, ngành Quản trị kinh doanh, ngành Quản trị khách sạn có thể đăng ký theo chương trình liên kết đào tạo 2+2 giữa Đại học Công nghiệp Hà Nội với Đại học Bách khoa Quế Lâm - Trung Quốc, học 2 năm tại Đại học Công nghiệp Hà Nội và 2 năm tại Đại học Bách khoa Quế Lâm. Sinh viên hoàn thành chương trình đào tạo và đủ điều kiện tốt nghiệp được cấp 2 bằng của Đại học Công nghiệp Hà Nội và Đại học Bách khoa Quế Lâm. Học bổng: Năm 2025, Đại học Công nghiệp Hà Nội dự kiến cấp học bổng cho sinh viên đại học chính quy\\n', 'content: nhập học ngành Marketing, ngành Quản trị kinh doanh, ngành Quản trị khách sạn có thể đăng ký theo chương trình liên kết đào tạo 2+2 giữa Đại học Công nghiệp Hà Nội với Đại học Bách khoa Quế Lâm - Trung Quốc, học 2 năm tại Đại học Công nghiệp Hà Nội và 2 năm tại Đại học Bách khoa Quế Lâm. Sinh viên hoàn thành chương trình đào tạo và đủ điều kiện tốt nghiệp được cấp 2 bằng của Đại học Công nghiệp Hà Nội và Đại học Bách khoa Quế Lâm. Học bổng: Năm 2025, Đại học Công nghiệp Hà Nội dự kiến cấp học bổng cho sinh viên đại học chính quy có kết quả xét tuyển đầu vào xuất sắc với số tiền khoảng 2 tỷ đồng; học bổng cho sinh viên có thành tích học tập xuất sắc với số tiền khoảng 10 tỷ đồng; ngoài ra còn có các loại học bổng doanh nghiệp với số tiền khoảng 30 tỷ đồng. * Tuyển sinh Đại học từ xa: Dự kiến tuyển 750 chỉ tiêu tuyển sinh đại học từ xa gồm các ngành: Ngôn ngữ Anh, Ngôn ngữ Trung Quốc, Ngôn Ngữ Hàn Quốc, Quản trị kinh doanh, Kế toán. Thông tin chi tiết sẽ được cập nhật trên Cổng thông tin tuyển sinh của Nhà trường trước ngày 15/3/2025. * Tuyển sinh Cao đẳng chính quy: Dự kiến tuyển sinh 900 chỉ tiêu vào các ngành Cao đẳng chính quy. Thông tin chi tiết sẽ được cập nhật trên Cổng thông tin tuyển sinh của Nhà trường trước ngày 15/3/2025. @ Thông tin liên hệ: Thí sinh có thể truy cập Website https://tuyensinh.haui.edu.vn Fanpage https://facebook.com/tuyensinh.haui xem hướng dẫn và được tư vấn trực tiếp về ngành nghề, về các phương thức xét tuyển để có những lựa chọn phù hợp nhất cho bản thân, đồng thời chuẩn bị sẵn sàng mọi điều kiện cho đăng ký xét tuyển. Văn phòng Tuyển sinh & Học vụ - Trường Đại học Công nghiệp Hà Nội Đại chỉ: Số 298, Đường Cầu Diễn, Quận Bắc Từ Liêm, Thành phố Hà Nội Điện thoại: 02437655121 ): 0383371290; 0834560255 Website: tuyensinh.haui.edu.vn Fanpage: facebook.com/tuyensinh.haui Thứ Ba, 15:26 17/12/2024 Tags: Đại học Công nghiệp Hà Nội HaUI tuyển sinh điểm mới tuyển sinh đại học chính quy\\nnext_contents:\\n- A01, D01, *D0C 54 7540204 Công nghệ dệt, may 180 55 7810101 Du lịch 140 PT1, PT2, PT3, PT4 D01, D14, D15 56 7810101TA Du lịch (CTĐT bằng tiếng Anh) 40 57 7810103 Quản trị dịch vụ du lịch và lữ hành 130 58 7810103TA Quản trị dịch vụ du lịch và lữ hành (CTĐT bằng tiếng Anh) 40 59 7810201 Quản trị khách sạn 130 60 7810201TA Quản trị khách sạn (CTĐT bằng tiếng Anh) 40 61 7810202 Quản trị nhà hàng và dịch vụ ăn uống 60 62 7810202TA Quản trị nhà hàng và dịch vụ ăn uống (CTĐT bằng tiếng Anh) 40 Tổng cộng 7. 99 0 Dự kiến tổ hợp mới: *A0C: Toán, Vật lý, Công nghệ. *A0T: Toán, Vật lý, Tin học. *B0C: Toán, Hóa học, Công nghệ. *D0C: Toán, Tiếng Anh, Công nghệ. *D0G: Toán, Tiếng Anh, Giáo dục kinh tế và pháp luật. Chương trình đào tạo liên thông Đại học chính quy : tuyển sinh đối với người tốt nghiệp Cao đẳng, đăng ký xét tuyển và hoàn thành các học phần còn lại của chương trình đào tạo trình độ Đại học trong khoảng từ 2 - 2,5 năm; Chỉ tiêu dự kiến 250, gồm các ngành/CTĐT: Công nghệ kỹ thuật cơ khí; Công nghệ kỹ thuật ô tô; Công nghệ kỹ thuật điện, điện tử; Công nghệ kỹ thuật điện tử - viễn thông; Công nghệ thông tin. Chương trình đào tạo cấp bằng Kỹ sư : tuyển sinh đối với người có bằng Cử nhân, đăng ký xét tuyển vào chương trình đào tạo Đại học chuyên sâu đặc thù trong khoảng 1 năm; Chỉ tiêu dự kiến 120, gồm các ngành/CTĐT: Công nghệ kỹ thuật cơ khí; Công nghệ kỹ thuật điện, điện tử; Công nghệ kỹ thuật điện tử - viễn thông. Chương trình đào tạo liên kết quốc tế: Sinh viên trúng tuyển nhập học ngành Marketing, ngành Quản trị kinh doanh, ngành Quản trị khách sạn có thể đăng ký theo chương trình liên kết đào tạo 2+2 giữa Đại học Công nghiệp Hà Nội với Đại học Bách khoa Quế Lâm - Trung Quốc, học 2 năm tại Đại học Công nghiệp Hà Nội và 2 năm tại Đại học Bách khoa Quế Lâm. Sinh viên hoàn thành chương trình đào tạo và đủ điều kiện tốt nghiệp được cấp 2 bằng của Đại học Công nghiệp Hà Nội và Đại học Bách khoa Quế Lâm. Học bổng: Năm 2025, Đại học Công nghiệp Hà Nội dự kiến cấp học\\n', 'content: thực hành. Từ đó, giúp sinh viên được trải nghiệm thực tế, tiếp cận nhiều hơn với các công nghệ mới, rèn luyện những kỹ năng cần thiết trong môi trường làm việc thực tế. Giảng viên hướng dẫn sinh viên trên sa bàn thực hành chẩn đoán hệ thống phanh ABS Trải qua 30 năm phát triển, Khoa Công nghệ Ô tô, Trường Cơ khí – Ô tô, Trường Đại học Công nghiệp Hà Nội tự hào đào tạo ra những thế hệ sinh viên chất lượng cao, giỏi cả về chuyên môn và kỹ năng mềm, đáp ứng nhu cầu hội nhập quốc tế. Bằng chứng là có rất nhiều khóa sinh viên xuất sắc đã tốt nghiệp và có những thành công nhất định sau khi ra trường. Nhiều cựu sinh viên đang làm việc ở các tập đoàn và công ty của nước ngoài tại các quốc gia như Pháp, Nhật, Hàn, Mỹ, Đức… Ngoài ra, còn có nhiều bạn lựa chọn học tập lên bậc học thạc sĩ, tiến sĩ ở các nước phát triển như: Nhật Bản, Úc, Canada, Pháp, Nga. Thiết lập lộ trình đào tạo tiếng Anh cho sinh viên học chuyên ngành bằng Tiếng Anh Điểm đặc biệt của chương trình đào tạo giảng dạy chuyên môn bằng tiếng Anh Ngành Công nghệ kỹ thuật ô tô là sinh viên sẽ được thiết kế lộ trình học tiếng Anh riêng biệt, khoa học và bài bản phù hợp với năng lực của bản thân. Từ đó, giúp sinh viên nhanh chóng cải thiện kỹ năng và sẵn sàng tham gia các môn học chuyên ngành hoàn toàn bằng tiếng Anh. Sau khi nhập học chương trình, sinh viên sẽ thực hiện bài kiểm tra đánh giá năng lực đầu vào tiếng Anh, sau khi đủ điều kiện sẽ được tham gia học phần. Mỗi lớp học có từ 20 đến 30 sinh viên và được học với các giảng viên có kinh nghiệm trong việc giảng dạy tiếng Anh. Ngoài ra, còn có các câu lạc bộ học tập, nghiên cứu trong khoa giúp sinh viên nâng cao chuyên môn, hình thành kỹ năng làm việc nhóm, đọc dịch tài liệu chuyên môn bằng Tiếng Anh. Tại sao nên học Chương trình đào tạo chuyên môn bằng tiếng anh Ngành Công nghệ kỹ thuật ô tô tại Trường Đại học Công nghiệp Hà Nội? Hiện nay, Trường Đại học Công nghiệp Hà Nội có mối quan hệ hợp tác với nhiều doanh nghiệp lớn trong ngành công nghiệp ô tô như\\nnext_contents:\\n- và tốc độ phát triển của ngành công nghệ kỹ thuật ô tô về kỹ năng thực hành, kinh nghiệm thực tế, kiến thức về các công nghệ mới cũng như kỹ năng mềm và ngoại ngữ là một trong những yêu cầu cấp thiết hiện nay. Giải pháp hiệu quả cho vấn đề thiếu hụt nhân lực chất lượng cao Bắt đầu từ năm 2022 Khoa Công nghệ Ô tô, Trường Cơ khí – Ô tô, Trường Đại học Công nghiệp Hà Nội phát triển thêm chương trình đào tạo chuyên môn bằng Tiếng Anh Ngành Công nghệ kỹ thuật ô tô dựa theo chương trình đã đạt kiểm định quốc gia và tiêu chuẩn ABET của Hoa Kỳ. Đoàn chuyên gia ABET tham quan cơ sở vật chất Khoa Công nghệ Ô tô, Trường Cơ khí – Ô tô, Trường Đại học Công nghiệp Hà Nội PGS.TS. Carol Ellen Schulte – Trưởng đoàn ETAC, ABET – Hoa Kỳ đánh giá cao chất lượng đào tạo Ngành Công nghệ kỹ thuật ô tô Theo học chương trình đào tạo chuyên môn bằng tiếng Anh Ngành Công nghệ kỹ thuật ô tô, sinh viên được tiếp cận với kiến thức và tài liệu chuyên ngành bằng ngôn ngữ phổ biến trong cộng đồng quốc tế, tạo điều kiện thuận lợi cho việc học tập và nắm bắt thông tin từ các nguồn tài liệu, sách báo, tài liệu tham khảo; rèn luyện kỹ năng ngôn ngữ, trở nên linh hoạt hơn trong quá trình làm việc và hợp tác đối tác toàn cầu. Thầy và trò Khoa Công nghệ ô tô trong giờ học thiết kế và mô phỏng khung thân vỏ xe điện Với đội ngũ giảng viên trình độ cao, được đào tạo từ các quốc gia tiên tiến trên thế giới, kỹ năng tiếng Anh tốt sẽ mang lại những phương pháp giảng dạy hiện đại, kết hợp nhuần nhuyễn giữa lý thuyết với thực hành. Từ đó, giúp sinh viên được trải nghiệm thực tế, tiếp cận nhiều hơn với các công nghệ mới, rèn luyện những kỹ năng cần thiết trong môi trường làm việc thực tế. Giảng viên hướng dẫn sinh viên trên sa bàn thực hành chẩn đoán hệ thống phanh ABS Trải qua 30 năm phát triển, Khoa Công nghệ Ô tô, Trường Cơ khí – Ô tô, Trường Đại học Công nghiệp Hà Nội tự hào đào tạo ra những thế hệ sinh viên chất lượng cao, giỏi cả về chuyên môn và kỹ năng mềm, đáp ứng nhu cầu hội nhập quốc tế. Bằng chứng là\\n', 'content: trị khách sạn có thể đăng ký theo chương trình liên kết đào tạo 2+2 giữa Đại học Công nghiệp Hà Nội với Đại học Bách khoa Quế Lâm - Trung Quốc, học 2 năm tại Đại học Công nghiệp Hà Nội và 2 năm tại Đại học Bách khoa Quế Lâm. Sinh viên hoàn thành chương trình đào tạo và đủ điều kiện tốt nghiệp được cấp 2 bằng của Đại học Công nghiệp Hà Nội và Đại học Bách khoa Quế Lâm. Học bổng: Năm 2025, Đại học Công nghiệp Hà Nội dự kiến cấp học bổng cho sinh viên đại học chính quy có kết quả xét tuyển đầu vào xuất sắc với số tiền khoảng 2 tỷ đồng; học bổng cho sinh viên có thành tích học tập xuất sắc với số tiền khoảng 10 tỷ đồng; ngoài ra còn có các loại học bổng doanh nghiệp với số tiền khoảng 30 tỷ đồng. * Tuyển sinh Đại học từ xa: Dự kiến tuyển 750 chỉ tiêu tuyển sinh đại học từ xa gồm các ngành: Ngôn ngữ Anh, Ngôn ngữ Trung Quốc, Ngôn Ngữ Hàn Quốc, Quản trị kinh doanh, Kế toán. Thông tin chi tiết sẽ được cập nhật trên Cổng thông tin tuyển sinh của Nhà trường trước ngày 15/3/2025. * Tuyển sinh Cao đẳng chính quy: Dự kiến tuyển sinh 900 chỉ tiêu vào các ngành Cao đẳng chính quy. Thông tin chi tiết sẽ được cập nhật trên Cổng thông tin tuyển sinh của Nhà trường trước ngày 15/3/2025. @ Thông tin liên hệ: Thí sinh có thể truy cập Website https://tuyensinh.haui.edu.vn Fanpage https://facebook.com/tuyensinh.haui xem hướng dẫn và được tư vấn trực tiếp về ngành nghề, về các phương thức xét tuyển để có những lựa chọn phù hợp nhất cho bản thân, đồng thời chuẩn bị sẵn sàng mọi điều kiện cho đăng ký xét tuyển. Văn phòng Tuyển sinh & Học vụ - Trường Đại học Công nghiệp Hà Nội Đại chỉ: Số 298, Đường Cầu Diễn, Quận Bắc Từ Liêm, Thành phố Hà Nội Điện thoại: 02437655121 ): 0383371290; 0834560255 Website: tuyensinh.haui.edu.vn Fanpage: facebook.com/tuyensinh.haui Thứ Tư, 09:14 18/12/2024 Tags:\\nnext_contents:\\n- trình đào tạo tuyển sinh năm 2025: - Chương trình đào tạo Đại học chính quy theo thời gian chuẩn 4 năm, tuyển sinh đối với thí sinh tốt nghiệp THPT, chỉ tiêu 7.990, cấp bằng Cử nhân; từ năm thứ 2 sinh viên có thể đăng ký học thêm chương trình thứ 2 nếu đủ điều kiện, sinh viên có thể được công nhận tốt nghiệp cùng một lúc 2 chương trình. Dự kiến chỉ tiêu và phương thức xét tuyển các ngành thuộc Khoa CNTT - Trường Đại học Công Nghiệp Hà Nội năm 2025 Dự kiến tổ hợp mới: *A0C: Toán, Vật lý, Công nghệ. *A0T: Toán, Vật lý, Tin học. *B0C: Toán, Hóa học, Công nghệ. *D0C: Toán, Tiếng Anh, Công nghệ. *D0G: Toán, Tiếng Anh, Giáo dục kinh tế và pháp luật. Chương trình đào tạo liên thông Đại học chính quy : tuyển sinh đối với người tốt nghiệp Cao đẳng, đăng ký xét tuyển và hoàn thành các học phần còn lại của chương trình đào tạo trình độ Đại học trong khoảng từ 2 - 2,5 năm; Chỉ tiêu dự kiến 250, gồm các ngành/CTĐT: Công nghệ kỹ thuật cơ khí; Công nghệ kỹ thuật ô tô; Công nghệ kỹ thuật điện, điện tử; Công nghệ kỹ thuật điện tử - viễn thông; Công nghệ thông tin. Chương trình đào tạo cấp bằng Kỹ sư : tuyển sinh đối với người có bằng Cử nhân, đăng ký xét tuyển vào chương trình đào tạo Đại học chuyên sâu đặc thù trong khoảng 1 năm; Chỉ tiêu dự kiến 120, gồm các ngành/CTĐT: Công nghệ kỹ thuật cơ khí; Công nghệ kỹ thuật điện, điện tử; Công nghệ kỹ thuật điện tử - viễn thông. Chương trình đào tạo liên kết quốc tế: Sinh viên trúng tuyển nhập học ngành Marketing, ngành Quản trị kinh doanh, ngành Quản trị khách sạn có thể đăng ký theo chương trình liên kết đào tạo 2+2 giữa Đại học Công nghiệp Hà Nội với Đại học Bách khoa Quế Lâm - Trung Quốc, học 2 năm tại Đại học Công nghiệp Hà Nội và 2 năm tại Đại học Bách khoa Quế Lâm. Sinh viên hoàn thành chương trình đào tạo và đủ điều kiện tốt nghiệp được cấp 2 bằng của Đại học Công nghiệp Hà Nội và Đại học Bách khoa Quế Lâm. Học bổng: Năm 2025, Đại học Công nghiệp Hà Nội dự kiến cấp học bổng cho sinh viên đại học chính quy có kết quả xét tuyển đầu\\n', 'content: nghề nghiệp tại Trường Đại học Công nghiệp Hà Nội được xây dựng và áp dụng trong giảng dạy từ năm 2015. Ông David Kertzner cũng sẽ tham dự và có bài phát biểu tại phiên toàn thể của hội thảo quốc tế về “Đào tạo tiếng Anh đáp ứng nhu cầu của thị trường lao động trong thời kỳ Cách mạng Công nghiệp 4.0” diễn ra tại Đại học Công nghiệp Hà Nội từ ngày 11-13 tháng 10 năm 2018. Hợp tác lần này sẽ góp phần giúp Nhà trường hoàn thiện chương trình và tài liệu đào tạo Tiếng Anh TS. Bùi Thị Ngân - Phó Hiệu trưởng Nhà trường khẳng định: Trường Đại học Công nghiệp Hà Nội, Khoa Ngoại ngữ đã chuẩn bị các nội dung để làm việc với chuyên gia của Đại sứ quán Mỹ trong thời gian công tác tại trường. TS. Bùi Thị Ngân hy vọng sự hợp tác lần này sẽ đạt kết quả tốt đẹp, góp phần giúp Nhà trường hoàn thiện chương trình và tài liệu đào tạo Tiếng Anh theo định hướng nghề nghiệp cho sinh viên. Thứ Tư, 16:25 03/10/2018 Tags:\\nnext_contents:\\n- Đại học Công nghiệp Hà Nội tiếp Giám đốc Văn phòng Tiếng Anh khu vực, Đại sứ quán Hợp chủng quốc Hoa Kỳ thăm và làm việc với Trường Sáng ngày 3/10, Ông John Scacco - Giám đốc Văn phòng Tiếng Anh khu vực (RELO), Đại sứ quán Hợp chủng quốc Hoa Kỳ tại Việt Nam, cùng ông David Kertzner và ông Lê Dương, chuyên gia của RELO đã có buổi làm việc với đại diện Ban Giám hiệu Trường Đại học Công nghiệp Hà Nội và các Khoa, Trung tâm tham gia xây dựng, phát triển chương trình đào tạo Tiếng Anh của Nhà trường. Tiếp đoàn sáng nay, có TS. Bùi Thị Ngân - Phó Hiệu trưởng Nhà trường, ThS.Trần Ngọc Đức – Phó Trưởng khoa Ngoại ngữ và TS.Trần Thị Duyên - Phó Giám đốc trung tâm Khảo thí. Ông John Scacco – Giám đốc Văn phòng Tiếng anh khu vực (RELO), Đại sứ quán Hợp chủng quốc Hoa Kỳ, cùng ông David Kertzner và ông Lê Dương - Chuyên gia của RELO làm việc với Đại học Công nghiệp Hà Nội Đại diện Đại sứ quán Hoa Kỳ, Ông John Scacco cảm ơn Ban Giám hiệu Trường Đại học Công nghiệp Hà Nội, Khoa Ngoại ngữ vì sự tiếp đón chu đáo và những tình cảm tốt đẹp dành cho Đại sứ quán Hoa Kỳ tại Việt Nam nói chung và các chuyên gia tham gia chương trình nói riêng, đồng thời đánh giá cao những nỗ lực của Khoa Ngoại ngữ trong việc phát triển hợp tác giữa Nhà trường và Đại sứ quán Hoa Kỳ tại Việt Nam. Theo chương trình, từ ngày 1/10 đến ngày 13/10/2018 ông David Kertzner sẽ có các buổi làm việc và hỗ trợ nhóm nghiên cứu của Khoa Ngoại ngữ để đánh giá, chỉnh sửa và phát triển chương trình đào tạo Tiếng Anh theo định hướng nghề nghiệp tại Trường Đại học Công nghiệp Hà Nội được xây dựng và áp dụng trong giảng dạy từ năm 2015. Ông David Kertzner cũng sẽ tham dự và có bài phát biểu tại phiên toàn thể của hội thảo quốc tế về “Đào tạo tiếng Anh đáp ứng nhu cầu của thị trường lao động trong thời kỳ Cách mạng Công nghiệp 4.0” diễn ra tại Đại học Công nghiệp Hà Nội từ ngày 11-13 tháng 10 năm 2018. Hợp tác lần này sẽ góp phần giúp Nhà trường hoàn thiện chương trình và tài liệu đào tạo Tiếng Anh TS. Bùi Thị Ngân - Phó Hiệu\\n']","['<1-hop>\\n\\nHướng dẫn nhập học Online BƯỚC 1: NHẬP HỌC TRỰC TUYẾN Thí sinh mở tài khoản ngân hàng BIDV(hướng dẫn tại đây) hoặc ví điện tử Viettel Money ( Đăng ký tại đây ) và nộp tiền vào tài khoản theo số tiền phải nộp trong Giấy báo nhập học (Nhà trường liên kết với BIDV và Viettel Money để thực hiện dịch vụ thu hộ học phí và trung gian thanh toán (miễn phí) ). Để có thể xác nhận nhập học trực tuyến thí sinh cần mở tài khoản BIDVhoặcViettel Money (Nhà trường khuyến khích thí sinh mở tài khoản của cả hai đơn vị cung cấp dịch vụ để đa dạng hóa phương thức và thuận tiện trong quá trình thực hiện thanh toán). Lưu ý: Sinh viên khi làm thủ tục nhập học và trong suốt quá trình học nên sử dụng duy nhất 01 số điện thoại cá nhân để thuận tiện cho việc làm thủ tục nhập học, thanh toán học phí hoặc nhận chi trả các khoản như: chế độ chính sách, học bổng, chi phí khác.... Anh/Chị có thể nhập học trực tuyến theo 03 cách sau: Cách 1: Tải và cài đặt ứng dụng “MyHaUI” trên Apple Store, CH Play Cách 2: Truy cập cổng thông tin nhập học trực tuyến https://nhaphoc.haui.edu.vn của Nhà trường Cách 3: Nộp tiền thông qua ứng dụng BIDV hoặc Viettel Money. Tải ứng dụng BIDV hoặc Viettel Money và làm theo hướng dẫn trên ứng dụng (Chi tiết tham khảo tại Website: https://nhaphoc.haui.edu.vn tại mục Mở tài khoản BIDV hoặc các điểm giao dịch của: BIDV– hotline: ; Viettel Money – hotline: 0965.778.999, 0979.928.068, 0987.538.788 * Cổng thanh toán: Hiện tại Nhà trường liên kết với BIDV và Viettel Money để thực hiện dịch vụ thu hộ học phí và trung gian thanh toán (miễn phí) . Để thực hiện nhập học trực tuyến sinh viên cần mở tài khoản BIDV hoặc Viettel Money (Nhà trường khuyến khích sinh viên mở tài khoản của cả hai đơn vị cung cấp dịch vụ để đa dạng hóa phương thức và thuận tiện trong quá trình thực hiện thanh toán). ** Anh/Chị có nguyện vọng ở Ký túc xá (KTX) tham khảo thông tin tại Website http://ssc.haui.edu.vn (Mọi thắc mắc liên quan đến nộp tiền nhập học, các khoản thu xin liên hệ số Hotline 0988.156.363, 0983.668.171 ) BƯỚC 2: KIỂM TRA VÀ CẬP NHẬP HỒ SƠ SINH VIÊN 1. Đăng nhập hệ thống: Truy cập ứng dụng MyHaUI hoặc cổng thông tin sinh viên theo địa chỉ: https://sv.haui.edu.vn và sử dụng tài khoản theo thông tin được cấp. 2. Kiểm tra và cập nhật thông tin sinh viên: Vào phần “Thông tin cá nhân” , mục “Cập nhật thông tin sinh viên” . Tại màn hình này, sinh viên thực hiện cập nhật đầy đủ, chính xác các thông tin: “Thông tin cá nhân” , “Thông tin gia đình” , “Thông tin liên hệ” * Một số chức năng cơ bản của Hệ thống đại học điện tử: - Nhận các thông báo từ Nhà trường liên quan đến các hoạt động: Học tập, khảo thí, chế độ chính sách, học bổng, khen thưởng, kế hoạch thực tập – việc làm… - Thực hiện các hoạt động: Cập nhật hồ sơ cá nhân, đăng ký các dịch vụ hành chính một cửa, nộp học phí, đăng ký học phần, đăng ký thực tập…. - Tham gia Cộng đồng HaUI: Trao đổi với Nhà trường, đội ngũ Cố vấn, sinh viên khác... * Lưu ý: Trường hợp cần cấp lại mật khẩu, tài khoản hệ thống đại học điện tử, sinh viên liên hệ Thầy Lê Thanh Đức (SĐT: 0968 981 994)', '<2-hop>\\n\\nBƯỚC 3.1: HỒ SƠ SINH VIÊN 1. Hồ sơ sinh viên gồm: - Giấy CN tốt nghiệp THPT/THBT đối với HS tốt nghiệp năm 2024 hoặc bản sao chứng thực Bằng tốt nghiệp đối với HS tốt nghiệp từ năm 2023 về trước; Bản sao chứng thực Học bạ; Bản sao chứng thực Giấy khai sinh, bản sao chứng thực CCCD. - Đối với nam sinh viên: Giấy giới thiệu di chuyển đăng ký nghĩa vụ quân sự. - Người nhập học là Đoàn viên: Chuyển sinh hoạt đoàn về Đoàn trường ĐH Công nghiệp Hà Nội. - Người nhập học là Đảng viên: Trong thời hạn tối đa 30 ngày, đảng viên nộp trực tiếp hồ sơ đảng viên về Đảng ủy Khối các trường Đại học, Cao đẳng Hà Nội - 219 Trần Phú, Hà Đông, Hà Nội (Thời gian làm việc là sáng thứ 3, 4, 5 hàng tuần). Sau khi đã hoàn thiện thủ tục tại Đảng ủy Khối, đảng viên chuyển hồ sơ đảng viên (đã niêm phong) về Văn phòng Đảng ủy trường Đại học Công nghiệp Hà Nội để làm thủ tục tiếp nhận sinh hoạt đảng. 2. Hồ sơ mở thẻ sinh viên tích hợp: Từ năm học 2024 – 2025, Nhà trường thực hiện mở thẻ sinh viên tích hợp với thẻ ATM của Ngân hàng TMCP Công thương Việt Nam (Vietinbank). Sinh viên nộp hồ sơ mở thẻ tích hợp cùng với hồ sơ sinh viên trong “Tuần sinh hoạt công dân – sinh viên” đầu khóa (kế hoạch cụ thể xem tại mục “ Thời khóa biểu/KH học tập đầu khóa ” trên ứng dụng MyHaUI hoặc Cổng thông tin sinh viên https://sv.haui.edu.vn ). Hồ sơ mở thẻ bao gồm: - 01 Giấy đề nghị kiêm hợp đồng mở, sử dụng tài khoản thanh toán & dịch vụ ngân hàng ( sinh viên tải, in giấy đề nghị và điền các thông tin theo mẫu gửi kèm ). - 01 bản sao chứng thực Căn cước công dân. - 01 bản in xác minh thông tin thuê bao số điện thoại chính chủ sinh viên sử dụng. (Soạn tin nhắn cú pháp “TTTB SốCCCD” gửi 1414, hệ thống trả lời tin nhắn xác nhận thông tin Họ và tên, số CCCD đăng kí sử dụng thuê bao phải trùng khớp Họ tên, số CCCD của sinh viên). Tải Giấy đề nghị, Mẫu điền Giấy đề nghị và Mẫu xác minh thông tin thuê bao tại đây: https://drive.google.com/drive/folders/1eSpKnhVsjfjvlxJkp7KCACVgHr8qntG- Trường hợp cần giải đáp thắc mắc về vấn đề hồ sơ mở thẻ tích hợp, sinh viên liên hệ Thầy Lê Thanh Đức (SĐT: 0968 981 994) 3. Hồ sơ miễn, giảm học phí (Nếu có) theo các đối tượng sau: TT Đối tượng miễn, giảm học phí Hồ sơ cần nộp 1 Người có công với cách mạng hoặc cha đẻ, mẹ đẻ, vợ, chồng, con đẻ, con nuôi người có công với cách mạng. - Giấy xác nhận thân nhân người có công (Mẫu số 45 Nghị định 131/2021/NĐ-CP) 2 Là người dân tộc thiểu số rất ít người gồm (La Hủ, La Ha, Pà Thẻn, Lự, Ngái, Chứt, Lô Lô, Mảng; Cống, Cờ Lao, Bố Y; Si La; Pu Péo; Rơ Măm; BRâu, Ơ Đu). - Giấy xác nhận vùng có điều kiện KTXH khó khăn hoặc đặc biệt khó khăn. - Giấy xác nhận thông tin cư trú (mẫu CT07) có xác nhận của Công An Phường/ Xã. 3 Là người dân tộc thiểu số (không phải là người dân tộc thiểu số rất ít người). - Giấy xác nhận vùng có điều kiện KTXH đặc biệt khó khăn HOẶC giấy chứng nhận hộ nghèo/cận nghèo năm 2024. - Giấy xác nhận thông tin về cư trú (mẫu CT07) có xác nhận của Công An Phường/ Xã. 4 Có cha/mẹ bị tai nạn lao động hoặc mắc bệnh nghề nghiệp. - Bản sao chứng thực Quyết định của cha/mẹ về việc hưởng chế độ tai nạn lao động hoặc mắc bệnh nghề nghiệp. 5 Là người tàn tật, khuyết tật. - Giấy xác nhận tàn tật, khuyết tật. 6 Mồ côi cả cha và mẹ. - Quyết định về việc trợ cấp xã hội của Chủ tịch UBND cấp huyện. * Lưu ý: Trường hợp cần giải đáp thắc mắc về vấn đề hồ sơ, sinh viên liên hệ Cô Nguyễn Thị Ngọc Anh (SĐT: 0387 828 968)']","### Hoạt động khóa và các hoạt động đoàn hội tại Khoa Công nghệ Thông tin

1. **Hội thảo việc làm**:
   - Trường Đại học Công nghiệp Hà Nội thường xuyên tổ chức các hội thảo việc làm, kết nối sinh viên với các doanh nghiệp. Ví dụ, vào ngày 26 và 27 tháng 4, trường đã tổ chức hội thảo việc làm với sự tham gia của nhiều công ty lớn, mang đến hàng trăm cơ hội việc làm cho sinh viên.
   - Các hội thảo này không chỉ giúp sinh viên tìm kiếm việc làm mà còn cung cấp thông tin về kỹ năng và thái độ cần thiết trong môi trường làm việc.

2. **Các hoạt động ngoại khóa**:
   - Khoa Công nghệ Thông tin cũng tổ chức nhiều hoạt động ngoại khóa nhằm phát triển kỹ năng mềm cho sinh viên, như các cuộc thi, chương trình giao lưu, và các hoạt động tình nguyện.
   - Sinh viên có cơ hội tham gia vào các câu lạc bộ, nhóm nghiên cứu, và các dự án thực tế, giúp nâng cao kỹ năng và kinh nghiệm làm việc.

3. **Hỗ trợ sinh viên**:
   - Khoa thường xuyên tổ chức các buổi tư vấn, hỗ trợ sinh viên trong việc hoàn thiện hồ sơ, chuẩn bị cho việc tìm kiếm việc làm sau khi tốt nghiệp.

### Hỗ trợ của Thầy Lê Thanh Đức cho sinh viên

Thầy Lê Thanh Đức có thể hỗ trợ sinh viên trong quá trình nhập học và hoàn thiện hồ sơ tại Đại học Công nghiệp Hà Nội thông qua các hoạt động sau:

1. **Tư vấn hướng nghiệp**:
   - Thầy có thể cung cấp thông tin về các ngành học, chương trình đào tạo, và cơ hội việc làm cho sinh viên, giúp họ lựa chọn đúng hướng đi cho tương lai.

2. **Hướng dẫn hoàn thiện hồ sơ**:
   - Thầy có thể hướng dẫn sinh viên cách chuẩn bị hồ sơ nhập học, bao gồm các giấy tờ cần thiết và cách thức nộp hồ sơ.

3. **Hỗ trợ trong quá trình học tập**:
   - Thầy có thể giúp sinh viên giải đáp thắc mắc về chương trình học, các môn học, và cách thức học tập hiệu quả.

4. **Kết nối với doanh nghiệp**:
   - Thầy có thể giúp sinh viên kết nối với các doanh nghiệp, tạo cơ hội thực tập và việc làm sau khi tốt nghiệp.

Nếu bạn cần thêm thông tin chi tiết về các hoạt động hoặc hỗ trợ cụ thể, hãy cho tôi biết! 

[Hội thảo việc làm cho sinh viên] - [**Link tham khảo**](https://www.haui.edu.vn/vn/hoat-dong-sinh-vien/hap-dan-voi-hang-tram-co-hoi-viec-lam-cho-sinh-vi/63508).","Thầy Lê Thanh Đức có vai trò quan trọng trong việc hỗ trợ sinh viên trong quá trình nhập học và hoàn thiện hồ sơ tại Đại học Công nghiệp Hà Nội. Sinh viên có thể liên hệ với thầy qua số điện thoại 0968 981 994 để giải đáp thắc mắc về các thủ tục nhập học, hồ sơ sinh viên, cũng như hồ sơ mở thẻ sinh viên tích hợp. Thầy cũng có thể cung cấp thông tin về các yêu cầu cần thiết cho hồ sơ, như giấy tờ cần nộp và quy trình thực hiện.",0.7623873574880328,0.499999999975,0.0,0.3333333333333333,3.8807008266448975,13.381722927093506
"Kỳ thi ICPC Asia Hanoi 2024 có ý nghĩa gì đối với sinh viên Việt Nam trong bối cảnh công nghệ hiện nay, và làm thế nào chương trình Samsung Innovation Campus hỗ trợ sinh viên trong việc phát triển kỹ năng công nghệ?","['content: Samsung khởi động Chương trình phát triển nhân tài công nghệ 2024-2025 Chiều 22/11, Tổ hợp Samsung Việt Nam chính thức khởi động Chương trình Phát triển nhân tài công nghệ – Samsung Innovation Campus 2024-2025 nhằm phát triển năng lực công nghệ cao cho thế hệ trẻ Việt Nam là những người sẽ dẫn dắt sự thành công của cuộc Cách mạng Công nghiệp 4.0 tại Việt Nam trong tương lai. Chương trình đào tạo được thiết kế trên nền tảng giáo dục kết hợp giữa kỹ năng công nghệ cốt lõi trong tương lai với các kỹ năng mềm và kỹ năng làm việc trong thực tiễn. Các nội dung đào tạo này được lựa chọn thông qua việc thực hiện khảo sát phân tầng theo các xu hướng phát triển trong các ngành công nghiệp ở từng khu vực khác nhau, kết hợp với nhu cầu tuyển dụng tại các công ty lớn. Lễ ký kết biên bản ghi nhớ MOU giữa các đơn vị triển khai dự án Samsung Innovation Campus 2024-2025 Học viên khi kết thúc khóa học và đạt kết quả theo yêu cầu của chương trình sẽ nhận được chứng nhận hoàn thành khóa học Samsung Innovation Campus, cũng như có cơ hội tham gia nhiều hoạt động có giá trị khác của dự án như Cuộc thi Sáng tạo khoa học công nghệ – Innovation Tech Challenge – cuộc thi nằm trong khuôn khổ của dự án nhằm tạo ra sân chơi giúp các học viên được áp dụng kiến thức, kỹ năng đã được học trong chương trình vào thực tế. Trong khuôn khổ dự án SIC 2024-2025, các nội dung đào tạo sẽ được phân bổ lại cấu trúc nhằm nâng cao chất lượng học tập và phù hợp hơn với tình hình thực tế triển khai. Đồng thời, tiếp tục áp dụng kết hợp giữa 2 hình thức đào tạo trực tuyến (E-learning) và trực tiếp (offline) để mở rộng quy mô và tối ưu lịch trình học tập cho học viên. Sinh viên Khoa CNTT - Trường ĐH Công Nghiệp Hà Nội tại Lễ khởi động Dự kiến Samsung Innovation Campus 2024-2025 sẽ mang tới cơ hội học tập và phát triển năng lực công nghệ cho khoảng 6.600 học sinh và sinh viên tại Việt Nam. Cũng tại sự kiện, Samsung Việt Nam, Tổ chức Tuổi trẻ thành đạt Việt Nam và Công ty Letuin Việt Nam đã thực hiện Lễ ký kết biên\\nnext_contents:\\n', 'content: Sinh viên Khoa Công nghệ thông tin xuất sắc đạt học bổng tài năng Samsung STP năm 2024 Vừa qua ngày 16/10/2024, Trung tâm Nghiên cứu và Phát triển Samsung Việt Nam (SRV) đã tổ chức Lễ trao học bổng sinh viên tài năng Samsung STP dành cho sinh viên các trường Đại học tại Việt Nam. Sinh viên Khoa Công nghệ thông tin Trường Đại học Công Nghiệp Hà Nội đã xuất sắc và vinh dự đạt được học bổng. Sinh viên Bùi Trường Giang khóa 16 ngành Khoa học máy tính Khoa CNTT – Trường ĐH Công Nghiệp Hà Nội giành được học bổng Tài năng STP năm 2024 sẽ được Samsung Việt Nam tài trợ học bổng trị giá 3000 USD. Cùng với đó, sinh viên sẽ có cơ hội được đào tạo chuyên sâu, thực tập nghề nghiệp với các đề tài công nghệ mới, dưới sự hướng dẫn của các Kỹ sư giàu kinh nghiệm tại SRV. Đồng thời, sinh viên sẽ được đào tạo các kỹ năng về lập trình, về thuật toán chuyên sâu, củng cố kiến thức chuyên môn vững chắc trước khi tốt nghiệp. Các sinh viên đạt học bổng STP đều đã hoàn thành các khóa học Thuật toán ứng dụng do Khoa Công nghệ thông tin phối hợp với Samsung SRV phối hợp tổ chức với kết quả xuất sắc. TS. Đặng Trọng Hợp – Trưởng Khoa CNTT Trường ĐH Công Nghiệp Hà Nội và các sinh viên HaUI nhận học bổng Tài năng Samsung STP 2024 Trường Đại học Công Nghiệp Hà Nội là một trong các trường đại học thuộc khu vực phía Bắc được thụ hưởng chương trình học bổng “Tài năng Samsung” – STP 2024. Chương trình học bổng STP 2024 là một nội dung trong Biên bản hợp tác toàn diện giữa Trường Đại học Công Nghiệp Hà Nội và Samsung Electronic Việt Nam cho giai đoạn 2023 – 2025. Theo biên bản hợp tác được ký kết, bên cạnh việc hai đơn vị thống nhất sẽ tiếp tục triển khai là chương trình học bổng STP, HaUI và Samsung sẽ triển khai các dự án hợp tác nghiên cứu về công nghệ di động, các khóa học đào tạo ngắn hạn về Thuật toán ứng dụng và các khóa đào tạo ngắn khác về IoT, Big Data, Security, Embedded System… giành cho sinh viên HaUI. Thứ Hai, 14:55 21/10/2024 Tags:\\nnext_contents:\\n', 'content: dụng kết hợp giữa 2 hình thức đào tạo trực tuyến (E-learning) và trực tiếp (offline) để mở rộng quy mô và tối ưu lịch trình học tập cho học viên. Sinh viên Khoa CNTT - Trường ĐH Công Nghiệp Hà Nội tại Lễ khởi động Dự kiến Samsung Innovation Campus 2024-2025 sẽ mang tới cơ hội học tập và phát triển năng lực công nghệ cho khoảng 6.600 học sinh và sinh viên tại Việt Nam. Cũng tại sự kiện, Samsung Việt Nam, Tổ chức Tuổi trẻ thành đạt Việt Nam và Công ty Letuin Việt Nam đã thực hiện Lễ ký kết biên bản ghi nhớ MOU, khẳng định cam kết đồng hành nhằm triển khai dự án Samsung Innovation Campus 2024-2025 tại Việt Nam. Thứ Hai, 14:07 25/11/2024 Tags:\\nnext_contents:\\n- Samsung khởi động Chương trình phát triển nhân tài công nghệ 2024-2025 Chiều 22/11, Tổ hợp Samsung Việt Nam chính thức khởi động Chương trình Phát triển nhân tài công nghệ – Samsung Innovation Campus 2024-2025 nhằm phát triển năng lực công nghệ cao cho thế hệ trẻ Việt Nam là những người sẽ dẫn dắt sự thành công của cuộc Cách mạng Công nghiệp 4.0 tại Việt Nam trong tương lai. Chương trình đào tạo được thiết kế trên nền tảng giáo dục kết hợp giữa kỹ năng công nghệ cốt lõi trong tương lai với các kỹ năng mềm và kỹ năng làm việc trong thực tiễn. Các nội dung đào tạo này được lựa chọn thông qua việc thực hiện khảo sát phân tầng theo các xu hướng phát triển trong các ngành công nghiệp ở từng khu vực khác nhau, kết hợp với nhu cầu tuyển dụng tại các công ty lớn. Lễ ký kết biên bản ghi nhớ MOU giữa các đơn vị triển khai dự án Samsung Innovation Campus 2024-2025 Học viên khi kết thúc khóa học và đạt kết quả theo yêu cầu của chương trình sẽ nhận được chứng nhận hoàn thành khóa học Samsung Innovation Campus, cũng như có cơ hội tham gia nhiều hoạt động có giá trị khác của dự án như Cuộc thi Sáng tạo khoa học công nghệ – Innovation Tech Challenge – cuộc thi nằm trong khuôn khổ của dự án nhằm tạo ra sân chơi giúp các học viên được áp dụng kiến thức, kỹ năng đã được học trong chương trình vào thực tế. Trong khuôn khổ dự án SIC 2024-2025, các nội dung đào tạo sẽ được phân bổ lại cấu trúc nhằm nâng cao chất lượng học tập và phù hợp hơn với tình hình thực tế triển khai. Đồng thời, tiếp tục áp dụng kết hợp giữa 2 hình thức đào tạo trực tuyến (E-learning) và trực tiếp (offline) để mở rộng quy mô và tối ưu lịch trình học tập cho học viên. Sinh viên Khoa CNTT - Trường ĐH Công Nghiệp Hà Nội tại Lễ khởi động Dự kiến Samsung Innovation Campus 2024-2025 sẽ mang tới cơ hội học tập và phát triển năng lực công nghệ cho khoảng 6.600 học sinh và sinh viên tại Việt Nam. Cũng tại sự kiện, Samsung Việt Nam, Tổ chức Tuổi trẻ thành đạt Việt Nam và Công ty Letuin Việt Nam đã thực hiện Lễ ký kết biên\\n', 'content: [vjst] Đẩy mạnh hợp tác phát triển công nghệ bán dẫn và vi mạch tại Việt Nam Thứ Năm, 17:09 30/11/2023 305 Ngày 29/11/2023 tại Hà Nội, Trường Đại học Công nghiệp Hà Nội đã ký kết Thỏa thuận hợp tác nhằm đẩy mạnh hoạt động đào tạo, nghiên cứu khoa học, phát triển công nghệ bán dẫn và vi mạch tại Việt Nam với 2 doanh nghiệp là: Công ty TNHH LG Electronics Development Việt Nam (LGEDV) và Công ty TNHH LG CNS Việt Nam (LGCNS). PGS.TS Phạm Văn Đông - Phó Hiệu trưởng Trường Đại học Công nghiệp Hà Nội cho biết, Thỏa thuận hợp tác với 2 đối tác sẽ góp phần nâng cao chất lượng công tác đào tạo nguồn nhân lực ngành công nghệ thông tin cũng như hoạt động nghiên cứu - ứng dụng công nghệ của Trường và doanh nghiệp. Hiện nay, các doanh nghiệp có vốn đầu tư nước ngoài quy mô lớn đã đầu tư vào Việt Nam trong ngành công nghiệp vi mạch và bán dẫn, chính vì thế, các cơ sở đào tạo tại Việt Nam, trong đó có Trường Đại học Công nghiệp Hà Nội đang tập trung triển khai đào tạo nguồn nhân lực chất lượng cao trong lĩnh vực công nghệ bán dẫn, nhất là kỹ sư thiết kế vi mạch. Do vậy, bên cạnh việc mở rộng hợp tác trong lĩnh vực này, Nhà trường sẽ đẩy mạnh các hoạt động hợp tác trong các lĩnh vực khác như cơ khí, tự động hóa... Đại diện LGEDV và LGCNS đánh giá cao chất lượng nguồn nhân lực được Trường Đại học Công nghiệp Hà Nội đào tạo. Tuy nhiên, để nâng cao hơn nữa công tác đào tạo gắn với thực tiễn, LGEDV và LGCNS đề nghị Trường tiếp tục nghiên cứu, xúc tiến nội dung, định hướng hợp tác trong thời gian tới như: xây dựng các khóa học, mời chuyên gia nước ngoài (trong đó có Hàn Quốc) tham gia vào quá trình đào tạo tại Trường; đồng thời tiến hành tổ chức khóa đào tạo/tập huấn nhằm cập nhật những kiến thức và công nghệ mới nhất cho sinh viên… Nguồn: Tạp chí Khoa học và Công nghệ Việt Nam Thứ Năm, 17:09 30/11/2023 Tags:\\nnext_contents:\\n', 'content: hơn 6.000 học sinh, sinh viên trên khắp mọi miền đất nước, qua đó khẳng định vị thế hàng đầu của Samsung trong việc nỗ lực thúc đẩy phát triển nguồn nhân lực công nghệ chất lượng cao tại Việt Nam. TS. Phạm Văn Hà - Phó Trưởng khoa CNTT Đại học Công nghiệp trao chứng nhận cho những sinh viên xuất sắc tại Khóa học Với chương trình học được thiết kế dựa trên nền tảng các công nghệ lõi của tương lai, kết hợp kỹ năng thực hành ứng dụng, đồng thời sát với xu hướng và yêu cầu tuyển dụng từ các doanh nghiệp công nghệ đầu ngành, SIC mỗi niên khóa đều nhận được sự hưởng ứng tích cực của hàng ngàn học viên tham gia. Không chỉ hướng đến cung cấp kho kiến thức nền tảng về công nghệ mới nhất, SIC còn khuyến khích học viên ứng dụng kiến thức đã được trau dồi vào thực tiễn. Theo đó, không chỉ được tạo điều kiện thực hành ngay trong khóa học, học viên tốt nghiệp SIC còn có cơ hội áp dụng kiến thức và kỹ năng đã học để tham dự Cuộc thi Innovation Tech Challenge, thông qua việc tháo gỡ bài toán hóc búa được ban tổ chức đề ra bằng các ý tưởng, giải pháp sáng tạo, hay thêm cơ hội để được thực tập tại Samsung Việt Nam Dự án Innovation Campus là minh chứng cho sự cam kết của Samsung trong nỗ lực thúc đẩy nguồn năng lực chất lượng cao trong lĩnh vực CNTT Từ hấp thu kiến thức đến trau dồi kỹ năng thực hành, ứng dụng, có thể thấy SIC đã mang đến cho thế hệ trẻ những trải nghiệm học tập quý giá, giúp sinh viên nâng cao năng lực công nghệ, sẵn sàng làm chủ tương lai số. Tham gia khóa học SIC là ""bệ phóng"" giúp nhiều bạn trẻ hoàn thành giấc mơ chinh phục công nghệ Thứ Tư, 13:23 30/10/2024 Tags:\\nnext_contents:\\n- Gần 150 sinh viên Khoa CNTT xuất sắc đạt Chứng nhận Samsung Innovation Campus Không ngừng học hỏi, khám phá, sáng tạo và vượt qua giới hạn bản thân để chinh phục những đỉnh cao công nghệ là vô cùng quan trọng trong bối cảnh công nghệ đang phát triển thần tốc như hiện nay. Gần 150 sinh viên Khoa Công nghệ thông tin Trường Đại học Công Nghiệp Hà Nội đã xuất sắc đạt được chứng nhận Samsung Innovation Campus. Gần 150 SV các lớp SIC (Samsung Innovation Campus) được nhận chứng nhận Tinh thần này được lan tỏa tích cực tại Samsung Innovation Campus (SIC) thông qua cách chương trình thiết kế các khóa học kiến thức kết hợp kỹ năng ứng dụng công nghệ đa dạng, hấp dẫn và hiệu quả. Mang đến những thay đổi sâu sắc trên mọi lĩnh vực đời sống xã hội, cuộc cách mạng công nghiệp lần thứ 4 (CMCN 4.0) đang diễn ra với tốc độ chóng mặt trên toàn cầu. Trong đó, công nghệ đóng vai trò dẫn dắt, là động lực thúc đẩy sự phát triển của các ngành kinh tế, xã hội. Chưa bao giờ các công nghệ cốt lõi như AI (trí tuệ nhân tạo), IoT (vạn vật kết nối internet), dữ liệu lớn, đám mây, nền tảng di động… trở nên quan trọng như hiện nay. Cung cấp cho thế hệ trẻ một ""chương trình giảng dạy cốt lõi chung"", cho phép sinh viên có được các kiến thức cơ bản nhất của 5 công nghệ nền tảng cũng chính là mục tiêu Samsung hướng đến khi đầu tư và phát triển dự án Innovation Campus, với tư cách là doanh nghiệp công nghệ hàng đầu. Khởi động từ 2019, cho đến nay, Innovation Campus đã đào tạo những kiến thức công nghệ mới nhất cho hơn 6.000 học sinh, sinh viên trên khắp mọi miền đất nước, qua đó khẳng định vị thế hàng đầu của Samsung trong việc nỗ lực thúc đẩy phát triển nguồn nhân lực công nghệ chất lượng cao tại Việt Nam. TS. Phạm Văn Hà - Phó Trưởng khoa CNTT Đại học Công nghiệp trao chứng nhận cho những sinh viên xuất sắc tại Khóa học Với chương trình học được thiết kế dựa trên nền tảng các công nghệ lõi của tương lai, kết hợp kỹ năng thực hành ứng dụng, đồng thời sát với xu hướng và yêu cầu tuyển dụng từ các doanh\\n']","['<1-hop>\\n\\nCông tác tổ chức Trường đăng cai - Trường Đại học Công nghiệp Hà Nội đã có sự chuẩn bị kỹ lưỡng và toàn diện cho kỳ thi ICPC Asia Hanoi 2024 thể hiện qua các hoạt động như: Đảm bảo các phương tiện vật chất và công tác thi trong phạm vi nhà trường; Hoàn tất chuẩn bị máy PC và phương tiện kỹ thuật đáp ứng đủ yêu cầu cho kỳ thi, các công tác giám khảo, giám thị và sinh viên tình nguyện phục vụ Olympic và ICPC; Tổ chức Thi các giải cá nhân tại các phòng máy trung tâm và khoa CNTT (443 máy tính thi OLP và 40 máy dành riêng cho khối thi THPT), chuẩn bị thi ICPC Asia Hanoi tại Khu thi đấu với 140 máy thi; Hỗ trợ thông tin về ăn, nghỉ, đi lại cho các Đoàn tham dự; Đón tiếp và hỗ trợ các đoàn Quốc tế tham dự tại các khách sạn BTC chỉ định. Cuộc thi Olympic Tin học Sinh viên Việt Nam, với sự kết nối với kỳ thi PROCON và ICPC toàn cầu, không chỉ khẳng định vị thế của Việt Nam về nguồn lực trẻ CNTT trong khu vực và thế giới, mà còn là minh chứng cho khả năng hội nhập mạnh mẽ của tuổi trẻ Việt Nam trong lĩnh vực công nghệ thông tin. Kỳ thi đã nhận được sự ủng hộ từ các Doanh nghiệp như Viettel, Pendle, FPT, Samsung, Phygital… và từ nhà tài trợ ICPC toàn cầu Huawei, Jet Brain. Thông qua sân chơi quốc tế này, sinh viên Việt Nam có cơ hội cọ xát, trau dồi các kỹ năng thiết yếu của một chuyên gia CNTT tương lai, bao gồm lập trình, thuật toán, hoàn thiện sản phẩm, làm việc nhóm và ngoại ngữ. Hơn thế nữa, với đẳng cấp của kỳ thi ICPC Châu Á và toàn cầu, Việt Nam đang từng bước sánh vai top 100 trường đại học hàng đầu thế giới về chất lượng đào tạo sinh viên CNTT, góp phần nâng cao thương hiệu giáo dục và khẳng định tiềm năng phát triển vượt bậc của ngành công nghệ Việt Nam. Ban Tổ chức OLP’24, PROCON & ICPC Asia Hanoi 2024 đã ban hành đầy đủ các quy chế, nội quy và thông báo, đăng ký công khai mọi thông tin trên website: www.olp.vn ; https://icpc.global và http://acm-icpc.olp.vn/. Để đảm bảo chất lượng và chuyên môn, Ban ra đề, HĐGK được thành lập với sự tham gia của các chuyên gia giàu kinh nghiệm phần lớn ở độ tuổi 25-35 từng là học sinh giỏi Quốc gia, Quốc tế; Trường Đại học Công nghệ - ĐHQG Hà Nội đồng tham gia tổ chức thi PROCON, CLB VFOSSA vớicác chuyên gia trong lĩnh vực Phần mềm nguồn mở. Chủ tịch HĐGK OLP năm nay là PGS.TS NGND Hồ Sĩ Đàm và Chủ tịch Hội đồng ICPC là PGS.TS Đỗ Phan Thuận. Kỳ thi được vận hành toàn bộ trên các hệ thống chấm – theo dõi trực tuyến chuẩn Quốc tế: các nội dung thi lập trình OLP và ICPC trên hệ thống VNOJ do CLB Olympic Việt Nam vận hành, hệ thống thi đối kháng theo chuẩn Procon Nhật Bản và nội dung OLP PMNM thi theo hình thức Hackathon. Tất cả kết quả các nội dung thi đều công khai, công bố trực tiếp theo thời gian thực, chỉ “đóng băng” một giờ trước khi kết thúc nhằm bảo mật kết quả đến khi công bố tại lễ Tổng kết – Trao giải vào chiều tối ngày 13/12/2024. Thứ Tư, 10:06 11/12/2024 Tags:', '<2-hop>\\n\\nChứng nhận Samsung Innovation Campus Không ngừng học hỏi, khám phá, sáng tạo và vượt qua giới hạn bản thân để chinh phục những đỉnh cao công nghệ là vô cùng quan trọng trong bối cảnh công nghệ đang phát triển thần tốc như hiện nay. Gần 150 sinh viên Khoa Công nghệ thông tin Trường Đại học Công Nghiệp Hà Nội đã xuất sắc đạt được chứng nhận Samsung Innovation Campus. Gần 150 SV các lớp SIC (Samsung Innovation Campus) được nhận chứng nhận Tinh thần này được lan tỏa tích cực tại Samsung Innovation Campus (SIC) thông qua cách chương trình thiết kế các khóa học kiến thức kết hợp kỹ năng ứng dụng công nghệ đa dạng, hấp dẫn và hiệu quả. Mang đến những thay đổi sâu sắc trên mọi lĩnh vực đời sống xã hội, cuộc cách mạng công nghiệp lần thứ 4 (CMCN 4.0) đang diễn ra với tốc độ chóng mặt trên toàn cầu. Trong đó, công nghệ đóng vai trò dẫn dắt, là động lực thúc đẩy sự phát triển của các ngành kinh tế, xã hội. Chưa bao giờ các công nghệ cốt lõi như AI (trí tuệ nhân tạo), IoT (vạn vật kết nối internet), dữ liệu lớn, đám mây, nền tảng di động… trở nên quan trọng như hiện nay. Cung cấp cho thế hệ trẻ một ""chương trình giảng dạy cốt lõi chung"", cho phép sinh viên có được các kiến thức cơ bản nhất của 5 công nghệ nền tảng cũng chính là mục tiêu Samsung hướng đến khi đầu tư và phát triển dự án Innovation Campus, với tư cách là doanh nghiệp công nghệ hàng đầu. Khởi động từ 2019, cho đến nay, Innovation Campus đã đào tạo những kiến thức công nghệ mới nhất cho hơn 6.000 học sinh, sinh viên trên khắp mọi miền đất nước, qua đó khẳng định vị thế hàng đầu của Samsung trong việc nỗ lực thúc đẩy phát triển nguồn nhân lực công nghệ chất lượng cao tại Việt Nam. TS. Phạm Văn Hà - Phó Trưởng khoa CNTT Đại học Công nghiệp trao chứng nhận cho những sinh viên xuất sắc tại Khóa học Với chương trình học được thiết kế dựa trên nền tảng các công nghệ lõi của tương lai, kết hợp kỹ năng thực hành ứng dụng, đồng thời sát với xu hướng và yêu cầu tuyển dụng từ các doanh nghiệp công nghệ đầu ngành, SIC mỗi niên khóa đều nhận được sự hưởng ứng tích cực của hàng ngàn học viên tham gia. Không chỉ hướng đến cung cấp kho kiến thức nền tảng về công nghệ mới nhất, SIC còn khuyến khích học viên ứng dụng kiến thức đã được trau dồi vào thực tiễn. Theo đó, không chỉ được tạo điều kiện thực hành ngay trong khóa học, học viên tốt nghiệp SIC còn có cơ hội áp dụng kiến thức và kỹ năng đã học để tham dự Cuộc thi Innovation Tech Challenge, thông qua việc tháo gỡ bài toán hóc búa được ban tổ chức đề ra bằng các ý tưởng, giải pháp sáng tạo, hay thêm cơ hội để được thực tập tại Samsung Việt Nam']","### 1. Hoạt động khóa và các hoạt động đoàn hội tại Trường Đại học Công nghiệp Hà Nội

Trường Đại học Công nghiệp Hà Nội tổ chức nhiều hoạt động đoàn hội nhằm phát triển kỹ năng và tinh thần đoàn kết cho sinh viên. Một số hoạt động tiêu biểu bao gồm:

- **Hội nghị tổng kết công tác Đoàn - Hội**: Đây là dịp để tổng kết các hoạt động trong năm học, đánh giá kết quả và đề ra phương hướng cho năm học tiếp theo.
- **Ngày hội Tân sinh viên**: Sự kiện này thu hút hàng ngàn sinh viên tham gia, tạo cơ hội giao lưu và kết nối giữa các sinh viên mới và các sinh viên khóa trước.
- **Các hoạt động tình nguyện**: Sinh viên tham gia các phong trào tình nguyện, góp phần vào các hoạt động xã hội và cộng đồng.
- **Các cuộc thi và workshop**: Tổ chức các cuộc thi về công nghệ, sáng tạo, và các workshop nhằm nâng cao kỹ năng thực hành cho sinh viên.

Thông tin chi tiết về các hoạt động này có thể tham khảo tại [Hội nghị tổng kết công tác Đoàn - Hội](https://www.haui.edu.vn/vn/hoat-dong-sinh-vien/le-tong-ket-cong-tac-doan-hoi-va-phong-trao-thanh-nien-sinh-vien-nam-hoc-2017-2018-phat-dong-thi-dua-nam-hoc-2018-2019/60866).

### 2. Ý nghĩa của kỳ thi ICPC Asia Hanoi 2024 đối với sinh viên Việt Nam

Kỳ thi ICPC Asia Hanoi 2024 có ý nghĩa quan trọng trong việc:

- **Khuyến khích sáng tạo và tư duy logic**: Đây là một sân chơi lớn cho sinh viên công nghệ thông tin, giúp họ phát triển kỹ năng lập trình và giải quyết vấn đề.
- **Tạo cơ hội giao lưu quốc tế**: Sinh viên có cơ hội giao lưu, học hỏi từ các đội thi đến từ nhiều quốc gia khác nhau, mở rộng mạng lưới quan hệ và kiến thức.
- **Nâng cao chất lượng đào tạo**: Kỳ thi này thúc đẩy các trường đại học cải thiện chương trình giảng dạy và phương pháp đào tạo để đáp ứng nhu cầu thực tiễn của ngành công nghệ thông tin.

Thông tin chi tiết về kỳ thi có thể tham khảo tại [Kỳ thi ICPC Asia 2024](https://www.haui.edu.vn/vn/tin-tuc/ky-thi-olympic-tin-hoc-sinh-vien-viet-nam-lan-thu-33-procon-viet-nam-va-ky-thi-lap-trinh-sinh-vien-quoc-te-icpc-khu-vuc-chau-a-nam-2024-nhieu-tai-nang-cong-nghe-toa-sang/65836).

### 3. Chương trình Samsung Innovation Campus hỗ trợ sinh viên

Chương trình Samsung Innovation Campus (SIC) 2024-2025 được thiết kế nhằm:

- **Phát triển kỹ năng công nghệ**: Chương trình cung cấp các khóa học về công nghệ thông tin, giúp sinh viên nắm vững kiến thức và kỹ năng cần thiết cho ngành nghề.
- **Tạo cơ hội thực tập và việc làm**: Sinh viên tham gia chương trình có cơ hội thực tập tại các công ty lớn, từ đó nâng cao khả năng làm việc thực tế.
- **Khuyến khích sáng tạo**: Các hoạt động như cuộc thi sáng tạo công nghệ giúp sinh viên áp dụng kiến thức vào thực tiễn, phát triển tư duy sáng tạo.

Thông tin chi tiết về chương trình có thể tham khảo tại [Chương trình Samsung Innovation Campus 2024-2025](https://fit.haui.edu.vn/vn/tin-tuc/samsung-khoi-dong-chuong-trinh-phat-trien-nhan-tai-cong-nghe-2024-2025/71163).

Nếu bạn cần thêm thông tin hoặc có câu hỏi khác, hãy cho tôi biết!","Kỳ thi ICPC Asia Hanoi 2024 không chỉ khẳng định vị thế của Việt Nam về nguồn lực trẻ trong lĩnh vực công nghệ thông tin mà còn tạo cơ hội cho sinh viên Việt Nam cọ xát và trau dồi các kỹ năng thiết yếu như lập trình, thuật toán, và làm việc nhóm. Cuộc thi này giúp nâng cao thương hiệu giáo dục và khẳng định tiềm năng phát triển của ngành công nghệ Việt Nam. Đồng thời, chương trình Samsung Innovation Campus (SIC) cũng đóng vai trò quan trọng trong việc trang bị cho sinh viên những kiến thức công nghệ mới nhất và kỹ năng ứng dụng thực tiễn. SIC đã đào tạo hơn 6.000 học sinh, sinh viên trên toàn quốc, giúp họ phát triển các kỹ năng cần thiết để tham gia vào các cuộc thi như Innovation Tech Challenge, từ đó thúc đẩy sự phát triển nguồn nhân lực công nghệ chất lượng cao tại Việt Nam.",0.8276405670748966,0.7555555555303703,0.28125,0.5,1.0900747776031494,19.940204858779907
TS. Đặng Trọng Hợp đã có những phát biểu gì trong sự kiện Chào tân sinh viên Khóa 19 và trong buổi sinh nhật 16 tuổi của Đội Thanh niên tình nguyện Khoa CNTT?,"['content: Chúc mừng Hành trình 16 thanh xuân tuổi trẻ Đội Thanh niên tình nguyện Với tinh thần “Đâu cần thanh niên có, việc gì khó có thanh niên”, màu áo xanh tình nguyện đã trở thành hình ảnh quen thuộc thể hiện vai trò xung kích và cống hiến của tuổi trẻ Khoa Công nghệ thông tin Trường Đại học Công Nghiệp Hà Nội cho cộng đồng, xã hội. Từ những ngày đầu non trẻ, giờ đây – sau 16 năm, Đội Thanh niên tình nguyện Khoa CNTT - HaUI ngày càng lớn mạnh, kết nối hàng trăm gương mặt ưu tú, nhiệt huyết, năng động, là “cánh tay đắc lực” của Đoàn Thanh niên. Tối 30/11 vừa qua, tất cả nam thanh, nữ tú từng khoác lên mình màu áo xanh tình nguyện đã tụ hội, cùng nâng ly chúc mừng sinh nhật 16 tuổi của Đội Thanh niên tình nguyện. Đội Thanh niên tình nguyên thuộc Ban chấp hành Liên chi Đoàn Khoa CNTT, được ra đời cùng gần với quá trình xây dựng và phát triển Khoa CNTT HaUI. Có thể nói, Đội TNTN là một gia đình nhỏ trong gia đình lớn Khoa CNTT HaUI, là mái nhà chung của của các bạn sinh viên yêu thích các hoạt động tình nguyện, tham gia các hoạt động công ích cho xã hội. Tại đây, các bạn trẻ đã “kề vai sát cánh” trong nhiều hoạt động ý nghĩa của Nhà trường và xã hội như: Tết ấm yêu thương, tình nguyện vì cộng đồng, đại lễ Vu lan, Phát cháo từ thiên, Tri ân thầy cô 20/11, hỗ trợ nhập học, hỗ trợ chào tân SV, hỗ trợ Lễ tốt nghiệp trao bằng…Mỗi dịp sinh nhật, Đội TNTN lại cùng nhau ôn lại những kỷ niệm đã cùng nhau trải qua, những thành tích đã đạt được cũng như những điều cần rút kinh nghiệm. Các thế hệ TNTN Khoa CNTT HaUI tề tựu mừng sinh nhật 16 tuổi của Đội TNTN. Thay mặt Ban chủ nhiệm Khoa, TS. Đặng Trọng Hợp – Trưởng khoa CNTT HaUI gửi lời chúc mừng sinh nhật Đội “Tấm lòng sáng, tinh thần nhiệt huyết, sống vì cộng đồng của các em đã giúp Đội TNTN lớn mạnh như ngày hôm nay. Các em chính là một trong những lực lượng nòng cốt, luôn sát cánh cùng Khoa, Nhà trường trong mọi hoạt động. Chúc cho tất cả những sinh viên đã và đang khoác trên mình chiếc áo xanh tình nguyện Khoa CNTT HaUI luôn giữ\\nnext_contents:\\n', 'content: Sôi động chương trình Chào tân sinh viên Khóa 19 Khoa Công nghệ thông tin Trong không khí của mùa tựu trường, ngày 13/10/2024, sự kiện Chào tân sinh viên Khóa 19 Khoa Công nghệ thông tin “Programing your future” đã chính thức diễn ra với dư âm và cảm xúc còn mãi trong trái tim tân sinh viên K19 tại Hà Nam. Sự kiện không chỉ là dịp để chào đón các tân sinh viên mà còn là cơ hội để các bạn khám phá một thế giới hoàn toàn mới với những trải nghiệm thú vị, mở ra một môi trường đại học năng động, đa màu sắc cho các bạn tân sinh viên. Những kỷ niệm đẹp tại đây sẽ mãi là hành trang quý giá trong suốt hành trình học tập, trải nghiệm – một thanh xuân rực rỡ mà chắc hẳn các bạn sinh viên ai cũng mong muốn được trải qua. Phát biểu khai mạc chương trình, TS. Đặng Trọng Hợp Trưởng khoa CNTT đã có bài phát biểu giới thiệu về Khoa Công nghệ thông tin Trường Đại học Công nghiệp Hà Nội và chia sẻ động viên tinh thần học tập, nghiên cứu khoa học, hoạt động ngoại khóa cho tân sinh viên. TS. Đặng Trọng Hợp – Trưởng Khoa CNTT phát biểu Trong kỳ tuyển sinh năm 2024 vừa qua, Khoa Công nghệ thông tin vui mừng chào đón hơn gần 1000 tân sinh viên ra nhập ngôi nhà chung Khoa CNTT Trường Đại học Công Nghiệp Hà Nội. Trong số đó, có 06 Thủ khoa, 06 Á khóa của các ngành với số điểm cao hơn so với các năm trước. Kết quả này cho thấy Khoa đã thu hút được số lượng lớn tân sinh viên ưu tú, có tư duy logic tốt, chất lượng đầu vào được đảm bảo. Chắc hẳn sau 04 năm học, Khoa Công nghệ thông tin sẽ đào tạo ra những cử nhân có chất lượng cao đáp ứng nguồn nhân lực cho các doanh nghiệp trong và ngoài nước. TS. Đặng Trọng Hợp – Trưởng khoa CNTT và Đại diện Công ty FPT Software trao tặng khen thưởng các tân thủ khoa 06 ngành đại học K19 TS. Phạm Văn Hà – Phó Trưởng khoa CNTT và Đại diện Công ty ITPlus trao tặng khen thưởng các tân Á khoa 06 ngành đại học K19 Đại diện Công ty FPT Software chia sẻ các kỹ năng và vị trí công việc ngành CNTT Đại diện Công ty IT Plus giới thiệu về công ty và các xu hướng, cơ hội\\nnext_contents:\\n', 'content: Gặp mặt tân Sinh viên K15 khoa Công nghệ thông tin Chương trình để lại những ấn tượng sâu đậm trong lòng các thầy cô và các sinh viên, đánh dấu sự khởi đầu tốt đẹp cho một năm học hứa hẹn nhiều thành công. Trong không khí vui mừng, rạo rực những ngày đầu nhập học, buổi gặp mặt vừa là dịp để khoa giới thiệu ngành nghề, cơ hội việc làm, vừa là dịp để các em tân sinh viên giao lưu với cựu sinh viên trong khoa, biết được xu thế Công nghệ thông tin và định hướng trong công việc học tập phía trước. Đến tham dự buổi gặp mặt, có TS. Đặng Trọng Hợp – Phụ trách khoa, TS Trần Tiến Dũng – Phó khoa; Bí thư chi đoàn; Các thầy côc chủ nhiệm lớp; đại diện doanh nghiệp học viện IT Plus, cùng toàn thể tân sinh viên Khóa 15. Mở đầu chương trình được chào đón bằng các tiết mục văn nghệ đặc sắc, sôi động do đội văn nghệ của khoa biểu diễn. Tiếp đó, TS Đặng Trọng Hợp – Phụ trách khoa- đại diện cho Ban lãnh đạo khoa phát biểu, chúc mừng hơn 1000 tân sinh viên khóa 15 đã trúng tuyển vào khoa Công nghệ thông tin. Thầy giới thiệu đôi nét về khoa, về ngành nghề và về cơ hội việc làm trong lĩnh vực Công nghệ thông tin. TS Đặng Trọng Hợp - Phụ trách khoa giới thiệu về khoa và cơ hội việc làm Thầy Nguyễn Văn Thắng - Phó khoa CNTT hướng dẫn sinh viên về Quy chế đào tạo tín chỉ Đồng chí Trịnh Bá Qúy – Bí thư Chi đoàn Khoa Công nghệ thông tin, giới thiệu về các tổ chức, phong trào tiêu biểu, những thành tích mà các tập thể, cá nhân đạt được trong năm học vừa qua của hoạt động Đoàn với mong muốn trong thời gian tới, hoạt động đoàn hội cũng như hoạt động Nghiên cứu khoa học sẽ thu hút nhiều gương mặt tân sinh viên tham gia. Đặc biệt các em được gặp gỡ và giao lưu với đại diện từ học viện IT Plus, mang đến cho các em Tân sinh viên niềm tự hào, hy vọng và lòng quyết tâm cao khi chọn Công nghệ thông tin. Đại diện Học viện IT Plus chia sẻ về nghề nghiệp và xu hướng Công nghệ thông tin hiện na Tại buổi chào mừng, Khoa Công nghệ thông tin kết hợp với Học viện IT Plus tặng giấy khen và trao thưởng cho các\\nnext_contents:\\n', 'content: nền tảng vững chắc cho sự nghiệp của mình trong tương lai. Sáng ngày 29/9, Khoa Ngoại ngữ cũng đã tổ chức chương trình “Chào mừng tân sinh viên” ngành Ngôn ngữ Anh, Ngôn ngữ Trung Quốc, Ngôn ngữ Hàn Quốc và Ngôn ngữ Nhật Bản. 485 sinh viên mới của khoa đã sẵn sàng cho một năm học mới với niềm tin vào tình hình dịch bệnh sớm qua để các em sớm được tựu trường. Khoa CNTT để lại nhiều ấn tượng với chương trình chào mừng hơn 900 tân sinh viên khóa 16 gia nhập ngôi nhà chung HaUI. Khoa vinh dự khi có 01 Thủ khoa và 04 Á khoa và các em cũng nhận được các phần thưởng hấp dẫn, ý nghĩa của doanh nghiệp tài trợ. Đại diện lãnh đạo, cán bộ giảng viên Khoa Công nghệ Ô tô tham dự chương trình trực tuyến, chào đón 525 tân sinh viên khóa mới gia nhập Khoa Công nghệ Ô tô. Khoa Cơ khí cũng đã tổ chức chương trình ""Gặp mặt sinh viên K16 đầu khóa"", chào đón gần 1000 tân sinh viên K16 bước chân vào ngôi nhà chung khoa Cơ khí - HaUI. Chào tân sinh viên Khoa Điện tử diễn ra ấm áp với sự có mặt của Lãnh đạo khoa và hơn 700 tân sinh viên khóa 16 Chào Tân sinh viên ấm áp Khoa Kế toán Kiểm toán Tuần sinh hoạt đầu khóa là cơ hội để tân sinh viên được tìm hiểu truyền thống lịch sử, hiểu hơn về ngành nghề mình đã chọn, nắm bắt thông tin về quy chế đào tạo, định hướng học tập, cơ hội nghề nghiệp trong tương lai,…Chương trình Chào tân sinh viên và Tuần sinh hoạt công dân của các khoa trong trường còn diễn ra đến hết ngày 17/10/2021. Hơn 7000 tân sinh viên khóa mới gia nhập ngôi nhà chung HaUI và sẽ bắt đầu một chặng đường học tập, nghiên cứu với sự đồng hành của Lãnh đạo, cán bộ, giảng viên nhà trường. Chúc tân sinh viên K16 một năm học mới thành công. Với tinh thần “vượt khó để đạt thành tích cao nhất”, với phương châm “không để sinh viên nào bị bỏ lại phía sau”; Đại học Công nghiệp Hà Nội quyết tâm biến khó khăn thành cơ hội, đổi mới sáng tạo, hoàn thành tốt nhiệm vụ năm học 2021-2022. Thứ Ba, 20:14 12/10/2021 Tags: Chào tân sinh viên Tuần sinh hoạt công dân đầu khóa Sinh viên K16 Đại học Công\\nnext_contents:\\n- Chương trình “Chào tân sinh viên” đặc biệt của Đại học Công nghiệp Hà Nội Thứ Ba, 20:14 12/10/2021 35325 Từ ngày 9/10 - 17/10, Đại học Công nghiệp Hà Nội tổ chức chương trình “Chào tân sinh viên” và tuần sinh hoạt công dân cho sinh viên đại học K16. Một chương trình Chào tân sinh viên đặc biệt bằng hình thức trực tuyến, nhưng vẫn được sinh viên chào đón với tâm thế hào hứng và sẵn sàng cho một năm học mới. Rời xa tuổi học trò, bước những bước chân đầu tiên tới giảng đường đại học, chắc hẳn các bạn tân sinh viên ít nhiều đều mang trong mình những cảm xúc mới mẻ. Nhưng cảm xúc năm nay đặc biệt hơn bởi giảng đường đại học chỉ là hình ảnh, qua video và qua giới thiệu của thầy cô. Nhưng tất cả vẫn háo hức, vẫn tràn ngập niềm tin dịch bệnh sẽ qua đi để các em sớm được tựu trường, sớm được gặp thầy, cô bạn bè. PGS.TS. Trần Đức Quý - Bí thư Đảng ủy, Hiệu trưởng Nhà trường phát biểu trong Thông điệp chào mừng năm học mới 2021 - 2022 Sáng ngày 9/10, Khoa Công nghệ May và Thiết kế thời trang đã tổ chức “Chào tân sinh viên” khóa mới và thực hiện trao 04 suất học bổng cho các thủ khoa. Tân sinh viên khóa mới háo hức khi tham dự chương trình “Chào tân sinh viên” do Khoa CN May và Thiết kế thời trang tổ chức Chào Tân sinh viên là món quà đặc biệt mà thầy và trò Khoa Du Lịch gửi tặng cho 511 tân sinh viên của Khoa. Chương trình đã thành công rực rỡ, mang lại cho những tân binh Khoa Du lịch một nguồn năng lượng khởi đầu mới để các em tiếp tục thành công trên con đường đi tìm tri thức mới, đặt nền tảng vững chắc cho sự nghiệp của mình trong tương lai. Sáng ngày 29/9, Khoa Ngoại ngữ cũng đã tổ chức chương trình “Chào mừng tân sinh viên” ngành Ngôn ngữ Anh, Ngôn ngữ Trung Quốc, Ngôn ngữ Hàn Quốc và Ngôn ngữ Nhật Bản. 485 sinh viên mới của khoa đã sẵn sàng cho một năm học mới với niềm tin vào tình hình dịch bệnh sớm qua để các em sớm được tựu trường. Khoa CNTT để lại nhiều ấn tượng với chương trình chào mừng hơn 900 tân sinh viên khóa 16 gia nhập ngôi nhà chung HaUI. Khoa vinh dự khi\\n', 'content: TNTN Khoa CNTT HaUI tề tựu mừng sinh nhật 16 tuổi của Đội TNTN. Thay mặt Ban chủ nhiệm Khoa, TS. Đặng Trọng Hợp – Trưởng khoa CNTT HaUI gửi lời chúc mừng sinh nhật Đội “Tấm lòng sáng, tinh thần nhiệt huyết, sống vì cộng đồng của các em đã giúp Đội TNTN lớn mạnh như ngày hôm nay. Các em chính là một trong những lực lượng nòng cốt, luôn sát cánh cùng Khoa, Nhà trường trong mọi hoạt động. Chúc cho tất cả những sinh viên đã và đang khoác trên mình chiếc áo xanh tình nguyện Khoa CNTT HaUI luôn giữ được nhiệt huyết của tuổi trẻ; hoàn thành tốt nhiệm vụ học tập, làm việc; duy trì và lan tỏa các công việc từ thiện, vì cộng đồng”.. TS. Đặng Trọng Hợp chúc mừng sự lớn mạnh của Đội TNTN – “cánh tay đắc lực” của Đoàn Thanh niên. Đại diện Ban Chủ nhiệm Khoa CNTT tặng quà sinh nhật Đội TNTN. Đại diện Ban Chủ nhiệm Khoa, Đoàn Thanh niên và Đội TNTN cắt bánh sinh nhật. Nguyễn Hữu Nhật – Đội trưởng Đội TNTN thay mặt toàn Đội cam kết: “Đội TNTN Khoa CNTT hứa sẽ tiếp tục cống hiến hết mình cho Nhà trường và xã hội; luôn là những người trẻ FIT-HaUI không ngại khó, ngại khổ; sẵn sàng tham gia mọi hoạt động có ích cho xã hội, cho cộng đồng”. Những cái bắt tay, cái ôm ấm áp của các thành viên, cựu thành viên cho thấy: Đội TNTN Khoa CNTT HaUI luôn là một đại gia đình. Những trái tim nhiệt huyết cùng tinh thần đoàn kết của tuổi trẻ tình nguyện sẽ luôn sát cánh cùng thầy cô trong mọi hoạt động Nhà trường và xã hội. Dù ở đâu, làm gì, tuổi trẻ FIT-HaUI vẫn luôn là những người trẻ năng động nhiệt huyết và thành công! Thứ Sáu, 10:37 06/12/2024 Tags:\\nnext_contents:\\n- Chúc mừng Hành trình 16 thanh xuân tuổi trẻ Đội Thanh niên tình nguyện Với tinh thần “Đâu cần thanh niên có, việc gì khó có thanh niên”, màu áo xanh tình nguyện đã trở thành hình ảnh quen thuộc thể hiện vai trò xung kích và cống hiến của tuổi trẻ Khoa Công nghệ thông tin Trường Đại học Công Nghiệp Hà Nội cho cộng đồng, xã hội. Từ những ngày đầu non trẻ, giờ đây – sau 16 năm, Đội Thanh niên tình nguyện Khoa CNTT - HaUI ngày càng lớn mạnh, kết nối hàng trăm gương mặt ưu tú, nhiệt huyết, năng động, là “cánh tay đắc lực” của Đoàn Thanh niên. Tối 30/11 vừa qua, tất cả nam thanh, nữ tú từng khoác lên mình màu áo xanh tình nguyện đã tụ hội, cùng nâng ly chúc mừng sinh nhật 16 tuổi của Đội Thanh niên tình nguyện. Đội Thanh niên tình nguyên thuộc Ban chấp hành Liên chi Đoàn Khoa CNTT, được ra đời cùng gần với quá trình xây dựng và phát triển Khoa CNTT HaUI. Có thể nói, Đội TNTN là một gia đình nhỏ trong gia đình lớn Khoa CNTT HaUI, là mái nhà chung của của các bạn sinh viên yêu thích các hoạt động tình nguyện, tham gia các hoạt động công ích cho xã hội. Tại đây, các bạn trẻ đã “kề vai sát cánh” trong nhiều hoạt động ý nghĩa của Nhà trường và xã hội như: Tết ấm yêu thương, tình nguyện vì cộng đồng, đại lễ Vu lan, Phát cháo từ thiên, Tri ân thầy cô 20/11, hỗ trợ nhập học, hỗ trợ chào tân SV, hỗ trợ Lễ tốt nghiệp trao bằng…Mỗi dịp sinh nhật, Đội TNTN lại cùng nhau ôn lại những kỷ niệm đã cùng nhau trải qua, những thành tích đã đạt được cũng như những điều cần rút kinh nghiệm. Các thế hệ TNTN Khoa CNTT HaUI tề tựu mừng sinh nhật 16 tuổi của Đội TNTN. Thay mặt Ban chủ nhiệm Khoa, TS. Đặng Trọng Hợp – Trưởng khoa CNTT HaUI gửi lời chúc mừng sinh nhật Đội “Tấm lòng sáng, tinh thần nhiệt huyết, sống vì cộng đồng của các em đã giúp Đội TNTN lớn mạnh như ngày hôm nay. Các em chính là một trong những lực lượng nòng cốt, luôn sát cánh cùng Khoa, Nhà trường trong mọi hoạt động. Chúc cho tất cả những sinh viên đã và đang khoác trên mình chiếc áo xanh tình nguyện Khoa CNTT HaUI luôn giữ\\n']","['<1-hop>\\n\\nHành trình 16 thanh xuân tuổi trẻ Đội Thanh niên tình nguyện Với tinh thần “Đâu cần thanh niên có, việc gì khó có thanh niên”, màu áo xanh tình nguyện đã trở thành hình ảnh quen thuộc thể hiện vai trò xung kích và cống hiến của tuổi trẻ Khoa Công nghệ thông tin Trường Đại học Công Nghiệp Hà Nội cho cộng đồng, xã hội. Từ những ngày đầu non trẻ, giờ đây – sau 16 năm, Đội Thanh niên tình nguyện Khoa CNTT - HaUI ngày càng lớn mạnh, kết nối hàng trăm gương mặt ưu tú, nhiệt huyết, năng động, là “cánh tay đắc lực” của Đoàn Thanh niên. Tối 30/11 vừa qua, tất cả nam thanh, nữ tú từng khoác lên mình màu áo xanh tình nguyện đã tụ hội, cùng nâng ly chúc mừng sinh nhật 16 tuổi của Đội Thanh niên tình nguyện. Đội Thanh niên tình nguyên thuộc Ban chấp hành Liên chi Đoàn Khoa CNTT, được ra đời cùng gần với quá trình xây dựng và phát triển Khoa CNTT HaUI. Có thể nói, Đội TNTN là một gia đình nhỏ trong gia đình lớn Khoa CNTT HaUI, là mái nhà chung của của các bạn sinh viên yêu thích các hoạt động tình nguyện, tham gia các hoạt động công ích cho xã hội. Tại đây, các bạn trẻ đã “kề vai sát cánh” trong nhiều hoạt động ý nghĩa của Nhà trường và xã hội như: Tết ấm yêu thương, tình nguyện vì cộng đồng, đại lễ Vu lan, Phát cháo từ thiên, Tri ân thầy cô 20/11, hỗ trợ nhập học, hỗ trợ chào tân SV, hỗ trợ Lễ tốt nghiệp trao bằng…Mỗi dịp sinh nhật, Đội TNTN lại cùng nhau ôn lại những kỷ niệm đã cùng nhau trải qua, những thành tích đã đạt được cũng như những điều cần rút kinh nghiệm. Các thế hệ TNTN Khoa CNTT HaUI tề tựu mừng sinh nhật 16 tuổi của Đội TNTN. Thay mặt Ban chủ nhiệm Khoa, TS. Đặng Trọng Hợp – Trưởng khoa CNTT HaUI gửi lời chúc mừng sinh nhật Đội “Tấm lòng sáng, tinh thần nhiệt huyết, sống vì cộng đồng của các em đã giúp Đội TNTN lớn mạnh như ngày hôm nay. Các em chính là một trong những lực lượng nòng cốt, luôn sát cánh cùng Khoa, Nhà trường trong mọi hoạt động. Chúc cho tất cả những sinh viên đã và đang khoác trên mình chiếc áo xanh tình nguyện Khoa CNTT HaUI luôn giữ được nhiệt huyết của tuổi trẻ; hoàn thành tốt nhiệm vụ học tập, làm việc; duy trì và lan tỏa các công việc từ thiện, vì cộng đồng”.. TS. Đặng Trọng Hợp chúc mừng sự lớn mạnh của Đội TNTN – “cánh tay đắc lực” của Đoàn Thanh niên. Đại diện Ban Chủ nhiệm Khoa CNTT tặng quà sinh nhật Đội TNTN. Đại diện Ban Chủ nhiệm Khoa, Đoàn Thanh niên và Đội TNTN cắt bánh sinh nhật. Nguyễn Hữu Nhật – Đội trưởng Đội TNTN thay mặt toàn Đội cam kết: “Đội TNTN Khoa CNTT hứa sẽ tiếp tục cống hiến hết mình cho Nhà trường và xã hội; luôn là những người trẻ FIT-HaUI không ngại khó, ngại khổ; sẵn sàng tham gia mọi hoạt động có ích cho xã hội, cho cộng đồng”. Những cái bắt tay, cái ôm ấm áp của các thành viên, cựu thành viên cho thấy: Đội TNTN Khoa CNTT HaUI luôn là một đại gia đình. Những trái tim nhiệt huyết cùng tinh thần đoàn kết của tuổi trẻ tình nguyện sẽ luôn sát cánh cùng thầy cô trong mọi hoạt động Nhà trường và xã hội. Dù ở đâu, làm gì, tuổi trẻ FIT-HaUI vẫn luôn là những người trẻ năng động nhiệt huyết và thành công! Thứ Sáu, 10:37 06/12/2024 Tags:', '<2-hop>\\n\\nSôi động chương trình Chào tân sinh viên Khóa 19 Khoa Công nghệ thông tin Trong không khí của mùa tựu trường, ngày 13/10/2024, sự kiện Chào tân sinh viên Khóa 19 Khoa Công nghệ thông tin “Programing your future” đã chính thức diễn ra với dư âm và cảm xúc còn mãi trong trái tim tân sinh viên K19 tại Hà Nam. Sự kiện không chỉ là dịp để chào đón các tân sinh viên mà còn là cơ hội để các bạn khám phá một thế giới hoàn toàn mới với những trải nghiệm thú vị, mở ra một môi trường đại học năng động, đa màu sắc cho các bạn tân sinh viên. Những kỷ niệm đẹp tại đây sẽ mãi là hành trang quý giá trong suốt hành trình học tập, trải nghiệm – một thanh xuân rực rỡ mà chắc hẳn các bạn sinh viên ai cũng mong muốn được trải qua. Phát biểu khai mạc chương trình, TS. Đặng Trọng Hợp Trưởng khoa CNTT đã có bài phát biểu giới thiệu về Khoa Công nghệ thông tin Trường Đại học Công nghiệp Hà Nội và chia sẻ động viên tinh thần học tập, nghiên cứu khoa học, hoạt động ngoại khóa cho tân sinh viên. TS. Đặng Trọng Hợp – Trưởng Khoa CNTT phát biểu Trong kỳ tuyển sinh năm 2024 vừa qua, Khoa Công nghệ thông tin vui mừng chào đón hơn gần 1000 tân sinh viên ra nhập ngôi nhà chung Khoa CNTT Trường Đại học Công Nghiệp Hà Nội. Trong số đó, có 06 Thủ khoa, 06 Á khóa của các ngành với số điểm cao hơn so với các năm trước. Kết quả này cho thấy Khoa đã thu hút được số lượng lớn tân sinh viên ưu tú, có tư duy logic tốt, chất lượng đầu vào được đảm bảo. Chắc hẳn sau 04 năm học, Khoa Công nghệ thông tin sẽ đào tạo ra những cử nhân có chất lượng cao đáp ứng nguồn nhân lực cho các doanh nghiệp trong và ngoài nước. TS. Đặng Trọng Hợp – Trưởng khoa CNTT và Đại diện Công ty FPT Software trao tặng khen thưởng các tân thủ khoa 06 ngành đại học K19 TS. Phạm Văn Hà – Phó Trưởng khoa CNTT và Đại diện Công ty ITPlus trao tặng khen thưởng các tân Á khoa 06 ngành đại học K19 Đại diện Công ty FPT Software chia sẻ các kỹ năng và vị trí công việc ngành CNTT Đại diện Công ty IT Plus giới thiệu về công ty và các xu hướng, cơ hội việc làm ngành CNTT Trong thế giới hiện đại đầy biến động, khi trí tuệ nhân tạo (AI) đang thay đổi sâu sắc mọi lĩnh vực, chúng ta không chỉ đang đứng trước ngã rẽ của khoa học và công nghệ, mà còn ở thời điểm vàng để suy ngẫm về trách nhiệm của mỗi cá nhân đối với tương lai. Nếu ví quá trình phát triển AI như một hành trình vươn tới tương lai số hóa, thì sinh viên Khoa công nghệ thông tin trường Đại học Công nghiệp Hà Nội chính là những người cầm ngọn đuốc, dẫn đường và khai mở những cơ hội mới mẻ cho xã hội.']","### Phát biểu của TS. Đặng Trọng Hợp trong các sự kiện

1. **Sự kiện Chào tân sinh viên Khóa 19**:
   - Trong sự kiện này, TS. Đặng Trọng Hợp, Trưởng khoa Công nghệ Thông tin, đã chúc mừng các tân sinh viên và nhấn mạnh tầm quan trọng của việc học tập và rèn luyện trong môi trường đại học. Ông khuyến khích sinh viên hãy nỗ lực hết mình để đạt được thành công trong học tập và tham gia tích cực vào các hoạt động của khoa.
   - Ông cũng nhấn mạnh rằng việc vinh danh các tân sinh viên xuất sắc là một trong những điểm nhấn của chương trình, nhằm khích lệ tinh thần học tập và cống hiến của sinh viên.

   [Chào tân sinh viên HaUI 2024] - [**Link tham khảo**](https://www.haui.edu.vn/vn/su-kien/chao-tan-sinh-vien-haui-2024-bung-no-cam-xuc-cung-khat-vong-cua-tuoi-tre/65579).

2. **Buổi sinh nhật 16 tuổi của Đội Thanh niên tình nguyện Khoa CNTT**:
   - Tại buổi lễ kỷ niệm, TS. Đặng Trọng Hợp đã gửi lời chúc mừng đến Đội Thanh niên tình nguyện, nhấn mạnh vai trò quan trọng của đội trong việc kết nối sinh viên với các hoạt động cộng đồng và xã hội. Ông ghi nhận những đóng góp của đội trong suốt 16 năm qua và khuyến khích các thành viên tiếp tục phát huy tinh thần tình nguyện, cống hiến cho xã hội.
   - Ông cũng nhấn mạnh rằng Đội Thanh niên tình nguyện là một phần không thể thiếu trong sự phát triển của khoa, góp phần tạo nên hình ảnh tích cực của sinh viên Khoa CNTT.

   [Chúc mừng Hành trình 16 thanh xuân tuổi trẻ Đội Thanh niên tình nguyện] - [**Link tham khảo**](https://fit.haui.edu.vn/vn/tin-tuc/chuc-mung-hanh-trinh-16-thanh-xuan-tuoi-tre-doi-thanh-nien-tinh-nguyen/71181).

Nếu bạn cần thêm thông tin về các hoạt động khác của khoa hoặc trường, hãy cho tôi biết!","Trong sự kiện Chào tân sinh viên Khóa 19, TS. Đặng Trọng Hợp, Trưởng khoa CNTT, đã có bài phát biểu giới thiệu về Khoa Công nghệ thông tin Trường Đại học Công nghiệp Hà Nội và động viên tinh thần học tập, nghiên cứu khoa học, hoạt động ngoại khóa cho tân sinh viên. Ông cũng nhấn mạnh sự thu hút của Khoa đối với tân sinh viên ưu tú trong kỳ tuyển sinh năm 2024. Trong buổi sinh nhật 16 tuổi của Đội Thanh niên tình nguyện, TS. Đặng Trọng Hợp đã gửi lời chúc mừng và ghi nhận những cống hiến của các thành viên Đội TNTN, khẳng định họ là lực lượng nòng cốt trong các hoạt động của Khoa và Nhà trường.",0.9239575282934688,0.8666666666377778,0.8235294117647058,1.0,1.0505988597869873,12.683673858642578
Nhà trường đã hướng dẫn sinh viên tham gia tuần sinh hoạt công dân và thực hiện kế hoạch học tập như thế nào trong năm học 2024-2025?,"['content: Kế hoạch đăng ký khối lượng học tập DỰ KIẾN học kỳ 2 năm học 2024-2025 cho Sinh viên Đại học các khóa Căn cứ Phương án xây dựng Kế hoạch học tập và tổ chức cho sinh viên đăng ký học tập đã được Hiệu trưởng Nhà trường phê duyệt; Căn cứ tiến độ, kế hoạch đào tạo năm học; Nhà trường triển khai thông báo số: 217/TB-ĐHCN ngày 24/9/2024 về việc Kế hoạch đăng ký khối lượng học tập dự kiến học kỳ 2 năm học 2024-2025 cho Sinh viên Đại học các khóa. HƯỚNG DẪN SINH VIÊN ĐĂNG KÝ HỌC PHẦN DỰ KIẾN: Tải về tại đây. Thứ Tư, 15:17 25/09/2024 Tags:\\nnext_contents:\\n', 'content: Thông báo thành lập các lớp học phần trong học kỳ phụ 2 năm học 2023 – 2024 Căn cứ tiến độ, kế hoạch đào tạo năm học 2023-2024; Căn cứ kết quả đăng ký học tập học kỳ phụ 2 năm học 2023-2024 của sinh viên; Hiệu trưởng Nhà trường thông báo thành lập các lớp học phần cho sinh viên Đại học các khóa và phân công các đơn vị, cá nhân liên quan thực hiện một số công việc, cụ thể tại file đính kèm . thong-bao-thanh-lap-lop-hkp2-2023-2024-dai-hoc-05072024 Danh sách lớp được thành lập Thứ Hai, 13:58 22/07/2024 Tags:\\nnext_contents:\\n', 'content: tạo”. Sinh viên tham gia diễn đàn nghiên cứu khoa học về năng lượng tái tạo - Studen Forum 2023. Ảnh: NTCC. Năm 2024 Trường Đại học Công nghiệp Hà Nội xét tuyển vào chương trình Năng lượng tái tạo theo 5 phương thức: Phương thức 1: Xét tuyển thẳng theo quy định của Bộ Giáo dục và Đào tạo; Phương thức 2: Xét tuyển thí sinh đoạt giải học sinh giỏi cấp tỉnh/thành phố, thí sinh có chứng chỉ quốc tế; Phương thức 3: Xét tuyển dựa trên kết quả thi tốt nghiệp trung học phổ thông năm 2024; Phương thức 4: Xét tuyển dựa trên kết quả học tập ở bậc học trung học phổ thông; Phương thức 6: Xét tuyển dựa trên kết quả thi đánh giá tư duy năm 2024 do Đại học Bách khoa Hà Nội tổ chức. Sự phát triển của lĩnh vực năng lượng tái tạo trong thực tế mà các thông tin truyền thống đã nêu, Kế hoạch xây dựng tuyển sinh của nhà trường bài bản, hy vọng năm 2024, công tác tuyển sinh chương trình này đạt chỉ tiêu đề ra. Chỉ tiêu đối với chương trình đào tạo Năng lượng tái tạo năm nay là 50. Nguồn: Tạp chí Giáo dục Việt Nam Thứ Năm, 06:47 04/07/2024 Tags: Chương trình đào tạo Năng lượng tái tạo\\nnext_contents:\\n- học Công nghiệp Hà Nội xây dựng kế hoạch tuyển sinh và các hình thức tư vấn tuyển sinh đến người học. Xây dựng phát triển chương trình đào tạo theo nhu cầu xã hội. Đồng thời, thiết kế chương trình đào tạo theo hướng ứng dụng, sinh viên tốt nghiệp đáp ứng luôn được công việc, tăng cường cơ sở vật chất đặc biệt là các phòng thực hành cho ngành này. Mặt khác, đẩy mạnh truyền thông tới học sinh biết được cơ hội việc làm của ngành này sau khi tốt nghiệp. Đặc biệt, xây dựng mỗi quan hệ chặt chẽ với các doanh nghiệp, từ khâu xây dựng chương trình đào tạo, chuẩn đầu ra, tham quan, thực tập, tuyển dụng… để nâng cao chất lượng và khép kín quá trình đào tạo”. Để nâng cao hiệu quả đào tạo chương trình đào tạo Năng lượng tái tạo trong thời gian tới, Tiến sĩ Ninh Văn Nam đề cập một số kiến nghị: “Đầu tư thêm nhiều thiết bị hiện đại hơn để tiếp cận với công nghệ năng lượng tái tạo tiên tiến hiện nay, có thể thông qua hình thức xã hội hóa hoặc tài trợ từ doanh nghiệp. Gửi giảng viên, cán bộ giảng dạy chương trình đào tạo Năng lượng tái tạo sang các nước tiên tiến để tham gia khóa học ngắn hạn, nhằm học hỏi thêm kinh nghiệm vận hành chương trình, kinh nghiệm triển khai dự án thực tế. Bổ sung hệ thống học liệu về lĩnh vực năng lượng tái tạo tại thư viện phục vụ cho giảng viên, sinh viên học tập và nghiên cứu khoa học. Ngoài ra, các doanh nghiệp cần tham gia sâu hơn và các hoạt động chung của Khoa Điện, để thấy được vai trò chung sức trong đào tạo nhân lực cho chương trình đào tạo Năng lượng tái tạo”. Sinh viên tham gia diễn đàn nghiên cứu khoa học về năng lượng tái tạo - Studen Forum 2023. Ảnh: NTCC. Năm 2024 Trường Đại học Công nghiệp Hà Nội xét tuyển vào chương trình Năng lượng tái tạo theo 5 phương thức: Phương thức 1: Xét tuyển thẳng theo quy định của Bộ Giáo dục và Đào tạo; Phương thức 2: Xét tuyển thí sinh đoạt giải học sinh giỏi cấp tỉnh/thành phố, thí sinh có chứng chỉ quốc tế; Phương thức 3: Xét tuyển dựa trên kết quả thi tốt nghiệp trung học phổ thông năm 2024; Phương thức\\n', 'content: từ năm 2023 thu hút sự quan tâm của đông đảo thí sinh thì năm nay đã được tăng chỉ tiêu tuyển sinh. Số chỉ tiêu được tăng thêm cũng góp phần đáp ứng nhu cầu của người học ở một số ngành mới như: Sản xuất thông minh, Năng lượng tái tạo, Điện tử y sinh và An toàn thông tin. Trong đó, An toàn thông tin là ngành học phù hợp với xu hướng chuyển đổi số quốc gia. Học phí bình quân các ngành/chương trình đào tạo tuyển sinh trong năm học 2024-2025 là 24,6 triệu đồng/năm học. Học phí thực tế trong từng học kỳ phụ thuộc số tín chỉ sinh viên đăng ký học trong học kỳ, đơn giá học phí năm học 2024-2025 là 500.000 đồng/tín chỉ. Học phí các năm học tiếp theo tăng bình quân không quá 10%/năm học. Nguồn: Báo Giáo dục & Thời đại Thứ Sáu, 09:56 19/07/2024 Tags:\\nnext_contents:\\n- thuật cơ khí động lực A00, A01 ≥19.00 45 7540101 Công nghệ thực phẩm A00, B00, D07 ≥18.00 46 7540203 Công nghệ vật liệu dệt, may A00, A01, D01 ≥18.00 47 7540204 Công nghệ dệt, may A00, A01, D01 ≥18.00 48 7720203 Hóa dược A00, B00, D07 ≥19.00 49 7810101 Du lịch D01, D14, D15 ≥19.00 50 7810103 Quản trị dịch vụ du lịch và lữ hành A01, D01, D14 ≥19.00 51 7810201 Quản trị khách sạn A01, D01, D14 ≥19.00 52 7810202 Quản trị nhà hàng và dịch vụ ăn uống A01, D01, D14 ≥18.00 Thí sinh có điểm đủ mức điểm điều kiện đăng ký xét tuyển, đăng ký nguyện vọng xét tuyển trên hệ thống tuyển sinh của Bộ GD&ĐT từ ngày 18/7 đến 17h ngày 30/7. Địa chỉ đăng ký: https://thisinh.thithptquocgia.edu.vn. TS Thân Thanh Sơn - Trưởng Phòng Đào tạo, Trường ĐH Công nghiệp Hà Nội cho biết, năm nay nhà trường tuyển sinh 7.650 chỉ tiêu, tăng 150 em so với năm ngoái. TS Thân Thanh Sơn - Trưởng Phòng Đào tạo, Trường ĐH Công nghiệp Hà Nội tư vấn cho thí sinh lớp 12 năm 2024. Ảnh: Đình Tuệ. Trường áp dụng 6 phương thức xét tuyển gồm: Xét tuyển thẳng, xét thí sinh đoạt giải học sinh giỏi cấp tỉnh/thành phố, thí sinh có chứng chỉ quốc tế (8% tổng chỉ tiêu); xét kết quả thi tốt nghiệp THPT 2024 (khoảng 65%); xét học bạ THPT (dự kiến 15%); xét kết quả thi đánh giá năng lực 2024 của ĐHQG Hà Nội (6%); xét kết quả thi đánh giá tư duy 2024 của ĐH Bách khoa Hà Nội (6%). Thầy Sơn nhấn mạnh, công tác tuyển sinh của trường năm 2024 cơ bản giữ ổn định như năm ngoái để tạo thuận lợi nhất cho thí sinh. Với một số ngành được mở mới từ năm 2023 thu hút sự quan tâm của đông đảo thí sinh thì năm nay đã được tăng chỉ tiêu tuyển sinh. Số chỉ tiêu được tăng thêm cũng góp phần đáp ứng nhu cầu của người học ở một số ngành mới như: Sản xuất thông minh, Năng lượng tái tạo, Điện tử y sinh và An toàn thông tin. Trong đó, An toàn thông tin là ngành học phù hợp với xu hướng chuyển đổi số quốc gia. Học phí bình quân các ngành/chương trình đào tạo tuyển sinh trong năm học 2024-2025 là 24,6 triệu đồng/năm học. Học phí thực tế trong từng\\n', 'content: công bố phương án tuyển sinh đại học chính quy năm 2025 với các tổ hợp mới. Đáng chú ý, tổ hợp Toán, Tiếng Anh, Tin học đã xuất hiện trong danh mục xét tuyển. Cụ thể, nhà trường công bố 4 tổ hợp môn xét tuyển, trong đó, có 1 tổ hợp có sự xuất hiện của môn Tin học là: Toán - Tiếng Anh - Tin học. Phương án tuyển sinh năm 2025 được nhà trường xây dựng nhằm chọn lọc những thí sinh giỏi, đảm bảo chất lượng đầu vào phù hợp với yêu cầu đào tạo của trường và đáp ứng nhu cầu khắt khe của thị trường lao động. Nhà trường sẽ công bố đề án tuyển sinh năm 2025 chi tiết trước tháng 2/2025. Trường hợp Bộ Giáo dục và Đào tạo ban hành quy chế tuyển sinh mới, trường sẽ cập nhật điều chỉnh lại phương án tuyển sinh đúng theo các quy định. Theo đề án tuyển sinh năm 2024, mức học phí của Trường Đại học Kinh tế - Luật (Đại học Quốc gia Thành phố Hồ Chí Minh) trong năm học 2024-2025 được xác định là 11,8 triệu đồng/học kỳ (tương đương 23,6 triệu đồng/năm học). Mức học phí dự kiến tăng không quá 10% mỗi năm tiếp theo. Trường Đại học Nha Trang Theo danh mục ngành và phương thức xét tuyển năm 2025, Trường Đại học Nha Trang dự kiến bổ sung tổ hợp xét tuyển gồm môn Toán, Ngữ văn, Tin học (trong đó môn Toán được nhân hệ số 2) đối với các ngành như: Công nghệ thông tin, Hệ thống thông tin quản lý, Quản trị kinh doanh, Marketing, Kinh doanh thương mại, Tài chính - Ngân hàng, Khoa học máy tính, Kế toán, Kiểm toán. Đặc biệt, đối với mỗi ngành và chuyên ngành đào tạo của trường, sẽ dự kiến sơ tuyển một số môn học ở trung học phổ thông theo quy định của trường. Kết quả học các môn này cần đạt yêu cầu tối thiểu do trường công bố hằng năm. Cụ thể: Nếu thí sinh không học các môn cần thiết ở bậc trung học phổ thông đối với ngành xét tuyển, Trường Đại học Nha Trang sẽ căn cứ vào kết quả học tập tại cấp trung học phổ thông và tiến hành đánh giá năng lực của thí sinh ở các môn học khác có thể thay thế. Ngoài ra, trường sẽ cung cấp các khóa bổ trợ kiến thức trong học kỳ đầu tiên của khóa học để bù đắp những\\nnext_contents:\\n- nghệ giúp học sinh hình thành các năng lực như: nhận thức, giao tiếp, ứng dụng, đánh giá công nghệ, thiết kế kỹ thuật,… Như vậy, môn Tin học và Công nghệ cùng với các môn Toán, Vật lý, Hoá học, Sinh học,… đóng vai trò quan trọng trong việc thúc đẩy giáo dục STEM, việc đưa các môn này vào tổ hợp xét tuyển là phù hợp với yêu cầu của một số lĩnh vực đào tạo chính của nhà trường như Công nghệ, Kỹ thuật, Máy tính và Công nghệ thông tin"", thầy Sơn cho hay. Trường Đại học Công thương Thành phố Hồ Chí Minh Dựa trên dữ liệu xét tuyển năm 2025, Trường Đại học Công thương Thành phố Hồ Chí Minh cung cấp đa dạng các tổ hợp môn để đáp ứng nhu cầu của thí sinh. Một số môn học chính thường xuyên xuất hiện trong các tổ hợp xét tuyển như môn Toán; được xem là môn học chính trong các ngành như Công nghệ thông tin, Kế toán, Tài chính ngân hàng và các ngành kỹ thuật. Trong mùa tuyển sinh năm 2025, Trường Đại học Công thương Thành phố Hồ Chí Minh lần đầu tiên đưa tổ hợp Toán học, Tiếng Anh, Tin học vào xét tuyển. Tổ hợp này dự kiến được áp dụng cho các ngành như Công nghệ thông tin, An toàn thông tin và Khoa học dữ liệu. Theo đề án tuyển sinh năm 2024, học phí hệ đại học chính quy năm học 2024-2025 được xác định là 836.000 đồng/tín chỉ lý thuyết và 1.100.000 đồng/tín chỉ thực hành. Lộ trình học phí hằng năm của trường tuân theo quy định của Chính phủ. Trường Đại học Kinh tế - Luật (Đại học Quốc gia Thành phố Hồ Chí Minh) Trường Đại học Kinh tế - Luật (Đại học Quốc gia Thành phố Hồ Chí Minh) cũng công bố phương án tuyển sinh đại học chính quy năm 2025 với các tổ hợp mới. Đáng chú ý, tổ hợp Toán, Tiếng Anh, Tin học đã xuất hiện trong danh mục xét tuyển. Cụ thể, nhà trường công bố 4 tổ hợp môn xét tuyển, trong đó, có 1 tổ hợp có sự xuất hiện của môn Tin học là: Toán - Tiếng Anh - Tin học. Phương án tuyển sinh năm 2025 được nhà trường xây dựng nhằm chọn lọc những thí sinh giỏi, đảm bảo chất lượng đầu vào phù hợp với yêu cầu đào tạo của trường và đáp ứng nhu cầu khắt khe của thị trường lao\\n']","['<1-hop>\\n\\nHướng dẫn nhập học Online BƯỚC 1: NHẬP HỌC TRỰC TUYẾN Thí sinh mở tài khoản ngân hàng BIDV(hướng dẫn tại đây) hoặc ví điện tử Viettel Money ( Đăng ký tại đây ) và nộp tiền vào tài khoản theo số tiền phải nộp trong Giấy báo nhập học (Nhà trường liên kết với BIDV và Viettel Money để thực hiện dịch vụ thu hộ học phí và trung gian thanh toán (miễn phí) ). Để có thể xác nhận nhập học trực tuyến thí sinh cần mở tài khoản BIDVhoặcViettel Money (Nhà trường khuyến khích thí sinh mở tài khoản của cả hai đơn vị cung cấp dịch vụ để đa dạng hóa phương thức và thuận tiện trong quá trình thực hiện thanh toán). Lưu ý: Sinh viên khi làm thủ tục nhập học và trong suốt quá trình học nên sử dụng duy nhất 01 số điện thoại cá nhân để thuận tiện cho việc làm thủ tục nhập học, thanh toán học phí hoặc nhận chi trả các khoản như: chế độ chính sách, học bổng, chi phí khác.... Anh/Chị có thể nhập học trực tuyến theo 03 cách sau: Cách 1: Tải và cài đặt ứng dụng “MyHaUI” trên Apple Store, CH Play Cách 2: Truy cập cổng thông tin nhập học trực tuyến https://nhaphoc.haui.edu.vn của Nhà trường Cách 3: Nộp tiền thông qua ứng dụng BIDV hoặc Viettel Money. Tải ứng dụng BIDV hoặc Viettel Money và làm theo hướng dẫn trên ứng dụng (Chi tiết tham khảo tại Website: https://nhaphoc.haui.edu.vn tại mục Mở tài khoản BIDV hoặc các điểm giao dịch của: BIDV– hotline: ; Viettel Money – hotline: 0965.778.999, 0979.928.068, 0987.538.788 * Cổng thanh toán: Hiện tại Nhà trường liên kết với BIDV và Viettel Money để thực hiện dịch vụ thu hộ học phí và trung gian thanh toán (miễn phí) . Để thực hiện nhập học trực tuyến sinh viên cần mở tài khoản BIDV hoặc Viettel Money (Nhà trường khuyến khích sinh viên mở tài khoản của cả hai đơn vị cung cấp dịch vụ để đa dạng hóa phương thức và thuận tiện trong quá trình thực hiện thanh toán). ** Anh/Chị có nguyện vọng ở Ký túc xá (KTX) tham khảo thông tin tại Website http://ssc.haui.edu.vn (Mọi thắc mắc liên quan đến nộp tiền nhập học, các khoản thu xin liên hệ số Hotline 0988.156.363, 0983.668.171 ) BƯỚC 2: KIỂM TRA VÀ CẬP NHẬP HỒ SƠ SINH VIÊN 1. Đăng nhập hệ thống: Truy cập ứng dụng MyHaUI hoặc cổng thông tin sinh viên theo địa chỉ: https://sv.haui.edu.vn và sử dụng tài khoản theo thông tin được cấp. 2. Kiểm tra và cập nhật thông tin sinh viên: Vào phần “Thông tin cá nhân” , mục “Cập nhật thông tin sinh viên” . Tại màn hình này, sinh viên thực hiện cập nhật đầy đủ, chính xác các thông tin: “Thông tin cá nhân” , “Thông tin gia đình” , “Thông tin liên hệ” * Một số chức năng cơ bản của Hệ thống đại học điện tử: - Nhận các thông báo từ Nhà trường liên quan đến các hoạt động: Học tập, khảo thí, chế độ chính sách, học bổng, khen thưởng, kế hoạch thực tập – việc làm… - Thực hiện các hoạt động: Cập nhật hồ sơ cá nhân, đăng ký các dịch vụ hành chính một cửa, nộp học phí, đăng ký học phần, đăng ký thực tập…. - Tham gia Cộng đồng HaUI: Trao đổi với Nhà trường, đội ngũ Cố vấn, sinh viên khác... * Lưu ý: Trường hợp cần cấp lại mật khẩu, tài khoản hệ thống đại học điện tử, sinh viên liên hệ Thầy Lê Thanh Đức (SĐT: 0968 981 994)', '<2-hop>\\n\\nBƯỚC 3.2: THAM GIA TUẦN SINH HOẠT CÔNG DÂN VÀ THỰC HIỆN KẾ HOẠCH HỌC TẬP HỌC KỲ I NĂM HỌC 2024-2025 Thực hiện kế hoạch học tập năm học 2024-2025 được đăng tải trên ứng dụng MyHaUI hoặc cổng thông tin sinh viên https://sv.haui.edu.vn của Nhà trường. Thứ Tư, 15:27 04/09/2024 Tags:']","Trong năm học 2024-2025, Trường Đại học Công nghiệp Hà Nội đã có những hoạt động và kế hoạch cụ thể để hướng dẫn sinh viên tham gia vào các hoạt động khóa, đoàn hội cũng như thực hiện kế hoạch học tập. Dưới đây là một số thông tin chi tiết:

### 1. Tuần sinh hoạt công dân
- **Thời gian**: Tuần sinh hoạt công dân thường được tổ chức ngay sau khi sinh viên hoàn tất thủ tục nhập học.
- **Nội dung**: 
  - Giúp sinh viên nâng cao nhận thức về chủ trương, đường lối của Đảng, chính sách pháp luật của Nhà nước.
  - Cung cấp thông tin về tình hình kinh tế, chính trị, xã hội của đất nước và thế giới.
  - Giới thiệu về quy chế công tác sinh viên, chương trình đào tạo và nhiệm vụ năm học.
  - Tổ chức các hoạt động ngoại khóa, giao lưu văn hóa, thể thao.

### 2. Kế hoạch học tập
- **Đăng ký học tập**: Sinh viên được hướng dẫn cụ thể về việc đăng ký khối lượng học tập cho học kỳ 2 năm học 2024-2025.
- **Thông báo**: Nhà trường đã phát hành thông báo về kế hoạch đăng ký khối lượng học tập, giúp sinh viên nắm rõ thời gian và quy trình thực hiện.

### 3. Các hoạt động đoàn hội
- **Công tác Đoàn - Hội**: 
  - Tổ chức các hoạt động phong trào, văn hóa, thể thao nhằm tạo sân chơi bổ ích cho sinh viên.
  - Khuyến khích sinh viên tham gia các hoạt động tình nguyện, hỗ trợ cộng đồng.
  - Tổ chức các buổi hội thảo, tọa đàm về kỹ năng mềm, nghề nghiệp cho sinh viên.

### 4. Tham gia các hoạt động ngoại khóa
- Sinh viên được khuyến khích tham gia các hoạt động ngoại khóa, giúp phát triển kỹ năng cá nhân và tạo dựng mối quan hệ xã hội.

Để biết thêm thông tin chi tiết về các hoạt động và kế hoạch cụ thể, bạn có thể tham khảo tài liệu từ trường hoặc trang web chính thức của Trường Đại học Công nghiệp Hà Nội.

Nguồn tham khảo:
- [Kế hoạch đăng ký khối lượng học tập dự kiến học kỳ 2 năm học 2024-2025 cho Sinh viên Đại học các khoa](https://www.haui.edu.vn/vn/ke-hoach/ke-hoach-dang-ky-khoi-luong-hoc-tap-du-kien-hoc-ky-2-nam-hoc-2024-2025-cho-sinh-vien-dai-hoc-cac-khoa) - [**Link tham khảo**](https://www.haui.edu.vn/vn/ke-hoach/ke-hoach-dang-ky-khoi-luong-hoc-tap-du-kien-hoc-ky-2-nam-hoc-2024-2025-cho-sinh-vien-dai-hoc-cac-khoa). 

Nếu bạn có thêm câu hỏi nào khác liên quan đến hoạt động của trường hoặc khoa Công nghệ thông tin, hãy cho tôi biết!",Nhà trường đã hướng dẫn sinh viên tham gia tuần sinh hoạt công dân và thực hiện kế hoạch học tập học kỳ I năm học 2024-2025 thông qua việc đăng tải kế hoạch học tập trên ứng dụng MyHaUI hoặc cổng thông tin sinh viên tại địa chỉ https://sv.haui.edu.vn.,0.8786253910331704,0.0,0.6,1.0,1.1247022151947021,13.868311882019043
"Tại sao Tọa đàm về số hóa trong lĩnh vực công nghiệp lại có sự tham gia của Trưởng khoa Công nghệ thông tin, Đại học Công nghiệp Hà Nội, và những nội dung nào sẽ được thảo luận tại sự kiện này?","['content: PGS.TS.Trần Đức Quý tham dự Tọa đàm “Đào tạo nhân lực chất lượng cao bắt kịp xu thế CMCN 4.0” Sáng ngày 22/6/2018, Báo Công Thương tổ chức Tọa đàm “Đào tạo nhân lực chất lượng cao bắt kịp xu thế CMCN 4.0”. PGS.TS.Trần Đức Quý – Hiệu trưởng Trường Đại học Công nghiệp Hà Nội (ĐHCNHN) tham dự và chia sẻ về đào tạo nhân lực chất lượng cao trong thời kỳ CMCN 4.0 Tham dự tọa đàm, có ông Nguyễn Văn Thảo – Phó Vụ trưởng Vụ Tổ chức Cán bộ, Bộ Công Thương ; PGS.TS. Trần Đức Quý – Hiệu trưởng Trường Đại học Công nghiệp Hà Nội; TS. Trương Nam Hưng – Phó Hiệu trưởng trường Đại học Điện lực. Tại buổi tọa đàm, PGS.TS.Trần Đức Quý – Hiệu trưởng ĐHCNHN đã dành thời gian trả lời các câu hỏi cũng như chia sẻ về đào tạo nhân lực chất lượng cao; hợp tác với doanh nghiệp và tuyển sinh năm học 2018 – 2019. Trích nội dung buổi tọa đàm: Dẫn chương trình (DCT): Thưa PGS.TS.Trần Đức Quý, Đại học Công nghiệp Hà Nội là trường thuộc top đầu của ngành Công Thương trong việc đào tạo nguồn nhân lực. Vậy trong thời gian qua, Đại học Công nghiệp Hà Nội đã có những đột phá nào về đào tạo nguồn nhân lực để bắt kịp xu thế CMCN 4.0 ? PGS.TS.Trần Đức Quý: Chúng tôi cho rằng, để bắt kịp xu thế CMCN 4.0, trước hết, cán bộ quản lý, giảng viên trường đại học phải hiểu được CMCN 4.0 đang ảnh hưởng như thế nào đến đời sống xã hội và giáo dục đại học. CMCN 4.0 tác động lớn đến thị trường lao động: Khi tự động hóa thay thế con người trong toàn bộ nền kinh tế thì người lao động, đặc biệt là lao động kỹ năng thấp và trung bình, sẽ bị dư thừa nếu không thích ứng nhanh với sự thay đổi của sản xuất. Điều này tạo nên sự phân hóa thị trường lao động theo hai nhóm: Nhóm kỹ năng thấp, được trả lương thấp và nhóm kỹ năng cao, được trả lương cao. Giáo dục đại học phải đáp ứng sự gia tăng nhu cầu lao động có hàm lượng chất xám cao để tạo ra giá trị thặng dư lớn. Chính vì thế, ĐHCNHN đã triển khai một số giải pháp: Một là thường xuyên rà soát và cập nhật, phát triển đào tạo theo yêu cầu mới, đáp ứng nhu cầu của doanh nghiệp,\\nnext_contents:\\n', 'content: Hội thảo Công nghệ phần mềm và Khoa học dữ liệu Thứ Tư, 13:51 29/06/2022 1267 Sáng ngày 29/6, Đại học Công nghiệp Hà Nội tổ chức Hội thảo Công nghệ phần mềm và Khoa học dữ liệu. Gần 20 nội dung được chọn để chia sẻ tại 4 tiểu ban, mang đến nhiều kiến thức chuyên môn về lĩnh vực Công nghệ phần mềm và Khoa học dữ liệu. Hội thảo Công nghệ phần mềm và Khoa học dữ liệu Phát biểu khai mạc, TS. Đặng Trọng Hợp - Trưởng khoa CNTT nhấn mạnh: Hội thảo Công nghệ phần mềm và Khoa học dữ liệu là diễn đàn để các thầy cô và nhà khoa học thảo luận về các lĩnh vực mới, tiên tiến của CNTT và ứng dụng trong hoạt động dạy học, nghiên cứu khoa học tại Đại học Công nghiệp Hà Nội. TS.Đặng Trọng Hợp - Trưởng khoa Công nghệ thông tin Chia sẻ kinh nghiệm viết bài báo khoa học bằng tiếng Anh, PGS.TS.Nguyễn Quang Uy đến từ Học viện Kỹ thuật Quân sự thông tin: Các nhà nghiên cứu trước khi gửi bài viết đăng tạp chí thì cần xác định các câu hỏi: Tác giả muốn bài báo đạt được điều gì? Vấn đề khoa học mà tác giả truyền tải là gì? Tại sao người khác quan tâm và người quan tâm là ai, trình độ kiến thức họ thế nào…. PGS.TS.Nguyễn Quang Uy - Học viện Kỹ thuật Quân sự chia sẻ về kinh nghiệm viết bài báo khoa học bằng Tiếng Anh Ths.Trần Thanh Hùng chia sẻ về chủ đề “Xây dựng ứng dụng hỗ trợ an toàn trong lái xe bằng công nghệ AI” Tại các ban chuyên đề của Hội thảo, các tác giả đã trình bày những nội dung như: Xây dựng và huấn luyện mô hình hồi quy áp dụng cho chiến dịch tiếp thị - sử dụng ngôn ngữ lập trình python và google colaboratory; Lập trình âm thanh cơ bản với ngôn ngữ ChucK; Sử dụng Material Design in Xaml Toolkit trong thiết kế GUI của ứng dụng WPF; Tìm hiểu công cụ File Server Resource Manager của Windows Server 2019… Hội thảo là diễn đàn chia sẻ, trao đổi kiến thức chuyên môn cho cán bộ, giảng viên ngành CNTT Hội thảo Công nghệ phần mềm và Khoa học dữ liệu diễn ra thành công tốt đẹp, là diễn đàn để cán bộ, giảng viên lĩnh vực CNTT có cơ hội giao lưu, chia sẻ và trao đổi kinh nghiệm Thứ Tư,\\nnext_contents:\\n', 'content: Hội thảo khoa học ""Công nghệ phần mềm & Khoa học dữ liệu"" năm 2022 Trong ngày 29/06/2022, Hội thảo khoa học với chủ đề ""Công nghệ phần mềm & Khoa học dữ liệu"" do Khoa Công nghệ thông tin Trường Đại học Công nghiệp Hà Nội tổ chức đã thu hút sự tham gia của hơn 40 nhà khoa học, giảng viên đang công tác tại các đơn vị liên quan đến lĩnh vực CNTT trong trường. Phát biểu khai mạc, TS. Đặng Trọng Hợp – Trưởng khoa CNTT nhấn mạnh: Hội thảo khoa học Khoa CNTT diễn ra hàng năm, là diễn đàn để các thầy cô và nhà khoa học thảo luận về các lĩnh vực mới, tiên tiến của CNTT và ứng dụng trong hoạt động dạy học, nghiên cứu khoa học tại Đại học Công nghiệp Hà Nội. Hội thảo được xuất bản kỷ yếu trong đó các báo cáo có hàm lượng khoa học cao sẽ được chọn lọc đăng tải ở các tạp chí uy tín trong và ngoài nước. Thế giới đang trải qua cuộc cách mạng công nghiệp 4.0 với đặc trưng là Dữ liệu lớn (Big data), Trí tuệ nhân tạo (AI), Internet vạn vật (IoT), Điện toán đám mây (Cloud computing) và Khoa học dữ liệu (Data Science). Theo xu hướng đó, Khoa học dữ liệu là chủ đề được quan tâm tại các Hội nghị Khoa học. Hội thảo tập trung thảo luận các báo cáo của các nhà khoa học và một số nhóm nghiên cứu nổi bật trình bày về một số đề tài tiềm năng, kết quả nghiên cứu ứng dụng trong công nghệ thông tin. PGS. TS. Nguyễn Quang Uy - Học viện Kỹ thuật quân sự trình bày Th.S Trần Thanh Hùng - Khoa Công nghệ thông tin trình bày ""Xây dựng ứng dụng hỗ trợ an toàn trong lái xe bằng công nghệ AI"" Thứ Tư, 15:28 29/06/2022 Tags:\\nnext_contents:\\n', 'content: Sinh viên ứng dụng AI phát triển phần mềm phát hiện gian lận thi cử Thứ Năm, 10:53 13/01/2022 1970 Một nhóm sinh viên Khoa Công nghệ Thông tin, Đại học công nghiệp Hà Nội đã ứng dụng trí tuệ nhân tạo (AI) để phát triển phần mềm phát hiện gian lận thi cử, cho độ chính xác cao. Phần mềm dự kiến được đưa vào sử dụng trong nội bộ nhà trường và đã có doanh nghiệp nghiên cứu về camera đề nghị hợp tác phát triển. Với phần mềm này, mỗi phòng thi chỉ cần 1 giám thị coi thi là đủ thay vì 3 – 4 giám thị như trước kia. Ảnh: PV. Phần mềm phát hiện gian lận thi cử của sinh viên Đại học Công nghiệp Hà Nội. Ngày 12.1, trao đổi với phóng viên Báo Lao Động, TS Đặng Trọng Hợp, Trưởng khoa Công nghệ thông tin (CNTT), Đại học Công nghiệp Hà Nội cho biết từ một đề tài nghiên cứu khoa học của nhóm sinh viên trong khoa, đơn vị đang tiến hành các bước thử nghiệm thêm để phục vụ công tác giám sát các hoạt động thi cử, đào tạo và an ninh của nhà trường. Theo đó, đề tài khoa học này có tên: ""Ứng dụng công nghệ trí tuệ nhân tạo (AI), giúp phát hiện hành vi gian lận thi cử"", do nhóm 5 sinh viên gồm: Hoàng Tùng Lâm, Bùi Ngọc Hải, Nguyễn Đức Linh (lớp Khoa học máy tính 1, K12); Đào Lê Huy (lớp Khoa học máy tính 2, K12) và Phan Thành Trung (lớp Công nghệ thông tin 4, K12) thực hiện, dưới sự hướng dẫn của TS Vũ Việt Thắng, giảng viên khoa Công nghệ thông tin. TS. Vũ Việt Thắng và 2 sinh viên trong nhóm nghiên cứu đề tài. Ảnh: PV Theo nhóm nghiên cứu, phần mềm này sử dụng đầu vào là hình ảnh được thu lại từ các camera giám sát. Từ các cử động được ghi nhận, nhóm nghiên cứu đưa ra thuật toán thứ 2, phân tích và nhận diện các hành vi bất thường trong quá trình làm bài thi. Sau đó, thông báo sẽ được gửi về cho giám thị. Với phần mềm này, mỗi phòng thi chỉ cần 1 giám thị coi thi là đủ thay vì 3 – 4 giám thị như trước kia. “Ví dụ với phòng thi chỉ có 1 giám thị, khi giám thị không để ý thì các thí sinh có thể quay ngang, xem, nhìn hoặc làm việc gì đó nhưng với hệ thống này mọi hoạt động, cử chỉ được theo\\nnext_contents:\\n', 'content: Seminar “Các thuật toán Metaheuristic giải bài toán khó” và “Biểu đồ tri thức KGC” Sáng ngày 05/11/2024, Khoa Công nghệ thông tin Trường Đại học Công Nghiệp Hà Nội đã tổ chức seminar khoa học với chủ đề “Các thuật toán Metaheuristic giải bài toán khó”. Seminar do TS. Nguyễn Thị Mỹ Bình – Khoa CNTT Trường ĐH Công Nghiệp Hà Nội trình bày. Buổi seminar có sự tham gia đông đảo của toàn thể cán bộ, giảng viên, chuyên gia, và nghiên cứu sinh của Khoa. Việc tổ chức các seminar là hoạt động khoa học định kỳ của Khoa nhằm tạo cầu nối để các nhà khoa học có thể chia sẻ về hướng nghiên cứu, kết quả nghiên cứu, tăng cường cơ hội trao đổi, hợp tác trong công tác nghiên cứu khoa học. Hội thảo tập trung vào các phương pháp theo hướng tiếp cận metaheuristic, hướng tiếp cận này được sử dụng rất thông dụng để giải quyết các bài toán xếp thời khóa biểu, một trong những lớp bài toán dạng NP-khó. Seminar đã đề xuất một mô hình toán học để có thể đánh giá các thuật giải một cách hiệu quả và thống nhất trong cùng một bộ dữ liệu và tiêu chí đánh giá. Trong mô hình này đã mô hình hóa biểu diễn các ràng buộc cứng, ràng buộc mềm của bài toán xếp lịch và hàm mục tiêu nhằm đánh giá chất lượng lời giải. Seminar đã phân tích, đánh giá, cải tiến và so sánh 23 thuật giải thuộc nhóm thuật giải metaheuristics. Seminar Biểu đồ tri thức “Development of Knowledge Graph for University Courses Management” (KGC) do TS. Nguyễn Thị Hoa Huệ - Khoa CNTT – Trường ĐH Công Nghiệp trình bày các công nghệ liên quan phát triển nhanh chóng như mạng nơ-ron biểu đồ, xử lý ngôn ngữ tự nhiên, khoa học dữ liệu biểu đồ, Mô hình ngôn ngữ lớn (LLM) và nhiều hơn nữa nhằm hướng đến mục tiêu trở thành nguồn học tập hàng đầu về biểu đồ tri thức, nâng cao nhận thức và sử dụng công nghệ tri thức như một động lực vì lợi ích xã hội. Buổi seminar là một phần trong chuỗi các hoạt động nghiên cứu của Khoa CNTT-HaUI. Với mong muốn đẩy mạnh phát triển khoa học công nghệ của Trường Đại học Công Nghiệp nói chung và Khoa Công nghệ thông tin\\nnext_contents:\\n']","['<1-hop>\\n\\nTọa đàm: “Số hoá trong lĩnh vực công nghiệp - Bài toán cho các nhà sản xuất” do Tạp chí Công Thương tổ chức sẽ phát trực tuyến trên nền tảng Tạp chí Công Thương điện tử và Fanpage Tự hào hàng Việt Nam vào 9h30 ngày 04/12/2024. Theo đánh giá của các chuyên gia, trước xu hướng và đà tăng trưởng hiện nay, thị trường thương mại điện tử và kinh tế số Việt Nam sẽ còn phát triển mạnh mẽ hơn nữa và trở thành một trong những động lực thúc đẩy tăng trưởng kinh tế. Đây cũng chính là thời điểm để chúng ta xây nên những mô hình và chiến lược mới, ứng dụng mạnh mẽ công nghệ số, tăng sức cạnh tranh trong bối cảnh mới. Theo đánh giá của các chuyên gia, trước xu hướng và đà tăng trưởng hiện nay, thị trường thương mại điện tử và kinh tế số Việt Nam sẽ còn phát triển mạnh mẽ hơn nữa và trở thành một trong những động lực thúc đẩy tăng trưởng kinh tế. Đây cũng chính là thời điểm để chúng ta xây nên những mô hình và chiến lược mới, ứng dụng mạnh mẽ công nghệ số, tăng sức cạnh tranh trong bối cảnh mới. Tọa đàm: “Số hoá trong lĩnh vực công nghiệp – Bài toán cho các nhà sản xuất” do Tạp chí Công Thương tổ chức sẽ phát trực tuyến trên nền tảng Tạp chí Công Thương điện tử và Fanpage Tự hào hàng Việt Nam vào 9h30 ngày 05/12/2024. Thời gian qua, Bộ Công Thương đã ban hành nhiều văn bản, chính sách nhằm thúc đẩy chuyển đổi số ngành Công Thương, triển khai Chiến lược Quốc gia về phát triển kinh tế số và xã hội số, trong đó tập trung vào các nội dung: (i) tăng cường xây dựng Chính phủ điện tử Bộ Công Thương ; (ii) thúc đẩy phát triển Kinh tế số ngành Công Thương theo ba lĩnh vực ưu tiên là thương mại, công nghiệp - năng lượng, và dịch vụ logistics. Vệc đẩy mạnh ứng dụng chuyển đổi số ngành Công Thương là vô cùng cần thiết trong nâng cao hiệu quả quản lý, điều hành Bộ Công Thương cũng như thúc đẩy kinh tế số trong ngành. Đặc biệt, trong lĩnh vực sản xuất, quá trình số hóa được đánh giá đã làm thay đổi diện mạo của ngành công nghiệp, đưa tỷ trọng của những ngành khai thác giảm dần và tỷ trọng ngành chế biến, chế tạo tăng dần. Tuy nhiên để phát triển kinh tế số ngành Công Thương nói chung cũng như số hóa các lĩnh vực công nghiệp một cách bền vững hiện vẫn tồn tại rất nhiều khó khăn, rào cản. Đây là bài toán của các nhà sản xuất cần được sự chung tay vào cuộc của nhiều thành phần với nỗ lực mạnh mẽ để thúc đẩy chuyển đổi số trong lĩnh vực công nghiệp trong thời gian tới. Vấn đề này sẽ được chia sẻ với góc nhìn đa dạng và sâu sắc hơn tại Tọa đàm do Tạp chí Công Thương thực hiện với chủ đề: "" Số hoá trong lĩnh vực công nghiệp – Bài toán cho các nhà sản xuất"", phát trực tuyến vào 9h30 ngày 04/12/2024. Tham dự Tọa đàm có sự tham gia của các vị khách mời: - TS. Đặng Trọng Hợp - Trưởng khoa Công nghệ thông tin, Đại học Công nghiệp Hà Nội; - Ông Nguyễn An Sơn - Trưởng phòng Phát triển dự án, Trung tâm Tin học và Công nghệ số, Cục Thương mại điện tử và Kinh tế số (Bộ Công Thương) - TS. Nguyễn Hữu Phước Nguyên - Tổng Giám đốc điều hành Selex Motors Tại Tọa đàm, đại diện cơ quan quản lý Nhà nước, đại diện cơ sở đào tạo và doanh nghiệp sẽ cùng tham gia thảo luận, chia sẻ về những hành động cụ thể của Bộ Công Thương trong việc hỗ trợ và thúc đẩy chuyển đổi số trong ngành Công Thương nói chung và các lĩnh vực sản xuất công nghiệp nói riêng; Những khó khăn, rào cản và kinh nghiệm khi ứng dụng công tác chuyển đổi số trong ngành Công Thương; Những đòi hỏi về đổi mới trong công tác đào tạo nguồn nhân lực đáp ứng các yêu cầu về chuyển đổi số trong lĩnh vực công nghiệp hiện nay; Những giải pháp mà các cơ sở đào tạo đang áp dụng để đảm bảo đáp ứng được nguồn nhân lực chất lượng cao cung cấp cho nhu cầu chuyển đổi số tăng cao tại các doanh nghiệp; Những giải pháp, mong muốn và đề xuất của các doanh nghiệp khi bắt tay vào chuyển đổi số… Trân trọng kính mời quý độc giả quan tâm theo dõi. Streaming: Facebook Fanpage Tự hào hàng Việt https://www.facebook.com/TuhaohangVietNam.vn ; Website Tạp chí Công Thương http://tapchicongthuong.vn ; và Kênh Youtube Tạp chí Công Thương https://www.youtube.com/ @tapchicongthuongofficial Thứ Ba, 14:40 03/12/2024 Tags:', '<2-hop>\\n\\nToàn cảnh đại hội Tới dự và chỉ đạo Đại hội, về phía Đoàn thanh niên Trường Đại học Công nghiệp Hà Nội có đồng chí Đỗ Minh Hiền – Bí thư Đoàn trường, đồng chí Nguyễn Tiến Tấn – Phó Bí thư Đoàn trường, đồng chí Lý Thị Ngọc Minh - Phó Chủ nhiệm Ủy Ban kiểm tra đoàn trường. Về phía Đảng bộ có TS. Đặng Trọng Hợp – Bí thư Chi bộ, Trưởng Khoa CNTT cùng các thầy cô cố vấn học tập, các Liên chi Đoàn bạn trong Trường. Với khẩu hiệu hành động: “Tuổi trẻ Khoa CNTT Khát vọng – Bản lĩnh – Dấn thân – Sáng tạo – Chuyển đổi”, Đại hội xác định nhiệm vụ đã đề ra trong nhiệm kỳ 2022 - 2024, thẳng thắn nhìn nhận, đánh giá thực trạng công tác Đoàn và phong trào thanh niên trong thời gian qua. Trên cơ sở đó, Đại hội sẽ thảo luận và quyết định mục tiêu, phương hướng, nhiệm vụ và các chương trình hành động trong nhiệm kỳ 2024 - 2027 phù hợp với yêu cầu và điều kiện thực tế. Đồng thời bầu ra Ban Chấp hành mới có đủ năng lực, trình độ, nhiệt huyết để hoàn thành sứ mệnh, nhiệm vụ chính trị được giao đồng thời trở thành người bạn đồng hành đáng tin cậy của đoàn viên, thanh niên Khoa CNTT. Đại hội được nghe đồng chí Nguyễn Chiến Thắng – Bí thư Ban chấp hành Liên chi Đoàn nhiệm kỳ 2022 - 2024 trình bày báo cáo kiểm điểm của Ban Chấp hành nhiệm kỳ 2022 - 2024. Theo đó Liên Chi Đoàn đã hoàn thành các nhiệm vụ Nhiều đồng chí được nhận các danh hiệu Chiến sỹ thi đua cấp cơ sở, Công đoàn viên hoàn thành xuất sắc nhiệm vụ, Sinh viên 5 tốt, đạt giải tại các cuộc thi trong và ngoài trường. Liên chi Đoàn nghiêm túc nhìn nhận cần tích cực tham gia hơn nữa các hoạt động gắn liền với kiến thức, chuyên môn. Nâng cao chất lượng công tác và chất lượng học tập. Đại hội được theo dõi Phóng sự tổng kết công tác Đoàn và phong trào thanh niên Khoa CNTT nhiệm kỳ 2022 – 2024, phương hướng nhiệm kỳ 2024 - 2027. Theo đó Liên chi Đoàn đã hoàn thành xuất sắc các chỉ tiêu cơ bản do Nghị quyết Đại hội đại biểu nhiệm kỳ 2022 – 2024 đã đề ra; đội ngũ cán bộ Đoàn cũng đã từng bước trưởng thành; vai trò của tuổi trẻ thông qua các phong trào như thanh niên tình nguyện, tuổi trẻ sáng tạo, các công tác tuyên truyền cũng đã được khẳng định và đóng góp tích cực vào mục tiêu chung của đơn vị. Liên chi Đoàn cũng đã tổ chức nhiều hoạt động mới mong muốn đẩy mạnh học tập, nghiên cứu khoa học với các chương trình hỗ trợ khởi nghiệp, hội nhập quốc tế. Ngoài ra Liên chi Đoàn cũng chú trọng việc xây dựng và phát triển tổ chức Đoàn, làm nòng cốt chính trị đối với tổ chức Hội Sinh viên. Tại Đại hội, đồng chí Đỗ Minh Hiền - Đảng ủy viên - Bí thư Đoàn trường đã ghi nhận và đánh giá cao nỗ lực của tập thể cán bộ đoàn, đoàn viên, sinh viên Khoa CNTT với phong trào Đoàn, phong trào Thanh niên; nhiệm kỳ 2022 – 2024 của Liên chi Khoa CNTT đã đánh dấu một bước tiến lớn trong nhiệm kỳ đầu tiên của Liên chi Đoàn. Đ/c Đỗ Minh Hiền - Đảng ủy viên - Bí thư đoàn Trường HAUI phát biểu tại đại hội']","### Thông tin về hoạt động khóa và các hoạt động đoàn hội tại Khoa Công nghệ thông tin, Trường Đại học Công nghiệp Hà Nội

1. **Hoạt động khóa**:
   - Khoa Công nghệ thông tin thường xuyên tổ chức các hội thảo, seminar và các hoạt động ngoại khóa nhằm nâng cao kỹ năng cho sinh viên.
   - Một trong những hoạt động nổi bật là hội thảo về việc làm và tuyển dụng, nơi sinh viên có cơ hội gặp gỡ các nhà tuyển dụng và tìm hiểu về cơ hội việc làm.

2. **Hoạt động đoàn hội**:
   - Khoa có các hoạt động như Ngày hội Tân sinh viên, các cuộc thi sáng tạo, và các hoạt động thể thao nhằm tạo môi trường giao lưu, học hỏi cho sinh viên.
   - Các hoạt động tình nguyện và các câu lạc bộ cũng được khuyến khích để sinh viên có thể tham gia và phát triển kỹ năng mềm.

### Tọa đàm về số hóa trong lĩnh vực công nghiệp

1. **Sự tham gia của Trưởng khoa Công nghệ thông tin**:
   - Trưởng khoa Công nghệ thông tin tham gia tọa đàm để chia sẻ kiến thức và kinh nghiệm về số hóa, cũng như các ứng dụng công nghệ thông tin trong ngành công nghiệp.
   - Sự hiện diện của Trưởng khoa thể hiện sự quan tâm và cam kết của khoa đối với việc phát triển công nghệ và ứng dụng trong thực tiễn.

2. **Nội dung thảo luận tại sự kiện**:
   - Các nội dung thảo luận có thể bao gồm:
     - Xu hướng số hóa trong ngành công nghiệp.
     - Các công nghệ mới và ứng dụng của chúng trong sản xuất và quản lý.
     - Thách thức và cơ hội trong việc áp dụng công nghệ số hóa.
     - Kinh nghiệm thực tiễn từ các doanh nghiệp trong việc chuyển đổi số.

Nếu bạn cần thêm thông tin chi tiết về các hoạt động hoặc sự kiện khác, hãy cho tôi biết! 

[Hấp dẫn với hàng trăm cơ hội việc làm cho sinh viên] - [**Link tham khảo**](https://www.haui.edu.vn/vn/hoat-dong-sinh-vien/hap-dan-voi-hang-tram-co-hoi-viec-lam-cho-sinh-viên/63508).","Tọa đàm về số hóa trong lĩnh vực công nghiệp có sự tham gia của TS. Đặng Trọng Hợp, Trưởng khoa Công nghệ thông tin, Đại học Công nghiệp Hà Nội, nhằm chia sẻ góc nhìn và kinh nghiệm trong việc thúc đẩy chuyển đổi số trong ngành Công Thương. Tại sự kiện, các nội dung sẽ được thảo luận bao gồm những hành động cụ thể của Bộ Công Thương trong việc hỗ trợ chuyển đổi số, những khó khăn và rào cản trong quá trình này, cũng như các giải pháp mà các cơ sở đào tạo đang áp dụng để đáp ứng nhu cầu nguồn nhân lực chất lượng cao cho chuyển đổi số trong lĩnh vực công nghiệp.",0.8469650767169009,0.9999999999666667,0.1,0.0,1.1114859580993652,11.582284927368164
TS. Đặng Trọng Hợp đã có những phát biểu gì tại Đại hội Liên chi Đoàn Khoa CNTT và vai trò của ông trong việc định hướng cho thanh niên trong nhiệm kỳ tới?,"['content: Talk show đường đến doanh nghiệp Ngày 26/12/2019, Khoa Công nghệ thông tin Trường Đại học Công nghiệp Hà Nội đã phối hợp với Công ty VTI tổ chức hội thảo hướng nghiệp trở thành người tiên phong tại Phòng hội thảo 1 tầng 6 nhà A1. Tham dự hội thảo về phía Khoa CNTT có TS. Ngô Đức Vĩnh – Trưởng khoa CNTT. Về phía Công ty VTI có các diễn giả hàng đầu CNTT: CEO VTI Academy – Anh Nguyễn Quyết ; CEO Top CV – Anh Trần Trung Hiếu. Chương trình hội thảo đã chia sẻ những kinh nghiệm sinh viên đón nhận sứ mệnh trở thành người dẫn dắt, tiên phong trong kiến tạo những trải nghiệm mới cho khách hàng, cho xã hội, đất nước và cùng VTI Academy thực hiện sứ mệnh đó ngay từ hôm nay. Phát biểu tại hội thảo, TS. Ngô Đức Vĩnh – Trưởng khoa CNTT đã nhấn mạnh. Đây là sự kiện đặc biệt, là bước ngoặt vô cùng quan trọng đối với các em sinh viên năm cuối của khoa, đồng thời cũng là cơ hội được lĩnh hội thêm nhiều kiến thức mới, cọ xát thực tế cho tất cả các em sinh viên đanh theo học ngành CNTT tiếp cận gần hơn với doanh nghiệp và thêm nhiều cơ hội việc làm hấp dẫn. Hội thảo hướng nghiệp do hai bên phối hợp tổ chức là cầu nối giúp sinh viên có cơ hội tiếp xúc, thể hiện năng lực bản thân và tìm kiếm cơ hội việc làm đúng chuyên ngành đào tạo tại các doanh nghiệp uy tín. Sinh viên hào hứng tham gia giao lưu và các minigame Phần giao lưu và minigame Short quiz được sinh viên hào hứng tham gia để tìm hiểu các chương trình, dự án lớn VTI đang triển khai gồm điện toán đám mây, big data… Quan trọng hơn hết là các vị trí tuyển dụng kỹ sư tại VTI được giới thiệu tại hội thảo để giúp sinh viên nắm bắt được nhu cầu tuyển dụng và các yêu cầu kỹ năng cần khi tham gia ứng tuyển. Sẽ mang đến nguồn kiến thức thực tế giá trị, củng cố thêm các kỹ năng, kết nối và rút ngắn khoảng cách sinh viên khoa CNTT của trường với các doanh nghiệp công nghệ lớn. Một phần kiến thức nằm trong sự kiện còn là những yếu tố tiên quyết để giúp các em chinh phục nhà tuyển dụng một cách tuyệt đối. Với thời gian 120 phút chia sẻ mà\\nnext_contents:\\n', 'content: Hội thảo khoa học còn có các giám đốc, lãnh đạo của các công ty: Ông Nguyễn Ngọc Chung - Giám đốc TVE; Ông Nguyễn Văn Lộc- Giám đốc Công ty công nghệ Nguyên Lộc; Ông Nguyễn Khánh Tùng - Tổng giám đốc, Công ty Cổ phần Giải pháp Giáo dục -Y Tế Nam Việt. Toàn cảnh Hội thảo Hội thảo khoa học là diễn đàn để các trung tâm công nghệ, các cơ sở giáo dục đại học tại Hà Nội và các công ty truyền thông có cơ hội trao đổi, chia sẻ và học tập kinh nghiệm lẫn nhau về quá trình chuyển đổi số trong đào tạo và quản trị. Hội thảo khoa học có 23 bài tham luận, gần 300 trang là những bài viết rất tâm huyết, sâu sắc, chất lượng cao của các nhà khoa học. Phát biểu tại Hội thảo, đồng chí Ngô Văn Cương - Bí thư Trung ương Đoàn, Chủ nhiệm Ủy ban kiểm tra Trung ương Đoàn khẳng định, trong Chương trình chuyển đổi số quốc gia đến năm 2025, định hướng đến năm 2030, nêu rõ giáo dục và đào tạo là một trong tám lĩnh vực được ưu tiên hàng đầu trong triển khai thực hiện. Với bối cảnh của cuộc Cách mạng công nghiệp lần thứ 4 như hiện nay, việc chuyển đổi số trong giáo dục đóng vai trò vô cùng quan trọng đối với việc đào tạo những công dân Việt Nam có kiến thức, kỹ năng trở thành công dân toàn cầu. Với tinh thần đó, Học viện Thanh thiếu niên Việt Nam không chỉ là cơ sở giáo dục đại học đào tạo, bồi dưỡng, cung cấp nguồn cán bộ có chất lượng cao cho Đoàn Thanh niên, cho hệ thống chính trị cả nước mà còn phải tiên phong đào tạo và cung cấp nguồn nhân lực chủ chốt với năng lực làm chủ công nghệ với thái độ đúng đắn về chuyển đổi số. Đồng chí Ngô Văn Cương - Bí thư Trung ương Đoàn, Chủ nhiệm Ủy ban kiểm tra Trung ương Đoàn Quán triệt tinh thần trên, từ thực trạng chuyển đổi số trong đào tạo và quản trị cơ sở giáo dục đại học ở Học viện Thanh thiếu niên Việt Nam, nhằm đề xuất các giải pháp công nghệ phù hợp, góp phần thúc đẩy nhanh quá trình chuyển đổi số của Học viện Thanh thiếu niên Việt Nam thời gian tới. TS. Trịnh Minh Thái - Bí thư Đảng ủy, Chủ tịch Hội đồng Học viện đã định hướng, các tham luận và ý\\nnext_contents:\\n- [thanhnienviet] Hội thảo khoa học “Thực trạng và giải pháp chuyển đổi số tại Học viện Thanh thiếu niên Việt Nam” Thứ Bảy, 20:33 09/12/2023 303 TNV - Sáng ngày 09/12, tại Hà Nội, Học viện Thanh thiếu niên Việt Nam đã tổ chức Hội thảo khoa học với chủ đề “Thực trạng và giải pháp chuyển đổi số tại Học viện Thanh thiếu niên Việt Nam”. Đồng chủ trì Hội thảo có TS. Trịnh Minh Thái -Bí thư Đảng ủy, Chủ tịch Hội đồng Học viện; TS. Hoàng Minh Tuấn - Ủy viên Thường vụ Đảng ủy, Phó Giám đốc thường trực Học viện; TS. Lê Quang Minh - Phó Viện trưởng Viện CNTT, Đại học Quốc gia Hà Nội; Ông Lê Nguyễn Trường Giang - Viện trưởng Viện chiến lược chuyển đổi số. Đến dự Hội thảo có đồng chí Ngô Văn Cương -Bí thư Trung ương Đoàn, Chủ nhiệm Ủy ban kiểm tra Trung ương Đoàn; cùng các đại biểu, các nhà khoa học đến từ Trung tâm Phát triển khoa học, công nghệ và tài năng trẻ; Viện chiến lược chuyển đổi số; Phòng Công nghệ Giáo dục và Nhân lực Số - Cục CNTT (Bộ Giáo dục và Đào tạo); Trung tâm Công nghệ thông tin- Đại học Sư phạm Hà Nội; Trung tâm Công nghệ thông tin - Đại học Công nghiệp Hà Nội;Tổng Công ty Dịch vụ Viễn thông. Đến tham dự Hội thảo khoa học còn có sự đóng góp ý kiến của các nhà khoa học đến từ các cơ sở giáo dục như: Đại học CMC; Đại học Giáo dục – Đại học Quốc gia Hà Nội; Đại học Đại Nam; Học viện Kỹ thuật quân sự; Đại học Phenikaa; Đại học Khoa học Xã hội và Nhân văn, Đại học Quốc gia Hà Nội; Học viện Phụ nữ; Học viện Cảnh sát nhân dân Bộ Công an; Học viện An ninh nhân dân. Cùng dự Hội thảo khoa học còn có các giám đốc, lãnh đạo của các công ty: Ông Nguyễn Ngọc Chung - Giám đốc TVE; Ông Nguyễn Văn Lộc- Giám đốc Công ty công nghệ Nguyên Lộc; Ông Nguyễn Khánh Tùng - Tổng giám đốc, Công ty Cổ phần Giải pháp Giáo dục -Y Tế Nam Việt. Toàn cảnh Hội thảo Hội thảo khoa học là diễn đàn để các trung tâm công nghệ, các cơ sở giáo dục đại học tại Hà Nội và các công ty truyền thông có cơ hội trao đổi, chia sẻ và học tập kinh nghiệm lẫn nhau về quá trình chuyển đổi số trong đào tạo và\\n', 'content: đến lãnh đạo nhà trường. Hội nghị tiếp thu gần 50 ý kiến của sinh viên về các vấn đề như công tác khảo thí, học kết hợp online… Hội nghị đã lắng nghe gần 50 ý kiến từ Lớp trưởng, Bí thư các lớp, tập trung vào các vấn đề như: chương trình học kết hợp online, về học bổng, về việc làm sau khi ra trường, công tác khảo thí; về hoạt động Đoàn - Hội... Tất cả các ý kiến đều được giải đáp tại hội nghị. Ngoài các ý kiến trực tiếp, sinh viên có thể gửi ý kiến của mình thông qua phiếu ý kiến được phát trực tiếp tại hội nghị. Bạn Đoàn Mạnh Hoàng - khoa Quản lý kinh doanh có thắc mắc về vấn đề học kết hợp online Sinh viên ở cơ sở 3 Hà Nam mong muốn tìm hiểu sâu hơn về các chương trình đào tạo hợp tác với nước ngoài Đại diện Trung tâm Quản lý kí túc xá giải đáp thắc mắc cho sinh viên Đại diện Phòng Đào tạo giải đáp thắc mắc cho sinh viên về chương trình học kết hợp online Một số hình ảnh tại Hội nghị: Thứ Tư, 15:04 30/12/2020 Tags: Hội nghị Lớp trưởng Bí thư chi đoàn năm 2020 sinh viên Đại học Công nghiệp Hà Nội\\nnext_contents:\\n- trong công tác đảm bảo an ninh trật tự, an toàn xã hội và quản lý sinh viên nội, ngoại trú; đại bộ phận sinh viên có ý thức tốt, chấp hành tốt các quy định của nhà trường và nơi cư trú, tích cực tham gia các hoạt động, góp phần xây dựng văn hóa nhà trường và nơi cư trú. Thầy Trần Ngọc Khánh - Trưởng phòng Công tác sinh viên trình bày báo cáo công tác sinh viên từ tháng 07/2020 Báo cáo cũng nêu những kết quả cụ thể: từ tháng 7/2020, nhà trường đã tổ chức thành công nhiều hoạt động: tuần sinh hoạt sinh viên đầu khóa, tổ chức 02 đợt hiến máu nhân đạo; Phối hợp với Bộ GD&ĐT, Ủy ban An toàn Giao thông quốc gia và Công ty Honda tổ chức Hội thi tìm hiểu Luật giao thông đường bộ và kỹ năng lái xe mô tô an toàn cho sinh viên các trường ĐH khu vực Hà Nội năm 2020; Tổ chức chương trình “Đền ơn đáp nghĩa - Uống nước nhớ nguồn”; Tổ chức giải bóng rổ sinh viên các trường đại học, học viện và cao đẳng khu vực Hà Nội năm 2020 gồm 32 đội bóng…. PGS.TS.Phạm Văn Bổng - Phó hiệu trưởng nhà trường chỉ đạo và trực tiếp giải đáp thắc mắc cho sinh viên Chỉ đạo và trực tiếp giải đáp ý kiến của sinh viên tại hội nghị, PGS.TS. Phạm Văn Bổng - Phó Hiệu trưởng nhà trường khẳng định công tác phòng chống dịch bệnh COVID -19 tại trường đã và đang được thực hiện tốt, trong đó có ý thức đóng góp chung của sinh viên nhà trường. Thầy Phó hiệu trưởng đánh giá cao vai trò, trách nhiệm của cán bộ lớp. Thầy mong muốn Lớp trưởng, Bí thư các lớp tiếp tục là đầu mối giúp kết nối, gửi gắm tâm tư, nguyện vọng của sinh viên đến lãnh đạo nhà trường. Hội nghị tiếp thu gần 50 ý kiến của sinh viên về các vấn đề như công tác khảo thí, học kết hợp online… Hội nghị đã lắng nghe gần 50 ý kiến từ Lớp trưởng, Bí thư các lớp, tập trung vào các vấn đề như: chương trình học kết hợp online, về học bổng, về việc làm sau khi ra trường, công tác khảo thí; về hoạt động Đoàn - Hội... Tất cả các ý kiến đều được giải đáp tại hội nghị. Ngoài các ý kiến trực tiếp, sinh viên có thể gửi ý kiến của mình thông qua phiếu ý kiến được phát\\n', 'content: cuộc thi trực tuyến; Tổ chức hoạt động dạy học kết hợp trực tiếp và trực tuyến, đảm bảo kế hoạch và đào tạo, đặc biệt là tiến độ tốt nghiệp cho sinh viên năm cuối; Tổ chức “Ngày hội việc làm 2020” với sự tham gia của gần 40 doanh nghiệp trong và ngoài nước với hơn 2000 cơ hội việc làm cho sinh viên nhà trường… Thầy Trần Ngọc Khánh - Trưởng phòng Công tác Sinh viên trình bày báo cáo công tác sinh viên tại hội nghị Hội nghị đã lắng nghe 36 ý kiến trực tiếp từ Lớp trưởng, Bí thư các lớp, tập trung vào các vấn đề như: Hướng dẫn đăng ký các môn học; Công tác khảo thí; Nâng cao chất lượng phục vụ giảng dạy và đào tạo; Sinh hoạt ăn ở tại ký túc xá; Thẻ bảo hiểm Y tế; Tiến độ sinh viên K11 tốt nghiệp; Đề nghị tổ chức thêm nhiều hoạt động ngoại khóa cho sinh viên, hoạt động Đoàn - Hội. Tất cả ý kiến này đều đã được giải đáp tại Hội nghị. Ngoài các ý kiến trực tiếp tại hội trường, các em sinh viên có thể gửi ý kiến của mình thông qua phiếu ý kiến được phát trực tiếp tại hội nghị. PGS.TS. Phạm Văn Bổng - Phó Hiệu trưởng nhà trường trực tiếp giải đáp các thắc mắc, ý kiến của sinh viên tại Hội nghị Chỉ đạo và trực tiếp giải đáp ý kiến của sinh viên trong hội nghị, PGS.TS. Phạm Văn Bổng - Phó Hiệu trưởng nhà trường đánh giá cao vai trò, trách nhiệm của cán bộ lớp. Lớp trưởng, Bí thư các lớp là đầu mối giúp kết nối, gửi gắm tâm tư, nguyện vọng của sinh viên đến Lãnh đạo nhà trường. Chỉ đạo và trực tiếp giải đáp ý kiến của sinh viên tại hội nghị, PGS.TS. Phạm Văn Bổng - Phó Hiệu trưởng nhà trường khẳng định công tác phòng chống dịch bệnh COVID-19 tại trường đã và đang được thực hiện tốt. Trong đó có ý thức đóng góp chung của sinh viên nhà trường. Thầy Phó Hiệu trưởng đánh giá cao vai trò, trách nhiệm của cán bộ lớp. Thầy mong muốn Lớp trưởng, Bí thư các lớp tiếp tục là đầu mối giúp kết nối, gửi gắm tâm tư, nguyện vọng của sinh viên đến Lãnh đạo nhà trường. Hội nghị Lớp trưởng, Bí thư Chi đoàn các lớp là diễn đàn thường niên lắng nghe tâm tư, nguyện vọng của sinh viên để Nhà trường\\nnext_contents:\\n- Hội nghị Lớp trưởng, Bí thư Chi đoàn các lớp năm học 2019 - 2020 Thứ Sáu, 13:51 19/06/2020 2496 Trong 02 ngày 18&19/6/2020, Hội nghị Lớp trưởng, Bí thư chi đoàn các lớp năm học 2019 - 2020 đã diễn ra tại cơ sở đào tạo Hà Nội và Hà Nam. Hội nghị được tổ chức thường niên với mục đích nắm bắt kịp thời thông tin từ sinh viên để điều chỉnh, hoàn thiện và vận hành tốt hơn các hoạt động quản lý, đào tạo và phục vụ đào tạo của nhà trường. Tham dự Hội nghị có PGS.TS Phạm Văn Bổng - Phó Hiệu trưởng, đại diện các phòng, đơn vị chức năng: Phòng Đào tạo, Công tác SV, Tổ chức Hành chính, Tài chính Kế toán, Quản trị, Trung tâm Quản lý Ký túc xá, Trạm Y tế…; đại diện các Khoa, Trung tâm đào tạo, giáo viên chủ nhiệm và hơn 700 sinh viên là Lớp trưởng, Bí thư Chi đoàn các lớp trong toàn trường. Hội nghị Bí thư, Lớp trưởng tại cơ sở Hà Nội Đại diện phòng Công tác Sinh viên đã trình bày báo cáo tổng kết tình hình học tập của sinh viên, những thông tin về tình hình an ninh trật tự trong và ngoài trường. Báo cáo nhấn mạnh một số nội dung hoạt động trong 06 tháng đầu năm: Nhà trường thực hiện tốt công tác phòng chống dịch COVID-19; Sản xuất dung dịch sát khuẩn, khẩu trang phát miễn phí cho toàn thể CBGV, HVSV nhà trường; Xây dựng các phương án hỗ trợ sinh viên có hoàn cảnh gia đình khó khăn do ảnh hưởng của dịch bệnh và cấp hỗ trợ 535 triệu đồng cho 535 sinh viên; Tuyên truyền, hướng dẫn, khuyến cáo tới sinh viên các biện pháp phòng chống dịch bệnh trên website và fanpage: bài viết, infographics, cuộc thi trực tuyến; Tổ chức hoạt động dạy học kết hợp trực tiếp và trực tuyến, đảm bảo kế hoạch và đào tạo, đặc biệt là tiến độ tốt nghiệp cho sinh viên năm cuối; Tổ chức “Ngày hội việc làm 2020” với sự tham gia của gần 40 doanh nghiệp trong và ngoài nước với hơn 2000 cơ hội việc làm cho sinh viên nhà trường… Thầy Trần Ngọc Khánh - Trưởng phòng Công tác Sinh viên trình bày báo cáo công tác sinh viên tại hội nghị Hội nghị đã lắng nghe 36 ý kiến trực tiếp từ Lớp trưởng, Bí thư các lớp, tập trung\\n', 'content: cốt chính trị đối với tổ chức Hội Sinh viên. Tại Đại hội, đồng chí Đỗ Minh Hiền - Đảng ủy viên - Bí thư Đoàn trường đã ghi nhận và đánh giá cao nỗ lực của tập thể cán bộ đoàn, đoàn viên, sinh viên Khoa CNTT với phong trào Đoàn, phong trào Thanh niên; nhiệm kỳ 2022 – 2024 của Liên chi Khoa CNTT đã đánh dấu một bước tiến lớn trong nhiệm kỳ đầu tiên của Liên chi Đoàn. Đ/c Đỗ Minh Hiền - Đảng ủy viên - Bí thư đoàn Trường HAUI phát biểu tại đại hội Phát biểu chỉ đạo Đại hội, đồng chí TS. Đặng Trọng Hợp – Trưởng Khoa CNTT mong muốn trong nhiệm kỳ tới, Liên chi Đoàn đẩy mạnh các hoạt động nghiên cứu khoa học, đổi mới sáng tạo và khởi nghiệp trong đoàn viên thanh niên.. Tăng cường, đổi mới việc nắm bắt tình hình và kịp thời định hướng tư tưởng cho thanh niên, đặc biệt trên không gian mạng. Thúc đẩy các xu hướng, phong trào tích cực; hạn chế, khắc phục các xu hướng tiêu cực trong đoàn viên thanh niên. Nâng cao nhận thức của đoàn viên, thanh niên về tầm quan trọng của chuyển đổi số. TS. Đặng Trọng Hợp - Trưởng Khoa CNTT phát biểu chỉ đạo tại đại hội Ghi nhận những đóng góp trong công tác Đoàn của Liên chi Đoàn Khoa CNTT, Đoàn Trường đã trao tặng giấy khen cho các cá nhân, tổ chức đạt thành tích xuất sắc trong công tác Đoàn và phong trào thanh niên nhiệm kỳ 2022 - 2024. Các tập thể, cá nhân có thành tích suất sắc nhận giấy khen của Đoàn trường Sau hai phiên làm việc với tinh thần nghiêm túc và hiệu quả, Đại hội đã sáng suốt lựa chọn và bầu ra Ban chấp hành Liên chi Đoàn Khoa CNTT Khóa XI nhiệm kỳ 2024 - 2027 gồm 11 đồng chí: Đ/c Nguyễn Chiến Thắng - Bí thư Đ/c Nguyễn Trường An - Phó Bí thư Đ/c Nguyễn Hoàng Trang Anh - Phó Bí thư Đ/c Nguyễn Huy Công - Uỷ viên Đ/c Phan Việt Anh - Uỷ viên Đ/c Nguyễn Đình Việt - Uỷ viên Đ/c Lê Ngọc Nam Anh - Uỷ viên Đ/c Vũ Thị Huế - Uỷ viên Đ/c Trần Xuân Đức - Uỷ viên Đ/c Võ Tá Học - Uỷ viên Đ/c Nguyễn Hữu Nhật - Uỷ viên Hi vọng rằng dưới sự dẫn dắt của bộ máy Ban chấp hành mới tài năng, nhiệt huyết, Liên chi Khoa CNTT sẽ thực hiện được toàn bộ\\nnext_contents:\\n- nhiệt huyết để hoàn thành sứ mệnh, nhiệm vụ chính trị được giao đồng thời trở thành người bạn đồng hành đáng tin cậy của đoàn viên, thanh niên Khoa CNTT. Đại hội được nghe đồng chí Nguyễn Chiến Thắng – Bí thư Ban chấp hành Liên chi Đoàn nhiệm kỳ 2022 - 2024 trình bày báo cáo kiểm điểm của Ban Chấp hành nhiệm kỳ 2022 - 2024. Theo đó Liên Chi Đoàn đã hoàn thành các nhiệm vụ Nhiều đồng chí được nhận các danh hiệu Chiến sỹ thi đua cấp cơ sở, Công đoàn viên hoàn thành xuất sắc nhiệm vụ, Sinh viên 5 tốt, đạt giải tại các cuộc thi trong và ngoài trường. Liên chi Đoàn nghiêm túc nhìn nhận cần tích cực tham gia hơn nữa các hoạt động gắn liền với kiến thức, chuyên môn. Nâng cao chất lượng công tác và chất lượng học tập. Đại hội được theo dõi Phóng sự tổng kết công tác Đoàn và phong trào thanh niên Khoa CNTT nhiệm kỳ 2022 – 2024, phương hướng nhiệm kỳ 2024 - 2027. Theo đó Liên chi Đoàn đã hoàn thành xuất sắc các chỉ tiêu cơ bản do Nghị quyết Đại hội đại biểu nhiệm kỳ 2022 – 2024 đã đề ra; đội ngũ cán bộ Đoàn cũng đã từng bước trưởng thành; vai trò của tuổi trẻ thông qua các phong trào như thanh niên tình nguyện, tuổi trẻ sáng tạo, các công tác tuyên truyền cũng đã được khẳng định và đóng góp tích cực vào mục tiêu chung của đơn vị. Liên chi Đoàn cũng đã tổ chức nhiều hoạt động mới mong muốn đẩy mạnh học tập, nghiên cứu khoa học với các chương trình hỗ trợ khởi nghiệp, hội nhập quốc tế. Ngoài ra Liên chi Đoàn cũng chú trọng việc xây dựng và phát triển tổ chức Đoàn, làm nòng cốt chính trị đối với tổ chức Hội Sinh viên. Tại Đại hội, đồng chí Đỗ Minh Hiền - Đảng ủy viên - Bí thư Đoàn trường đã ghi nhận và đánh giá cao nỗ lực của tập thể cán bộ đoàn, đoàn viên, sinh viên Khoa CNTT với phong trào Đoàn, phong trào Thanh niên; nhiệm kỳ 2022 – 2024 của Liên chi Khoa CNTT đã đánh dấu một bước tiến lớn trong nhiệm kỳ đầu tiên của Liên chi Đoàn. Đ/c Đỗ Minh Hiền - Đảng ủy viên - Bí thư đoàn Trường HAUI phát biểu tại đại hội Phát biểu chỉ đạo Đại hội, đồng chí TS. Đặng Trọng\\n']","['<1-hop>\\n\\nPhát biểu chỉ đạo Đại hội, đồng chí TS. Đặng Trọng Hợp – Trưởng Khoa CNTT mong muốn trong nhiệm kỳ tới, Liên chi Đoàn đẩy mạnh các hoạt động nghiên cứu khoa học, đổi mới sáng tạo và khởi nghiệp trong đoàn viên thanh niên.. Tăng cường, đổi mới việc nắm bắt tình hình và kịp thời định hướng tư tưởng cho thanh niên, đặc biệt trên không gian mạng. Thúc đẩy các xu hướng, phong trào tích cực; hạn chế, khắc phục các xu hướng tiêu cực trong đoàn viên thanh niên. Nâng cao nhận thức của đoàn viên, thanh niên về tầm quan trọng của chuyển đổi số. TS. Đặng Trọng Hợp - Trưởng Khoa CNTT phát biểu chỉ đạo tại đại hội Ghi nhận những đóng góp trong công tác Đoàn của Liên chi Đoàn Khoa CNTT, Đoàn Trường đã trao tặng giấy khen cho các cá nhân, tổ chức đạt thành tích xuất sắc trong công tác Đoàn và phong trào thanh niên nhiệm kỳ 2022 - 2024. Các tập thể, cá nhân có thành tích suất sắc nhận giấy khen của Đoàn trường Sau hai phiên làm việc với tinh thần nghiêm túc và hiệu quả, Đại hội đã sáng suốt lựa chọn và bầu ra Ban chấp hành Liên chi Đoàn Khoa CNTT Khóa XI nhiệm kỳ 2024 - 2027 gồm 11 đồng chí: Đ/c Nguyễn Chiến Thắng - Bí thư Đ/c Nguyễn Trường An - Phó Bí thư Đ/c Nguyễn Hoàng Trang Anh - Phó Bí thư Đ/c Nguyễn Huy Công - Uỷ viên Đ/c Phan Việt Anh - Uỷ viên Đ/c Nguyễn Đình Việt - Uỷ viên Đ/c Lê Ngọc Nam Anh - Uỷ viên Đ/c Vũ Thị Huế - Uỷ viên Đ/c Trần Xuân Đức - Uỷ viên Đ/c Võ Tá Học - Uỷ viên Đ/c Nguyễn Hữu Nhật - Uỷ viên Hi vọng rằng dưới sự dẫn dắt của bộ máy Ban chấp hành mới tài năng, nhiệt huyết, Liên chi Khoa CNTT sẽ thực hiện được toàn bộ những mục tiêu đã đề ra, gặt hái thêm nhiều thành tích xuất sắc. BCH Liên chi Đoàn Khoa Công nghệ thông tin ra mắt Đại hội Đại biểu Liên chi đoàn Khoa CNTT nhiệm kỳ 2024 - 2027 đã diễn ra thành công tốt đẹp. Với tinh thần Khát vọng - Tiên phong - Đoàn kết - Bản lĩnh - Đổi mới, đại hội và tuổi trẻ nhà trường tin tưởng các đồng chí trong Ban chấp hành Liên chi Đoàn và tất cả các đoàn viên đoàn kết, sáng tạo cùng hoàn thành tốt các chỉ tiêu đặt ra và phấn đấu là Liên chi Đoàn đi đầu trong công tác Đoàn và phong trào Đoàn trường Đại học Công nghiệp Hà Nội. Một số hình ảnh đặc sắc tại đại hội: Thứ Hai, 11:35 04/11/2024 Tags:', '<2-hop>\\n\\nToàn cảnh đại hội Tới dự và chỉ đạo Đại hội, về phía Đoàn thanh niên Trường Đại học Công nghiệp Hà Nội có đồng chí Đỗ Minh Hiền – Bí thư Đoàn trường, đồng chí Nguyễn Tiến Tấn – Phó Bí thư Đoàn trường, đồng chí Lý Thị Ngọc Minh - Phó Chủ nhiệm Ủy Ban kiểm tra đoàn trường. Về phía Đảng bộ có TS. Đặng Trọng Hợp – Bí thư Chi bộ, Trưởng Khoa CNTT cùng các thầy cô cố vấn học tập, các Liên chi Đoàn bạn trong Trường. Với khẩu hiệu hành động: “Tuổi trẻ Khoa CNTT Khát vọng – Bản lĩnh – Dấn thân – Sáng tạo – Chuyển đổi”, Đại hội xác định nhiệm vụ đã đề ra trong nhiệm kỳ 2022 - 2024, thẳng thắn nhìn nhận, đánh giá thực trạng công tác Đoàn và phong trào thanh niên trong thời gian qua. Trên cơ sở đó, Đại hội sẽ thảo luận và quyết định mục tiêu, phương hướng, nhiệm vụ và các chương trình hành động trong nhiệm kỳ 2024 - 2027 phù hợp với yêu cầu và điều kiện thực tế. Đồng thời bầu ra Ban Chấp hành mới có đủ năng lực, trình độ, nhiệt huyết để hoàn thành sứ mệnh, nhiệm vụ chính trị được giao đồng thời trở thành người bạn đồng hành đáng tin cậy của đoàn viên, thanh niên Khoa CNTT. Đại hội được nghe đồng chí Nguyễn Chiến Thắng – Bí thư Ban chấp hành Liên chi Đoàn nhiệm kỳ 2022 - 2024 trình bày báo cáo kiểm điểm của Ban Chấp hành nhiệm kỳ 2022 - 2024. Theo đó Liên Chi Đoàn đã hoàn thành các nhiệm vụ Nhiều đồng chí được nhận các danh hiệu Chiến sỹ thi đua cấp cơ sở, Công đoàn viên hoàn thành xuất sắc nhiệm vụ, Sinh viên 5 tốt, đạt giải tại các cuộc thi trong và ngoài trường. Liên chi Đoàn nghiêm túc nhìn nhận cần tích cực tham gia hơn nữa các hoạt động gắn liền với kiến thức, chuyên môn. Nâng cao chất lượng công tác và chất lượng học tập. Đại hội được theo dõi Phóng sự tổng kết công tác Đoàn và phong trào thanh niên Khoa CNTT nhiệm kỳ 2022 – 2024, phương hướng nhiệm kỳ 2024 - 2027. Theo đó Liên chi Đoàn đã hoàn thành xuất sắc các chỉ tiêu cơ bản do Nghị quyết Đại hội đại biểu nhiệm kỳ 2022 – 2024 đã đề ra; đội ngũ cán bộ Đoàn cũng đã từng bước trưởng thành; vai trò của tuổi trẻ thông qua các phong trào như thanh niên tình nguyện, tuổi trẻ sáng tạo, các công tác tuyên truyền cũng đã được khẳng định và đóng góp tích cực vào mục tiêu chung của đơn vị. Liên chi Đoàn cũng đã tổ chức nhiều hoạt động mới mong muốn đẩy mạnh học tập, nghiên cứu khoa học với các chương trình hỗ trợ khởi nghiệp, hội nhập quốc tế. Ngoài ra Liên chi Đoàn cũng chú trọng việc xây dựng và phát triển tổ chức Đoàn, làm nòng cốt chính trị đối với tổ chức Hội Sinh viên. Tại Đại hội, đồng chí Đỗ Minh Hiền - Đảng ủy viên - Bí thư Đoàn trường đã ghi nhận và đánh giá cao nỗ lực của tập thể cán bộ đoàn, đoàn viên, sinh viên Khoa CNTT với phong trào Đoàn, phong trào Thanh niên; nhiệm kỳ 2022 – 2024 của Liên chi Khoa CNTT đã đánh dấu một bước tiến lớn trong nhiệm kỳ đầu tiên của Liên chi Đoàn. Đ/c Đỗ Minh Hiền - Đảng ủy viên - Bí thư đoàn Trường HAUI phát biểu tại đại hội']","Tại Đại hội Liên chi Đoàn Khoa Công nghệ Thông tin, TS. Đặng Trọng Hợp, Trưởng khoa CNTT, đã có những phát biểu quan trọng nhằm định hướng cho thanh niên trong nhiệm kỳ tới. Dưới đây là một số điểm nổi bật từ phát biểu của ông:

1. **Định hướng nghề nghiệp**: TS. Đặng Trọng Hợp nhấn mạnh tầm quan trọng của việc chuẩn bị cho sinh viên những kỹ năng cần thiết để đáp ứng yêu cầu của thị trường lao động, đặc biệt trong lĩnh vực công nghệ thông tin.

2. **Khuyến khích tham gia hoạt động đoàn hội**: Ông khuyến khích sinh viên tích cực tham gia các hoạt động của Đoàn, Hội để phát triển kỹ năng mềm và nâng cao khả năng làm việc nhóm.

3. **Tạo cơ hội kết nối với doanh nghiệp**: TS. Hợp nhấn mạnh vai trò của các hoạt động kết nối với doanh nghiệp, giúp sinh viên có cơ hội thực tập và tìm kiếm việc làm sau khi tốt nghiệp.

4. **Thúc đẩy nghiên cứu khoa học**: Ông cũng kêu gọi sinh viên tham gia vào các hoạt động nghiên cứu khoa học, nhằm nâng cao năng lực chuyên môn và đóng góp vào sự phát triển của khoa.

Thông qua những phát biểu này, TS. Đặng Trọng Hợp đã thể hiện vai trò quan trọng trong việc định hướng và hỗ trợ sinh viên trong quá trình học tập và phát triển nghề nghiệp.

Nếu bạn cần thêm thông tin về các hoạt động khác của khoa hoặc trường, hãy cho tôi biết! 

[Đại hội Liên chi đoàn hướng tới đại hội đại biểu Đoàn TNCSHCM nhiệm kỳ 2022 - 2024] - [**Link tham khảo**](https://www.haui.edu.vn/vn/su-kien/dai-hoi-lien-chi-doan-huong-toi-dai-hoi-dai-bieu-doan-tncshcm-nhiem-ky-2022-2024/63514).","Tại Đại hội Liên chi Đoàn Khoa CNTT, TS. Đặng Trọng Hợp – Trưởng Khoa CNTT đã phát biểu chỉ đạo, mong muốn trong nhiệm kỳ tới, Liên chi Đoàn đẩy mạnh các hoạt động nghiên cứu khoa học, đổi mới sáng tạo và khởi nghiệp trong đoàn viên thanh niên. Ông nhấn mạnh tầm quan trọng của việc nâng cao nhận thức của đoàn viên, thanh niên về chuyển đổi số và cần kịp thời định hướng tư tưởng cho thanh niên, đặc biệt trên không gian mạng. Ông cũng ghi nhận những đóng góp trong công tác Đoàn của Liên chi Đoàn Khoa CNTT và khuyến khích các đoàn viên đoàn kết, sáng tạo để hoàn thành tốt các chỉ tiêu đã đề ra.",0.9038002073072108,0.19999999998,0.17391304347826086,1.0,0.9998898506164551,10.425642967224121
Đội Thanh niên tình nguyện Khoa CNTT HaUI đã phát triển như thế nào trong 16 năm qua và những kế hoạch nào được tân Đội trưởng Nguyễn Hữu Nhật đề ra cho nhiệm kỳ 2024-2025?,"['content: Sinh viên ngành IT HaUI hào hứng tiếp cận thị trường ICT Nhật Bản Thứ Hai, 16:56 30/09/2024 1018 “FPT Leader Talk: Hành trang Nhật Tiến” là chương trình do FPT Software phối hợp với Khoa Công nghệ Thông tin, Trường Đại học Công nghiệp Hà Nội tổ chức ngày 30/9/2024, nhằm giúp các bạn sinh viên có góc nhìn tổng quan về cơ hội việc làm ICT thị trường Nhật Bản, cũng như xác định được những hành trang cần thiết cho hành trình Nhật tiến. Buổi chia sẻ thu hút hơn 200 sinh viên khoá 17 Khoa Công nghệ Thông tin, Trường Đại học Công nghiệp Hà Nội quan tâm tham dự. Anh Nguyễn Văn Vinh - Phó giám đốc FPT Software Academy nhận định doanh thu của thị trường IT Services tại Nhật Bản dự kiến đạt 36 tỷ USD trong năm nay, và hơn 40% công việc của thị trường này được dự báo là thuê outsource. Đến năm 2030, Nhật Bản sẽ thiếu khoảng 790.000 chuyên gia ICT. TS. Đặng Trọng Hợp - Trưởng khoa Công nghệ Thông tin cho rằng, chất lượng đầu vào sinh viên ngành IT tại trường ngày một nâng cao, để đáp ứng tốt hơn nguồn nhân lực ICT toàn cầu trong tương lai, sinh viên cần được định hướng và chủ động trang bị kỹ năng, ngôn ngữ để đón đầu chuỗi cơ hội rộng mở, hội nhập hiện nay và trong tương lai Chị Trần Thị Quỳnh Mai - Quản lý chương trình đào tạo ICT tiếng Nhật tại FPT Software chia sẻ những hoạt động cụ thể về việc phối hợp đầu tư đào tạo với nhà trường. Anh anh Nguyễn Văn Vinh - Phó giám đốc FPT Software Academy, trao tài trợ chương trình cử nhân CNTT cầu nối Nhật Bản tới TS. Đặng Trọng Hợp - Trưởng khoa Công nghệ Thông tin, Trường Đại học Công nghiệp Hà Nội. FPT Software trao 20 suất học bổng 100% khóa học tiếng Nhật trị giá từ 1.390.000 tới 4.710.000 / 1 khóa Các diễn giả từ trái qua phải: Anh Đào Việt Bách - Trưởng phòng Tuyển dụng và Thu hút Nhân tài, FPT Software Academy; Anh Lê Thành Nhân - Giám đốc FPT Software Hà Nội; Anh Nguyễn Phụ Hưng - Project Manager, BrSE tại FPT Software. Ngành Công nghệ Thông tin và Truyền thông (ICT) đang phát triển mạnh mẽ, khu vực châu Á, đặc biệt là thị\\nnext_contents:\\n', 'content: LETCO - 20 năm xây dựng và phát triển Thứ Năm, 12:58 26/11/2020 2600 Sáng ngày 26/11/2020, công ty Đào tạo và cung ứng nhân lực - HaUI (công ty LETCO) thuộc Đại học Công nghiệp Hà Nội long trọng tổ chức Lễ kỷ niệm 20 năm thành lập công ty. Buổi Lễ vinh dự đón tiếp đại biểu là lãnh đạo, nguyên lãnh đạo nhà trường; đại diện các tổ chức, doanh nghiệp trong nước và quốc tế; đại diện các đơn vị trong trường và các thế hệ cán bộ, nhân viên, học viên của ngôi nhà chung LETCO. Video Lễ kỷ niệm 20 năm thành lập công ty Đào tạo và cung ứng nhân lực - HaUI (LETCO): Nghi thức đánh dấu 20 năm thành lập công ty LETCO Được thành lập từ năm 2000, sau những nỗ lực xây dựng và phát triển trong suốt 20 năm hoạt động, LETCO đã phát triển vững mạnh và từng bước vươn lên. Hai thập niên đủ để khẳng định một mô hình, một hướng đi, một cách làm mới đối với cơ sở đào tạo công lập - LETCO đã khẳng định được vai trò vị thế và tạo dựng nên một tên tuổi có thương hiệu trên thị trường cung ứng lao động trong nước và quốc tế. Ngay từ ngày đầu thành lập, LETCO luôn xác định nhân tố con người, tổ chức bộ máy hợp lý và công tác quản trị khoa học sẽ quyết định sự phát triển bền vững của Công ty; Xây dựng quy trình xử lý công việc hợp lý và chuyên nghiệp, phát huy sự sáng tạo chủ động của từng cá nhân để có được đội ngũ tâm huyết với nghề, tinh thông nghiệp vụ, tận tụy với khách hàng phấn đấu cho giá trị cốt lõi “Niềm tin và trách nhiệm”. Toàn cảnh Lễ kỷ niệm Với sự cố gắng, nỗ lực của các thế hệ CBNV Công ty đã tạo nên một LETCO thực sự trưởng thành qua từng năm để có thương hiệu LETCO ngày hôm nay bằng những kết quả đáng ghi nhận: Xây dựng mối quan hệ hợp tác với gần 1.000 doanh nghiệp; Giới thiệu được trên 10.000 vị trí việc làm cho sinh viên; Đưa gần 30.000 lao động đến làm việc tại các thị trường Nhật Bản, Hàn Quốc, Đài Loan, UAE, Quatar,\\nnext_contents:\\n', 'content: Chương trình Lễ kỷ niệm 20 năm thành lập khoa Công nghệ May và Thiết kế thời trang Thứ Năm, 16:04 12/10/2023 749 I. MỤC ĐÍCH, YÊU CẦU 1. Mục đích Hướng tới kỷ niệm 125 năm truyền thống (1989 - 2023) trường Đại học Công nghiệp Hà Nội. Khoa Công nghệ May & Thiết kế thời trang, trường Đại học Công nghiệp Hà Nội tổ chức Lễ kỷ niệm 20 năm thành lập và phát triển. Tạo không khí phấn khởi tin tưởng vào kết quả, thành tựu 20 năm xây dựng và phát triển từ đó tôn vinh, ghi nhận những đóng góp to lớn của tập thể cán bộ, giảng viên khoa Công nghệ May & Thiết kế thời trang, đồng thời có những định hướng chiến lược mới phù hợp với giai đoạn tiếp theo. Các hoạt động còn thúc đẩy tình đoàn kết giữa các thế hệ học sinh, sinh viên, cán bộ, giảng viên; thực hiện tốt các phòng trào thi đua, các hoạt động về giảng dạy, NCKH nhằm thực hiện thắng lợi các chỉ tiêu nhiệm vụ năm học 2023 - 2024. 2. Yêu cầu - Các hoạt động cần tổ chức thiết thực, trang trọng, an toàn và tiết kiệm tạo không khí vui tươi phấn khởi của CBGV và sinh viên trước những bước phát triển mới của Khoa Công nghệ May & Thiết kế Thời trang. - Biểu dương, khen thưởng tập thể và cá nhân có thành tích xuất sắc trong việc xây dựng và phát triển khoa. - Tổ chức buổi lễ chu đáo, trọng thể và thực sự là ngày hội đặc biệt, lưu lại những ấn tượng tốt đẹp về Khoa Công nghệ May & Thiết kế thời trang trong lòng quý khách, các thế hệ giảng viên và sinh viên. II. THỜI GIAN, ĐỊA ĐIỂM 1. Thời gian : Dự kiến ngày 22 tháng 10 năm 2023. 2. Địa điểm: Hội trường tầng tầng 3-A11 III. THÀNH PHẦN THAM DỰ 1. Khách mời - Ban giám hiệu Trường Đại học Công nghiệp Hà Nội. - Trưởng, phó các đơn vị trong trường. - Các đồng chí nguyên là CBGV trong đơn vị. - Các đồng chí nguyên là lãnh đạo khoa - Đại diện các cơ quan, doanh nghiệp có hợp tác với Khoa. 2. Khoa Công nghệ May & Thiết kế thời trang - Toàn thể CBGV khoa CN May & Thiết kế Thời trang. - Các thế hệ cựu sinh viên, đại diện sinh viên các khóa đang học tập tại khoa. IV. NỘI DUNG 1. Phần\\nnext_contents:\\n', 'content: làm thị trường Nhật Bản giữa 03 đơn vị: phòng Đào tạo, khoa Ngoại ngữ và công ty LETCO. Đề án có ý nghĩa quan trọng trong việc tạo nhiều cơ hội việc làm cho sinh viên Đại học Công nghiệp Hà Nội tham gia thị trường lao động Nhật Bản với thu nhập cao. Nhân dịp này, công ty đã gửi lời tri ân đến các thế hệ lãnh đạo nhà trường và công ty LETCO Con số 20 ấn tượng và nhiều ý nghĩa, đó là sự kết thúc một chặng đường và bắt đầu một giai đoạn mới hứa hẹn những điều tốt đẹp. 20 năm - một chặng đường tuy không quá dài nhưng đủ để chứng minh sự nỗ lực, sự trưởng thành và những tiềm năng của một LETCO mạnh dạn, bứt phá với khát vọng vươn cao và vươn xa. LETCO - 20 năm vững trọn niềm tin Một số hình ảnh tại Lễ kỷ niệm: Thứ Năm, 12:58 26/11/2020 Tags: Đại học Công nghiệp Hà Nội công ty LETCO Lễ kỷ niệm 20 năm xây dựng phát triển xuất khẩu lao động du học\\nnext_contents:\\n- nhấn mạnh: Thành tích đã đạt được trong 20 năm là to lớn nhưng mục tiêu phát triển bền vững của công ty vẫn còn đang ở phía trước. Giá trị của Công ty không chỉ ở những con số ấn tượng đã nêu mà còn mang lại giá trị vô hình góp phần vào sự phát triển, tạo nên thương hiệu LETCO, thương hiệu Đại học Công nghiệp Hà Nội không chỉ ở Việt Nam mà còn vang danh ở khu vực và trên thế giới. PGS.TS. Trần Đức Quý đề nghị Công ty cần tiếp tục mở rộng hợp tác, củng cố “niềm tin” và không ngừng hoàn thiện, tích cực đổi mới trên mọi lĩnh vực để nâng cao hơn nữa hiệu quả và giữ vững vị trí doanh nghiệp hàng đầu trong cung ứng nhân lực; mong rằng cán bộ, nhân viên công ty LETCO cùng đoàn kết, năng động, sáng tạo để đưa công ty phát triển trên một tầm cao mới. Ông Bùi Kim Sơn - Giám đốc công ty LETCO phát biểu tại Lễ kỷ niệm Thay mặt cán bộ, nhân viên công ty LETCO, ông Bùi Kim Sơn - Giám đốc công ty trân trọng cảm ơn và tri ân các thế hệ lãnh đạo, nhân viên, học viên, sinh viên đã và đang nỗ lực cống hiến, đóng góp vào sự phát triển lớn mạnh của LETCO. Ông. Bùi Kim Sơn cũng gửi lời cảm ơn đến các đối tác là các tổ chức, doanh nghiệp trong và ngoài nước đã đồng hành, hợp tác cùng công ty trong suốt hành trình 20 năm qua. Ký kết hợp tác thực hiện Đề án đào tạo cử nhân, kỹ sư định hướng việc làm thị trường Nhật Bản Tại sự kiện đã diễn ra ký kết hợp tác thực hiện Đề án đào tạo cử nhân, kỹ sư định hướng việc làm thị trường Nhật Bản giữa 03 đơn vị: phòng Đào tạo, khoa Ngoại ngữ và công ty LETCO. Đề án có ý nghĩa quan trọng trong việc tạo nhiều cơ hội việc làm cho sinh viên Đại học Công nghiệp Hà Nội tham gia thị trường lao động Nhật Bản với thu nhập cao. Nhân dịp này, công ty đã gửi lời tri ân đến các thế hệ lãnh đạo nhà trường và công ty LETCO Con số 20 ấn tượng và nhiều ý nghĩa, đó là sự kết thúc một chặng đường và bắt đầu một giai đoạn mới hứa hẹn những điều tốt đẹp. 20 năm - một chặng đường tuy\\n', 'content: khoa Công nghệ Thông tin, Trường Đại học Công nghiệp Hà Nội. FPT Software trao 20 suất học bổng 100% khóa học tiếng Nhật trị giá từ 1.390.000 tới 4.710.000 / 1 khóa Các diễn giả từ trái qua phải: Anh Đào Việt Bách - Trưởng phòng Tuyển dụng và Thu hút Nhân tài, FPT Software Academy; Anh Lê Thành Nhân - Giám đốc FPT Software Hà Nội; Anh Nguyễn Phụ Hưng - Project Manager, BrSE tại FPT Software. Ngành Công nghệ Thông tin và Truyền thông (ICT) đang phát triển mạnh mẽ, khu vực châu Á, đặc biệt là thị trường Nhật Bản, đã và đang ghi nhận những bước tiến vượt bậc. Theo dự báo, ngành ICT Nhật Bản sẽ đạt tốc độ tăng trưởng lên đến 8,6% mỗi năm trong giai đoạn 2022-2032, với quy mô dự kiến 941 tỷ USD vào năm 2032. Sự phát triển này kéo theo nhu cầu rất lớn về nguồn nhân lực chất lượng cao cho thị trường Nhật Bản, mở ra những cơ hội hợp tác đầy hứa hẹn cho các doanh nghiệp Việt Nam, cũng như cơ hội nghề nghiệp chất lượng cho nhân sự ngành ICT ở thị trường này. “Cử nhân Công nghệ thông tin Nhật Bản - Japanese BrSE” là chương trình đào tạo chuyên sâu do FPT Software phối hợp cùng Khoa Công nghệ thông tin, Trường Đại học Công nghiệp Hà Nội tổ chức, nhằm trang bị năng lực ngoại ngữ tiếng Nhật IT và kiến thức công nghệ thông tin thực chiến dành cho sinh viên có mong muốn định hướng làm việc tại thị trường Nhật Bản. Thứ Hai, 16:56 30/09/2024 Tags: Đại học Công nghiệp Hà Nội HaUI ĐHCNHN sinh viên IT Khoa Công nghệ Thông tin ICT Nhật Bản FPT Leader Talk Hành trang Nhật Tiến Japanese BrSE\\nnext_contents:\\n- Sinh viên ngành IT HaUI hào hứng tiếp cận thị trường ICT Nhật Bản Thứ Hai, 16:56 30/09/2024 1018 “FPT Leader Talk: Hành trang Nhật Tiến” là chương trình do FPT Software phối hợp với Khoa Công nghệ Thông tin, Trường Đại học Công nghiệp Hà Nội tổ chức ngày 30/9/2024, nhằm giúp các bạn sinh viên có góc nhìn tổng quan về cơ hội việc làm ICT thị trường Nhật Bản, cũng như xác định được những hành trang cần thiết cho hành trình Nhật tiến. Buổi chia sẻ thu hút hơn 200 sinh viên khoá 17 Khoa Công nghệ Thông tin, Trường Đại học Công nghiệp Hà Nội quan tâm tham dự. Anh Nguyễn Văn Vinh - Phó giám đốc FPT Software Academy nhận định doanh thu của thị trường IT Services tại Nhật Bản dự kiến đạt 36 tỷ USD trong năm nay, và hơn 40% công việc của thị trường này được dự báo là thuê outsource. Đến năm 2030, Nhật Bản sẽ thiếu khoảng 790.000 chuyên gia ICT. TS. Đặng Trọng Hợp - Trưởng khoa Công nghệ Thông tin cho rằng, chất lượng đầu vào sinh viên ngành IT tại trường ngày một nâng cao, để đáp ứng tốt hơn nguồn nhân lực ICT toàn cầu trong tương lai, sinh viên cần được định hướng và chủ động trang bị kỹ năng, ngôn ngữ để đón đầu chuỗi cơ hội rộng mở, hội nhập hiện nay và trong tương lai Chị Trần Thị Quỳnh Mai - Quản lý chương trình đào tạo ICT tiếng Nhật tại FPT Software chia sẻ những hoạt động cụ thể về việc phối hợp đầu tư đào tạo với nhà trường. Anh anh Nguyễn Văn Vinh - Phó giám đốc FPT Software Academy, trao tài trợ chương trình cử nhân CNTT cầu nối Nhật Bản tới TS. Đặng Trọng Hợp - Trưởng khoa Công nghệ Thông tin, Trường Đại học Công nghiệp Hà Nội. FPT Software trao 20 suất học bổng 100% khóa học tiếng Nhật trị giá từ 1.390.000 tới 4.710.000 / 1 khóa Các diễn giả từ trái qua phải: Anh Đào Việt Bách - Trưởng phòng Tuyển dụng và Thu hút Nhân tài, FPT Software Academy; Anh Lê Thành Nhân - Giám đốc FPT Software Hà Nội; Anh Nguyễn Phụ Hưng - Project Manager, BrSE tại FPT Software. Ngành Công nghệ Thông tin và Truyền thông (ICT) đang phát triển mạnh mẽ, khu vực châu Á, đặc biệt là thị\\n']","['<1-hop>\\n\\nHành trình 16 thanh xuân tuổi trẻ Đội Thanh niên tình nguyện Với tinh thần “Đâu cần thanh niên có, việc gì khó có thanh niên”, màu áo xanh tình nguyện đã trở thành hình ảnh quen thuộc thể hiện vai trò xung kích và cống hiến của tuổi trẻ Khoa Công nghệ thông tin Trường Đại học Công Nghiệp Hà Nội cho cộng đồng, xã hội. Từ những ngày đầu non trẻ, giờ đây – sau 16 năm, Đội Thanh niên tình nguyện Khoa CNTT - HaUI ngày càng lớn mạnh, kết nối hàng trăm gương mặt ưu tú, nhiệt huyết, năng động, là “cánh tay đắc lực” của Đoàn Thanh niên. Tối 30/11 vừa qua, tất cả nam thanh, nữ tú từng khoác lên mình màu áo xanh tình nguyện đã tụ hội, cùng nâng ly chúc mừng sinh nhật 16 tuổi của Đội Thanh niên tình nguyện. Đội Thanh niên tình nguyên thuộc Ban chấp hành Liên chi Đoàn Khoa CNTT, được ra đời cùng gần với quá trình xây dựng và phát triển Khoa CNTT HaUI. Có thể nói, Đội TNTN là một gia đình nhỏ trong gia đình lớn Khoa CNTT HaUI, là mái nhà chung của của các bạn sinh viên yêu thích các hoạt động tình nguyện, tham gia các hoạt động công ích cho xã hội. Tại đây, các bạn trẻ đã “kề vai sát cánh” trong nhiều hoạt động ý nghĩa của Nhà trường và xã hội như: Tết ấm yêu thương, tình nguyện vì cộng đồng, đại lễ Vu lan, Phát cháo từ thiên, Tri ân thầy cô 20/11, hỗ trợ nhập học, hỗ trợ chào tân SV, hỗ trợ Lễ tốt nghiệp trao bằng…Mỗi dịp sinh nhật, Đội TNTN lại cùng nhau ôn lại những kỷ niệm đã cùng nhau trải qua, những thành tích đã đạt được cũng như những điều cần rút kinh nghiệm. Các thế hệ TNTN Khoa CNTT HaUI tề tựu mừng sinh nhật 16 tuổi của Đội TNTN. Thay mặt Ban chủ nhiệm Khoa, TS. Đặng Trọng Hợp – Trưởng khoa CNTT HaUI gửi lời chúc mừng sinh nhật Đội “Tấm lòng sáng, tinh thần nhiệt huyết, sống vì cộng đồng của các em đã giúp Đội TNTN lớn mạnh như ngày hôm nay. Các em chính là một trong những lực lượng nòng cốt, luôn sát cánh cùng Khoa, Nhà trường trong mọi hoạt động. Chúc cho tất cả những sinh viên đã và đang khoác trên mình chiếc áo xanh tình nguyện Khoa CNTT HaUI luôn giữ được nhiệt huyết của tuổi trẻ; hoàn thành tốt nhiệm vụ học tập, làm việc; duy trì và lan tỏa các công việc từ thiện, vì cộng đồng”.. TS. Đặng Trọng Hợp chúc mừng sự lớn mạnh của Đội TNTN – “cánh tay đắc lực” của Đoàn Thanh niên. Đại diện Ban Chủ nhiệm Khoa CNTT tặng quà sinh nhật Đội TNTN. Đại diện Ban Chủ nhiệm Khoa, Đoàn Thanh niên và Đội TNTN cắt bánh sinh nhật. Nguyễn Hữu Nhật – Đội trưởng Đội TNTN thay mặt toàn Đội cam kết: “Đội TNTN Khoa CNTT hứa sẽ tiếp tục cống hiến hết mình cho Nhà trường và xã hội; luôn là những người trẻ FIT-HaUI không ngại khó, ngại khổ; sẵn sàng tham gia mọi hoạt động có ích cho xã hội, cho cộng đồng”. Những cái bắt tay, cái ôm ấm áp của các thành viên, cựu thành viên cho thấy: Đội TNTN Khoa CNTT HaUI luôn là một đại gia đình. Những trái tim nhiệt huyết cùng tinh thần đoàn kết của tuổi trẻ tình nguyện sẽ luôn sát cánh cùng thầy cô trong mọi hoạt động Nhà trường và xã hội. Dù ở đâu, làm gì, tuổi trẻ FIT-HaUI vẫn luôn là những người trẻ năng động nhiệt huyết và thành công! Thứ Sáu, 10:37 06/12/2024 Tags:', '<2-hop>\\n\\nChia sẻ khi nhận nhiệm vụ là tân Đội trưởng Đội Thanh niên tình nguyện Khoa CNTT HaUI khoá mới, bạn Nguyễn Hữu Nhật, đội trưởng nhiệm kỳ 2024-2025 cho biết: ""Mình rất vui vì được Ban Chấp hành Đoàn trường, ban chủ nhiệm khoá cũ và toàn đội tín nhiệm, tin tưởng giao trọng trách trở thành người dẫn dắt đội trong thời gian tới. Những thành tựu mà Đội Thanh niên tình nguyện Khoa CNTT HaUI đạt được trong thời gian qua có được là nhờ những đóng góp không ngừng nghỉ của ban lãnh đạo khoá cũ và các thành viên trong Đội"". ""Thời gian tới, mình và ban lãnh đạo khoá mới sẽ cố gắng hết sức để phát huy truyền thống của đội, tiếp tục đưa Đội Thanh niên tình nguyện Khoa CNTT HaUI phát triển đi lên; Trở thành một trong những lá cờ đầu trong hoạt động của Đoàn Thanh niên trường Đại học Công Nghiệp Hà Nội"", Nhật nhấn mạnh. Thứ Sáu, 14:26 06/12/2024 Tags:']","Trong 16 năm qua, Đội Thanh niên tình nguyện Khoa Công nghệ Thông tin, Đại học Công nghiệp Hà Nội đã có những bước phát triển đáng kể. Đội đã tổ chức nhiều hoạt động tình nguyện, góp phần nâng cao tinh thần đoàn kết và trách nhiệm xã hội của sinh viên. Các hoạt động này không chỉ giúp sinh viên rèn luyện kỹ năng mà còn tạo ra những giá trị tích cực cho cộng đồng.

Về kế hoạch cho nhiệm kỳ 2024-2025, tân Đội trưởng Nguyễn Hữu Nhật đã đề ra một số mục tiêu và hoạt động cụ thể nhằm tiếp tục phát huy vai trò của Đội trong việc tổ chức các hoạt động tình nguyện, nâng cao chất lượng hoạt động đoàn hội, và tạo ra nhiều cơ hội cho sinh viên tham gia vào các dự án cộng đồng.

### Một số hoạt động nổi bật trong 16 năm qua:
- Tổ chức các chương trình tình nguyện tại địa phương.
- Tham gia các hoạt động hỗ trợ cộng đồng như quyên góp, giúp đỡ người nghèo, trẻ em mồ côi.
- Tổ chức các buổi hội thảo, tọa đàm về kỹ năng mềm cho sinh viên.

### Kế hoạch của tân Đội trưởng Nguyễn Hữu Nhật:
- Tăng cường các hoạt động tình nguyện gắn liền với học tập và nghiên cứu.
- Mở rộng hợp tác với các tổ chức, doanh nghiệp để tạo thêm cơ hội cho sinh viên.
- Đẩy mạnh tuyên truyền và nâng cao nhận thức về trách nhiệm xã hội trong sinh viên.

Nếu bạn cần thêm thông tin chi tiết về các hoạt động cụ thể hoặc các chương trình khác của Khoa Công nghệ Thông tin, hãy cho tôi biết! 

[LETCO - 20 năm xây dựng và phát triển] - [**Link tham khảo**](https://www.haui.edu.vn/vn/tin-tuc/letco-20-nam-xay-dung-va-phat-trien/62877).","Trong 16 năm qua, Đội Thanh niên tình nguyện Khoa CNTT HaUI đã phát triển mạnh mẽ, trở thành một gia đình nhỏ trong gia đình lớn Khoa CNTT HaUI, kết nối hàng trăm sinh viên nhiệt huyết và năng động. Đội đã tham gia nhiều hoạt động ý nghĩa cho cộng đồng như Tết ấm yêu thương, phát cháo từ thiện, và hỗ trợ sinh viên mới. Tân Đội trưởng Nguyễn Hữu Nhật cho biết rằng trong nhiệm kỳ 2024-2025, anh và ban lãnh đạo mới sẽ cố gắng phát huy truyền thống của đội, tiếp tục đưa Đội Thanh niên tình nguyện Khoa CNTT HaUI phát triển và trở thành một trong những lá cờ đầu trong hoạt động của Đoàn Thanh niên trường Đại học Công Nghiệp Hà Nội.",0.8518101607939799,0.0,0.0,0.5,1.094444990158081,8.16402816772461
Viettel đã hỗ trợ như thế nào cho kỳ thi ICPC Asia Hanoi 2024 và vai trò của Viettel Money trong quá trình nhập học trực tuyến tại Trường Đại học Công nghiệp Hà Nội?,"['content: Sinh viên Khoa Công nghệ thông tin xuất sắc đạt học bổng tài năng Samsung STP năm 2024 Vừa qua ngày 16/10/2024, Trung tâm Nghiên cứu và Phát triển Samsung Việt Nam (SRV) đã tổ chức Lễ trao học bổng sinh viên tài năng Samsung STP dành cho sinh viên các trường Đại học tại Việt Nam. Sinh viên Khoa Công nghệ thông tin Trường Đại học Công Nghiệp Hà Nội đã xuất sắc và vinh dự đạt được học bổng. Sinh viên Bùi Trường Giang khóa 16 ngành Khoa học máy tính Khoa CNTT – Trường ĐH Công Nghiệp Hà Nội giành được học bổng Tài năng STP năm 2024 sẽ được Samsung Việt Nam tài trợ học bổng trị giá 3000 USD. Cùng với đó, sinh viên sẽ có cơ hội được đào tạo chuyên sâu, thực tập nghề nghiệp với các đề tài công nghệ mới, dưới sự hướng dẫn của các Kỹ sư giàu kinh nghiệm tại SRV. Đồng thời, sinh viên sẽ được đào tạo các kỹ năng về lập trình, về thuật toán chuyên sâu, củng cố kiến thức chuyên môn vững chắc trước khi tốt nghiệp. Các sinh viên đạt học bổng STP đều đã hoàn thành các khóa học Thuật toán ứng dụng do Khoa Công nghệ thông tin phối hợp với Samsung SRV phối hợp tổ chức với kết quả xuất sắc. TS. Đặng Trọng Hợp – Trưởng Khoa CNTT Trường ĐH Công Nghiệp Hà Nội và các sinh viên HaUI nhận học bổng Tài năng Samsung STP 2024 Trường Đại học Công Nghiệp Hà Nội là một trong các trường đại học thuộc khu vực phía Bắc được thụ hưởng chương trình học bổng “Tài năng Samsung” – STP 2024. Chương trình học bổng STP 2024 là một nội dung trong Biên bản hợp tác toàn diện giữa Trường Đại học Công Nghiệp Hà Nội và Samsung Electronic Việt Nam cho giai đoạn 2023 – 2025. Theo biên bản hợp tác được ký kết, bên cạnh việc hai đơn vị thống nhất sẽ tiếp tục triển khai là chương trình học bổng STP, HaUI và Samsung sẽ triển khai các dự án hợp tác nghiên cứu về công nghệ di động, các khóa học đào tạo ngắn hạn về Thuật toán ứng dụng và các khóa đào tạo ngắn khác về IoT, Big Data, Security, Embedded System… giành cho sinh viên HaUI. Thứ Hai, 14:55 21/10/2024 Tags:\\nnext_contents:\\n', 'content: Việt Lào thành phố Hà Nội, Trung tâm Sinh viên Quốc tế - Bộ Giáo dục và Đào tạo, đại diện lãnh đạo các trường: Trường Hữu nghị 78, Trường Hữu nghị 80. - Lưu học sinh (LHS) Trường Đại học Công nghiệp Hà Nội, LHS Trung tâm sinh viên Quốc tế, LHS Trường Hữu nghị 78, LHS Trường Hữu nghị 80, LHS Trường Đại học Thương mại, LHS Trường Đại học Sư phạm Hà Nội, LHS Học viện Tài chính, đại diện hội LHS Mông Cổ tại Hà Nội, đại diện Hội sinh viên Mô dăm bích tại Hà Nội, đại diện Hội sinh viên Palestine. 2. Trường Đại học Công nghiệp Hà Nội - Đại diện Ban giám hiệu. - Đại diện các phòng: Công tác Sinh viên, Tổ chức hành chính. - Đại diện các khoa: Công nghệ thông tin, Quản lý Kinh doanh, Kế toán kiểm toán, Công nghệ Ô tô, Điện, Điện tử. - Đại diện các Trung tâm: TT & QHCC, HTQT, GDTC&TT, Hỗ trợ Sinh viên - Đại diện Trường Ngoại ngữ - Du lịch. - Đại diện Đoàn thanh niên, Hội sinh viên. 3. Đối tượng tham gia: - Lưu học sinh các trường khách mời. - Lưu học sinh đang học tập tại Trường ĐHCN Hà Nội. - Sinh viên các ngành: Ngôn ngữ Hàn Quốc, Ngôn ngữ Nhật Bản, Ngôn ngữ Trung Quốc, Ngôn ngữ Anh, Tiếng Việt và văn hóa Việt Nam thuộc Trường Ngoại ngữ Du lịch. - Sinh viên Trường ĐHCN Hà Nội quan tâm đến sự kiện. Trân trọng kính mời cán bộ, giảng viên và học viên, sinh viên nhà trường tham gia sự kiện. Thứ Ba, 07:56 28/03/2023 Tags: Hợp tác quốc tế giao lưu văn hóa sinh viên quốc tế\\nnext_contents:\\n- Giao lưu văn hóa thể thao sinh viên quốc tế năm 2023 Thứ Ba, 07:56 28/03/2023 979 Trường Đại học Công nghiệp Hà Nội tổ chức chương trình Giao lưu văn hóa sinh viên quốc tế năm 2023. I. MỤC ĐÍCH - YÊU CẦU - Tạo sân chơi giao lưu, học hỏi bổ ích cho sinh viên, lưu học sinh nhà trường, góp phần tạo không khí thi đua học tập trong sinh viên nhà trường nói chung và lưu học sinh nói riêng. - Thu hút đông đảo sinh viên - lưu học sinh quan tâm, hưởng ứng. - Quảng bá rộng rãi đến các đối tượng là sinh viên quốc tế. - Đảm bảo hiệu quả, chất lượng và an toàn. II. THỜI GIAN - ĐỊA ĐIỂM - Thời gian: ngày 01 và 02/04/2023 - Địa điểm: Nhà A12 - Trường Đại học Công nghiệp Hà Nội. III. CHƯƠNG TRÌNH: - Thi đấu thể thao các môn: bóng rổ nam, cầu lông nam – nữ, kéo co nam – nữ (thi đấu với LHS các trường khách mời) - Cắm trại: sinh viên Việt Nam và LHS tổ chức cắm trại thể hiện bản sắc văn hóa của các quốc gia theo chủ đề do Ban tổ chức cung cấp. Ban tổ chức chấm thi và trao giải. - Giao lưu văn hóa và ẩm thực: Sinh viên và Lưu học sinh biểu diễn các tiết mục văn nghệ tập thể, tham gia các trò chơi tập thể; chế biến các món ăn thể hiện bản sắc dân tộc, làm các món quà thể hiện bản sắc văn hóa dân tộc. - Giao lưu văn hóa văn nghệ: Sinh viên và Lưu học sinh biểu diễn các tiết mục văn nghệ đặc sắc, công bố và trao giải cuộc thi cắm trại, thể thao. IV. THÀNH PHẦN 1. Khách mời - Tham tán Văn hóa - Giáo dục, Đại sứ quán các nước: CHDCND Lào, CH Mô - dăm - bích , Mông Cổ, Hàn Quốc, Trung Quốc; Hội hữu nghị Việt Lào thành phố Hà Nội, Trung tâm Sinh viên Quốc tế - Bộ Giáo dục và Đào tạo, đại diện lãnh đạo các trường: Trường Hữu nghị 78, Trường Hữu nghị 80. - Lưu học sinh (LHS) Trường Đại học Công nghiệp Hà Nội, LHS Trung tâm sinh viên Quốc tế, LHS Trường Hữu nghị 78, LHS Trường Hữu nghị 80, LHS Trường Đại học Thương mại, LHS Trường Đại học Sư phạm Hà Nội, LHS Học viện Tài chính, đại diện hội LHS Mông Cổ tại Hà Nội, đại diện Hội sinh viên Mô dăm bích tại Hà Nội, đại diện Hội sinh viên Palestine.\\n', 'content: nhằm giảm chi phí sản xuất và vận hành; - Quản lý logistics và chuỗi cung ứng; - Quản lý sản xuất; - Quản lý và điều hành các hệ thống kho vận, vật tư, giao nhận; - Bảo trì và điều hành máy móc. 4. Hệ thống đào tạo ngành Hệ thống công nghiệp tại Việt Nam và trên thế giới? - Hệ thống đào tạo trên thế giới Ngành kỹ thuật hệ thống công nghiệp được đào tạo hầu hết ở các nước phát triển và đang phát triển, đặc biệt các trường Đại học nổi tiếng thế giới như: Stanford Univesity (Anh quốc); University of Florida (Mỹ); RWTHAACHEN Unversity (Đức); Korea University (Hà Quốc); École Polytechnique (Pháp); National Unversity of Singapore vv… - Hệ thống đào tạo trong nước Ngành Kỹ thuật hệ thống công nghiệp đã và đang được đào tạo tại các trường trong nước như: Đại học Công nghiệp Hà Nội; Đại học Bách khoa Tp. HCM; Đại học quốc tế thuộc ĐHQG Tp. HCM; Đại học Nguyễn Tất Thành; Đại học Bách khoa Đà nẵng; Đại học Cần Thơ; Đại học Quốc tế thuộc ĐHQGHN; Đại học Sư phạm Kỹ thuật Hưng Yên; Đại học Hàng Hải. Sinh viên ngành Hệ thống kỹ thuật công nghiệp tại Đại học Công nghiệp Hà Nội 5. Đào tạo ngành Kỹ thuật hệ thống công nghiệp tại Đại học công nghiệp Hà Nội - Khóa đào tạo Ngành Kỹ thuật hệ thống công nghiệp được đào tạo tại Đại học Công nghiệp Hà nội từ năm 2019 bắt đầu từ khóa K14. Trong quá trình đào tạo, hằng năm CTĐT ngành KTHTCN đều có sự rà soát và điều chỉnh cấp học phần. Đặc biệt, năm 2023 thực hiện kế hoạch về điều chỉnh khung CTĐT, ngành KTHTCN đã được cập nhật nhiều lĩnh vực mới nhằm đáp ứng được xu hướng phát triển của xã hội, của doanh nghiệp, đặc biệt là xu hướng phát triển của khoa học công nghệ, trí tuệ nhân tạo và cuộc cách mạng 4.0. Đến năm 2023 hiện có 05 khóa (từ K14 - K18) đã và đang được đào tạo tại Đại học Công nghiệp Hà Nội. Trong đó, khóa 14 đã tốt nghiệp năm 2023, thông qua khảo sát việc làm đối với sinh viên K14 sau 6 tháng tốt nghiệp hầu hết các em đều có việc làm đúng ngành, đúng nghề sau khi ra trường. Trong đó, một số cựu sinh viên đã được bồi dưỡng để\\nnext_contents:\\n- Kỹ thuật hệ thống công nghiệp: ngành học mở ra cơ hội việc làm trong môi trường công nghiệp 4.0 Thứ Sáu, 09:09 10/05/2024 15103 TS.Nguyễn Quốc Tuấn Khoa Hệ thống công nghiệp, Trường Cơ khí - Ô tô 1. Hiểu về ngành Hệ thống công nghiệp như thế nào? Kỹ thuật hệ thống công nghiệp (tên tiếng anh Industrial Systems Engineering, ISE), là ngành đào tạo ra những người chuyên điều hành các hoạt động sản xuất, dịch vụ, cung ứng, dự án cho doanh nghiệp, công ty, cơ sở sản xuất, cơ sở dịch vụ. Lịch sử ngành Kỹ thuật hệ thống công nghiệp gắn liền với CMCN tại Mỹ và Anh vào cuối thế kỷ XIX khi gắn quy mô sản xuất, phát triển doanh nghiệp cần những nhà chuyên môn có năng lực điều hành việc vận hành sản xuất sao cho hiệu quả nhất, tiết kiệm nhất nhưng vẫn đảm bảo chất lượng. Tiến trình hình thành ngành Kỹ thuật hệ thống công nghiệp Theo Viện Kỹ thuật hệ thống công nghiệp Mỹ ( www.iise.org ), Kỹ thuật hệ thống công nghiệp là ngành kỹ thuật giúp tối ưu hóa quá trình, hệ thống, tổ chức thông qua việc loại bỏ lãng phí về thời gian, tiền bạc, vật tư, nhân công, giờ chạy máy, năng lượng trong vận hành… nhằm nâng cao chất lượng và năng suất. 2. Các lĩnh vực của ngành Kỹ thuật hệ thống công nghiệp Các lĩnh vực ngành Kỹ thuật hệ thống công nghiệp 3. Vị trí việc làm của ngành Kỹ thuật hệ thống công nghiệp - Phân tích các giải pháp tối ưu hóa trong sản xuất và dịch vụ; - Thiết kế hệ thống quản lý nguồn lực doanh nghiệp; - Phân tích và cải tiến chất lượng sản phẩm, dịch vụ; - Thiết kế giải pháp tổng thể nhằm giảm chi phí sản xuất và vận hành; - Quản lý logistics và chuỗi cung ứng; - Quản lý sản xuất; - Quản lý và điều hành các hệ thống kho vận, vật tư, giao nhận; - Bảo trì và điều hành máy móc. 4. Hệ thống đào tạo ngành Hệ thống công nghiệp tại Việt Nam và trên thế giới? - Hệ thống đào tạo trên thế giới Ngành kỹ thuật hệ thống công nghiệp được đào tạo hầu hết ở các nước phát triển và đang phát triển, đặc biệt các trường Đại học nổi tiếng thế giới như: Stanford Univesity (Anh quốc); University\\n', 'content: [daibieunhandan] Trường ĐH Công nghiệp Hà Nội đào tạo liên kết quốc tế 2+2 ngành Ngôn ngữ Trung Quốc Thứ Ba, 17:55 12/03/2024 183 Đây là chương trình đào tạo liên kết giữa Trường Ngoại ngữ - Du lịch, Trường Đại học Công nghiệp Hà Nội và Đại học Khoa học kỹ Thuật Quảng Tây (Trung Quốc). đại diện Trường Đại học Công nghiệp Hà Nội, với định hướng đào tạo nguồn nhân lực chất lượng cao đáp ứng yêu cầu của cách mạng công nghiệp 4.0 và sẵn sàng hội nhập toàn cầu, nhà trường đã tập trung triển khai các hoạt động quốc tế hóa giáo dục. Việc hợp tác với các trường đại học danh tiếng của nước ngoài để triển khai các chương trình đào tạo là một trong những hướng ưu tiên trong hợp tác đào tạo của Trường Đại học Công nghiệp Hà Nội, góp phần nâng cao chất lượng, trải nghiệm học tập trong và ngoài nước. Trường Đại học Công nghiệp Hà Nội tổ chức thành công cuộc thi “Tài năng Hán ngữ” cho sinh viên ngành Ngôn ngữ Trung Quốc đến từ các trường đại học, học viện khu vực miền Bắc Đại diện Trường Đại học Công nghiệp Hà Nội cho biết, ngành Ngôn ngữ Trung Quốc 2+2 được xem là cơ hội rất tốt cho các thí sinh tốt nghiệp THPT tổ hợp môn khối D1, D4 và thí sinh có chứng chỉ quốc tế. Khi trở thành sinh viên ngành này, các em có cơ hội học tập, trải nghiệm thực tế ở hai môi trường đào tạo ngôn ngữ chất lượng cao tại Việt Nam và Trung Quốc. Đội ngũ giảng viên được Trường Đại học Công nghiệp Hà Nội lựa chọn giảng dạy chuyên ngành này là những giảng viên có trình độ cao (Phó Giáo sư, Tiến sĩ, Thạc sĩ) được đào tạo tại các trường đại học nổi tiếng trong nước và quốc tế, đồng thời có sự tham gia giảng dạy trực tiếp của giảng viên Trung Quốc. Cơ sở vật chất và môi trường giáo dục hiện đại, thông minh của Trường Đại học Công nghiệp Hà Nội như phòng học, thư viện, quần thể các công trình thể thao, văn hóa khép kín, đa chức năng với nhiều tiện ích hứa hẹn đem đến trải nghiệm tốt nhất cho người học. Ngoài ra, nhà trường cũng trang bị phòng học thực hành phiên dịch, góp phần tăng cơ hội thực hành kỹ năng\\nnext_contents:\\n', 'content: Nhiều doanh nghiệp tuyển dụng sinh viên khoa Công nghệ thông tin thực tập “Đào tạo gắn kết với doanh nghiệp” là một trong những yếu tố khẳng định thế mạnh và uy tín của Khoa Công nghệ thông tin Trường ĐH Công nghiệp Hà Nội trong quá trình đào tạo. Với mục tiêu nối dài điểm đến cho học kỳ thực tế, tăng cường kênh kiến tập - thực tập và đảm bảo việc làm cho sinh viên, Khoa CNTT liên tục mở rộng mạng lưới doanh nghiệp đối tác. Mối quan hệ bền chặt giữa Khoa – sinh viên – doanh nghiệp luôn được thể hiện rõ qua các hoạt động xây dựng chương trình đào tạo, giảng dạy, các hội thảo, chuyên đề trang bị kỹ năng, chuỗi tham quan, học tập thực tế,... Vừa qua, từ ngày 2/12/2019 đến ngày 10/12/2019 các doanh nghiệp FPT Software, Gameloft, FPT Information System, ITG, 3S, EFY, Misa, Powergate Software, NTQ, VTI, AHT, Toshiba, Smart OSC…đã có buổi phỏng vấn và tuyển dụng thực tập sinh viên Đại học Khóa 11 Khoa Công nghệ thông tin Trường ĐH Công nghiệp Hà Nội. Chương trình thu hút đông đảo sinh viên khóa ĐH Khóa 11 tham gia đăng ký Sinh viên tìm hiểu về doanh nghiệp Sinh viên làm bài test của doanh nghiệp Các doanh nghiệp đến phỏng vấn sinh viên Sinh viên làm bài test của doanh nghiệp Với phương châm đào tạo gắn kết thực tiễn, Khoa Công nghệ thông tin luôn đề ra những giải pháp tốt nhất nhằm đưa sinh viên đến với doanh nghiệp và đưa doanh nghiệp đến với sinh viên. Việc quan tâm sâu sát quá trình triển khai hợp tác các doanh nghiệp là giải pháp hiệu quả để sinh viên có cơ hội tiếp cận, học hỏi môi trường làm việc thực tế, nắm bắt xu hướng ngành nghề đồng thời thực hiện cam kết đáp ứng tốt nhất nhu cầu nhân lực của xã hội. Cùng với nỗ lực phấn đấu của mỗi sinh viên, sự đồng hành, hỗ trợ của Nhà trường, của Khoa chắc chắn sẽ giúp sinh viên Khoa Công nghệ thông tin tự tin chinh phục các nhà tuyển dụng, cạnh tranh hiệu quả trong thời đại 4.0. Thứ Tư, 09:43 25/12/2019 Tags:\\nnext_contents:\\n']","['<1-hop>\\n\\nHướng dẫn nhập học Online BƯỚC 1: NHẬP HỌC TRỰC TUYẾN Thí sinh mở tài khoản ngân hàng BIDV(hướng dẫn tại đây) hoặc ví điện tử Viettel Money ( Đăng ký tại đây ) và nộp tiền vào tài khoản theo số tiền phải nộp trong Giấy báo nhập học (Nhà trường liên kết với BIDV và Viettel Money để thực hiện dịch vụ thu hộ học phí và trung gian thanh toán (miễn phí) ). Để có thể xác nhận nhập học trực tuyến thí sinh cần mở tài khoản BIDVhoặcViettel Money (Nhà trường khuyến khích thí sinh mở tài khoản của cả hai đơn vị cung cấp dịch vụ để đa dạng hóa phương thức và thuận tiện trong quá trình thực hiện thanh toán). Lưu ý: Sinh viên khi làm thủ tục nhập học và trong suốt quá trình học nên sử dụng duy nhất 01 số điện thoại cá nhân để thuận tiện cho việc làm thủ tục nhập học, thanh toán học phí hoặc nhận chi trả các khoản như: chế độ chính sách, học bổng, chi phí khác.... Anh/Chị có thể nhập học trực tuyến theo 03 cách sau: Cách 1: Tải và cài đặt ứng dụng “MyHaUI” trên Apple Store, CH Play Cách 2: Truy cập cổng thông tin nhập học trực tuyến https://nhaphoc.haui.edu.vn của Nhà trường Cách 3: Nộp tiền thông qua ứng dụng BIDV hoặc Viettel Money. Tải ứng dụng BIDV hoặc Viettel Money và làm theo hướng dẫn trên ứng dụng (Chi tiết tham khảo tại Website: https://nhaphoc.haui.edu.vn tại mục Mở tài khoản BIDV hoặc các điểm giao dịch của: BIDV– hotline: ; Viettel Money – hotline: 0965.778.999, 0979.928.068, 0987.538.788 * Cổng thanh toán: Hiện tại Nhà trường liên kết với BIDV và Viettel Money để thực hiện dịch vụ thu hộ học phí và trung gian thanh toán (miễn phí) . Để thực hiện nhập học trực tuyến sinh viên cần mở tài khoản BIDV hoặc Viettel Money (Nhà trường khuyến khích sinh viên mở tài khoản của cả hai đơn vị cung cấp dịch vụ để đa dạng hóa phương thức và thuận tiện trong quá trình thực hiện thanh toán). ** Anh/Chị có nguyện vọng ở Ký túc xá (KTX) tham khảo thông tin tại Website http://ssc.haui.edu.vn (Mọi thắc mắc liên quan đến nộp tiền nhập học, các khoản thu xin liên hệ số Hotline 0988.156.363, 0983.668.171 ) BƯỚC 2: KIỂM TRA VÀ CẬP NHẬP HỒ SƠ SINH VIÊN 1. Đăng nhập hệ thống: Truy cập ứng dụng MyHaUI hoặc cổng thông tin sinh viên theo địa chỉ: https://sv.haui.edu.vn và sử dụng tài khoản theo thông tin được cấp. 2. Kiểm tra và cập nhật thông tin sinh viên: Vào phần “Thông tin cá nhân” , mục “Cập nhật thông tin sinh viên” . Tại màn hình này, sinh viên thực hiện cập nhật đầy đủ, chính xác các thông tin: “Thông tin cá nhân” , “Thông tin gia đình” , “Thông tin liên hệ” * Một số chức năng cơ bản của Hệ thống đại học điện tử: - Nhận các thông báo từ Nhà trường liên quan đến các hoạt động: Học tập, khảo thí, chế độ chính sách, học bổng, khen thưởng, kế hoạch thực tập – việc làm… - Thực hiện các hoạt động: Cập nhật hồ sơ cá nhân, đăng ký các dịch vụ hành chính một cửa, nộp học phí, đăng ký học phần, đăng ký thực tập…. - Tham gia Cộng đồng HaUI: Trao đổi với Nhà trường, đội ngũ Cố vấn, sinh viên khác... * Lưu ý: Trường hợp cần cấp lại mật khẩu, tài khoản hệ thống đại học điện tử, sinh viên liên hệ Thầy Lê Thanh Đức (SĐT: 0968 981 994)', '<2-hop>\\n\\nCông tác tổ chức Trường đăng cai - Trường Đại học Công nghiệp Hà Nội đã có sự chuẩn bị kỹ lưỡng và toàn diện cho kỳ thi ICPC Asia Hanoi 2024 thể hiện qua các hoạt động như: Đảm bảo các phương tiện vật chất và công tác thi trong phạm vi nhà trường; Hoàn tất chuẩn bị máy PC và phương tiện kỹ thuật đáp ứng đủ yêu cầu cho kỳ thi, các công tác giám khảo, giám thị và sinh viên tình nguyện phục vụ Olympic và ICPC; Tổ chức Thi các giải cá nhân tại các phòng máy trung tâm và khoa CNTT (443 máy tính thi OLP và 40 máy dành riêng cho khối thi THPT), chuẩn bị thi ICPC Asia Hanoi tại Khu thi đấu với 140 máy thi; Hỗ trợ thông tin về ăn, nghỉ, đi lại cho các Đoàn tham dự; Đón tiếp và hỗ trợ các đoàn Quốc tế tham dự tại các khách sạn BTC chỉ định. Cuộc thi Olympic Tin học Sinh viên Việt Nam, với sự kết nối với kỳ thi PROCON và ICPC toàn cầu, không chỉ khẳng định vị thế của Việt Nam về nguồn lực trẻ CNTT trong khu vực và thế giới, mà còn là minh chứng cho khả năng hội nhập mạnh mẽ của tuổi trẻ Việt Nam trong lĩnh vực công nghệ thông tin. Kỳ thi đã nhận được sự ủng hộ từ các Doanh nghiệp như Viettel, Pendle, FPT, Samsung, Phygital… và từ nhà tài trợ ICPC toàn cầu Huawei, Jet Brain. Thông qua sân chơi quốc tế này, sinh viên Việt Nam có cơ hội cọ xát, trau dồi các kỹ năng thiết yếu của một chuyên gia CNTT tương lai, bao gồm lập trình, thuật toán, hoàn thiện sản phẩm, làm việc nhóm và ngoại ngữ. Hơn thế nữa, với đẳng cấp của kỳ thi ICPC Châu Á và toàn cầu, Việt Nam đang từng bước sánh vai top 100 trường đại học hàng đầu thế giới về chất lượng đào tạo sinh viên CNTT, góp phần nâng cao thương hiệu giáo dục và khẳng định tiềm năng phát triển vượt bậc của ngành công nghệ Việt Nam. Ban Tổ chức OLP’24, PROCON & ICPC Asia Hanoi 2024 đã ban hành đầy đủ các quy chế, nội quy và thông báo, đăng ký công khai mọi thông tin trên website: www.olp.vn ; https://icpc.global và http://acm-icpc.olp.vn/. Để đảm bảo chất lượng và chuyên môn, Ban ra đề, HĐGK được thành lập với sự tham gia của các chuyên gia giàu kinh nghiệm phần lớn ở độ tuổi 25-35 từng là học sinh giỏi Quốc gia, Quốc tế; Trường Đại học Công nghệ - ĐHQG Hà Nội đồng tham gia tổ chức thi PROCON, CLB VFOSSA vớicác chuyên gia trong lĩnh vực Phần mềm nguồn mở. Chủ tịch HĐGK OLP năm nay là PGS.TS NGND Hồ Sĩ Đàm và Chủ tịch Hội đồng ICPC là PGS.TS Đỗ Phan Thuận. Kỳ thi được vận hành toàn bộ trên các hệ thống chấm – theo dõi trực tuyến chuẩn Quốc tế: các nội dung thi lập trình OLP và ICPC trên hệ thống VNOJ do CLB Olympic Việt Nam vận hành, hệ thống thi đối kháng theo chuẩn Procon Nhật Bản và nội dung OLP PMNM thi theo hình thức Hackathon. Tất cả kết quả các nội dung thi đều công khai, công bố trực tiếp theo thời gian thực, chỉ “đóng băng” một giờ trước khi kết thúc nhằm bảo mật kết quả đến khi công bố tại lễ Tổng kết – Trao giải vào chiều tối ngày 13/12/2024. Thứ Tư, 10:06 11/12/2024 Tags:']","### Thông tin về hoạt động khóa và các hoạt động đoàn hội tại Trường Đại học Công nghiệp Hà Nội

1. **Hoạt động khóa**:
   - Trường Đại học Công nghiệp Hà Nội tổ chức nhiều hoạt động cho sinh viên như Hội nghị tổng kết công tác Đoàn - Hội và phong trào thanh niên sinh viên hàng năm. Các hoạt động này nhằm đánh giá kết quả hoạt động trong năm học và đề ra kế hoạch cho năm tiếp theo.
   - Các hoạt động nổi bật bao gồm các chương trình giáo dục, phong trào tình nguyện, và các cuộc thi nhằm nâng cao kỹ năng và kiến thức cho sinh viên.

2. **Hoạt động đoàn hội**:
   - Đoàn thanh niên và Hội sinh viên trường thường xuyên tổ chức các sự kiện như Ngày hội Tân sinh viên, các cuộc thi thể thao, văn hóa, và các hoạt động tình nguyện.
   - Các hoạt động này không chỉ giúp sinh viên giao lưu, học hỏi mà còn tạo cơ hội để phát triển kỹ năng mềm và nâng cao tinh thần đoàn kết.

   [Lễ tổng kết công tác Đoàn - Hội và phong trào thanh niên, sinh viên năm học 2017 - 2018] - [**Link tham khảo**](https://www.haui.edu.vn/vn/hoat-dong-sinh-vien/le-tong-ket-cong-tac-doan-hoi-va-phong-trao-thanh-nien-sinh-vien-nam-hoc-2017-2018-phat-dong-thi-dua-nam-hoc-2018-2019/60866).

### Viettel hỗ trợ kỳ thi ICPC Asia Hanoi 2024

- Viettel đã đóng vai trò quan trọng trong việc tổ chức kỳ thi ICPC Asia Hanoi 2024. Họ không chỉ hỗ trợ về mặt tài chính mà còn cung cấp các giải pháp công nghệ thông tin cần thiết cho sự kiện này.
- Kỳ thi này thu hút sự tham gia của nhiều sinh viên từ các trường đại học trong và ngoài nước, tạo cơ hội cho sinh viên Việt Nam giao lưu và học hỏi từ các bạn bè quốc tế.

   [Việt Nam xuất sắc giành 2 Huy chương Vàng tại ICPC Asia Hanoi 2024] - [**Link tham khảo**](https://www.haui.edu.vn/vn/bao-chi-viet-ve-haui/antoanthongtin-viet-nam-xuat-sac-gianh-2-huy-chuong-vang-tai-icpc-asia-hanoi-2024/65902).

### Vai trò của Viettel Money trong quá trình nhập học trực tuyến

- Viettel Money đã hỗ trợ Trường Đại học Công nghiệp Hà Nội trong quá trình nhập học trực tuyến bằng cách cung cấp các giải pháp thanh toán tiện lợi cho sinh viên.
- Việc sử dụng Viettel Money giúp sinh viên dễ dàng thực hiện các giao dịch tài chính như đóng học phí, mua sắm tài liệu học tập, và các dịch vụ khác liên quan đến việc học.

   [Kỳ thi Olympic Tin học Sinh viên Việt Nam lần thứ 33 và Kỳ thi lập trình sinh viên quốc tế ICPC Asia 2024] - [**Link tham khảo**](https://www.haui.edu.vn/vn/thong-bao/ky-thi-olympic-tin-hoc-sinh-vien-viet-nam-lan-thu-33-olp-24-va-ky-thi-lap-trinh-sinh-vien-quoc-te-icpc-asia-2024/65686).

Nếu bạn cần thêm thông tin chi tiết về bất kỳ chủ đề nào khác, hãy cho tôi biết!","Viettel đã hỗ trợ cho kỳ thi ICPC Asia Hanoi 2024 bằng cách cung cấp các nguồn lực và tài trợ cho sự kiện, khẳng định vị thế của Việt Nam trong lĩnh vực công nghệ thông tin. Đồng thời, Viettel Money đóng vai trò quan trọng trong quá trình nhập học trực tuyến tại Trường Đại học Công nghiệp Hà Nội, khi nhà trường liên kết với Viettel Money để thực hiện dịch vụ thu hộ học phí và trung gian thanh toán miễn phí, khuyến khích thí sinh mở tài khoản Viettel Money để thuận tiện trong việc thanh toán.",0.8308294224688527,0.0,0.44,0.0,1.091799020767212,18.231579065322876
Chương trình Chào tân sinh viên Khóa 19 Khoa Công nghệ thông tin đã diễn ra vào ngày nào và có ý nghĩa gì đối với các tân sinh viên?,"['content: Ngày hội Chào tân sinh viên 2023: Rực rỡ sắc màu thanh xuân của tân sinh viên K18 Thứ Sáu, 11:30 08/09/2023 3340 Chuyến tàu chinh phục những chân trời tri thức của hơn 7.500 tân sinh viên đại học K18 và 1.000 tân sinh cao đẳng K25 đã chính thức cập bến ngôi nhà chung HaUI vào ngày 08 & 10/09 tại cơ sở Hà Nội và Hà Nam. Ngày 10/09, tại cơ sở Hà Nội, gần 2.000 tân sinh viên đại học K18 thuộc Trường Ngoại ngữ - Du lịch, Khoa Công nghệ Hóa và Khoa Công nghệ May & Thiết kế thời trang đã chính thức gia nhập ngôi nhà chung HaUI. Cùng ngắm nhìn những khoảnh khoắc ấn tượng tại Ngày hội chào tân sinh viên 2023. *Trước đó, ngày 08/09, tại cơ sở Hà Nam, chương trình Ngày hội Chào tân sinh viên – Welcome to HaUI, diễn ra sôi động với nhiều hoạt động ý nghĩa. Ngày hội Chào tân sinh viên 2023 - Mảnh ghép thanh xuân hoàn hảo của tân sinh viên K18 Vào những ngày đầu thu, Trường Đại học Công nghiệp Hà Nội như một bức tranh nên thơ, luôn đầy yêu thương và trìu mến. Vạn vật hòa quyện vào nhau tạo nên sắc, khí và dư vị thấm đẫm Thu. Bầu trời HaUI đẹp hơn bao giờ hết, vì nó chứa đựng những ước mơ, khát vọng trong ánh mắt trong veo, niềm vui hân hoan đến trường của hơn 7.500 tân sinh viên K18. Đó sẽ là mảnh ký ức rực rỡ như những đóa hoa trong nắng sớm. Các thầy, cô, phụ huynh và sinh viên tham dự chương trình Những cái nắm tay gần gũi và giọng nói ấm áp chan chứa tình thân chở che của thầy cô, những yêu thương trong đôi mắt trìu mến động viên của mẹ, nụ cười của cha chất chứa yêu thương gửi đến các bạn để tuổi trẻ của các tân sinh viên được gửi gắm ở mái nhà Đại học Công nghiệp Hà Nội thêm phần ý nghĩa. PGS.TS.Lê Hồng Quân - Bí thư Đảng ủy, Chủ tịch Hội đồng trường, TS.Kiều Xuân Thực - Hiệu trưởng Nhà trường, TS.Nguyễn Văn Thiện - Phó Hiệu trưởng, PGS.TS.Phạm Văn Đông - Phó Hiệu trưởng tham quan gian hàng khoa Điện tử Ngày hội Chào tân sinh viên năm 2023 gói ghém yêu thương, chắt chiu những ngọt bùi qua những hoạt động ý nghĩa, thiết thực, những bữa tiệc âm nhạc sôi động, những câu lạc\\nnext_contents:\\n', 'content: nền tảng vững chắc cho sự nghiệp của mình trong tương lai. Sáng ngày 29/9, Khoa Ngoại ngữ cũng đã tổ chức chương trình “Chào mừng tân sinh viên” ngành Ngôn ngữ Anh, Ngôn ngữ Trung Quốc, Ngôn ngữ Hàn Quốc và Ngôn ngữ Nhật Bản. 485 sinh viên mới của khoa đã sẵn sàng cho một năm học mới với niềm tin vào tình hình dịch bệnh sớm qua để các em sớm được tựu trường. Khoa CNTT để lại nhiều ấn tượng với chương trình chào mừng hơn 900 tân sinh viên khóa 16 gia nhập ngôi nhà chung HaUI. Khoa vinh dự khi có 01 Thủ khoa và 04 Á khoa và các em cũng nhận được các phần thưởng hấp dẫn, ý nghĩa của doanh nghiệp tài trợ. Đại diện lãnh đạo, cán bộ giảng viên Khoa Công nghệ Ô tô tham dự chương trình trực tuyến, chào đón 525 tân sinh viên khóa mới gia nhập Khoa Công nghệ Ô tô. Khoa Cơ khí cũng đã tổ chức chương trình ""Gặp mặt sinh viên K16 đầu khóa"", chào đón gần 1000 tân sinh viên K16 bước chân vào ngôi nhà chung khoa Cơ khí - HaUI. Chào tân sinh viên Khoa Điện tử diễn ra ấm áp với sự có mặt của Lãnh đạo khoa và hơn 700 tân sinh viên khóa 16 Chào Tân sinh viên ấm áp Khoa Kế toán Kiểm toán Tuần sinh hoạt đầu khóa là cơ hội để tân sinh viên được tìm hiểu truyền thống lịch sử, hiểu hơn về ngành nghề mình đã chọn, nắm bắt thông tin về quy chế đào tạo, định hướng học tập, cơ hội nghề nghiệp trong tương lai,…Chương trình Chào tân sinh viên và Tuần sinh hoạt công dân của các khoa trong trường còn diễn ra đến hết ngày 17/10/2021. Hơn 7000 tân sinh viên khóa mới gia nhập ngôi nhà chung HaUI và sẽ bắt đầu một chặng đường học tập, nghiên cứu với sự đồng hành của Lãnh đạo, cán bộ, giảng viên nhà trường. Chúc tân sinh viên K16 một năm học mới thành công. Với tinh thần “vượt khó để đạt thành tích cao nhất”, với phương châm “không để sinh viên nào bị bỏ lại phía sau”; Đại học Công nghiệp Hà Nội quyết tâm biến khó khăn thành cơ hội, đổi mới sáng tạo, hoàn thành tốt nhiệm vụ năm học 2021-2022. Thứ Ba, 20:14 12/10/2021 Tags: Chào tân sinh viên Tuần sinh hoạt công dân đầu khóa Sinh viên K16 Đại học Công\\nnext_contents:\\n- Chương trình “Chào tân sinh viên” đặc biệt của Đại học Công nghiệp Hà Nội Thứ Ba, 20:14 12/10/2021 35325 Từ ngày 9/10 - 17/10, Đại học Công nghiệp Hà Nội tổ chức chương trình “Chào tân sinh viên” và tuần sinh hoạt công dân cho sinh viên đại học K16. Một chương trình Chào tân sinh viên đặc biệt bằng hình thức trực tuyến, nhưng vẫn được sinh viên chào đón với tâm thế hào hứng và sẵn sàng cho một năm học mới. Rời xa tuổi học trò, bước những bước chân đầu tiên tới giảng đường đại học, chắc hẳn các bạn tân sinh viên ít nhiều đều mang trong mình những cảm xúc mới mẻ. Nhưng cảm xúc năm nay đặc biệt hơn bởi giảng đường đại học chỉ là hình ảnh, qua video và qua giới thiệu của thầy cô. Nhưng tất cả vẫn háo hức, vẫn tràn ngập niềm tin dịch bệnh sẽ qua đi để các em sớm được tựu trường, sớm được gặp thầy, cô bạn bè. PGS.TS. Trần Đức Quý - Bí thư Đảng ủy, Hiệu trưởng Nhà trường phát biểu trong Thông điệp chào mừng năm học mới 2021 - 2022 Sáng ngày 9/10, Khoa Công nghệ May và Thiết kế thời trang đã tổ chức “Chào tân sinh viên” khóa mới và thực hiện trao 04 suất học bổng cho các thủ khoa. Tân sinh viên khóa mới háo hức khi tham dự chương trình “Chào tân sinh viên” do Khoa CN May và Thiết kế thời trang tổ chức Chào Tân sinh viên là món quà đặc biệt mà thầy và trò Khoa Du Lịch gửi tặng cho 511 tân sinh viên của Khoa. Chương trình đã thành công rực rỡ, mang lại cho những tân binh Khoa Du lịch một nguồn năng lượng khởi đầu mới để các em tiếp tục thành công trên con đường đi tìm tri thức mới, đặt nền tảng vững chắc cho sự nghiệp của mình trong tương lai. Sáng ngày 29/9, Khoa Ngoại ngữ cũng đã tổ chức chương trình “Chào mừng tân sinh viên” ngành Ngôn ngữ Anh, Ngôn ngữ Trung Quốc, Ngôn ngữ Hàn Quốc và Ngôn ngữ Nhật Bản. 485 sinh viên mới của khoa đã sẵn sàng cho một năm học mới với niềm tin vào tình hình dịch bệnh sớm qua để các em sớm được tựu trường. Khoa CNTT để lại nhiều ấn tượng với chương trình chào mừng hơn 900 tân sinh viên khóa 16 gia nhập ngôi nhà chung HaUI. Khoa vinh dự khi\\n', 'content: Chương trình “Chào tân sinh viên” đặc biệt của Đại học Công nghiệp Hà Nội Thứ Ba, 20:14 12/10/2021 35325 Từ ngày 9/10 - 17/10, Đại học Công nghiệp Hà Nội tổ chức chương trình “Chào tân sinh viên” và tuần sinh hoạt công dân cho sinh viên đại học K16. Một chương trình Chào tân sinh viên đặc biệt bằng hình thức trực tuyến, nhưng vẫn được sinh viên chào đón với tâm thế hào hứng và sẵn sàng cho một năm học mới. Rời xa tuổi học trò, bước những bước chân đầu tiên tới giảng đường đại học, chắc hẳn các bạn tân sinh viên ít nhiều đều mang trong mình những cảm xúc mới mẻ. Nhưng cảm xúc năm nay đặc biệt hơn bởi giảng đường đại học chỉ là hình ảnh, qua video và qua giới thiệu của thầy cô. Nhưng tất cả vẫn háo hức, vẫn tràn ngập niềm tin dịch bệnh sẽ qua đi để các em sớm được tựu trường, sớm được gặp thầy, cô bạn bè. PGS.TS. Trần Đức Quý - Bí thư Đảng ủy, Hiệu trưởng Nhà trường phát biểu trong Thông điệp chào mừng năm học mới 2021 - 2022 Sáng ngày 9/10, Khoa Công nghệ May và Thiết kế thời trang đã tổ chức “Chào tân sinh viên” khóa mới và thực hiện trao 04 suất học bổng cho các thủ khoa. Tân sinh viên khóa mới háo hức khi tham dự chương trình “Chào tân sinh viên” do Khoa CN May và Thiết kế thời trang tổ chức Chào Tân sinh viên là món quà đặc biệt mà thầy và trò Khoa Du Lịch gửi tặng cho 511 tân sinh viên của Khoa. Chương trình đã thành công rực rỡ, mang lại cho những tân binh Khoa Du lịch một nguồn năng lượng khởi đầu mới để các em tiếp tục thành công trên con đường đi tìm tri thức mới, đặt nền tảng vững chắc cho sự nghiệp của mình trong tương lai. Sáng ngày 29/9, Khoa Ngoại ngữ cũng đã tổ chức chương trình “Chào mừng tân sinh viên” ngành Ngôn ngữ Anh, Ngôn ngữ Trung Quốc, Ngôn ngữ Hàn Quốc và Ngôn ngữ Nhật Bản. 485 sinh viên mới của khoa đã sẵn sàng cho một năm học mới với niềm tin vào tình hình dịch bệnh sớm qua để các em sớm được tựu trường. Khoa CNTT để lại nhiều ấn tượng với chương trình chào mừng hơn 900 tân sinh viên khóa 16 gia nhập ngôi nhà chung HaUI. Khoa vinh dự khi\\nnext_contents:\\n', 'content: bạn để tuổi trẻ của các tân sinh viên được gửi gắm ở mái nhà Đại học Công nghiệp Hà Nội thêm phần ý nghĩa. PGS.TS.Lê Hồng Quân - Bí thư Đảng ủy, Chủ tịch Hội đồng trường, TS.Kiều Xuân Thực - Hiệu trưởng Nhà trường, TS.Nguyễn Văn Thiện - Phó Hiệu trưởng, PGS.TS.Phạm Văn Đông - Phó Hiệu trưởng tham quan gian hàng khoa Điện tử Ngày hội Chào tân sinh viên năm 2023 gói ghém yêu thương, chắt chiu những ngọt bùi qua những hoạt động ý nghĩa, thiết thực, những bữa tiệc âm nhạc sôi động, những câu lạc bộ đa sắc màu sẽ là mảnh ghép thanh xuân tuyệt với nhất của tân sinh viên K18. Xin chúc các tân sinh viên K18 bước vào năm học mới với nhiều điều hạnh phúc và thành công. Trường Đại học Công nghiệp Hà Nội sẽ luôn là mái nhà chung ấm áp, là nơi chắp cánh và cùng các em thực hiện những ước mơ, hoài bão tuổi trẻ! Một số hình ảnh tại Ngày hội Chào tân sinh viên năm 2023: Thứ Sáu, 11:30 08/09/2023 Tags: tân sinh viên ngày hội chào tân sinh viên k18\\nnext_contents:\\n- Ngày hội Chào tân sinh viên 2023: Rực rỡ sắc màu thanh xuân của tân sinh viên K18 Thứ Sáu, 11:30 08/09/2023 3340 Chuyến tàu chinh phục những chân trời tri thức của hơn 7.500 tân sinh viên đại học K18 và 1.000 tân sinh cao đẳng K25 đã chính thức cập bến ngôi nhà chung HaUI vào ngày 08 & 10/09 tại cơ sở Hà Nội và Hà Nam. Ngày 10/09, tại cơ sở Hà Nội, gần 2.000 tân sinh viên đại học K18 thuộc Trường Ngoại ngữ - Du lịch, Khoa Công nghệ Hóa và Khoa Công nghệ May & Thiết kế thời trang đã chính thức gia nhập ngôi nhà chung HaUI. Cùng ngắm nhìn những khoảnh khoắc ấn tượng tại Ngày hội chào tân sinh viên 2023. *Trước đó, ngày 08/09, tại cơ sở Hà Nam, chương trình Ngày hội Chào tân sinh viên – Welcome to HaUI, diễn ra sôi động với nhiều hoạt động ý nghĩa. Ngày hội Chào tân sinh viên 2023 - Mảnh ghép thanh xuân hoàn hảo của tân sinh viên K18 Vào những ngày đầu thu, Trường Đại học Công nghiệp Hà Nội như một bức tranh nên thơ, luôn đầy yêu thương và trìu mến. Vạn vật hòa quyện vào nhau tạo nên sắc, khí và dư vị thấm đẫm Thu. Bầu trời HaUI đẹp hơn bao giờ hết, vì nó chứa đựng những ước mơ, khát vọng trong ánh mắt trong veo, niềm vui hân hoan đến trường của hơn 7.500 tân sinh viên K18. Đó sẽ là mảnh ký ức rực rỡ như những đóa hoa trong nắng sớm. Các thầy, cô, phụ huynh và sinh viên tham dự chương trình Những cái nắm tay gần gũi và giọng nói ấm áp chan chứa tình thân chở che của thầy cô, những yêu thương trong đôi mắt trìu mến động viên của mẹ, nụ cười của cha chất chứa yêu thương gửi đến các bạn để tuổi trẻ của các tân sinh viên được gửi gắm ở mái nhà Đại học Công nghiệp Hà Nội thêm phần ý nghĩa. PGS.TS.Lê Hồng Quân - Bí thư Đảng ủy, Chủ tịch Hội đồng trường, TS.Kiều Xuân Thực - Hiệu trưởng Nhà trường, TS.Nguyễn Văn Thiện - Phó Hiệu trưởng, PGS.TS.Phạm Văn Đông - Phó Hiệu trưởng tham quan gian hàng khoa Điện tử Ngày hội Chào tân sinh viên năm 2023 gói ghém yêu thương, chắt chiu những ngọt bùi qua những hoạt động ý nghĩa, thiết thực, những bữa tiệc âm nhạc sôi động, những câu lạc\\n', 'content: Chào tân sinh viên HaUI 2024: Bùng nổ cảm xúc cùng khát vọng của tuổi trẻ Thứ Tư, 17:38 16/10/2024 2190 Trong suốt những ngày cuối tháng 9, đầu tháng 10, chuỗi sự kiện “Chào tân sinh viên HaUI 2024” được các Khoa, Trường thuộc Trường Đại học Công nghiệp Hà Nội tổ chức, mang đến nhiều màu sắc, thu hút sự tham gia của đông đảo sinh viên với những hoạt động hấp dẫn. Vinh danh thủ khoa đầu vào năm học 2024 Vinh danh tân sinh viên xuất sắc là một trong những điểm nhấn của chương trình. Các bạn sinh viên thủ khoa đầu vào của trường trong kỳ thi tuyển sinh năm 2024 được trao thưởng, chúc mừng; được khích lệ, truyền lửa để các bạn trẻ viết tiếp ước mơ tại Đại học Công nghiệp Hà Nội. Thủ khoa đầu vào mùa tuyển sinh năm 2024 của Khoa Công nghệ May và Thiết kế thời trang rạng rỡ trong ngày Chào tân sinh viên của khoa PGS.TS. Phạm Thị Mai Hương -Trưởng Khoa CN Hóa; PGS.TS. Nguyễn Thế Hữu, PGS.TS. Nguyễn Tuấn Anh – Phó trưởng khoa chúc mừng sinh viên thủ khoa mùa tuyển sinh 2024 của Khoa TS.Đặng Trọng Hợp – Trưởng khoa CNTT chúc mừng thủ khoa mùa tuyển sinh 2024 TS.Nguyễn Văn Thiện – Phó Hiệu trưởng nhà trường; PGS.TS. Trịnh Trọng Chưởng – Phụ trách Khoa Điện chúc mừng các bạn sinh viên của Khoa TS.Hoàng Mạnh Kha – Trưởng khoa Điện tử và TS.Bồ Quốc Bảo – Phó trưởng khoa chúc mừng các bạn tân sinh viên thủ khoa PGS.TS. Hoàng Tiến Dũng – Hiệu trưởng Trường Cơ khí – Ô tô và Ông Nguyễn Duy Nghĩa – Giám đốc Công ty cổ phần Trí Lực Việt Nam trao tặng khen thưởng các tân thủ khoa 09 ngành đại học K19 PGS.TS.Nguyễn Thị Hồng Nga – Hiệu trưởng Trường Kinh tế; TS. Vũ Đình Khoa – Phó Hiệu trưởng, TS. Trương Thanh Hằng – Phó Hiệu trưởng chúc mừng Thủ khoa đầu vào của Trường Kinh tế, HaUI TS. Trần Ngọc Đức - Phó Hiệu trưởng Trường Ngoại ngữ - Du lịch và đồng chí Trần Thị Hương Giang - Phó Bí thư Đoàn Thanh niên, Chủ tịch Hội Sinh viên Trường Đại học Công nghiệp Hà Nội trao giải cho các vận động viên, đại đội đạt giải Nhất hội thao chào tân sinh viên Lan tỏa giá trị từ những “người truyền\\nnext_contents:\\n']","['<1-hop>\\n\\nNăm học 2024-2025, Khóa nhập học Khóa 19 Khoa Công nghệ thông tin vinh dự và tuyên dương nhiều sinh viên đạt được Học bổng HaUI 100% năm thứ nhất và Học bổng 5 triệu đồng. Với thành tích 3 năm Học sinh giỏi ở bậc học THPT và đạt chứng chỉ quốc tế IELTS 6.5, tân sinh viên Nguyễn Thế Sáng lớp 2024DHCNTT03 đã đỗ vào Khoa Công nghệ thông tin Trường Đại học Công Nghiệp Hà Nội với 29,07 điểm theo Phương thức 2 - Xét tuyển thí sinh đoạt giải học sinh giỏi cấp tỉnh/thành phố, thí sinh có chứng chỉ quốc tế. Em đã đạt Học bổng HaUI 100% năm thứ nhất. Lê Xuân Ngọc quê ở Bắc Giang, với thành tích đạt Giải Ba môn Hoá cơ sở năm lớp 11, giải khuyến khích môn Toán tỉnh lớp 12, em đã đỗ vào Khoa Công nghệ thông tin Trường Đại học Công Nghiệp Hà Nội với 27,05 điểm theo Phương thức 3 học lớp 2024DHCNTT04 - Xét tuyển dựa trên kết quả thi tốt nghiệp THPT năm 2024. Em đã đạt Học bổng HaUI 100% năm thứ nhất. Lê Xuân Ngọc đứng hàng 2 từ trái sang cùng tập thể lớp THPT Nguyễn Hoàng Anh quê ở Quốc Oai, Hà Nội với thành tích đạt được giải Ba cấp cụm môn Sinh học, em đã đỗ vào Khoa Công nghệ thông tin Trường Đại học Công Nghiệp Hà Nội với 20,06 điểm theo Phương thức 6 học lớp 2024DHCNTT01 - Xét tuyển dựa trên kết quả thi đánh giá tư duy. Em đã đạt Học bổng HaUI 100% năm thứ nhất. Lê Quốc Đạt quê ở Bắc Ninh, với thành tích đạt được 3 năm Học sinh giỏi bậc THPT, em đã đỗ vào Khoa Công nghệ thông tin Trường Đại học Công Nghiệp Hà Nội với 26,67 điểm theo Phương thức 3 học lớp 2024DHCNTT01 - Xét tuyển dựa trên kết quả thi tốt nghiệp THPT năm 2024. Em đã đạt học bổng HaUI 5 triệu đồng. Nguyễn Anh Tuấn quê ở Bắc Ninh, với thành tích đạt được 3 năm Học sinh giỏi bậc THPT và đạt chứng chỉ quốc tế IELTS 7.0, em đã đỗ vào Khoa Công nghệ thông tin Trường Đại học Công Nghiệp Hà Nội với 28,78 điểm theo Phương thức 2 học lớp 2024DHKHMT01 - Xét tuyển thí sinh đoạt giải học sinh giỏi cấp tỉnh/thành phố, thí sinh có chứng chỉ quốc tế. Em đã đạt học bổng HaUI 5 triệu đồng. Sinh viên Cao Đức Hoàng quê ở Nghệ An, với thành tích đạt được 3 năm Học sinh giỏi bậc THPT, em đã đỗ vào Khoa Công nghệ thông tin Trường Đại học Công Nghiệp Hà Nội với 29,04 điểm theo Phương thức 4 học lớp 2024DHCNTT03 - Xét tuyển dựa trên kết quả học tập ở bậc học THPT. Em đã đạt học bổng HaUI 5 triệu đồng. Sinh viên Nguyễn Đức Cảnh ở Đan Phượng, Hà Nội với ước mơ trở thành chuyên gia An ninh mạng em đã đỗ vào Khoa Công nghệ thông tin Trường Đại học Công Nghiệp Hà Nội với 19,43 điểm theo Phương thức 6 học lớp 2024DHCNTT01 - Xét tuyển dựa trên kết quả thi đánh giá tư duy. Em đã đạt học bổng HaUI 5 triệu đồng. Sinh viên Nguyễn Quang Khải ở Ba Vì, Hà Nội, với ước mơ trở thành Web developer và AI engineer em đã đỗ vào Khoa Công nghệ thông tin Trường Đại học Công Nghiệp Hà Nội với 19,39 điểm theo Phương thức 6 học lớp 2024DHCNTT01 - Xét tuyển dựa trên kết quả thi đánh giá tư duy. Em đã đạt học bổng HaUI 5 triệu đồng. Với các thành tích xuất sắc đã đạt được ở bậc học THPT cùng sự phấn đấu, nỗ lực học tập, hy vọng các em sẽ học tập tốt trên giảng đường đại học và hy vọng môi trường học tập tại Khoa Công nghệ thông tin Trường Đại học Công Nghiệp Hà Nội sẽ là nơi các em trau dồi và tích lũy để trở thành Lập trình viên chuyên nghiệp trong tương lai. Thứ Tư, 11:03 25/09/2024 Tags:', '<2-hop>\\n\\nSôi động chương trình Chào tân sinh viên Khóa 19 Khoa Công nghệ thông tin Trong không khí của mùa tựu trường, ngày 13/10/2024, sự kiện Chào tân sinh viên Khóa 19 Khoa Công nghệ thông tin “Programing your future” đã chính thức diễn ra với dư âm và cảm xúc còn mãi trong trái tim tân sinh viên K19 tại Hà Nam. Sự kiện không chỉ là dịp để chào đón các tân sinh viên mà còn là cơ hội để các bạn khám phá một thế giới hoàn toàn mới với những trải nghiệm thú vị, mở ra một môi trường đại học năng động, đa màu sắc cho các bạn tân sinh viên. Những kỷ niệm đẹp tại đây sẽ mãi là hành trang quý giá trong suốt hành trình học tập, trải nghiệm – một thanh xuân rực rỡ mà chắc hẳn các bạn sinh viên ai cũng mong muốn được trải qua. Phát biểu khai mạc chương trình, TS. Đặng Trọng Hợp Trưởng khoa CNTT đã có bài phát biểu giới thiệu về Khoa Công nghệ thông tin Trường Đại học Công nghiệp Hà Nội và chia sẻ động viên tinh thần học tập, nghiên cứu khoa học, hoạt động ngoại khóa cho tân sinh viên. TS. Đặng Trọng Hợp – Trưởng Khoa CNTT phát biểu Trong kỳ tuyển sinh năm 2024 vừa qua, Khoa Công nghệ thông tin vui mừng chào đón hơn gần 1000 tân sinh viên ra nhập ngôi nhà chung Khoa CNTT Trường Đại học Công Nghiệp Hà Nội. Trong số đó, có 06 Thủ khoa, 06 Á khóa của các ngành với số điểm cao hơn so với các năm trước. Kết quả này cho thấy Khoa đã thu hút được số lượng lớn tân sinh viên ưu tú, có tư duy logic tốt, chất lượng đầu vào được đảm bảo. Chắc hẳn sau 04 năm học, Khoa Công nghệ thông tin sẽ đào tạo ra những cử nhân có chất lượng cao đáp ứng nguồn nhân lực cho các doanh nghiệp trong và ngoài nước. TS. Đặng Trọng Hợp – Trưởng khoa CNTT và Đại diện Công ty FPT Software trao tặng khen thưởng các tân thủ khoa 06 ngành đại học K19 TS. Phạm Văn Hà – Phó Trưởng khoa CNTT và Đại diện Công ty ITPlus trao tặng khen thưởng các tân Á khoa 06 ngành đại học K19 Đại diện Công ty FPT Software chia sẻ các kỹ năng và vị trí công việc ngành CNTT Đại diện Công ty IT Plus giới thiệu về công ty và các xu hướng, cơ hội việc làm ngành CNTT Trong thế giới hiện đại đầy biến động, khi trí tuệ nhân tạo (AI) đang thay đổi sâu sắc mọi lĩnh vực, chúng ta không chỉ đang đứng trước ngã rẽ của khoa học và công nghệ, mà còn ở thời điểm vàng để suy ngẫm về trách nhiệm của mỗi cá nhân đối với tương lai. Nếu ví quá trình phát triển AI như một hành trình vươn tới tương lai số hóa, thì sinh viên Khoa công nghệ thông tin trường Đại học Công nghiệp Hà Nội chính là những người cầm ngọn đuốc, dẫn đường và khai mở những cơ hội mới mẻ cho xã hội.']","Chương trình Chào tân sinh viên Khóa 19 Khoa Công nghệ thông tin đã diễn ra vào ngày **08 và 10 tháng 09 năm 2023**. Đây là một sự kiện quan trọng, đánh dấu bước khởi đầu của hơn 7.500 tân sinh viên đại học K18 và 1.000 tân sinh viên cao đẳng K25 tại Trường Đại học Công nghiệp Hà Nội.

### Ý nghĩa của chương trình đối với các tân sinh viên:
1. **Gắn kết cộng đồng**: Chương trình tạo cơ hội cho các tân sinh viên gặp gỡ, giao lưu với nhau, cũng như với các thầy cô và phụ huynh, giúp họ cảm thấy ấm áp và được chào đón.
2. **Khởi đầu mới**: Đây là dịp để các tân sinh viên bắt đầu hành trình học tập tại môi trường đại học, tạo nền tảng cho sự nghiệp tương lai.
3. **Hoạt động phong phú**: Chương trình bao gồm nhiều hoạt động ý nghĩa, thiết thực như các bữa tiệc âm nhạc, các câu lạc bộ, giúp sinh viên có những trải nghiệm thú vị và đáng nhớ trong những ngày đầu nhập học.

Chương trình không chỉ là một sự kiện chào đón mà còn là một mảnh ghép thanh xuân tuyệt vời cho các tân sinh viên, giúp họ xây dựng những kỷ niệm đẹp trong quãng đời sinh viên của mình.

Nguồn: [Ngày hội Chào tân sinh viên 2023: Rực rỡ sắc màu thanh xuân của tân sinh viên K18] - [**Link tham khảo**](https://www.haui.edu.vn/vn/tin-tuc/ngay-hoi-chao-tan-sinh-vien-2023-ruc-ro-sac-mau-thanh-xuan-cua-tan-sinh-vien-k18/64410).

Nếu bạn có thêm câu hỏi nào khác về các hoạt động của khoa hoặc trường, hãy cho tôi biết!","Chương trình Chào tân sinh viên Khóa 19 Khoa Công nghệ thông tin đã diễn ra vào ngày 13/10/2024. Sự kiện này không chỉ là dịp để chào đón các tân sinh viên mà còn là cơ hội để họ khám phá một thế giới hoàn toàn mới với những trải nghiệm thú vị, mở ra một môi trường đại học năng động, đa màu sắc. Những kỷ niệm đẹp tại đây sẽ trở thành hành trang quý giá trong suốt hành trình học tập của các sinh viên.",0.8850278673236948,0.19999999998,0.42857142857142855,0.6666666666666666,1.138411045074463,9.07020616531372
"Đội Thanh niên tình nguyện Khoa CNTT Trường ĐH Công Nghiệp Hà Nội đã có những thành tích gì trong năm học 2023-2024 và làm thế nào sinh viên của trường tham gia vào cuộc thi ""Sinh viên thông thái 2024""?","['content: tạo”. Sinh viên tham gia diễn đàn nghiên cứu khoa học về năng lượng tái tạo - Studen Forum 2023. Ảnh: NTCC. Năm 2024 Trường Đại học Công nghiệp Hà Nội xét tuyển vào chương trình Năng lượng tái tạo theo 5 phương thức: Phương thức 1: Xét tuyển thẳng theo quy định của Bộ Giáo dục và Đào tạo; Phương thức 2: Xét tuyển thí sinh đoạt giải học sinh giỏi cấp tỉnh/thành phố, thí sinh có chứng chỉ quốc tế; Phương thức 3: Xét tuyển dựa trên kết quả thi tốt nghiệp trung học phổ thông năm 2024; Phương thức 4: Xét tuyển dựa trên kết quả học tập ở bậc học trung học phổ thông; Phương thức 6: Xét tuyển dựa trên kết quả thi đánh giá tư duy năm 2024 do Đại học Bách khoa Hà Nội tổ chức. Sự phát triển của lĩnh vực năng lượng tái tạo trong thực tế mà các thông tin truyền thống đã nêu, Kế hoạch xây dựng tuyển sinh của nhà trường bài bản, hy vọng năm 2024, công tác tuyển sinh chương trình này đạt chỉ tiêu đề ra. Chỉ tiêu đối với chương trình đào tạo Năng lượng tái tạo năm nay là 50. Nguồn: Tạp chí Giáo dục Việt Nam Thứ Năm, 06:47 04/07/2024 Tags: Chương trình đào tạo Năng lượng tái tạo\\nnext_contents:\\n- học Công nghiệp Hà Nội xây dựng kế hoạch tuyển sinh và các hình thức tư vấn tuyển sinh đến người học. Xây dựng phát triển chương trình đào tạo theo nhu cầu xã hội. Đồng thời, thiết kế chương trình đào tạo theo hướng ứng dụng, sinh viên tốt nghiệp đáp ứng luôn được công việc, tăng cường cơ sở vật chất đặc biệt là các phòng thực hành cho ngành này. Mặt khác, đẩy mạnh truyền thông tới học sinh biết được cơ hội việc làm của ngành này sau khi tốt nghiệp. Đặc biệt, xây dựng mỗi quan hệ chặt chẽ với các doanh nghiệp, từ khâu xây dựng chương trình đào tạo, chuẩn đầu ra, tham quan, thực tập, tuyển dụng… để nâng cao chất lượng và khép kín quá trình đào tạo”. Để nâng cao hiệu quả đào tạo chương trình đào tạo Năng lượng tái tạo trong thời gian tới, Tiến sĩ Ninh Văn Nam đề cập một số kiến nghị: “Đầu tư thêm nhiều thiết bị hiện đại hơn để tiếp cận với công nghệ năng lượng tái tạo tiên tiến hiện nay, có thể thông qua hình thức xã hội hóa hoặc tài trợ từ doanh nghiệp. Gửi giảng viên, cán bộ giảng dạy chương trình đào tạo Năng lượng tái tạo sang các nước tiên tiến để tham gia khóa học ngắn hạn, nhằm học hỏi thêm kinh nghiệm vận hành chương trình, kinh nghiệm triển khai dự án thực tế. Bổ sung hệ thống học liệu về lĩnh vực năng lượng tái tạo tại thư viện phục vụ cho giảng viên, sinh viên học tập và nghiên cứu khoa học. Ngoài ra, các doanh nghiệp cần tham gia sâu hơn và các hoạt động chung của Khoa Điện, để thấy được vai trò chung sức trong đào tạo nhân lực cho chương trình đào tạo Năng lượng tái tạo”. Sinh viên tham gia diễn đàn nghiên cứu khoa học về năng lượng tái tạo - Studen Forum 2023. Ảnh: NTCC. Năm 2024 Trường Đại học Công nghiệp Hà Nội xét tuyển vào chương trình Năng lượng tái tạo theo 5 phương thức: Phương thức 1: Xét tuyển thẳng theo quy định của Bộ Giáo dục và Đào tạo; Phương thức 2: Xét tuyển thí sinh đoạt giải học sinh giỏi cấp tỉnh/thành phố, thí sinh có chứng chỉ quốc tế; Phương thức 3: Xét tuyển dựa trên kết quả thi tốt nghiệp trung học phổ thông năm 2024; Phương thức\\n', 'content: Chào tân sinh viên HaUI 2024: Bùng nổ cảm xúc cùng khát vọng của tuổi trẻ Thứ Tư, 17:38 16/10/2024 2190 Trong suốt những ngày cuối tháng 9, đầu tháng 10, chuỗi sự kiện “Chào tân sinh viên HaUI 2024” được các Khoa, Trường thuộc Trường Đại học Công nghiệp Hà Nội tổ chức, mang đến nhiều màu sắc, thu hút sự tham gia của đông đảo sinh viên với những hoạt động hấp dẫn. Vinh danh thủ khoa đầu vào năm học 2024 Vinh danh tân sinh viên xuất sắc là một trong những điểm nhấn của chương trình. Các bạn sinh viên thủ khoa đầu vào của trường trong kỳ thi tuyển sinh năm 2024 được trao thưởng, chúc mừng; được khích lệ, truyền lửa để các bạn trẻ viết tiếp ước mơ tại Đại học Công nghiệp Hà Nội. Thủ khoa đầu vào mùa tuyển sinh năm 2024 của Khoa Công nghệ May và Thiết kế thời trang rạng rỡ trong ngày Chào tân sinh viên của khoa PGS.TS. Phạm Thị Mai Hương -Trưởng Khoa CN Hóa; PGS.TS. Nguyễn Thế Hữu, PGS.TS. Nguyễn Tuấn Anh – Phó trưởng khoa chúc mừng sinh viên thủ khoa mùa tuyển sinh 2024 của Khoa TS.Đặng Trọng Hợp – Trưởng khoa CNTT chúc mừng thủ khoa mùa tuyển sinh 2024 TS.Nguyễn Văn Thiện – Phó Hiệu trưởng nhà trường; PGS.TS. Trịnh Trọng Chưởng – Phụ trách Khoa Điện chúc mừng các bạn sinh viên của Khoa TS.Hoàng Mạnh Kha – Trưởng khoa Điện tử và TS.Bồ Quốc Bảo – Phó trưởng khoa chúc mừng các bạn tân sinh viên thủ khoa PGS.TS. Hoàng Tiến Dũng – Hiệu trưởng Trường Cơ khí – Ô tô và Ông Nguyễn Duy Nghĩa – Giám đốc Công ty cổ phần Trí Lực Việt Nam trao tặng khen thưởng các tân thủ khoa 09 ngành đại học K19 PGS.TS.Nguyễn Thị Hồng Nga – Hiệu trưởng Trường Kinh tế; TS. Vũ Đình Khoa – Phó Hiệu trưởng, TS. Trương Thanh Hằng – Phó Hiệu trưởng chúc mừng Thủ khoa đầu vào của Trường Kinh tế, HaUI TS. Trần Ngọc Đức - Phó Hiệu trưởng Trường Ngoại ngữ - Du lịch và đồng chí Trần Thị Hương Giang - Phó Bí thư Đoàn Thanh niên, Chủ tịch Hội Sinh viên Trường Đại học Công nghiệp Hà Nội trao giải cho các vận động viên, đại đội đạt giải Nhất hội thao chào tân sinh viên Lan tỏa giá trị từ những “người truyền\\nnext_contents:\\n', 'content: học thuật khoa Kế toán kiểm toán 11. Tham gia tích cực vào các hoạt động như: cuộc thi “Rung chuông vàng” do khoa Kế toán kiểm toán tổ chức, trao quà cho trẻ em làng trẻ Hữu Nghị Việt Nam, Hiến máu Cầu vồng nhân ái, ngày hội Sinh viên 5 tốt cấp Thành phố năm 2022-2023, Tham gia các hội thảo, chuyên đề do khoa, trường tổ chức Thứ Bảy, 07:24 31/08/2024 Tags: thủ khoa tân thủ khoa cử nhân tân cử nhân tốt nghiệp ngành kế toán tốt nghiệp sớm bằng xuất sắc ngành kế toán Trường Kinh tế SE Trường Đại học Công nghiệp Hà Nội HaUI\\nnext_contents:\\n- đỡ và hỗ trợ để em có được kết quả như ngày hôm nay. Cảm ơn bố mẹ vì đã luôn là chỗ dựa vững chắc nhất. Tất cả mọi người đã đồng hành cùng em trên hành trình theo đuổi ước mơ, giúp em tạo nên một thanh xuân rực cháy và ý nghĩa”, Hương Giang xúc động chia sẻ. Một lời ""cảm ơn"" có lẽ là chưa đủ đối với công lao to lớn của bố mẹ. Con biết ơn bố mẹ rất nhiều vì đã cho con tất cả những điều tốt đẹp nhất. Cảm ơn bố mẹ đã luôn bên cạnh, tin tưởng và khuyến khích con Để rồi sau này rời xa mái trường thân yêu HaUI, Giang có thêm hành trang là những tri thức, những hoài bão để có thêm động lực đối diện với cuộc sống, tự hào về những gì mình đã có, tin tưởng vào tương lai do mình tạo ra, không ngừng trau dồi những gì mình đã được học. MỘT SỐ THÀNH TÍCH TIÊU BIỂU CỦA TÂN THỦ KHOA NGUYỄN THỊ HƯƠNG GIANG: 1. Giải Nhì sinh viên nghiên cứu khoa học cấp trường năm học 2023 – 2024 2. Đạt chứng chỉ kế toán tài chính quốc tế (F3) do ACCA tổ chức 3. Học bổng khuyến khích học tập toàn phần kì 1,2 năm học 2021 - 2022 4. Học bổng Nguyễn Thanh Bình năm học 2022 – 2023 5. Học bổng khuyến khích học tập toàn phần năm học 2023 – 2024 6. Sinh viên xuất sắc trong học tập và rèn luyện năm học 2021 – 2022 7. Sinh viên xuất sắc trong học tập và rèn luyện năm học 2022 – 2023 8. Lớp trưởng lớp 2021ĐHKETO06 – K16 9. Danh hiệu “Gương mặt trẻ tiêu biểu 2023” cấp trường do đoàn TNCS Hồ Chí Minh trường Đại học Công Nghiệp Hà Nội 10. Cựu phó ban nội dung câu lạc bộ học thuật khoa Kế toán kiểm toán (AAA), tham gia CLB học thuật khoa Kế toán kiểm toán 11. Tham gia tích cực vào các hoạt động như: cuộc thi “Rung chuông vàng” do khoa Kế toán kiểm toán tổ chức, trao quà cho trẻ em làng trẻ Hữu Nghị Việt Nam, Hiến máu Cầu vồng nhân ái, ngày hội Sinh viên 5 tốt cấp Thành phố năm 2022-2023, Tham gia các hội thảo, chuyên đề do khoa, trường tổ chức Thứ Bảy, 07:24 31/08/2024 Tags: thủ khoa tân thủ khoa cử nhân tân cử nhân tốt nghiệp ngành kế toán tốt nghiệp sớm bằng xuất sắc ngành kế toán Trường Kinh tế SE Trường Đại\\n', 'content: Ấn tượng, sôi động cuộc thi Thủ lĩnh sinh viên HaUI 2023 Thứ Hai, 16:47 16/10/2023 6881 Trải qua 3 phần thi sôi nổi, hấp dẫn, Liên chi đoàn - Liên chi hội (LCĐ – LCH) Sinh viên Khoa Công nghệ Hóa xuất sắc đạt Giải Nhất cuộc thi Thủ lĩnh Sinh viên HaUI năm 2023. Chào mừng kỉ niệm 125 năm ngày truyền thống Nhà trường (1898 - 2023), hướng tới chào mừng Đại hội Đại biểu Hội sinh viên Thành phố Hà Nội lần thứ VIII, nhiệm kì 2023 - 2028; Sáng ngày 14/10, Đoàn Thanh niên - Hội Sinh viên Trường ĐH Công nghiệp Hà Nội tổ chức thành công cuộc thi ""Thủ lĩnh sinh viên HaUI năm 2023"". Tham dự cuộc thi, có đồng chí Đỗ Minh Hiền - Bí thư Đoàn trường, đồng chí Nguyễn Thị Linh Chi - Phó Bí thư Đoàn trường, đồng chí Ngô Lê Xuân Đức - Chủ tịch Hội sinh viên, cùng với sự tham gia của 11 đội thi đại diện 11 Liên chi đoàn - Liên chi hội Sinh viên trong Nhà trường. Thủ lĩnh Sinh viên HaUI năm 2023 diễn ra với 3 phần thi chính: Hiểu biết - Tài năng - Khỏe, khéo. Trong phần thi hiểu biết, các đội thi trải qua 20 câu hỏi về truyền thống lịch sử, nghiệp vụ công tác Đoàn - Hội trên ứng dụng Quizz. Tại phần thi tài năng, các đội thi được thể hiện kĩ năng xử lý tình huống, làm việc nhóm, dàn dựng tiết mục văn nghệ, cụ thể là bài hát ""Việt Nam ơi"" trong 30 phút. Phần thi Khỏe, khéo các đội thi đã lần lượt thể hiện sức mạnh và sự khéo léo của mình bằng các trò chơi: Xây cầu, bắn cung, di chuyển đồng đội Hội thi còn sôi động với màn chào hỏi và cuộc thi ảnh trực tiếp ngay tại cuộc thi, thu hút hơn 5 nghìn lượt tương tác, thu hút đông đảo đoàn viên thanh niên hưởng ứng. Sinh viên được cấp chứng nhận Sinh viên khỏe, một trong những tiêu chí của Sinh viên 5 tốt năm học 2023 - 2024. Nhiều hoạt động, trò chơi sôi nổi diễn ra tại cuộc thi Hào hứng tham dự cuộc thi, sinh viên Đào Văn Bách - Phó Bí thư Liên chi đoàn khoa Công nghệ Hóa chia sẻ: Rất lâu rồi chúng em lại mới có một cuộc thi được tổ chức ở một không gian mở, được trải nghiệm nhiều phần thi ý nghĩa và thú vị đến vậy. Cảm ơn Đoàn Thanh niên -\\nnext_contents:\\n', 'content: ""Sinh viên 5 tốt"" cấp trường năm học 2020 - 2021, đạt giải khuyến khích Sinh viên nghiên cứu khoa học cấp trường năm học 2020 - 2021. Hoạt động Đoàn Hội giúp Phi Lực cải thiện kết quả thi đua, học tập. Với các thành tích đáng nể như Bằng khen của TƯ Hội Sinh viên Việt Nam về thành tích xuất sắc trong công tác Hội và phong trào sinh viên năm học 2020 - 202; Bằng khen Hội Sinh viên thành phố Hà Nội về thành tích xuất sắc trong công tác Hội và phong trào sinh viên giai đoạn 2016 - 2020; Bằng khen của Thành Đoàn Hà Nội về đã tham gia tích cực chương trình nghệ thuật chào mừng thành công Đại hội Đảng bộ TP. Hà Nội lần thứ XVII; “Gương mặt trẻ cấp trường năm 2020” do Đoàn trường tổ chức..., chàng trai 21 tuổi cho biết bản thân vẫn đang không ngừng cố gắng học hỏi để trang bị hành trang vững vàng cho các hành trình tiếp theo. Nguồn: https://hoahoctro.tienphong.vn/ Thứ Năm, 19:37 09/12/2021 Tags: Đại học Công nghiệp Hà Nội gương sáng sinh viên Hoạt động Đoàn Hội Đoàn thanh niên Hội sinh viên\\nnext_contents:\\n- viên còn đang quen với gia đình, thầy cô, bạn bè... mình đã cảm thấy rất lạc lõng”. Tuy nhiên, Phi Lực đã nỗ lực thay đổi chính bản thân mình bằng chọn cách “dấn thân” cùng các hoạt động tình nguyện. “Nhờ công tác tình nguyện, từ một chàng sinh viên nhút nhát mình đã trở nên năng động và nhiệt huyết hơn. Qua các hoạt động, mình thấy trưởng thành hơn, biết thêm nhiều kỹ năng như: Lập kế hoạch, tổ chức chương trình, xử lý tình huống… những thứ mà mình không được học trên giảng đường để từ đó phát huy những điểm mạnh và hạn chế những điểm yếu.” - chàng sinh viên chia sẻ. Nam sinh viên góp sức trong các hoạt động phòng chống dịch COVID-19. Chàng trai trường Công nghiệp đi khắp mọi miền để thực hiện công tác thiện nguyện . Trải nghiệm qua những hành trình Là một người trẻ, Phi Lực cho rằng chúng ta nên sống hết mình với những năm tháng tuổi trẻ. Lực cho biết thông qua những chương trình tình nguyện như “Ai cũng có Tết” tại Mèo Vạc - Hà Giang, các chương trình tình nguyện vì cộng đồng, phát quà cho người vô gia cư, Lực tự hào đã đóng góp một phần công sức để giúp cuộc sống của trẻ em vùng cao, những người vô gia cư... bớt đi phần nào khó khăn. Phi Lực trong một chuyến đi thiện nguyện tại bệnh viện. Phi Lực tiết lộ, tham gia công tác Hội còn giúp bạn trên nhiều phương diện - trong đó có học tập. Chính nhờ vào các hoạt động đã giúp Lực có thêm những kinh nghiệm và vận dụng vào trong học tập, từ đó đạt kết quả cao. Bạn đã đạt danh hiệu ""Sinh viên 5 tốt"" cấp trường năm học 2018 - 2019, ""Sinh viên 5 tốt"" cấp trường năm học 2020 - 2021, đạt giải khuyến khích Sinh viên nghiên cứu khoa học cấp trường năm học 2020 - 2021. Hoạt động Đoàn Hội giúp Phi Lực cải thiện kết quả thi đua, học tập. Với các thành tích đáng nể như Bằng khen của TƯ Hội Sinh viên Việt Nam về thành tích xuất sắc trong công tác Hội và phong trào sinh viên năm học 2020 - 202; Bằng khen Hội Sinh viên thành phố Hà Nội về thành tích xuất sắc trong công tác Hội và phong trào sinh viên giai đoạn 2016 - 2020; Bằng khen\\n']","['<1-hop>\\n\\nHội nghị kiện toàn Đội Thanh niên tình nguyện Khoa CNTT nhiệm kỳ 2023-2024 Chiều 30/11/2024, Hội nghị Kiện toàn Đội Thanh niên tình nguyện Khoa Công nghệ thông tin Trường ĐH Công Nghiệp Hà Nội nhiệm kỳ 2023-2024 đã diễn ra. Đội Thanh niên tình nguyện Khoa CNTT HaUI là một trong những Đội hình tình nguyện nòng cốt trực thuộc Liên chi Đoàn Khoa CNTT Trường Đại học Công Nghiệp Hà Nội. Bước sang năm hoạt động thứ 16 với 16 lần kiện toàn Ban Chủ nhiệm, Đội Thanh niên tình nguyện Khoa CNTT được tổ chức quy củ, nề nếp, có phương hướng và kế hoạch hoạt động cụ thể, bài bản theo từng giai đoạn. Đội là nhân tố quan trọng đóng góp vào sự phát triển của công tác Đoàn và phong trào thanh niên Khoa CNTT HaUI. Đội Thanh niên tình nguyện Khoa CNTT HaUI đã trải qua 16 năm hoạt động với phương châm được xác định: Tình nguyện bốn bể là nhà - Hai mươi năm ấy vẫn là thanh xuân Tại Lễ Kiện toàn bạn Lê Minh Hùng, Nguyên Đội trưởng Đội Thanh niên tình nguyện ULSA khoá trước chia sẻ: ""Trong nhiệm kỳ quản lý Đội, được giao trọng trách là đội trưởng, mình cảm thấy rất may mắn khi được Ban chủ nhiệm, các thành viên trong Đội và đặc biệt là Đoàn Thanh niên trường tin tưởng và giúp đỡ tận tình. Được gắn bó với Đội suốt 4 năm đại học, đối với mình Đội tình nguyện đã trở thành gia đình thứ 2. Mình có quá nhiều kỷ niệm không thể quên với tập thể Đội. Mình rất tự hào khi nói rằng “ngôi nhà xanh FIT-HaUI” là một tập thể luôn nhiệt huyết, đoàn kết và vững mạnh. Đội đã đi tới nhiều nơi và hoàn thành được nhiều công trình, phần việc vì cộng đồng ý nghĩa Mình mong muốn và tin tưởng Ban Chủ nhiệm Đội trong nhiệm kỳ mới sẽ luôn phát huy tốt tinh thần, nhiệt huyết của tuổi trẻ, theo sự phân công và giao nhiệm vụ của Đoàn Thanh niên trường, quản lý đội thật tốt, để tập thể “ngôi nhà xanh FIT-HaUI” luôn đi đầu trong các phong trào, hoạt động của Đoàn Thanh niên Khoa CNTT-HaUI"". Trong năm học 2023-2024, Đội Thanh niên tình nguyện Khoa CNTT HaUI với định hướng, chỉ đạo của Đoàn Thanh niên trường, cùng với sự cố gắng, nỗ lực của toàn thể đội viên, cộng tác viên, Ban chủ nhiệm, Đội đã hoàn thành xuất sắc các nhiệm vụ năm học 2024 - 2025 và ghi nhiều dấu ấn, thành tích nổi bật; Được Đoàn Thanh niên, Ban Giám hiệu nhà trường ghi nhận, đánh giá cao.', '<2-hop>\\n\\nSinh viên Khoa Công nghệ thông tin đạt giải tại Cuộc thi “Sinh viên thông thái 2024” Ngày 25/11/2024, chung kết cuộc thi Sinh viên thông thái 2024 với chủ đề: “Tìm hiểu pháp luật quản lý hoạt động kinh doanh theo phương thức đa cấp” đã diễn ra tại Đại học Kinh tế Quốc dân, Hà Nội. Đội thi Trường ĐH Công Nghiệp Hà Nội lọt vào vòng chung kết ""Sinh viên thông thái 2024"" Đây là cuộc thi do Ủy ban Cạnh tranh Quốc gia phối hợp với Vụ Pháp chế, Bộ Công Thương chủ trì tổ chức thực hiện. Cuộc thi nhằm phổ biến, tuyên truyền rộng rãi và nâng cao kiến thức, hiểu biết đúng đắn của sinh viên về hoạt động bán hàng đa cấp và và tầm quan trọng của công tác quản lý hoạt động kinh doanh theo phương thức đa cấp. Qua đó, góp phần tích cực trong việc bảo vệ cộng đồng, phòng chống hoạt động bán hàng đa cấp bất chính, xây dựng ngành bán hàng đa cấp trong sạch đảm bảo quyền và lợi ích cho người dân nói chung và sinh viên nói riêng. Phần thi giới thiệu của Đội thi Trường ĐH Công Nghiệp Hà Nội Đối tượng tham gia là sinh viên các trường đại học, cao đẳng khu vực phía Bắc. Nội dung thi gồm: Tìm hiểu các quy định của pháp luật liên quan đến hoạt động kinh doanh theo phương thức đa cấp và quản lý hoạt động kinh doanh theo phương thức đa cấp; xử lý các tình huống giả định có liên quan tới hoạt động kinh doanh theo phương thức đa cấp; phòng chống đa cấp bất chính; đề xuất các giải pháp nhằm nâng cao hiệu quả thực thi pháp luật quản lý hoạt động kinh doanh theo phương thức đa cấp; tuyên truyền, cảnh báo các dấu hiệu đa cấp bất chính… Phần thi Tiểu phẩm của Đội thi Trường ĐH Công Nghiệp Hà Nội Với 3 phần thi giới thiệu - tiểu phẩm - hùng biện, Sinh viên Lê Văn Thọ lớp ĐH CN Đa phương tiện Khóa 18 và sinh viên Trần Đức Quân lớp ĐH CNTT1 Khóa 18 thuộc Đội thi Trường Đại học Công Nghiệp Hà Nội đã trổ tài tranh biện với những lập luận sắc bén và phản biện thông minh để thuyết phục ban giám khảo là những chuyên gia uy tín hàng đầu về Luật Cạnh tranh và bảo vệ người tiêu dùng. Phần thi hùng biện của Đội thi Trường ĐH Công Nghiệp Hà Nội. Sinh viên Lê Văn Thọ và Trần Đức Quân (đứng giữa) Khoa Công nghệ thông tin đang thể hiện phần thi Đội thi Trường Đại học Công Nghiệp Hà Nội đã chuẩn bị cẩn thận, kỹ lưỡng ngay từ khi tổng duyệt đến từng phần thi. Những giọt nước mắt hạnh phúc đã rơi cùng với những cái ôm thật chặt, niềm vui sướng và tự hào vô bờ bến của toàn đội sau hành trình hai tháng đầy nỗ lực và thử thách, tập luyện mỗi ngày.']","### Thành tích của Đội Thanh niên tình nguyện Khoa CNTT năm học 2023-2024
Đội Thanh niên tình nguyện Khoa Công nghệ thông tin, Trường Đại học Công Nghiệp Hà Nội đã có những hoạt động nổi bật trong năm học 2023-2024. Cụ thể:
- Đội đã tổ chức Hội nghị Kiện toàn vào ngày 30/11/2024, nhằm củng cố và phát triển các hoạt động tình nguyện.
- Đội đã hoạt động liên tục trong 16 năm, với nhiều thành tích đáng ghi nhận trong công tác Đoàn và phong trào thanh niên.
- Đội đã tham gia nhiều hoạt động cộng đồng, góp phần vào sự phát triển của phong trào thanh niên tại Khoa CNTT.
- Đội cũng đã nhận được nhiều bằng khen và ghi nhận từ các cấp lãnh đạo về những đóng góp tích cực trong các hoạt động tình nguyện.

Nguồn: [Hội nghị kiện toàn Đội Thanh niên tình nguyện Khoa CNTT nhiệm kỳ 2023-2024](https://fit.haui.edu.vn/vn/tin-tuc/hoi-nghi-kien-toan-doi-thanh-nien-tinh-nguyen-khoa-cntt-nhiem-ky-2023-2024/71182).

### Tham gia cuộc thi ""Sinh viên thông thái 2024""
Sinh viên Khoa Công nghệ thông tin đã tham gia cuộc thi ""Sinh viên thông thái 2024"" với chủ đề ""Tìm hiểu pháp luật quản lý hoạt động kinh doanh theo phương thức đa cấp"". Cuộc thi diễn ra vào ngày 25/11/2024 tại Đại học Kinh tế Quốc dân, Hà Nội. Đội thi của Trường Đại học Công Nghiệp Hà Nội đã xuất sắc lọt vào vòng chung kết.

Cuộc thi nhằm nâng cao kiến thức và hiểu biết của sinh viên về hoạt động bán hàng đa cấp và quản lý hoạt động kinh doanh theo phương thức này. Đây là một cơ hội tốt để sinh viên thể hiện năng lực và giao lưu học hỏi với các bạn sinh viên từ các trường khác.

Nguồn: [Sinh viên Khoa Công nghệ thông tin đạt giải tại Cuộc thi “Sinh viên thông thái 2024”](https://fit.haui.edu.vn/vn/guong-sang/sinh-vien-khoa-cong-nghe-thong-tin-dat-giai-tai-cuoc-thi-sinh-vien-thong-thai-2024/71167).

Nếu bạn cần thêm thông tin hoặc có câu hỏi khác, hãy cho tôi biết!","Trong năm học 2023-2024, Đội Thanh niên tình nguyện Khoa CNTT Trường ĐH Công Nghiệp Hà Nội đã hoàn thành xuất sắc các nhiệm vụ và ghi nhiều dấu ấn, thành tích nổi bật, được Đoàn Thanh niên và Ban Giám hiệu nhà trường ghi nhận, đánh giá cao. Đồng thời, sinh viên của trường đã tham gia vào cuộc thi ""Sinh viên thông thái 2024"" với chủ đề ""Tìm hiểu pháp luật quản lý hoạt động kinh doanh theo phương thức đa cấp"" và lọt vào vòng chung kết. Đội thi đã chuẩn bị cẩn thận và thể hiện tài năng qua các phần thi giới thiệu, tiểu phẩm và hùng biện, với những lập luận sắc bén và phản biện thông minh.",0.8199103311469272,0.49999999995,0.0,0.6666666666666666,11.06659722328186,14.18526816368103
Tọa đàm về số hóa trong lĩnh vực công nghiệp sẽ diễn ra khi nào và ai sẽ tham gia?,"['content: triển khai trước mắt và trong dài hạn để xây dựng được lực lượng lao động có tay nghề, chất lượng cao cho các ngành công nghiệp hỗ trợ? Vấn đề này sẽ được chia sẻ dưới những góc nhìn đa dạng và sâu sắc hơn tại Tọa đàm hôm nay do Tạp chí Công Thương thực hiện. Tọa đàm với chủ đề “Nâng cao chất lượng nhân lực ngành công nghiệp hỗ trợ”. Tham dự Toạ đàm có các vị khách mời: - TS. Kiều Xuân Thực - Hiệu trưởng Đại học Công nghiệp Hà Nội - Ông Cao Văn Bình - Quyền Giám đốc Trung tâm Hỗ trợ phát triển công nghiệp, Cục Công nghiệp, Bộ Công Thương - Ông Phùng Anh Tuấn - Phó Giám đốc Công ty Cổ phần Manutronic Việt Nam - Ông Lê Quý Thành - Giám đốc Nhà máy TOMECO An Khang Nội dung Toạ đàm sẽ tập trung chia sẻ về những vấn đề: (i) Thực trạng nguồn nhân lực trong các lĩnh vực công nghiệp hỗ trợ tại Việt Nam, các hoạt động nâng cao chất lượng nguồn nhân lực và kết nối giữa doanh nghiệp với các cơ sở giáo dục đào tạo. (ii) Yêu cầu đang đặt ra đối với nguồn nhân lực Việt Nam trong bối cảnh mới. (iii) Các giải pháp của cơ quan quản lý nhà nước, cơ sở giáo dục đào tạo và doanh nghiệp trong nâng cao chất lượng nguồn nhân lực ngành công nghiệp hỗ trợ. Thông qua những góp ý, chia sẻ của cơ quan quản lý nhà nước, Hiệp hội, doanh nghiệp, Tọa đàm đề xuất giải pháp thúc đẩy liên kết giữa cơ sở đào tạo và doanh nghiệp, góp phần nâng cao số lượng cùng trình độ của nguồn nhân lực để ngành công nghiệp hỗ trợ thực sự phát triển xứng với tiềm năng và cơ hội đang đặt ra. Trân trọng kính mời quý độc giả quan tâm theo dõi. Streaming: Facebook Fanpage Tự hào hàng Việt https://www.facebook.com/TuhaohangVietNam.vn; Website Tạp chí Công Thương http://tapchicongthuong.vn; và Kênh Youtube Tạp chí Công Thương https://www.youtube.com/@tapchicongthuongofficial3584 Nguồn: Tạp chí Công Thương Thứ Tư, 20:23 11/10/2023 Tags: Đại học Công nghiệp Hà Nội HaUI ĐHCNHN tọa đàm trực tuyến nâng cao chất lượng nhân lực ngành công nghiệp hỗ trợ\\nnext_contents:\\n- [Toạ đàm trực tuyến] Nâng cao chất lượng nhân lực ngành công nghiệp hỗ trợ Thứ Tư, 20:23 11/10/2023 1377 Tọa đàm “Nâng cao chất lượng nhân lực ngành công nghiệp hỗ trợ” do Tạp chí Công Thương tổ chức sẽ phát trực tuyến trên nền tảng Tạp chí Công Thương điện tử và Fanpage Tự hào hàng Việt Nam vào 9h30 ngày 12/10/2023. Toạ đàm “Nâng cao chất lượng nhân lực ngành công nghiệp hỗ trợ” do Tạp chí Công Thương tổ chức sẽ phát trực tuyến vào 9h30 ngày 12/10/2023 Với sự quan tâm và đẩy mạnh hỗ trợ về cơ chế, chính sách cũng như sự chủ động nắm bắt cơ hội của cộng đồng doanh nghiệp, địa phương, ngành công nghiệp hỗ trợ Việt Nam đã có những bước phát triển rõ nét. Tuy nhiên, nguồn nhân lực còn thiếu, chất lượng chưa đồng đều đang là trở ngại lớn của nhiều doanh nghiệp ngành công nghiệp hỗ trợ. Ghi nhận tại nhiều địa phương về những khó khăn của doanh nghiệp từ đầu năm đến nay cho thấy, bên cạnh những bất ổn về thị trường, nguyên liệu... ảnh hưởng đến hoạt động sản xuất kinh doanh, thì việc thiếu hụt lao động cục bộ ở một số doanh nghiệp công nghiệp hỗ trợ, đặc biệt là lao động chất lượng cao, đang là vấn đề cần tháo gỡ. Trong bối cảnh xu hướng chuyển dịch chuỗi cung ứng đang mở ra nhiều cơ hội cho ngành công nghiệp hỗ trợ trong nước phát triển, bài toán nguồn nhân lực càng trở nên cấp thiết hơn để các doanh nghiệp có thể nâng cao năng lực sản xuất, tự tin cạnh tranh nhờ việc đáp ứng yêu cầu ngày càng cao của chuỗi giá trị. Bài toán nguồn nhân lực còn vướng mắc ở đâu? Giải pháp nào cần triển khai trước mắt và trong dài hạn để xây dựng được lực lượng lao động có tay nghề, chất lượng cao cho các ngành công nghiệp hỗ trợ? Vấn đề này sẽ được chia sẻ dưới những góc nhìn đa dạng và sâu sắc hơn tại Tọa đàm hôm nay do Tạp chí Công Thương thực hiện. Tọa đàm với chủ đề “Nâng cao chất lượng nhân lực ngành công nghiệp hỗ trợ”. Tham dự Toạ đàm có các vị khách mời: - TS. Kiều Xuân Thực - Hiệu trưởng Đại học Công nghiệp Hà Nội - Ông Cao Văn Bình - Quyền Giám đốc Trung tâm Hỗ trợ phát triển\\n', 'content: [tapchicongthuong] [TỔNG THUẬT TOẠ ĐÀM] “Số hóa trong lĩnh vực công nghiệp - Bài toán cho các nhà sản xuất” Thứ Tư, 17:37 04/12/2024 162 TCCT Tại Tọa đàm do Tạp chí Công Thương thực hiện sáng 04/12/2024, đại diện cơ quan quản lý Nhà nước, cơ sở đào tạo và doanh nghiệp đã tập trung thảo luận về những hành động cụ thể của Bộ Công Thương trong việc hỗ trợ và thúc đẩy chuyển đổi số trong ngành Công Thương; Những đòi hỏi về đổi mới công tác đào tạo nguồn nhân lực số và những giải pháp hỗ trợ doanh nghiệp trong công tác chuyển đổi số… Toạ đàm ""Số hóa trong lĩnh vực công nghiệp - Bài toán của các nhà sản xuất"" do Tạp chí Công Thương tổ chức sáng 04/12/2024 BTV LAN ANH: Theo đánh giá của các chuyên gia, trước xu hướng và đà tăng trưởng hiện nay, thị trường thương mại điện tử và kinh tế số Việt Nam sẽ còn phát triển mạnh mẽ hơn nữa và trở thành một trong những động lực thúc đẩy tăng trưởng kinh tế. Đây cũng chính là thời điểm để chúng ta xây nên những mô hình và chiến lược mới, ứng dụng mạnh mẽ công nghệ số, tăng sức cạnh tranh trong bối cảnh mới. Thời gian qua, Bộ Công Thương đã ban hành nhiều văn bản, chính sách nhằm thúc đẩy chuyển đổi số ngành Công Thương, triển khai Chiến lược Quốc gia về phát triển kinh tế số và xã hội số, trong đó tập trung vào các nội dung: (i) tăng cường xây dựng Chính phủ điện tử Bộ Công Thương; (ii) thúc đẩy phát triển Kinh tế số ngành Công Thương theo ba lĩnh vực ưu tiên là thương mại, công nghiệp - năng lượng, và dịch vụ logistics. Việc đẩy mạnh ứng dụng chuyển đổi số ngành Công Thương là vô cùng cần thiết trong nâng cao hiệu quả quản lý, điều hành Bộ Công Thương cũng như thúc đẩy kinh tế số trong ngành. Đặc biệt, trong lĩnh vực sản xuất, quá trình số hóa được đánh giá đã làm thay đổi diện mạo của ngành công nghiệp, đưa tỷ trọng của những ngành khai thác giảm dần và tỷ trọng ngành chế biến, chế tạo tăng dần. Tuy nhiên để phát triển kinh tế số ngành Công Thương nói chung cũng như số hóa các lĩnh vực công nghiệp một cách bền vững hiện vẫn tồn tại\\nnext_contents:\\n', 'content: chuyển đổi số ngành Công Thương là vô cùng cần thiết trong nâng cao hiệu quả quản lý, điều hành Bộ Công Thương cũng như thúc đẩy kinh tế số trong ngành. Đặc biệt, trong lĩnh vực sản xuất, quá trình số hóa được đánh giá đã làm thay đổi diện mạo của ngành công nghiệp, đưa tỷ trọng của những ngành khai thác giảm dần và tỷ trọng ngành chế biến, chế tạo tăng dần. Tuy nhiên để phát triển kinh tế số ngành Công Thương nói chung cũng như số hóa các lĩnh vực công nghiệp một cách bền vững hiện vẫn tồn tại rất nhiều khó khăn, rào cản. Đây là bài toán của các nhà sản xuất cần được sự chung tay vào cuộc của nhiều thành phần với nỗ lực mạnh mẽ để thúc đẩy chuyển đổi số trong lĩnh vực công nghiệp trong thời gian tới. Vấn đề này sẽ cùng được chia sẻ tại Tọa đàm hôm nay do Tạp chí Công Thương thực hiện. Tọa đàm với chủ đề “Số hóa trong lĩnh vực công nghiệp - Bài toán cho các nhà sản xuất”. Tham gia Toạ đàm của chúng ta ngày hôm nay, có sự tham dự của các vị khách mời. Xin trân trọng giới thiệu: - TS. Đặng Trọng Hợp - Trưởng khoa Công nghệ thông tin, Đại học Công nghiệp Hà Nội - Ông Nguyễn An Sơn - Trưởng phòng Phát triển dự án, Trung tâm Tin học và Công nghệ số, Cục Thương mại điện tử và Kinh tế số (Bộ Công Thương) - TS.Nguyễn Hữu Phước Nguyên - Tổng Giám đốc điều hành Selex Motors Xin cảm ơn các vị khách mời đã đến với Toạ đàm của Tạp chí Công Thương ngày hôm nay. Và trước khi bắt đầu buổi Tọa đàm, xin mời quý vị cùng theo dõi một phóng sự do Tạp chí Công Thương tổng hợp. BTV LAN ANH: Trở lại với các vị khách mời, câu hỏi đầu tiên xin gửi tới ông Nguyễn An Sơn, Cục Thương mại điện tử và Kinh tế số (Bộ Công Thương). Được biết, trong thời gian qua, Bộ Công Thương đã có nhiều hoạt động nhằm thúc đẩy chuyển đổi số trong ngành và triển khai Chiến lược Quốc gia về phát triển kinh tế số và xã hội số. Vậy xin ông cho biết những hành động cụ thể của Bộ Công Thương trong việc hỗ trợ và thúc đẩy chuyển đổi số trong ngành Công Thương nói chung và các lĩnh vực sản xuất công\\nnext_contents:\\n- [tapchicongthuong] [TỔNG THUẬT TOẠ ĐÀM] “Số hóa trong lĩnh vực công nghiệp - Bài toán cho các nhà sản xuất” Thứ Tư, 17:37 04/12/2024 162 TCCT Tại Tọa đàm do Tạp chí Công Thương thực hiện sáng 04/12/2024, đại diện cơ quan quản lý Nhà nước, cơ sở đào tạo và doanh nghiệp đã tập trung thảo luận về những hành động cụ thể của Bộ Công Thương trong việc hỗ trợ và thúc đẩy chuyển đổi số trong ngành Công Thương; Những đòi hỏi về đổi mới công tác đào tạo nguồn nhân lực số và những giải pháp hỗ trợ doanh nghiệp trong công tác chuyển đổi số… Toạ đàm ""Số hóa trong lĩnh vực công nghiệp - Bài toán của các nhà sản xuất"" do Tạp chí Công Thương tổ chức sáng 04/12/2024 BTV LAN ANH: Theo đánh giá của các chuyên gia, trước xu hướng và đà tăng trưởng hiện nay, thị trường thương mại điện tử và kinh tế số Việt Nam sẽ còn phát triển mạnh mẽ hơn nữa và trở thành một trong những động lực thúc đẩy tăng trưởng kinh tế. Đây cũng chính là thời điểm để chúng ta xây nên những mô hình và chiến lược mới, ứng dụng mạnh mẽ công nghệ số, tăng sức cạnh tranh trong bối cảnh mới. Thời gian qua, Bộ Công Thương đã ban hành nhiều văn bản, chính sách nhằm thúc đẩy chuyển đổi số ngành Công Thương, triển khai Chiến lược Quốc gia về phát triển kinh tế số và xã hội số, trong đó tập trung vào các nội dung: (i) tăng cường xây dựng Chính phủ điện tử Bộ Công Thương; (ii) thúc đẩy phát triển Kinh tế số ngành Công Thương theo ba lĩnh vực ưu tiên là thương mại, công nghiệp - năng lượng, và dịch vụ logistics. Việc đẩy mạnh ứng dụng chuyển đổi số ngành Công Thương là vô cùng cần thiết trong nâng cao hiệu quả quản lý, điều hành Bộ Công Thương cũng như thúc đẩy kinh tế số trong ngành. Đặc biệt, trong lĩnh vực sản xuất, quá trình số hóa được đánh giá đã làm thay đổi diện mạo của ngành công nghiệp, đưa tỷ trọng của những ngành khai thác giảm dần và tỷ trọng ngành chế biến, chế tạo tăng dần. Tuy nhiên để phát triển kinh tế số ngành Công Thương nói chung cũng như số hóa các lĩnh vực công nghiệp một cách bền vững hiện vẫn tồn tại\\n', 'content: Tư vấn tuyển sinh trực tuyến nhóm ngành Công nghệ thông tin năm 2022 Công nghệ thông tin là nhóm ngành đang có xu hướng phát triển, nhu cầu nhân lực rất cao và các chuyên gia lưu ý sinh viên học tốt, có năng lực sẽ được doanh nghiệp săn đón ngay khi còn ngồi ở ghế nhà trường. Đại dịch Covid 19 đang bước vào năm thứ 3, gây ảnh hưởng tất cả mọi lĩnh vực trong đời sống. Tuy nhiên, công nghệ thông tin (CNTT) lại là một trong những lĩnh vực phát triển mạnh với nhiều đột phá góp phần đổi thay cuộc sống. Vào tối ngày 8/6/2022, Khoa Công nghệ thông tin Trường Đại học Công Nghiệp Hà Nội kết hợp với một số doanh nghiệp đã tổ chức buổi livestream tư vấn trực tuyến nhóm ngành CNTT năm 2022. Tham dự buổi tư vấn có TS. Lê Văn Thái – Phó Trưởng phòng đào tạo Trường ĐH Công Nghiệp Hà Nội, TS. Đặng Trọng Hợp – Trưởng Khoa CNTT và đại diện doanh nghiệp FPT Software, cựu sinh viên Nguyễn Huy Du, các chuyên gia cung cấp cho thí sinh nhiều thông tin cụ thể về ngành học này khi trong giai đoạn sắp tới. Thí sinh có rất nhiều câu hỏi đặt ra cho Ban tổ chức Tiến sĩ Lê Văn Thái – Phó Trưởng phòng Đào tạo Trường ĐH Công Nghiệp Hà Nội, chia sẻ: ""CNTT là nhóm ngành hot và được dự đoán là ngành lâu dài trong tương lai, để đào tạo nhân lực chất lượng cao phục vụ cho các ngành nghề khác. Chẳng hạn, lập trình viên phải biết cách phát triển các sản phẩm CNTT để phục vụ những ngành nghề khác"". Tiến sỹ khẳng định sinh viên học tốt chắc chắn ra trường sẽ có việc làm. Tuy nhiên, lĩnh vực này khó nên sinh viên phải học chăm chỉ và cố gắng thì mới thành công, đòi hòi có năng lực thật sự và có kỹ năng nghề nghiệp. TS. Đặng Trọng Hợp – Trưởng khoa CNTT chia sẻ: ""CNTT là nhóm ngành đang có xu hướng phát triển và nhu cầu nhân lực rất cao và luôn nằm trong tốp đầu những ngành có lương và thu nhập cao"". Theo Tiến sĩ, Khoa Công nghệ thông tin Trường ĐH Công Nghiệp Hà Nội có 4 chuyên ngành công nghệ thông tin, khoa học máy tính, hệ thống thông tin, kỹ thuật phần mềm, nếu sinh viên năm thứ 3 có học lực khá thì\\nnext_contents:\\n', 'content: [Tọa đàm trực tuyến] Số hoá trong lĩnh vực công nghiệp - Bài toán cho các nhà sản xuất Tọa đàm: “Số hoá trong lĩnh vực công nghiệp - Bài toán cho các nhà sản xuất” do Tạp chí Công Thương tổ chức sẽ phát trực tuyến trên nền tảng Tạp chí Công Thương điện tử và Fanpage Tự hào hàng Việt Nam vào 9h30 ngày 04/12/2024. Theo đánh giá của các chuyên gia, trước xu hướng và đà tăng trưởng hiện nay, thị trường thương mại điện tử và kinh tế số Việt Nam sẽ còn phát triển mạnh mẽ hơn nữa và trở thành một trong những động lực thúc đẩy tăng trưởng kinh tế. Đây cũng chính là thời điểm để chúng ta xây nên những mô hình và chiến lược mới, ứng dụng mạnh mẽ công nghệ số, tăng sức cạnh tranh trong bối cảnh mới. Theo đánh giá của các chuyên gia, trước xu hướng và đà tăng trưởng hiện nay, thị trường thương mại điện tử và kinh tế số Việt Nam sẽ còn phát triển mạnh mẽ hơn nữa và trở thành một trong những động lực thúc đẩy tăng trưởng kinh tế. Đây cũng chính là thời điểm để chúng ta xây nên những mô hình và chiến lược mới, ứng dụng mạnh mẽ công nghệ số, tăng sức cạnh tranh trong bối cảnh mới. Tọa đàm: “Số hoá trong lĩnh vực công nghiệp – Bài toán cho các nhà sản xuất” do Tạp chí Công Thương tổ chức sẽ phát trực tuyến trên nền tảng Tạp chí Công Thương điện tử và Fanpage Tự hào hàng Việt Nam vào 9h30 ngày 05/12/2024. Thời gian qua, Bộ Công Thương đã ban hành nhiều văn bản, chính sách nhằm thúc đẩy chuyển đổi số ngành Công Thương, triển khai Chiến lược Quốc gia về phát triển kinh tế số và xã hội số, trong đó tập trung vào các nội dung: (i) tăng cường xây dựng Chính phủ điện tử Bộ Công Thương ; (ii) thúc đẩy phát triển Kinh tế số ngành Công Thương theo ba lĩnh vực ưu tiên là thương mại, công nghiệp - năng lượng, và dịch vụ logistics. Vệc đẩy mạnh ứng dụng chuyển đổi số ngành Công Thương là vô cùng cần thiết trong nâng cao hiệu quả quản lý, điều hành Bộ Công Thương cũng như thúc đẩy kinh tế số trong ngành. Đặc biệt, trong lĩnh vực sản xuất, quá trình số hóa được đánh giá đã làm thay đổi diện mạo\\nnext_contents:\\n']","['<1-hop>\\n\\nTọa đàm: “Số hoá trong lĩnh vực công nghiệp - Bài toán cho các nhà sản xuất” do Tạp chí Công Thương tổ chức sẽ phát trực tuyến trên nền tảng Tạp chí Công Thương điện tử và Fanpage Tự hào hàng Việt Nam vào 9h30 ngày 04/12/2024. Theo đánh giá của các chuyên gia, trước xu hướng và đà tăng trưởng hiện nay, thị trường thương mại điện tử và kinh tế số Việt Nam sẽ còn phát triển mạnh mẽ hơn nữa và trở thành một trong những động lực thúc đẩy tăng trưởng kinh tế. Đây cũng chính là thời điểm để chúng ta xây nên những mô hình và chiến lược mới, ứng dụng mạnh mẽ công nghệ số, tăng sức cạnh tranh trong bối cảnh mới. Theo đánh giá của các chuyên gia, trước xu hướng và đà tăng trưởng hiện nay, thị trường thương mại điện tử và kinh tế số Việt Nam sẽ còn phát triển mạnh mẽ hơn nữa và trở thành một trong những động lực thúc đẩy tăng trưởng kinh tế. Đây cũng chính là thời điểm để chúng ta xây nên những mô hình và chiến lược mới, ứng dụng mạnh mẽ công nghệ số, tăng sức cạnh tranh trong bối cảnh mới. Tọa đàm: “Số hoá trong lĩnh vực công nghiệp – Bài toán cho các nhà sản xuất” do Tạp chí Công Thương tổ chức sẽ phát trực tuyến trên nền tảng Tạp chí Công Thương điện tử và Fanpage Tự hào hàng Việt Nam vào 9h30 ngày 05/12/2024. Thời gian qua, Bộ Công Thương đã ban hành nhiều văn bản, chính sách nhằm thúc đẩy chuyển đổi số ngành Công Thương, triển khai Chiến lược Quốc gia về phát triển kinh tế số và xã hội số, trong đó tập trung vào các nội dung: (i) tăng cường xây dựng Chính phủ điện tử Bộ Công Thương ; (ii) thúc đẩy phát triển Kinh tế số ngành Công Thương theo ba lĩnh vực ưu tiên là thương mại, công nghiệp - năng lượng, và dịch vụ logistics. Vệc đẩy mạnh ứng dụng chuyển đổi số ngành Công Thương là vô cùng cần thiết trong nâng cao hiệu quả quản lý, điều hành Bộ Công Thương cũng như thúc đẩy kinh tế số trong ngành. Đặc biệt, trong lĩnh vực sản xuất, quá trình số hóa được đánh giá đã làm thay đổi diện mạo của ngành công nghiệp, đưa tỷ trọng của những ngành khai thác giảm dần và tỷ trọng ngành chế biến, chế tạo tăng dần. Tuy nhiên để phát triển kinh tế số ngành Công Thương nói chung cũng như số hóa các lĩnh vực công nghiệp một cách bền vững hiện vẫn tồn tại rất nhiều khó khăn, rào cản. Đây là bài toán của các nhà sản xuất cần được sự chung tay vào cuộc của nhiều thành phần với nỗ lực mạnh mẽ để thúc đẩy chuyển đổi số trong lĩnh vực công nghiệp trong thời gian tới. Vấn đề này sẽ được chia sẻ với góc nhìn đa dạng và sâu sắc hơn tại Tọa đàm do Tạp chí Công Thương thực hiện với chủ đề: "" Số hoá trong lĩnh vực công nghiệp – Bài toán cho các nhà sản xuất"", phát trực tuyến vào 9h30 ngày 04/12/2024. Tham dự Tọa đàm có sự tham gia của các vị khách mời: - TS. Đặng Trọng Hợp - Trưởng khoa Công nghệ thông tin, Đại học Công nghiệp Hà Nội; - Ông Nguyễn An Sơn - Trưởng phòng Phát triển dự án, Trung tâm Tin học và Công nghệ số, Cục Thương mại điện tử và Kinh tế số (Bộ Công Thương) - TS. Nguyễn Hữu Phước Nguyên - Tổng Giám đốc điều hành Selex Motors Tại Tọa đàm, đại diện cơ quan quản lý Nhà nước, đại diện cơ sở đào tạo và doanh nghiệp sẽ cùng tham gia thảo luận, chia sẻ về những hành động cụ thể của Bộ Công Thương trong việc hỗ trợ và thúc đẩy chuyển đổi số trong ngành Công Thương nói chung và các lĩnh vực sản xuất công nghiệp nói riêng; Những khó khăn, rào cản và kinh nghiệm khi ứng dụng công tác chuyển đổi số trong ngành Công Thương; Những đòi hỏi về đổi mới trong công tác đào tạo nguồn nhân lực đáp ứng các yêu cầu về chuyển đổi số trong lĩnh vực công nghiệp hiện nay; Những giải pháp mà các cơ sở đào tạo đang áp dụng để đảm bảo đáp ứng được nguồn nhân lực chất lượng cao cung cấp cho nhu cầu chuyển đổi số tăng cao tại các doanh nghiệp; Những giải pháp, mong muốn và đề xuất của các doanh nghiệp khi bắt tay vào chuyển đổi số… Trân trọng kính mời quý độc giả quan tâm theo dõi. Streaming: Facebook Fanpage Tự hào hàng Việt https://www.facebook.com/TuhaohangVietNam.vn ; Website Tạp chí Công Thương http://tapchicongthuong.vn ; và Kênh Youtube Tạp chí Công Thương https://www.youtube.com/ @tapchicongthuongofficial Thứ Ba, 14:40 03/12/2024 Tags:', '<2-hop>\\n\\n[Tọa đàm trực tuyến] Số hoá trong lĩnh vực công nghiệp - Bài toán cho các nhà sản xuất']","Tọa đàm về số hóa trong lĩnh vực công nghiệp với chủ đề “Số hóa trong lĩnh vực công nghiệp - Bài toán cho các nhà sản xuất” sẽ diễn ra vào sáng ngày **04/12/2024**. Sự kiện này sẽ có sự tham gia của các khách mời quan trọng, bao gồm:

- **TS. Đặng Trọng Hợp** - Trưởng khoa Công nghệ thông tin, Đại học Công nghiệp Hà Nội
- **Ông Nguyễn An Sơn** - Trưởng phòng Phát triển dự án, Trung tâm Tin học và Công nghệ số, Cục Thương mại điện tử và Kinh tế số (Bộ Công Thương)
- **TS. Nguyễn Hữu Phước Nguyên** - Tổng Giám đốc điều hành Selex Motors

Tọa đàm sẽ tập trung vào việc thảo luận về những hành động cụ thể của Bộ Công Thương trong việc hỗ trợ và thúc đẩy chuyển đổi số trong ngành công nghiệp, cũng như các giải pháp nâng cao chất lượng nguồn nhân lực trong bối cảnh chuyển đổi số.

Nếu bạn cần thêm thông tin về các hoạt động khóa hay các hoạt động đoàn hội khác tại trường, vui lòng cho tôi biết để tôi có thể hỗ trợ thêm. 

[**Tọa đàm “Số hóa trong lĩnh vực công nghiệp - Bài toán cho các nhà sản xuất”**](https://fit.haui.edu.vn/vn/tin-tuc/toa-dam-so-hoa-trong-linh-vuc-cong-nghiep-bai-toan-cho-cac-nha-san-xuat/71179) - [**Link tham khảo**](https://fit.haui.edu.vn/vn/tin-tuc/toa-dam-so-hoa-trong-linh-vuc-cong-nghiep-bai-toan-cho-cac-nha-san-xuat/71179).","Tọa đàm về số hóa trong lĩnh vực công nghiệp có chủ đề ""Số hoá trong lĩnh vực công nghiệp – Bài toán cho các nhà sản xuất"" sẽ diễn ra vào 9h30 ngày 04/12/2024. Tham dự tọa đàm có các khách mời như TS. Đặng Trọng Hợp - Trưởng khoa Công nghệ thông tin, Đại học Công nghiệp Hà Nội; Ông Nguyễn An Sơn - Trưởng phòng Phát triển dự án, Trung tâm Tin học và Công nghệ số, Cục Thương mại điện tử và Kinh tế số (Bộ Công Thương); và TS. Nguyễn Hữu Phước Nguyên - Tổng Giám đốc điều hành Selex Motors.",0.7736026565026025,0.5888888888692593,0.7,1.0,3.818124771118164,7.808976173400879
"Đội thi Trường Đại học Công nghiệp Hà Nội đã đạt giải gì tại cuộc thi ""Sinh viên thông thái 2024"" và chủ đề của cuộc thi là gì?",[],"['<1-hop>\\n\\nSinh viên Khoa Công nghệ thông tin đạt giải tại Cuộc thi “Sinh viên thông thái 2024” Ngày 25/11/2024, chung kết cuộc thi Sinh viên thông thái 2024 với chủ đề: “Tìm hiểu pháp luật quản lý hoạt động kinh doanh theo phương thức đa cấp” đã diễn ra tại Đại học Kinh tế Quốc dân, Hà Nội. Đội thi Trường ĐH Công Nghiệp Hà Nội lọt vào vòng chung kết ""Sinh viên thông thái 2024"" Đây là cuộc thi do Ủy ban Cạnh tranh Quốc gia phối hợp với Vụ Pháp chế, Bộ Công Thương chủ trì tổ chức thực hiện. Cuộc thi nhằm phổ biến, tuyên truyền rộng rãi và nâng cao kiến thức, hiểu biết đúng đắn của sinh viên về hoạt động bán hàng đa cấp và và tầm quan trọng của công tác quản lý hoạt động kinh doanh theo phương thức đa cấp. Qua đó, góp phần tích cực trong việc bảo vệ cộng đồng, phòng chống hoạt động bán hàng đa cấp bất chính, xây dựng ngành bán hàng đa cấp trong sạch đảm bảo quyền và lợi ích cho người dân nói chung và sinh viên nói riêng. Phần thi giới thiệu của Đội thi Trường ĐH Công Nghiệp Hà Nội Đối tượng tham gia là sinh viên các trường đại học, cao đẳng khu vực phía Bắc. Nội dung thi gồm: Tìm hiểu các quy định của pháp luật liên quan đến hoạt động kinh doanh theo phương thức đa cấp và quản lý hoạt động kinh doanh theo phương thức đa cấp; xử lý các tình huống giả định có liên quan tới hoạt động kinh doanh theo phương thức đa cấp; phòng chống đa cấp bất chính; đề xuất các giải pháp nhằm nâng cao hiệu quả thực thi pháp luật quản lý hoạt động kinh doanh theo phương thức đa cấp; tuyên truyền, cảnh báo các dấu hiệu đa cấp bất chính… Phần thi Tiểu phẩm của Đội thi Trường ĐH Công Nghiệp Hà Nội Với 3 phần thi giới thiệu - tiểu phẩm - hùng biện, Sinh viên Lê Văn Thọ lớp ĐH CN Đa phương tiện Khóa 18 và sinh viên Trần Đức Quân lớp ĐH CNTT1 Khóa 18 thuộc Đội thi Trường Đại học Công Nghiệp Hà Nội đã trổ tài tranh biện với những lập luận sắc bén và phản biện thông minh để thuyết phục ban giám khảo là những chuyên gia uy tín hàng đầu về Luật Cạnh tranh và bảo vệ người tiêu dùng. Phần thi hùng biện của Đội thi Trường ĐH Công Nghiệp Hà Nội. Sinh viên Lê Văn Thọ và Trần Đức Quân (đứng giữa) Khoa Công nghệ thông tin đang thể hiện phần thi Đội thi Trường Đại học Công Nghiệp Hà Nội đã chuẩn bị cẩn thận, kỹ lưỡng ngay từ khi tổng duyệt đến từng phần thi. Những giọt nước mắt hạnh phúc đã rơi cùng với những cái ôm thật chặt, niềm vui sướng và tự hào vô bờ bến của toàn đội sau hành trình hai tháng đầy nỗ lực và thử thách, tập luyện mỗi ngày.', '<2-hop>\\n\\nChúc mừng đội thi Trường Đại học Công nghiệp Hà Nội đạt giải Khuyến khích Chung kết cuộc thi ""Sinh viên thông thái 2024"" với chủ đề đặc biệt ""Tìm hiểu về pháp luật quản lý hoạt động kinh doanh theo phương thức đa cấp"" Các đội thi chụp ảnh lưu niệm. Thứ Tư, 10:39 27/11/2024 Tags:']","Đội thi Trường Đại học Công nghiệp Hà Nội đã xuất sắc lọt vào vòng chung kết và đạt giải tại cuộc thi ""Sinh viên thông thái 2024"". Cuộc thi diễn ra vào ngày 25/11/2024 với chủ đề: **“Tìm hiểu pháp luật quản lý hoạt động kinh doanh theo phương thức đa cấp”**. Đây là một cuộc thi do Ủy ban Cạnh tranh Quốc gia phối hợp với Vụ Pháp chế, Bộ Công Thương tổ chức, nhằm nâng cao kiến thức cho sinh viên về hoạt động bán hàng đa cấp và tầm quan trọng của công tác quản lý trong lĩnh vực này.

Cuộc thi bao gồm các phần thi như giới thiệu, tiểu phẩm và hùng biện, trong đó sinh viên Lê Văn Thọ và Trần Đức Quân đã thể hiện khả năng tranh biện xuất sắc, thuyết phục ban giám khảo là những chuyên gia hàng đầu về Luật Cạnh tranh và bảo vệ người tiêu dùng.

Thông tin chi tiết có thể tham khảo tại [Sinh viên Khoa Công nghệ thông tin đạt giải tại Cuộc thi “Sinh viên thông thái 2024”](https://fit.haui.edu.vn/vn/guong-sang/sinh-vien-khoa-cong-nghe-thong-tin-dat-giai-tai-cuoc-thi-sinh-vien-thong-thai-2024/71167).

Nếu bạn cần thêm thông tin về các hoạt động khác của khoa hoặc trường, hãy cho tôi biết!","Đội thi Trường Đại học Công nghiệp Hà Nội đã đạt giải Khuyến khích tại Chung kết cuộc thi ""Sinh viên thông thái 2024"" với chủ đề đặc biệt ""Tìm hiểu về pháp luật quản lý hoạt động kinh doanh theo phương thức đa cấp"".",0.883943840346078,0.0,0.0,0.0,1.1795248985290527,6.979939937591553
Nguyễn Hoàng Trang Anh đã được bầu vào vị trí nào trong Ban chấp hành Liên chi Đoàn Khoa Công nghệ thông tin nhiệm kỳ 2024 - 2027 và có thành tích gì nổi bật trong năm học 2024-2025?,"['content: Chào tân sinh viên HaUI 2024: Bùng nổ cảm xúc cùng khát vọng của tuổi trẻ Thứ Tư, 17:38 16/10/2024 2190 Trong suốt những ngày cuối tháng 9, đầu tháng 10, chuỗi sự kiện “Chào tân sinh viên HaUI 2024” được các Khoa, Trường thuộc Trường Đại học Công nghiệp Hà Nội tổ chức, mang đến nhiều màu sắc, thu hút sự tham gia của đông đảo sinh viên với những hoạt động hấp dẫn. Vinh danh thủ khoa đầu vào năm học 2024 Vinh danh tân sinh viên xuất sắc là một trong những điểm nhấn của chương trình. Các bạn sinh viên thủ khoa đầu vào của trường trong kỳ thi tuyển sinh năm 2024 được trao thưởng, chúc mừng; được khích lệ, truyền lửa để các bạn trẻ viết tiếp ước mơ tại Đại học Công nghiệp Hà Nội. Thủ khoa đầu vào mùa tuyển sinh năm 2024 của Khoa Công nghệ May và Thiết kế thời trang rạng rỡ trong ngày Chào tân sinh viên của khoa PGS.TS. Phạm Thị Mai Hương -Trưởng Khoa CN Hóa; PGS.TS. Nguyễn Thế Hữu, PGS.TS. Nguyễn Tuấn Anh – Phó trưởng khoa chúc mừng sinh viên thủ khoa mùa tuyển sinh 2024 của Khoa TS.Đặng Trọng Hợp – Trưởng khoa CNTT chúc mừng thủ khoa mùa tuyển sinh 2024 TS.Nguyễn Văn Thiện – Phó Hiệu trưởng nhà trường; PGS.TS. Trịnh Trọng Chưởng – Phụ trách Khoa Điện chúc mừng các bạn sinh viên của Khoa TS.Hoàng Mạnh Kha – Trưởng khoa Điện tử và TS.Bồ Quốc Bảo – Phó trưởng khoa chúc mừng các bạn tân sinh viên thủ khoa PGS.TS. Hoàng Tiến Dũng – Hiệu trưởng Trường Cơ khí – Ô tô và Ông Nguyễn Duy Nghĩa – Giám đốc Công ty cổ phần Trí Lực Việt Nam trao tặng khen thưởng các tân thủ khoa 09 ngành đại học K19 PGS.TS.Nguyễn Thị Hồng Nga – Hiệu trưởng Trường Kinh tế; TS. Vũ Đình Khoa – Phó Hiệu trưởng, TS. Trương Thanh Hằng – Phó Hiệu trưởng chúc mừng Thủ khoa đầu vào của Trường Kinh tế, HaUI TS. Trần Ngọc Đức - Phó Hiệu trưởng Trường Ngoại ngữ - Du lịch và đồng chí Trần Thị Hương Giang - Phó Bí thư Đoàn Thanh niên, Chủ tịch Hội Sinh viên Trường Đại học Công nghiệp Hà Nội trao giải cho các vận động viên, đại đội đạt giải Nhất hội thao chào tân sinh viên Lan tỏa giá trị từ những “người truyền\\nnext_contents:\\n', 'content: Sinh viên Khoa Công nghệ thông tin Trường Đại học Công Nghiệp Hà Nội đạt học bổng sinh viên xuất sắc Chương trình SIC 2023-2024 Kết thúc niên khoá 2023-2024, SIC tiếp tục chứng tỏ sức hút lớn của chương trình bồi đắp nhân tài công nghệ hàng đầu Việt Nam với số lượng học viên tăng đột phá, đạt gần 6.400 người, gấp đôi năm học 2022 – 2023. Lễ tổng kết chương trình Phát triển Nhân tài Công nghệ - Samsung Innovation Campus (SIC) niên khóa 2023-2024 do Samsung Việt Nam phối hợp cùng Tổ chức Tuổi trẻ thành đạt tổ chức chiều 29/8, tại Hà Nội. Sự kiện nhằm đánh giá hiệu quả thực hiện dự án sau một năm nỗ lực bồi đắp năng lực công nghệ cao cho thế hệ trẻ Việt Nam - những người sẽ dẫn dắt sự thành công của cuộc Cách mạng 4.0 trong hiện tại và tương lai. Buổi lễ có sự tham dự của ông Choi Joo Ho - Tổng Giám đốc Tổ hợp Samsung Việt Nam, ông Kim Yong Sup - Phó Tổng Giám đốc phụ trách Đối ngoại Tổ hợp Samsung Việt Nam, đại diện từ Chính phú, các đối tác, cũng như các trường THCS, THPT, Cao đẳngvà Đại học. Khởi động vào tháng 10/2023, Samsung Innovation Campus 2023-2024 đã mang đến các khóa học phát triển năng lực công nghệ đa dạng dành cho các bạn trẻ từ 13-22 tuổi, kết hợp giữa hai hình thức đào tạo trực tiếp và trực tuyến (E-Learning), nhằm tạo điều kiện cho các học viên trên cả nước đều có cơ hội tham gia. Chương trình năm nay cung cấp 3 khóa học phát triển năng lực công nghệ, bao gồm: Vạn vật kết nối (Internet of Things – IoT), Trí tuệ nhân tạo (Artificial Intelligence – AI), Dữ liệu lớn (Big Data) và 1 khóa học kỹ năng Lập trình cơ bản (Coding & Programming – C&P). Thầy Phạm Văn Đông - Phó Hiệu trưởng Trường ĐH Công Nghiệp Hà Nội tại Buổi tổng két Ngoài ra, dự án còn cung cấp các nội dung hướng nghiệp và kỹ năng mềm nhằm bổ trợ và nâng cao năng lực toàn diện cho học viên. Sau một năm triển khai, Samsung Innovation Campus 2023 - 2024 đã lan tỏa tới 67 trường, bao gồm các trường THCS, THPT và Đại học ở 13 tỉnh, thành phố trên cả nước, tương ứng với 21.000 giờ học được giảng\\nnext_contents:\\n', 'content: hướng, nhiệm vụ, chương trình hành động của công tác Hội và phong trào sinh viên nhiệm kỳ 2023 - 2025; Đồng thời hiệp thương thống nhất bầu ra Ban chấp hành Hội Sinh viên trường khoá mới đủ trí tuệ, năng lực và phẩm chất đạo đức để gánh vác trách nhiệm và tổ chức chỉ đạo thực hiện thắng lợi các chủ trương, nhiệm vụ chính trị và chương trình công tác trong nhiệm kỳ tới. Trong phiên làm việc thứ nhất, Đại hội đã hiệp thương thống nhất Đề án nhân sự Ban Chấp hành, Ban Kiểm tra Hội Sinh viên Việt Nam Trường Đại học Công nghiệp Hà Nội khoá IX, nhiệm kỳ 2023 - 2025, tiến hành bầu 27 đồng chí vào Ban Chấp hành, trong đó, đồng chí Ngô Lê Xuân Đức giữ chức Chủ tịch và 05 đồng chí vào Ban Kiểm tra Hội Sinh viên trường khóa IX. Tại phiên làm việc thứ hai, Đại hội đã được nghe Ban Chấp hành khóa XVIII trình bày báo cáo tổng kết công tác Hội và phong trào sinh viên nhiệm kỳ 2020- 2023 và phương hướng công tác Hội, phong trào sinh viên Trường Đại học Công nghiệp Hà Nội nhiệm kỳ 2023 - 2025. Đồng thời, hiệp thương bầu đoàn đại biểu tham dự Đại hội Đại biểu Hội Sinh viên Việt Nam Thành phố Hà Nội lần thứ VIII, nhiệm kỳ 2023 - 2028. PGS.TS.Lê Hồng Quân, Bí thư Đảng uỷ, Chủ tịch Hội đồng Trường; TS.Kiều Xuân Thực, Phó Bí thư Đảng uỷ, Hiệu trưởng và đồng chí Trần Quang Hưng, Phó Bí thư Thành đoàn Hà Nội tặng hoa chúc mừng Ban Chấp hành Hội Sinh viên Việt Nam Trường Đại học Công nghiệp Hà Nội lần thứ IX, nhiệm kỳ 2023 – 2025 Công tác Hội và phong trào sinh viên Trường Đại học Công nghiệp Hà Nội nhiệm kỳ 2020-2023 đã để lại nhiều dấu ấn, thành tích nổi bật như: có hơn 100.000 lượt hội viên, sinh viên tham gia hoạt động của Hội Sinh viên; tổ chức 40 buổi nói chuyện chuyên đề, quán triệt Nghị quyết Đại hội Đoàn, Hội các cấp với sự tham gia của gần 20.000 lượt hội viên, sinh viên; tổ chức 40 đợt tuyên truyền pháp luật, trong đó có 25 hoạt động tuyên truyền Luật giao thông đường bộ, Luật phòng, chống ma tuý, Luật An ninh mạng thu hút gần 15.000 hội viên, sinh viên tham gia; tổ\\nnext_contents:\\n- Đại hội Đại biểu Hội Sinh viên Việt Nam Trường Đại học Công nghiệp Hà Nội lần thứ IX, nhiệm kỳ 2023 – 2025 Thứ Ba, 18:15 20/06/2023 2111 Ngày 20/6/2023, Đại hội Đại biểu Hội Sinh viên Việt Nam Trường Đại học Công nghiệp Hà Nội lần thứ IX, nhiệm kỳ 2023 – 2025 đã diễn ra thành công tốt đẹp với sự tham dự của 213 đại biểu đại diện cho trí tuệ, sức trẻ, nhiệt huyết của hơn 32.000 hội viên, sinh viên đang học tập tại Trường Đại học Công nghiệp Hà Nội. Đại biểu tham dự Đại hội Đến tham dự và chỉ đạo Đại hội có sự hiện diện của đồng chí Trần Quang Hưng, Phó Bí thư Thành đoàn Hà Nội; đồng chí Hoàng Thanh Tâm, Uỷ viên Ban Thường vụ, Trưởng ban Thanh niên trường học Thành đoàn, Phó Chủ tịch Thường trực Hội Sinh viên Việt Nam thành phố Hà Nội; đồng chí Vũ Thị Minh Hằng, UVBCH, Phó Trưởng ban Thanh niên trường học Thành đoàn Hà Nội. Về phía Trường Đại học Công nghiệp Hà Nội, có: PGS.TS.Lê Hồng Quân, Bí thư Đảng uỷ, Chủ tịch Hội đồng Trường; TS.Kiều Xuân Thực, Phó bí thư Đảng uỷ, Hiệu trưởng nhà trường; PGS.TS.Phạm Văn Đông, Phó Hiệu trưởng; đồng chí Đỗ Minh Hiền, UVBCH Thành đoàn, Bí thư Đoàn thanh niên cùng đại diện trưởng, phó các đơn vị trong nhà trường Đoàn Chủ tịch tại Đại hội Đại hội Đại biểu Hội Sinh viên Việt Nam Trường Đại học Công nghiệp Hà Nội lần thứ IX, nhiệm kỳ 2023 – 2025 là sự kiện chính trị quan trọng của sinh viên Nhà trường. Đại hội có nhiệm vụ tổng kết và đánh giá công tác Hội và phong trào sinh viên nhiệm kỳ 2020 - 2023, thảo luận và quyết định phương hướng, nhiệm vụ, chương trình hành động của công tác Hội và phong trào sinh viên nhiệm kỳ 2023 - 2025; Đồng thời hiệp thương thống nhất bầu ra Ban chấp hành Hội Sinh viên trường khoá mới đủ trí tuệ, năng lực và phẩm chất đạo đức để gánh vác trách nhiệm và tổ chức chỉ đạo thực hiện thắng lợi các chủ trương, nhiệm vụ chính trị và chương trình công tác trong nhiệm kỳ tới. Trong phiên làm việc thứ nhất, Đại hội đã hiệp thương thống nhất Đề án nhân sự Ban Chấp hành, Ban Kiểm tra Hội Sinh\\n', 'content: Samsung khởi động Chương trình phát triển nhân tài công nghệ 2024-2025 Chiều 22/11, Tổ hợp Samsung Việt Nam chính thức khởi động Chương trình Phát triển nhân tài công nghệ – Samsung Innovation Campus 2024-2025 nhằm phát triển năng lực công nghệ cao cho thế hệ trẻ Việt Nam là những người sẽ dẫn dắt sự thành công của cuộc Cách mạng Công nghiệp 4.0 tại Việt Nam trong tương lai. Chương trình đào tạo được thiết kế trên nền tảng giáo dục kết hợp giữa kỹ năng công nghệ cốt lõi trong tương lai với các kỹ năng mềm và kỹ năng làm việc trong thực tiễn. Các nội dung đào tạo này được lựa chọn thông qua việc thực hiện khảo sát phân tầng theo các xu hướng phát triển trong các ngành công nghiệp ở từng khu vực khác nhau, kết hợp với nhu cầu tuyển dụng tại các công ty lớn. Lễ ký kết biên bản ghi nhớ MOU giữa các đơn vị triển khai dự án Samsung Innovation Campus 2024-2025 Học viên khi kết thúc khóa học và đạt kết quả theo yêu cầu của chương trình sẽ nhận được chứng nhận hoàn thành khóa học Samsung Innovation Campus, cũng như có cơ hội tham gia nhiều hoạt động có giá trị khác của dự án như Cuộc thi Sáng tạo khoa học công nghệ – Innovation Tech Challenge – cuộc thi nằm trong khuôn khổ của dự án nhằm tạo ra sân chơi giúp các học viên được áp dụng kiến thức, kỹ năng đã được học trong chương trình vào thực tế. Trong khuôn khổ dự án SIC 2024-2025, các nội dung đào tạo sẽ được phân bổ lại cấu trúc nhằm nâng cao chất lượng học tập và phù hợp hơn với tình hình thực tế triển khai. Đồng thời, tiếp tục áp dụng kết hợp giữa 2 hình thức đào tạo trực tuyến (E-learning) và trực tiếp (offline) để mở rộng quy mô và tối ưu lịch trình học tập cho học viên. Sinh viên Khoa CNTT - Trường ĐH Công Nghiệp Hà Nội tại Lễ khởi động Dự kiến Samsung Innovation Campus 2024-2025 sẽ mang tới cơ hội học tập và phát triển năng lực công nghệ cho khoảng 6.600 học sinh và sinh viên tại Việt Nam. Cũng tại sự kiện, Samsung Việt Nam, Tổ chức Tuổi trẻ thành đạt Việt Nam và Công ty Letuin Việt Nam đã thực hiện Lễ ký kết biên\\nnext_contents:\\n', 'content: Rạng rỡ mùa tuyển sinh 2024 tại Nghệ An, Thanh Hóa Chủ Nhật, 10:12 14/01/2024 1762 Trong hai ngày 13 và 14/1/2024, Đại học Công nghiệp Hà Nội đã tham gia Chương trình tư vấn tuyển sinh - hướng nghiệp năm 2024 tại tỉnh Nghệ An và tỉnh Thanh Hóa. Chương trình tư vấn tuyển sinh - hướng nghiệp năm 2024 với nhiều thông tin mới, hướng dẫn cụ thể, sẽ giúp các bạn học sinh tỉnh Nghệ An và Thanh Hóa chuẩn bị tốt nhất cho kỳ tuyển sinh 2024. Hàng chục nghìn học sinh, phụ huynh và các thầy cô giáo rạng rỡ trong ngày hội tư vấn hướng nghiệp,.. Tất cả đều hứng khởi và tin tưởng vào kỳ tuyển sinh 2024 thành công. PGS.TS. Phạm Văn Bổng - Phó Hiệu trưởng tại Chương trình tư vấn tuyển sinh - hướng nghiệp năm 2024 TS. Thân Thanh Sơn - Trưởng phòng Đào tạo, trực tiếp giải đáp thắc mắc về các phương thức tuyển sinh năm 2024 của HaUI cho Thu Hòa và Đan Lê - học sinh lớp 12 Trường THPT Dân tộc Nội trú tỉnh Thanh Hóa. Đôi bạn Đinh Lâm và Thảo Lộc - học sinh lớp 12 Trường THPT Hà Huy Tập (Vinh, Nghệ An) tham khảo điểm trúng tuyển phương thức xét tuyển kết quả thi THPT các năm gần đây đối với ngành Kinh tế đầu tư Ngọc Bảo - học sinh lớp 11 Trường THPT Hermann Gmeiner (Vinh, Nghệ An) quan tâm đến điều kiện học tập ngành Khoa học máy tính tại HaUI Bội Trân - học sinh lớp 12 Trường THPT Huỳnh Thúc Kháng (Vinh, Nghệ An) hứng thú với ngành Ngôn ngữ học của HaUI. Đăng Huy - học sinh lớp 12 Trường THPT Chuyên - Trường Đại học Vinh (Nghệ An) cùng bố mẹ tìm hiểu ngành học Kế toán Theo công bố của Bộ Giáo dục và Đào tạo, năm 2024 là năm cuối cùng thi tốt nghiệp Trung học phổ thông và tuyển sinh đại học theo chương trình giáo dục phổ thông hiện hành. Kể từ năm 2025, các kỳ thi sẽ có những thay đổi đáng kể về nội dung và hình thức. Vì thế, việc chuẩn bị từ sớm cho các kỳ thi và lên chiến lược lựa chọn các ngành học, trường đại học đúng với sở thích, sở trường sẽ gia tăng cơ hội hoàn thành những mục tiêu trong năm nay cho các thí sinh theo học chương trình hiện nay. Hẹn gặp các bạn tại các chương\\nnext_contents:\\n']","['<1-hop>\\n\\nPhát biểu chỉ đạo Đại hội, đồng chí TS. Đặng Trọng Hợp – Trưởng Khoa CNTT mong muốn trong nhiệm kỳ tới, Liên chi Đoàn đẩy mạnh các hoạt động nghiên cứu khoa học, đổi mới sáng tạo và khởi nghiệp trong đoàn viên thanh niên.. Tăng cường, đổi mới việc nắm bắt tình hình và kịp thời định hướng tư tưởng cho thanh niên, đặc biệt trên không gian mạng. Thúc đẩy các xu hướng, phong trào tích cực; hạn chế, khắc phục các xu hướng tiêu cực trong đoàn viên thanh niên. Nâng cao nhận thức của đoàn viên, thanh niên về tầm quan trọng của chuyển đổi số. TS. Đặng Trọng Hợp - Trưởng Khoa CNTT phát biểu chỉ đạo tại đại hội Ghi nhận những đóng góp trong công tác Đoàn của Liên chi Đoàn Khoa CNTT, Đoàn Trường đã trao tặng giấy khen cho các cá nhân, tổ chức đạt thành tích xuất sắc trong công tác Đoàn và phong trào thanh niên nhiệm kỳ 2022 - 2024. Các tập thể, cá nhân có thành tích suất sắc nhận giấy khen của Đoàn trường Sau hai phiên làm việc với tinh thần nghiêm túc và hiệu quả, Đại hội đã sáng suốt lựa chọn và bầu ra Ban chấp hành Liên chi Đoàn Khoa CNTT Khóa XI nhiệm kỳ 2024 - 2027 gồm 11 đồng chí: Đ/c Nguyễn Chiến Thắng - Bí thư Đ/c Nguyễn Trường An - Phó Bí thư Đ/c Nguyễn Hoàng Trang Anh - Phó Bí thư Đ/c Nguyễn Huy Công - Uỷ viên Đ/c Phan Việt Anh - Uỷ viên Đ/c Nguyễn Đình Việt - Uỷ viên Đ/c Lê Ngọc Nam Anh - Uỷ viên Đ/c Vũ Thị Huế - Uỷ viên Đ/c Trần Xuân Đức - Uỷ viên Đ/c Võ Tá Học - Uỷ viên Đ/c Nguyễn Hữu Nhật - Uỷ viên Hi vọng rằng dưới sự dẫn dắt của bộ máy Ban chấp hành mới tài năng, nhiệt huyết, Liên chi Khoa CNTT sẽ thực hiện được toàn bộ những mục tiêu đã đề ra, gặt hái thêm nhiều thành tích xuất sắc. BCH Liên chi Đoàn Khoa Công nghệ thông tin ra mắt Đại hội Đại biểu Liên chi đoàn Khoa CNTT nhiệm kỳ 2024 - 2027 đã diễn ra thành công tốt đẹp. Với tinh thần Khát vọng - Tiên phong - Đoàn kết - Bản lĩnh - Đổi mới, đại hội và tuổi trẻ nhà trường tin tưởng các đồng chí trong Ban chấp hành Liên chi Đoàn và tất cả các đoàn viên đoàn kết, sáng tạo cùng hoàn thành tốt các chỉ tiêu đặt ra và phấn đấu là Liên chi Đoàn đi đầu trong công tác Đoàn và phong trào Đoàn trường Đại học Công nghiệp Hà Nội. Một số hình ảnh đặc sắc tại đại hội: Thứ Hai, 11:35 04/11/2024 Tags:', '<2-hop>\\n\\nNăm học 2024-2025, Khóa nhập học Khóa 19 Khoa Công nghệ thông tin vinh dự và tuyên dương nhiều sinh viên đạt được Học bổng HaUI 100% năm thứ nhất và Học bổng 5 triệu đồng. Với thành tích 3 năm Học sinh giỏi ở bậc học THPT và đạt chứng chỉ quốc tế IELTS 6.5, tân sinh viên Nguyễn Thế Sáng lớp 2024DHCNTT03 đã đỗ vào Khoa Công nghệ thông tin Trường Đại học Công Nghiệp Hà Nội với 29,07 điểm theo Phương thức 2 - Xét tuyển thí sinh đoạt giải học sinh giỏi cấp tỉnh/thành phố, thí sinh có chứng chỉ quốc tế. Em đã đạt Học bổng HaUI 100% năm thứ nhất. Lê Xuân Ngọc quê ở Bắc Giang, với thành tích đạt Giải Ba môn Hoá cơ sở năm lớp 11, giải khuyến khích môn Toán tỉnh lớp 12, em đã đỗ vào Khoa Công nghệ thông tin Trường Đại học Công Nghiệp Hà Nội với 27,05 điểm theo Phương thức 3 học lớp 2024DHCNTT04 - Xét tuyển dựa trên kết quả thi tốt nghiệp THPT năm 2024. Em đã đạt Học bổng HaUI 100% năm thứ nhất. Lê Xuân Ngọc đứng hàng 2 từ trái sang cùng tập thể lớp THPT Nguyễn Hoàng Anh quê ở Quốc Oai, Hà Nội với thành tích đạt được giải Ba cấp cụm môn Sinh học, em đã đỗ vào Khoa Công nghệ thông tin Trường Đại học Công Nghiệp Hà Nội với 20,06 điểm theo Phương thức 6 học lớp 2024DHCNTT01 - Xét tuyển dựa trên kết quả thi đánh giá tư duy. Em đã đạt Học bổng HaUI 100% năm thứ nhất. Lê Quốc Đạt quê ở Bắc Ninh, với thành tích đạt được 3 năm Học sinh giỏi bậc THPT, em đã đỗ vào Khoa Công nghệ thông tin Trường Đại học Công Nghiệp Hà Nội với 26,67 điểm theo Phương thức 3 học lớp 2024DHCNTT01 - Xét tuyển dựa trên kết quả thi tốt nghiệp THPT năm 2024. Em đã đạt học bổng HaUI 5 triệu đồng. Nguyễn Anh Tuấn quê ở Bắc Ninh, với thành tích đạt được 3 năm Học sinh giỏi bậc THPT và đạt chứng chỉ quốc tế IELTS 7.0, em đã đỗ vào Khoa Công nghệ thông tin Trường Đại học Công Nghiệp Hà Nội với 28,78 điểm theo Phương thức 2 học lớp 2024DHKHMT01 - Xét tuyển thí sinh đoạt giải học sinh giỏi cấp tỉnh/thành phố, thí sinh có chứng chỉ quốc tế. Em đã đạt học bổng HaUI 5 triệu đồng. Sinh viên Cao Đức Hoàng quê ở Nghệ An, với thành tích đạt được 3 năm Học sinh giỏi bậc THPT, em đã đỗ vào Khoa Công nghệ thông tin Trường Đại học Công Nghiệp Hà Nội với 29,04 điểm theo Phương thức 4 học lớp 2024DHCNTT03 - Xét tuyển dựa trên kết quả học tập ở bậc học THPT. Em đã đạt học bổng HaUI 5 triệu đồng. Sinh viên Nguyễn Đức Cảnh ở Đan Phượng, Hà Nội với ước mơ trở thành chuyên gia An ninh mạng em đã đỗ vào Khoa Công nghệ thông tin Trường Đại học Công Nghiệp Hà Nội với 19,43 điểm theo Phương thức 6 học lớp 2024DHCNTT01 - Xét tuyển dựa trên kết quả thi đánh giá tư duy. Em đã đạt học bổng HaUI 5 triệu đồng. Sinh viên Nguyễn Quang Khải ở Ba Vì, Hà Nội, với ước mơ trở thành Web developer và AI engineer em đã đỗ vào Khoa Công nghệ thông tin Trường Đại học Công Nghiệp Hà Nội với 19,39 điểm theo Phương thức 6 học lớp 2024DHCNTT01 - Xét tuyển dựa trên kết quả thi đánh giá tư duy. Em đã đạt học bổng HaUI 5 triệu đồng. Với các thành tích xuất sắc đã đạt được ở bậc học THPT cùng sự phấn đấu, nỗ lực học tập, hy vọng các em sẽ học tập tốt trên giảng đường đại học và hy vọng môi trường học tập tại Khoa Công nghệ thông tin Trường Đại học Công Nghiệp Hà Nội sẽ là nơi các em trau dồi và tích lũy để trở thành Lập trình viên chuyên nghiệp trong tương lai. Thứ Tư, 11:03 25/09/2024 Tags:']","Nguyễn Hoàng Trang Anh đã được bầu vào vị trí **Phó Bí thư** trong Ban chấp hành Liên chi Đoàn Khoa Công nghệ thông tin nhiệm kỳ 2024 - 2027. 

Về thành tích nổi bật trong năm học 2024-2025, thông tin cụ thể không có sẵn trong tài liệu hiện có. Tuy nhiên, có thể tham khảo thêm về các hoạt động và thành tích của sinh viên trong khoa qua các nguồn khác.

Nếu bạn cần thêm thông tin hoặc có câu hỏi khác, hãy cho tôi biết! 

[Chúc mừng thành công Đại hội đại biểu Liên chi đoàn Khoa Công nghệ thông tin Trường Đại học Công Nghiệp Hà Nội] - [**Link tham khảo**](https://fit.haui.edu.vn/vn/tin-tuc/chuc-mung-thanh-cong-dai-hoi-dai-bieu-lien-chi-doan-khoa-cong-nghe-thong-tin-truong-dai-hoc-cong-nghiep-ha-noi-nhiem-ky-2024-2027/71130).","Nguyễn Hoàng Trang Anh đã được bầu vào vị trí Phó Bí thư trong Ban chấp hành Liên chi Đoàn Khoa Công nghệ thông tin nhiệm kỳ 2024 - 2027. Trong năm học 2024-2025, nhiều sinh viên trong Khoa Công nghệ thông tin, bao gồm cả Nguyễn Hoàng Trang Anh, đã đạt được Học bổng HaUI 100% năm thứ nhất nhờ vào thành tích học tập xuất sắc.",0.0,0.3333333333,0.3333333333333333,0.0,1.1075620651245117,9.19641399383545
Dự án Innovation Campus có vai trò gì trong việc hỗ trợ sinh viên CNTT trong kỷ nguyên AI?,"['content: Giải thưởng Sáng tạo tương lai – VietFuture Awards 2024 Giải thưởng Sáng tạo tương lai – VietFuture Awards là giải thưởng dành cho các dự án khởi nghiệp Đổi mới sáng tạo của sinh viên các trường đại học, cao đẳng trên cả nước và các dự án theo đặt hàng từ doanh nghiệp, các dự án R&D của các trường Đại học/Cao đẳng muốn thương mại hoá. Giải thưởng kỳ vọng sẽ thu hút sự quan tâm của các cá nhân, các nhóm nghiên cứu trong và ngoài nước về việc giải quyết các bài toán thiết thực xuất phát từ thực tiễn. Từ đó có thể ứng dụng rộng rãi trong cả nước, hướng đến khu vực và quốc tế, thúc đẩy phong trào khởi nghiệp mạnh mẽ hơn tại các trường đại học và giúp các doanh nghiệp tìm được các ý tưởng mới cho hệ sinh thái các sản phẩm, giải pháp của doanh nghiệp; đồng thời tuyển dụng được các nhóm nhân tài tham gia chương trình Thứ Sáu, 16:31 30/08/2024 Tags:\\nnext_contents:\\n', 'content: Học bổng Digiworld ươm mầm xanh, đào tạo kỹ sư lập trình Chương trình học bổng “DIGIWORLD ƯƠM MẦM XANH - ĐÀO TẠO KỸ SƯ LẬP TRÌNH” được hợp tác giữa công ty cổ phần công nghệ số (Digiworld) và VTI Academy, trung tâm đào tạo công nghệ thông tin thuộc tập đoàn VTI nhằm hỗ trợ sinh viên vượt khó, thúc đẩy phát triển nguồn nhân lực công nghệ thông tin chất lượng cao trong thời đại công nghệ 4.0. Với tổng giá trị học bổng 3 tỷ đồng, chương trình mong muốn tạo cơ hội cho sinh viên năm cuối bậc đại học hiện thực hóa ước mơ công nghệ, có điều kiện tiếp cận sớm nhất với dự án doanh nghiệp, nhằm nâng cao trình độ chuyên môn, phát triển kỹ năng mềm và giữ vững tinh thần “học tập suốt đời"" trên con đường sự nghiệp. Tham gia chương trình, các bạn sinh viên có cơ hội sau: - Được tham gia Chương trình đào tạo chất lượng từ cơ bản tới nâng cao, bám sát yêu cầu của doanh nghiệp cùng với sự tiếp cận các công nghệ mới nhất hiện nay đang triển khai tại VTI Academy; - Được trải nghiệm dự án thực tế đang triển khai tại VTI; - Được cam kết giới thiệu việc làm tại tập đoàn VTI cùng với các đối tác doanh nghiệp hợp tác hiện nay. Chương trình “Digiworld ươm mầm xanh - đào tạo kỹ sư lập trình"" được triển khai đến với các trường Đại học - Cao Đẳng trên toàn quốc cụ thể: - Đối tượng sinh viên : Sinh viên năm 2, 3, 4 Khoa Công nghệ thông tin các trường Đại học - Cao đẳng trên toàn quốc. - Số lượng học bổng : 10 suất Sinh viên chọn 1 trong các 2 chương trình đào tạo sau: + Khóa đào tạo Lập trình viên toàn năng (DTN) trị giá 23.500.000 VNĐ/suất. + Khóa đào tạo System Admin Professional (SA Pro) trị giá 31.500.000 VNĐ/suất. Điều kiện nhận học bổng: + Sinh viên có hoàn cảnh khó khăn nhưng có ý chí phấn đấu vươn lên trong học tập tại các trường Đại học - Cao đẳng trên toàn quốc; + Có điểm trung bình chung của 2 học kỳ gần nhất từ 3,0 trở lên (Đối với GPA: 4,0) và từ 7,0 trở lên (Đối với GPA: 10,0). Hồ sơ xin học bổng: + Đơn đăng ký tại đường link 2024.VTI Academy_Đơn đăng ký\\nnext_contents:\\n', 'content: Samsung khởi động Chương trình phát triển nhân tài công nghệ 2024-2025 Chiều 22/11, Tổ hợp Samsung Việt Nam chính thức khởi động Chương trình Phát triển nhân tài công nghệ – Samsung Innovation Campus 2024-2025 nhằm phát triển năng lực công nghệ cao cho thế hệ trẻ Việt Nam là những người sẽ dẫn dắt sự thành công của cuộc Cách mạng Công nghiệp 4.0 tại Việt Nam trong tương lai. Chương trình đào tạo được thiết kế trên nền tảng giáo dục kết hợp giữa kỹ năng công nghệ cốt lõi trong tương lai với các kỹ năng mềm và kỹ năng làm việc trong thực tiễn. Các nội dung đào tạo này được lựa chọn thông qua việc thực hiện khảo sát phân tầng theo các xu hướng phát triển trong các ngành công nghiệp ở từng khu vực khác nhau, kết hợp với nhu cầu tuyển dụng tại các công ty lớn. Lễ ký kết biên bản ghi nhớ MOU giữa các đơn vị triển khai dự án Samsung Innovation Campus 2024-2025 Học viên khi kết thúc khóa học và đạt kết quả theo yêu cầu của chương trình sẽ nhận được chứng nhận hoàn thành khóa học Samsung Innovation Campus, cũng như có cơ hội tham gia nhiều hoạt động có giá trị khác của dự án như Cuộc thi Sáng tạo khoa học công nghệ – Innovation Tech Challenge – cuộc thi nằm trong khuôn khổ của dự án nhằm tạo ra sân chơi giúp các học viên được áp dụng kiến thức, kỹ năng đã được học trong chương trình vào thực tế. Trong khuôn khổ dự án SIC 2024-2025, các nội dung đào tạo sẽ được phân bổ lại cấu trúc nhằm nâng cao chất lượng học tập và phù hợp hơn với tình hình thực tế triển khai. Đồng thời, tiếp tục áp dụng kết hợp giữa 2 hình thức đào tạo trực tuyến (E-learning) và trực tiếp (offline) để mở rộng quy mô và tối ưu lịch trình học tập cho học viên. Sinh viên Khoa CNTT - Trường ĐH Công Nghiệp Hà Nội tại Lễ khởi động Dự kiến Samsung Innovation Campus 2024-2025 sẽ mang tới cơ hội học tập và phát triển năng lực công nghệ cho khoảng 6.600 học sinh và sinh viên tại Việt Nam. Cũng tại sự kiện, Samsung Việt Nam, Tổ chức Tuổi trẻ thành đạt Việt Nam và Công ty Letuin Việt Nam đã thực hiện Lễ ký kết biên\\nnext_contents:\\n', 'content: dụng kết hợp giữa 2 hình thức đào tạo trực tuyến (E-learning) và trực tiếp (offline) để mở rộng quy mô và tối ưu lịch trình học tập cho học viên. Sinh viên Khoa CNTT - Trường ĐH Công Nghiệp Hà Nội tại Lễ khởi động Dự kiến Samsung Innovation Campus 2024-2025 sẽ mang tới cơ hội học tập và phát triển năng lực công nghệ cho khoảng 6.600 học sinh và sinh viên tại Việt Nam. Cũng tại sự kiện, Samsung Việt Nam, Tổ chức Tuổi trẻ thành đạt Việt Nam và Công ty Letuin Việt Nam đã thực hiện Lễ ký kết biên bản ghi nhớ MOU, khẳng định cam kết đồng hành nhằm triển khai dự án Samsung Innovation Campus 2024-2025 tại Việt Nam. Thứ Hai, 14:07 25/11/2024 Tags:\\nnext_contents:\\n- Samsung khởi động Chương trình phát triển nhân tài công nghệ 2024-2025 Chiều 22/11, Tổ hợp Samsung Việt Nam chính thức khởi động Chương trình Phát triển nhân tài công nghệ – Samsung Innovation Campus 2024-2025 nhằm phát triển năng lực công nghệ cao cho thế hệ trẻ Việt Nam là những người sẽ dẫn dắt sự thành công của cuộc Cách mạng Công nghiệp 4.0 tại Việt Nam trong tương lai. Chương trình đào tạo được thiết kế trên nền tảng giáo dục kết hợp giữa kỹ năng công nghệ cốt lõi trong tương lai với các kỹ năng mềm và kỹ năng làm việc trong thực tiễn. Các nội dung đào tạo này được lựa chọn thông qua việc thực hiện khảo sát phân tầng theo các xu hướng phát triển trong các ngành công nghiệp ở từng khu vực khác nhau, kết hợp với nhu cầu tuyển dụng tại các công ty lớn. Lễ ký kết biên bản ghi nhớ MOU giữa các đơn vị triển khai dự án Samsung Innovation Campus 2024-2025 Học viên khi kết thúc khóa học và đạt kết quả theo yêu cầu của chương trình sẽ nhận được chứng nhận hoàn thành khóa học Samsung Innovation Campus, cũng như có cơ hội tham gia nhiều hoạt động có giá trị khác của dự án như Cuộc thi Sáng tạo khoa học công nghệ – Innovation Tech Challenge – cuộc thi nằm trong khuôn khổ của dự án nhằm tạo ra sân chơi giúp các học viên được áp dụng kiến thức, kỹ năng đã được học trong chương trình vào thực tế. Trong khuôn khổ dự án SIC 2024-2025, các nội dung đào tạo sẽ được phân bổ lại cấu trúc nhằm nâng cao chất lượng học tập và phù hợp hơn với tình hình thực tế triển khai. Đồng thời, tiếp tục áp dụng kết hợp giữa 2 hình thức đào tạo trực tuyến (E-learning) và trực tiếp (offline) để mở rộng quy mô và tối ưu lịch trình học tập cho học viên. Sinh viên Khoa CNTT - Trường ĐH Công Nghiệp Hà Nội tại Lễ khởi động Dự kiến Samsung Innovation Campus 2024-2025 sẽ mang tới cơ hội học tập và phát triển năng lực công nghệ cho khoảng 6.600 học sinh và sinh viên tại Việt Nam. Cũng tại sự kiện, Samsung Việt Nam, Tổ chức Tuổi trẻ thành đạt Việt Nam và Công ty Letuin Việt Nam đã thực hiện Lễ ký kết biên\\n', 'content: Sinh viên Khoa Công nghệ thông tin Trường Đại học Công nghiệp nhận học bổng từ VTI Academy Chương trình học bổng “DIGIWORLD ƯƠM MẦM XANH - ĐÀO TẠO KỸ SƯ LẬP TRÌNH” được hợp tác giữa công ty cổ phần công nghệ số (Digiworld) và VTI Academy, trung tâm đào tạo công nghệ thông tin thuộc tập đoàn VTI nhằm hỗ trợ sinh viên vượt khó, thúc đẩy phát triển nguồn nhân lực công nghệ thông tin chất lượng cao trong thời đại công nghệ 4.0. Với tổng giá trị học bổng 3 tỷ đồng, chương trình mong muốn tạo cơ hội cho sinh viên năm cuối bậc đại học hiện thực hóa ước mơ công nghệ, có điều kiện tiếp cận sớm nhất với dự án doanh nghiệp, nhằm nâng cao trình độ chuyên môn, phát triển kỹ năng mềm và giữ vững tinh thần “học tập suốt đời"" trên con đường sự nghiệp. Chiều ngày 26/9/2024, VTI Academy rất vui được trao tặng học bổng ""Digiword - Ươm mầm xanh"" cho 3 sinh viên xuất sắc đến từ khoa CNTT, trường Đại học Công nghiệp Hà Nội. Đây đều là những sinh viên vượt lên hoàn cảnh khó khăn đạt thành tích học tập xuất sắc. Tại buổi lễ trao học bổng, TS. Phạm Văn Hà, Phó Trưởng khoa CNTT, trường Đại học Công nghiệp Hà Nội, đã chia sẻ: ""Chúng tôi đánh giá cao sự hỗ trợ từ các doanh nghiệp như VTI Academy, không chỉ trong việc trao tặng học bổng mà còn trong việc cung cấp những cơ hội học tập và làm việc cho sinh viên.” Anh Vũ Đức Thuận, COO của VTI Academy, cũng khẳng định: ""VTI Academy cam kết không chỉ đồng hành cùng các sinh viên trong việc nâng cao kiến thức mà còn trong hành trình chinh phục những thử thách thực tiễn. Chúng tôi tin rằng, với sự cố gắng không ngừng nghỉ và sự hỗ trợ từ nhà trường và doanh nghiệp, các bạn sinh viên sẽ sớm trở thành những chuyên gia hàng đầu trong lĩnh vực CNTT."" TS. Phạm Văn Hà chia sẻ và chúc mừng các em SV đã đạt được học bổng Lập trình viên Toàn năng (DTN) Sinh viên Trần Thị Minh Tâm đại diện SV khoa CNTT - HaUI được nhận học bổng lên phát biểu Anh Vũ Đức Thuận - Đại diện Công ty VTI lên trao suất học bổng cho SV xuất sắc Khoa CNTT-HaUI Hy\\nnext_contents:\\n']","['<1-hop>\\n\\nDự án Innovation Campus là minh chứng cho sự cam kết của Samsung trong nỗ lực thúc đẩy nguồn năng lực chất lượng cao trong lĩnh vực CNTT Từ hấp thu kiến thức đến trau dồi kỹ năng thực hành, ứng dụng, có thể thấy SIC đã mang đến cho thế hệ trẻ những trải nghiệm học tập quý giá, giúp sinh viên nâng cao năng lực công nghệ, sẵn sàng làm chủ tương lai số. Tham gia khóa học SIC là ""bệ phóng"" giúp nhiều bạn trẻ hoàn thành giấc mơ chinh phục công nghệ Thứ Tư, 13:23 30/10/2024 Tags:', '<2-hop>\\n\\nTọa đàm cùng các doanh nghiệp đặc biệt với chủ đề đầy tính thời sự và ý nghĩa - ""Hướng đi đúng cho sinh viên CNTT trong kỷ nguyên AI” là một cuộc đối thoại về xu hướng công nghệ, cơ hội để chúng ta lắng nghe và cảm nhận tinh thần tiên phong, sáng tạo của thế hệ trẻ, đặc biệt là các bạn sinh viên CNTT, trong sứ mệnh khai thác AI, phát triển các giải pháp thông minh, và định hình tương lai công nghệ bền vững. Tọa đàm ""Làn Sóng Layoff và Cách Đối Mặt” là chủ đề rất nóng hổi và gần gũi với thực tế hiện nay, đặc biệt là trong bối cảnh biến động của thị trường lao động toàn cầu. Tại chương trình, Các bạn tân sinh viên được đắm mình trong không gian âm nhạc sôi động với những ca khúc đình đám, cùng nhau hát vang và hòa mình vào không khí của sự kiện. Nơi đây ngoài những câu lạc bộ về học thuật còn có vô vàn các câu lạc bộ ngoại khóa như thanh niên tình nguyện, hỗ trợ kỹ thuật, truyền thông…là môi trường tốt để các bạn tạo dựng những mối quan hệ mới, khám phá tài năng của bản thân và cùng nhau viết nên những kỷ niệm đẹp đẽ trong hành trình mới. Đại diện Câu lạc bộ thanh niên tình nguyện Khoa CNTT giới thiệu về CLB Đại diện Câu lạc bộ truyền thông FIT-Media giới thiệu về Câu lạc bộ Đại diện Đội nghệ thuật Istar Khoa CNTT giới thiệu về đội Đại diện Câu lạc bộ thể thao thao điện tử HEC giới thiệu về Câu lạc bộ Đại diện Câu lạc bộ Tin học HIT Khoa CNTT giới thiệu về CLB Được đầu tư công phu và kỹ lưỡng, chương trình Chào tân sinh viên Khóa 19 Khoa Công nghệ thông tin là chương trình mở đầu cho các chương trình, sự kiện tiếp tục với những hoạt động đồng hành cùng các bạn sinh viên trong thời gian sắp tới. Chắc hẳn hứa hẹn sẽ lưu lại nhiều kỷ niệm đáng nhớ trong những năm tháng thanh xuân dưới ngôi nhà chung Khoa Công nghệ thông tin Trường Đại học Công Nghiệp Hà Nội. Thứ Hai, 11:54 14/10/2024 Tags:']","### Hoạt động khóa và các hoạt động đoàn hội tại Trường Đại học Công nghiệp Hà Nội

1. **Các hoạt động đoàn hội**:
   - Trường Đại học Công nghiệp Hà Nội tổ chức nhiều hoạt động nhằm phát triển phong trào thanh niên, sinh viên. Một trong những sự kiện tiêu biểu là Hội nghị tổng kết công tác Đoàn - Hội và phong trào thanh niên sinh viên hàng năm, nơi đánh giá các hoạt động đã thực hiện và đề ra kế hoạch cho năm học tiếp theo.
   - Các hoạt động như Ngày hội Tân sinh viên, các cuộc thi thể thao, văn nghệ, và các chương trình tình nguyện cũng được tổ chức thường xuyên để tạo sân chơi cho sinh viên, khuyến khích sự sáng tạo và giao lưu giữa các sinh viên.

2. **Một số sự kiện nổi bật**:
   - Ngày hội Tân sinh viên Rêveurs được tổ chức với nhiều hoạt động hấp dẫn, thu hút hàng ngàn sinh viên tham gia.
   - Các chương trình tình nguyện, hoạt động bảo vệ môi trường, và các cuộc thi sáng tạo cũng được tổ chức để khuyến khích sinh viên tham gia vào các hoạt động xã hội.

### Dự án Innovation Campus và vai trò hỗ trợ sinh viên CNTT trong kỷ nguyên AI

Dự án **Samsung Innovation Campus** (SIC) 2024-2025 được khởi động nhằm phát triển năng lực công nghệ cho sinh viên, đặc biệt là sinh viên Khoa Công nghệ Thông tin. Dự án này có những vai trò quan trọng như sau:

1. **Đào tạo và phát triển kỹ năng**:
   - Dự án cung cấp các khóa học và chương trình đào tạo kết hợp giữa lý thuyết và thực hành, giúp sinh viên nắm vững kiến thức và kỹ năng cần thiết trong lĩnh vực công nghệ thông tin, đặc biệt là trong bối cảnh phát triển của trí tuệ nhân tạo (AI).

2. **Cơ hội thực hành và trải nghiệm thực tế**:
   - Sinh viên có cơ hội tham gia vào các dự án thực tế, giúp họ áp dụng kiến thức đã học vào thực tiễn, từ đó nâng cao khả năng làm việc và sáng tạo.

3. **Kết nối với doanh nghiệp**:
   - Dự án tạo ra cầu nối giữa sinh viên và các doanh nghiệp công nghệ, giúp sinh viên có cơ hội thực tập, làm việc và phát triển sự nghiệp trong ngành công nghệ thông tin.

4. **Khuyến khích đổi mới sáng tạo**:
   - Các cuộc thi và chương trình khuyến khích sinh viên phát triển ý tưởng sáng tạo, từ đó góp phần vào việc phát triển các giải pháp công nghệ mới trong kỷ nguyên AI.

Thông qua những hoạt động này, dự án Innovation Campus không chỉ hỗ trợ sinh viên trong việc nâng cao kỹ năng mà còn giúp họ chuẩn bị tốt hơn cho thị trường lao động trong tương lai.

**Nguồn tham khảo**:
- [Lễ tổng kết công tác Đoàn - Hội và phong trào thanh niên, sinh viên năm học 2017 - 2018](https://www.haui.edu.vn/vn/hoat-dong-sinh-vien/le-tong-ket-cong-tac-doan-hoi-va-phong-trao-thanh-nien-sinh-vien-nam-hoc-2017-2018-phat-dong-thi-dua-nam-hoc-2018-2019/60866) - [**Link tham khảo**](https://www.haui.edu.vn/vn/hoat-dong-sinh-vien/le-tong-ket-cong-tac-doan-hoi-va-phong-trao-thanh-nien-sinh-vien-nam-hoc-2017-2018-phat-dong-thi-dua-nam-hoc-2018-2019/60866).
- [Samsung khởi động Chương trình phát triển nhân tài công nghệ 2024-2025](https://fit.haui.edu.vn/vn/tin-tuc/samsung-khoi-dong-chuong-trinh-phat-trien-nhan-tai-cong-nghe-2024-2025/71163) - [**Link tham khảo**](https://fit.haui.edu.vn/vn/tin-tuc/samsung-khoi-dong-chuong-trinh-phat-trien-nhan-tai-cong-nghe-2024-2025/71163).

Nếu bạn cần thêm thông tin hoặc có câu hỏi khác, hãy cho tôi biết!","Dự án Innovation Campus là minh chứng cho sự cam kết của Samsung trong việc thúc đẩy nguồn năng lực chất lượng cao trong lĩnh vực CNTT. Dự án này không chỉ giúp sinh viên hấp thu kiến thức mà còn trau dồi kỹ năng thực hành, ứng dụng, mang đến cho thế hệ trẻ những trải nghiệm học tập quý giá. Điều này giúp sinh viên CNTT nâng cao năng lực công nghệ, sẵn sàng làm chủ tương lai số, đồng thời phù hợp với xu hướng công nghệ và cơ hội trong kỷ nguyên AI.",0.8750340665474968,0.4166666666458333,0.625,1.0,1.132417917251587,24.767457008361816
Tại sao chương trình Samsung Innovation Campus lại quan trọng đối với sinh viên Khoa Công nghệ thông tin Trường Đại học Công nghiệp Hà Nội trong bối cảnh phát triển công nghệ tại Việt Nam?,"['content: dụng kết hợp giữa 2 hình thức đào tạo trực tuyến (E-learning) và trực tiếp (offline) để mở rộng quy mô và tối ưu lịch trình học tập cho học viên. Sinh viên Khoa CNTT - Trường ĐH Công Nghiệp Hà Nội tại Lễ khởi động Dự kiến Samsung Innovation Campus 2024-2025 sẽ mang tới cơ hội học tập và phát triển năng lực công nghệ cho khoảng 6.600 học sinh và sinh viên tại Việt Nam. Cũng tại sự kiện, Samsung Việt Nam, Tổ chức Tuổi trẻ thành đạt Việt Nam và Công ty Letuin Việt Nam đã thực hiện Lễ ký kết biên bản ghi nhớ MOU, khẳng định cam kết đồng hành nhằm triển khai dự án Samsung Innovation Campus 2024-2025 tại Việt Nam. Thứ Hai, 14:07 25/11/2024 Tags:\\nnext_contents:\\n- Samsung khởi động Chương trình phát triển nhân tài công nghệ 2024-2025 Chiều 22/11, Tổ hợp Samsung Việt Nam chính thức khởi động Chương trình Phát triển nhân tài công nghệ – Samsung Innovation Campus 2024-2025 nhằm phát triển năng lực công nghệ cao cho thế hệ trẻ Việt Nam là những người sẽ dẫn dắt sự thành công của cuộc Cách mạng Công nghiệp 4.0 tại Việt Nam trong tương lai. Chương trình đào tạo được thiết kế trên nền tảng giáo dục kết hợp giữa kỹ năng công nghệ cốt lõi trong tương lai với các kỹ năng mềm và kỹ năng làm việc trong thực tiễn. Các nội dung đào tạo này được lựa chọn thông qua việc thực hiện khảo sát phân tầng theo các xu hướng phát triển trong các ngành công nghiệp ở từng khu vực khác nhau, kết hợp với nhu cầu tuyển dụng tại các công ty lớn. Lễ ký kết biên bản ghi nhớ MOU giữa các đơn vị triển khai dự án Samsung Innovation Campus 2024-2025 Học viên khi kết thúc khóa học và đạt kết quả theo yêu cầu của chương trình sẽ nhận được chứng nhận hoàn thành khóa học Samsung Innovation Campus, cũng như có cơ hội tham gia nhiều hoạt động có giá trị khác của dự án như Cuộc thi Sáng tạo khoa học công nghệ – Innovation Tech Challenge – cuộc thi nằm trong khuôn khổ của dự án nhằm tạo ra sân chơi giúp các học viên được áp dụng kiến thức, kỹ năng đã được học trong chương trình vào thực tế. Trong khuôn khổ dự án SIC 2024-2025, các nội dung đào tạo sẽ được phân bổ lại cấu trúc nhằm nâng cao chất lượng học tập và phù hợp hơn với tình hình thực tế triển khai. Đồng thời, tiếp tục áp dụng kết hợp giữa 2 hình thức đào tạo trực tuyến (E-learning) và trực tiếp (offline) để mở rộng quy mô và tối ưu lịch trình học tập cho học viên. Sinh viên Khoa CNTT - Trường ĐH Công Nghiệp Hà Nội tại Lễ khởi động Dự kiến Samsung Innovation Campus 2024-2025 sẽ mang tới cơ hội học tập và phát triển năng lực công nghệ cho khoảng 6.600 học sinh và sinh viên tại Việt Nam. Cũng tại sự kiện, Samsung Việt Nam, Tổ chức Tuổi trẻ thành đạt Việt Nam và Công ty Letuin Việt Nam đã thực hiện Lễ ký kết biên\\n', 'content: Sinh viên Khoa Công nghệ thông tin xuất sắc đạt học bổng tài năng Samsung STP năm 2024 Vừa qua ngày 16/10/2024, Trung tâm Nghiên cứu và Phát triển Samsung Việt Nam (SRV) đã tổ chức Lễ trao học bổng sinh viên tài năng Samsung STP dành cho sinh viên các trường Đại học tại Việt Nam. Sinh viên Khoa Công nghệ thông tin Trường Đại học Công Nghiệp Hà Nội đã xuất sắc và vinh dự đạt được học bổng. Sinh viên Bùi Trường Giang khóa 16 ngành Khoa học máy tính Khoa CNTT – Trường ĐH Công Nghiệp Hà Nội giành được học bổng Tài năng STP năm 2024 sẽ được Samsung Việt Nam tài trợ học bổng trị giá 3000 USD. Cùng với đó, sinh viên sẽ có cơ hội được đào tạo chuyên sâu, thực tập nghề nghiệp với các đề tài công nghệ mới, dưới sự hướng dẫn của các Kỹ sư giàu kinh nghiệm tại SRV. Đồng thời, sinh viên sẽ được đào tạo các kỹ năng về lập trình, về thuật toán chuyên sâu, củng cố kiến thức chuyên môn vững chắc trước khi tốt nghiệp. Các sinh viên đạt học bổng STP đều đã hoàn thành các khóa học Thuật toán ứng dụng do Khoa Công nghệ thông tin phối hợp với Samsung SRV phối hợp tổ chức với kết quả xuất sắc. TS. Đặng Trọng Hợp – Trưởng Khoa CNTT Trường ĐH Công Nghiệp Hà Nội và các sinh viên HaUI nhận học bổng Tài năng Samsung STP 2024 Trường Đại học Công Nghiệp Hà Nội là một trong các trường đại học thuộc khu vực phía Bắc được thụ hưởng chương trình học bổng “Tài năng Samsung” – STP 2024. Chương trình học bổng STP 2024 là một nội dung trong Biên bản hợp tác toàn diện giữa Trường Đại học Công Nghiệp Hà Nội và Samsung Electronic Việt Nam cho giai đoạn 2023 – 2025. Theo biên bản hợp tác được ký kết, bên cạnh việc hai đơn vị thống nhất sẽ tiếp tục triển khai là chương trình học bổng STP, HaUI và Samsung sẽ triển khai các dự án hợp tác nghiên cứu về công nghệ di động, các khóa học đào tạo ngắn hạn về Thuật toán ứng dụng và các khóa đào tạo ngắn khác về IoT, Big Data, Security, Embedded System… giành cho sinh viên HaUI. Thứ Hai, 14:55 21/10/2024 Tags:\\nnext_contents:\\n', 'content: [vjst] Đẩy mạnh hợp tác phát triển công nghệ bán dẫn và vi mạch tại Việt Nam Thứ Năm, 17:09 30/11/2023 305 Ngày 29/11/2023 tại Hà Nội, Trường Đại học Công nghiệp Hà Nội đã ký kết Thỏa thuận hợp tác nhằm đẩy mạnh hoạt động đào tạo, nghiên cứu khoa học, phát triển công nghệ bán dẫn và vi mạch tại Việt Nam với 2 doanh nghiệp là: Công ty TNHH LG Electronics Development Việt Nam (LGEDV) và Công ty TNHH LG CNS Việt Nam (LGCNS). PGS.TS Phạm Văn Đông - Phó Hiệu trưởng Trường Đại học Công nghiệp Hà Nội cho biết, Thỏa thuận hợp tác với 2 đối tác sẽ góp phần nâng cao chất lượng công tác đào tạo nguồn nhân lực ngành công nghệ thông tin cũng như hoạt động nghiên cứu - ứng dụng công nghệ của Trường và doanh nghiệp. Hiện nay, các doanh nghiệp có vốn đầu tư nước ngoài quy mô lớn đã đầu tư vào Việt Nam trong ngành công nghiệp vi mạch và bán dẫn, chính vì thế, các cơ sở đào tạo tại Việt Nam, trong đó có Trường Đại học Công nghiệp Hà Nội đang tập trung triển khai đào tạo nguồn nhân lực chất lượng cao trong lĩnh vực công nghệ bán dẫn, nhất là kỹ sư thiết kế vi mạch. Do vậy, bên cạnh việc mở rộng hợp tác trong lĩnh vực này, Nhà trường sẽ đẩy mạnh các hoạt động hợp tác trong các lĩnh vực khác như cơ khí, tự động hóa... Đại diện LGEDV và LGCNS đánh giá cao chất lượng nguồn nhân lực được Trường Đại học Công nghiệp Hà Nội đào tạo. Tuy nhiên, để nâng cao hơn nữa công tác đào tạo gắn với thực tiễn, LGEDV và LGCNS đề nghị Trường tiếp tục nghiên cứu, xúc tiến nội dung, định hướng hợp tác trong thời gian tới như: xây dựng các khóa học, mời chuyên gia nước ngoài (trong đó có Hàn Quốc) tham gia vào quá trình đào tạo tại Trường; đồng thời tiến hành tổ chức khóa đào tạo/tập huấn nhằm cập nhật những kiến thức và công nghệ mới nhất cho sinh viên… Nguồn: Tạp chí Khoa học và Công nghệ Việt Nam Thứ Năm, 17:09 30/11/2023 Tags:\\nnext_contents:\\n', 'content: Trung tâm Nghiên cứu và Phát triển Samsung Việt Nam (SRV) tại Hà Nội thông báo tuyển dụng Kỹ sư lập trình THÔNG BÁO TUYỂN DỤNG Vị trí Kỹ sư lập trình Trung tâm Nghiên cứu và Phát triển Samsung Việt Nam (SRV) tại Hà Nội thông báo tuyển dụng Kỹ sư lập trình. Thông tin chi tiết như sau: Vị trí tuyển dụng: Kỹ sư lập trình (Fresher) Trình độ: Tốt nghiệp Đại học tất cả các chuyên ngành Chế độ đãi ngộ: Hấp dẫn (~ 19 tháng lương/năm, đào tạo bài bản, lộ trình thăng tiến rõ ràng, cơ hội công tác /làm việc dài hạn ở nước ngoài …) Thời gian tốt nghiệp: 2022 ~ 12/2024 Yêu cầu: Có khả năng lập trình với một trong ba ngôn ngữ: C/ C++/ Java Yêu cầu khác: Chấp nhận ứng viên từng thi tuyển trượt các vị trí. Không chấp nhận ứng viên từng nghỉ việc tại Samsung Việt Nam Địa điểm làm việc: Trung tâm Nghiên cứu và Phát triển Samsung Việt Nam (SRV) Tòa nhà Samsung, Đ. Hoàng Minh Thảo, KĐT Tây Hồ Tây, Q. Bắc Từ Liêm, Hà Nội Thời hạn ứng tuyển: ~ 14/02/2024 Ứng viên nộp hồ sơ sớm sẽ được luyện tập với Mentor của SRV Thi tuyển và phỏng vấn: Thi tuyển: 22 ~ 24/02/2024 Phỏng vấn: ~ 3/2024 Chính thức đi làm: ~ 4/2024 Cách thức nộp hồ sơ duy nhất: Truy cập website: www.samsungcareers.com.vn >>Careers >> chọn “Fresh Staff ” >> chọn “SRV – TUYÊN DỤNG KỸ SƯ LẬP TRÌNH TẠI HÀ NỘI (ĐỢT 1)” Link: https://bit.ly/SWFSQ12024 Đăng ký và ứng tuyển theo hướng dẫn Theo dõi thông tin trên Fanpage: SamsungVietnam RnD Mọi thắc mắc vui lòng liên hệ: Mr. Nguyễn Tuấn Anh. SĐT: 0912.406.001 / Email: anh.ng1@samsung.com Mr. Nguyễn Hoàng Long. SĐT: 0888.990.085 / Email: hlong.ng@samsung.com Trung tâm Nghiên cứu và Phát triển Samsung Việt Nam (SRV) Thứ Hai, 11:12 15/01/2024 Tags:\\nnext_contents:\\n', 'content: Samsung khởi động Chương trình phát triển nhân tài công nghệ 2024-2025 Chiều 22/11, Tổ hợp Samsung Việt Nam chính thức khởi động Chương trình Phát triển nhân tài công nghệ – Samsung Innovation Campus 2024-2025 nhằm phát triển năng lực công nghệ cao cho thế hệ trẻ Việt Nam là những người sẽ dẫn dắt sự thành công của cuộc Cách mạng Công nghiệp 4.0 tại Việt Nam trong tương lai. Chương trình đào tạo được thiết kế trên nền tảng giáo dục kết hợp giữa kỹ năng công nghệ cốt lõi trong tương lai với các kỹ năng mềm và kỹ năng làm việc trong thực tiễn. Các nội dung đào tạo này được lựa chọn thông qua việc thực hiện khảo sát phân tầng theo các xu hướng phát triển trong các ngành công nghiệp ở từng khu vực khác nhau, kết hợp với nhu cầu tuyển dụng tại các công ty lớn. Lễ ký kết biên bản ghi nhớ MOU giữa các đơn vị triển khai dự án Samsung Innovation Campus 2024-2025 Học viên khi kết thúc khóa học và đạt kết quả theo yêu cầu của chương trình sẽ nhận được chứng nhận hoàn thành khóa học Samsung Innovation Campus, cũng như có cơ hội tham gia nhiều hoạt động có giá trị khác của dự án như Cuộc thi Sáng tạo khoa học công nghệ – Innovation Tech Challenge – cuộc thi nằm trong khuôn khổ của dự án nhằm tạo ra sân chơi giúp các học viên được áp dụng kiến thức, kỹ năng đã được học trong chương trình vào thực tế. Trong khuôn khổ dự án SIC 2024-2025, các nội dung đào tạo sẽ được phân bổ lại cấu trúc nhằm nâng cao chất lượng học tập và phù hợp hơn với tình hình thực tế triển khai. Đồng thời, tiếp tục áp dụng kết hợp giữa 2 hình thức đào tạo trực tuyến (E-learning) và trực tiếp (offline) để mở rộng quy mô và tối ưu lịch trình học tập cho học viên. Sinh viên Khoa CNTT - Trường ĐH Công Nghiệp Hà Nội tại Lễ khởi động Dự kiến Samsung Innovation Campus 2024-2025 sẽ mang tới cơ hội học tập và phát triển năng lực công nghệ cho khoảng 6.600 học sinh và sinh viên tại Việt Nam. Cũng tại sự kiện, Samsung Việt Nam, Tổ chức Tuổi trẻ thành đạt Việt Nam và Công ty Letuin Việt Nam đã thực hiện Lễ ký kết biên\\nnext_contents:\\n']","['<1-hop>\\n\\nPhát biểu tại buổi lễ tổng kết, ông Choi Joo Ho nhấn mạnh: “Samsung và các doanh nghiệp IT trên toàn cầu đang tìm kiếm cơ hội hợp tác và mở rộng đầu tư tại Việt Nam. Trong một tương lai gần, Việt Nam sẽ giữ một vai trò vô cùng quan trọng trên thế giới không chỉ dừng lại ở mảng điện thoại di động mà trên toàn bộ ngành công nghiệp công nghệ cao. Các em cần nắm bắt những thay đổi này của Việt Nam để tạo thành cơ hội của chính mình. Cùng với những chính sách tuyệt vời của Chính phủ Việt Nam, nhà trường và các doanh nghiệp toàn cầu như Samsung đang nỗ lực để đào tạo nhân lực trong lĩnh vực IT và bán dẫn, điều đó cho thấy tất cả đang xây dựng một môi trường vô cùng thuận lợi cho các em"". Thứ Bảy, 15:03 31/08/2024 Tags:', '<2-hop>\\n\\nChứng nhận Samsung Innovation Campus Không ngừng học hỏi, khám phá, sáng tạo và vượt qua giới hạn bản thân để chinh phục những đỉnh cao công nghệ là vô cùng quan trọng trong bối cảnh công nghệ đang phát triển thần tốc như hiện nay. Gần 150 sinh viên Khoa Công nghệ thông tin Trường Đại học Công Nghiệp Hà Nội đã xuất sắc đạt được chứng nhận Samsung Innovation Campus. Gần 150 SV các lớp SIC (Samsung Innovation Campus) được nhận chứng nhận Tinh thần này được lan tỏa tích cực tại Samsung Innovation Campus (SIC) thông qua cách chương trình thiết kế các khóa học kiến thức kết hợp kỹ năng ứng dụng công nghệ đa dạng, hấp dẫn và hiệu quả. Mang đến những thay đổi sâu sắc trên mọi lĩnh vực đời sống xã hội, cuộc cách mạng công nghiệp lần thứ 4 (CMCN 4.0) đang diễn ra với tốc độ chóng mặt trên toàn cầu. Trong đó, công nghệ đóng vai trò dẫn dắt, là động lực thúc đẩy sự phát triển của các ngành kinh tế, xã hội. Chưa bao giờ các công nghệ cốt lõi như AI (trí tuệ nhân tạo), IoT (vạn vật kết nối internet), dữ liệu lớn, đám mây, nền tảng di động… trở nên quan trọng như hiện nay. Cung cấp cho thế hệ trẻ một ""chương trình giảng dạy cốt lõi chung"", cho phép sinh viên có được các kiến thức cơ bản nhất của 5 công nghệ nền tảng cũng chính là mục tiêu Samsung hướng đến khi đầu tư và phát triển dự án Innovation Campus, với tư cách là doanh nghiệp công nghệ hàng đầu. Khởi động từ 2019, cho đến nay, Innovation Campus đã đào tạo những kiến thức công nghệ mới nhất cho hơn 6.000 học sinh, sinh viên trên khắp mọi miền đất nước, qua đó khẳng định vị thế hàng đầu của Samsung trong việc nỗ lực thúc đẩy phát triển nguồn nhân lực công nghệ chất lượng cao tại Việt Nam. TS. Phạm Văn Hà - Phó Trưởng khoa CNTT Đại học Công nghiệp trao chứng nhận cho những sinh viên xuất sắc tại Khóa học Với chương trình học được thiết kế dựa trên nền tảng các công nghệ lõi của tương lai, kết hợp kỹ năng thực hành ứng dụng, đồng thời sát với xu hướng và yêu cầu tuyển dụng từ các doanh nghiệp công nghệ đầu ngành, SIC mỗi niên khóa đều nhận được sự hưởng ứng tích cực của hàng ngàn học viên tham gia. Không chỉ hướng đến cung cấp kho kiến thức nền tảng về công nghệ mới nhất, SIC còn khuyến khích học viên ứng dụng kiến thức đã được trau dồi vào thực tiễn. Theo đó, không chỉ được tạo điều kiện thực hành ngay trong khóa học, học viên tốt nghiệp SIC còn có cơ hội áp dụng kiến thức và kỹ năng đã học để tham dự Cuộc thi Innovation Tech Challenge, thông qua việc tháo gỡ bài toán hóc búa được ban tổ chức đề ra bằng các ý tưởng, giải pháp sáng tạo, hay thêm cơ hội để được thực tập tại Samsung Việt Nam']","Chương trình Samsung Innovation Campus (SIC) là một sáng kiến quan trọng đối với sinh viên Khoa Công nghệ thông tin Trường Đại học Công nghiệp Hà Nội, đặc biệt trong bối cảnh phát triển công nghệ tại Việt Nam. Dưới đây là một số lý do tại sao chương trình này lại có tầm quan trọng như vậy:

1. **Phát triển năng lực công nghệ cao**: Chương trình SIC được thiết kế nhằm phát triển kỹ năng công nghệ cốt lõi và kỹ năng mềm cho sinh viên, giúp họ trở thành những nhân lực chất lượng cao trong bối cảnh Cách mạng Công nghiệp 4.0.

2. **Cơ hội học tập và thực hành**: Sinh viên tham gia chương trình sẽ có cơ hội học tập qua các khóa học kết hợp giữa hình thức trực tuyến và trực tiếp, đồng thời có thể tham gia vào các hoạt động thực tiễn như Cuộc thi Sáng tạo khoa học công nghệ – Innovation Tech Challenge, nơi họ có thể áp dụng kiến thức đã học vào thực tế.

3. **Kết nối với doanh nghiệp**: Chương trình tạo ra cầu nối giữa sinh viên và các doanh nghiệp lớn như Samsung, giúp sinh viên có cơ hội thực tập, làm việc và tìm kiếm việc làm sau khi tốt nghiệp. Gần 20% nhân lực của Samsung Electronics Việt Nam là cựu sinh viên của Trường Đại học Công nghiệp Hà Nội, cho thấy sự thành công của mô hình hợp tác này.

4. **Đáp ứng nhu cầu thị trường**: Nội dung đào tạo của chương trình được xây dựng dựa trên khảo sát nhu cầu tuyển dụng của các công ty lớn, giúp sinh viên trang bị những kỹ năng cần thiết để đáp ứng yêu cầu của thị trường lao động.

5. **Định hướng nghề nghiệp**: Chương trình không chỉ giúp sinh viên nâng cao kỹ năng mà còn hỗ trợ họ trong việc định hướng nghề nghiệp, tạo điều kiện để họ trở thành những ứng viên tiềm năng cho các vị trí việc làm trong tương lai.

Chương trình Samsung Innovation Campus không chỉ mang lại lợi ích cho sinh viên mà còn góp phần vào sự phát triển bền vững của ngành công nghệ thông tin tại Việt Nam.

Nguồn tham khảo:
- [Samsung khởi động Chương trình phát triển nhân tài công nghệ 2024-2025](https://fit.haui.edu.vn/vn/tin-tuc/samsung-khoi-dong-chuong-trinh-phat-trien-nhan-tai-cong-nghe-2024-2025/71163) - [**Link tham khảo**](https://fit.haui.edu.vn/vn/tin-tuc/samsung-khoi-dong-chuong-trinh-phat-trien-nhan-tai-cong-nghe-2024-2025/71163).
- [HaUI phát triển đào tạo nhân lực chất lượng cao cùng Samsung Electronics Việt Nam](https://www.haui.edu.vn/vn/su-kien/haui-phat-trien-dao-tao-nhan-luc-chat-luong-cao-cung-samsung-electronics-viet-nam/65689) - [**Link tham khảo**](https://www.haui.edu.vn/vn/su-kien/haui-phat-trien-dao-tao-nhan-luc-chat-luong-cao-cung-samsung-electronics-viet-nam/65689). 

Nếu bạn cần thêm thông tin về các hoạt động khác của Khoa Công nghệ thông tin hoặc các chương trình khác, hãy cho tôi biết!","Chương trình Samsung Innovation Campus quan trọng đối với sinh viên Khoa Công nghệ thông tin Trường Đại học Công nghiệp Hà Nội vì nó cung cấp cho sinh viên kiến thức cơ bản về các công nghệ nền tảng như AI, IoT, và dữ liệu lớn, đồng thời kết hợp kỹ năng thực hành ứng dụng. Điều này giúp sinh viên nắm bắt những thay đổi trong ngành công nghệ, tạo cơ hội nghề nghiệp trong bối cảnh Việt Nam đang trở thành một trung tâm công nghệ cao với sự đầu tư từ các doanh nghiệp lớn như Samsung. Hơn nữa, chương trình còn khuyến khích sinh viên tham gia vào các cuộc thi như Innovation Tech Challenge, giúp họ áp dụng kiến thức vào thực tiễn và tăng cường khả năng cạnh tranh trên thị trường lao động.",0.9517587147377852,0.94999999997625,0.8,0.6666666666666666,1.7628962993621826,12.63315200805664
Liên chi Đoàn Khoa CNTT đã có những hoạt động gì nổi bật trong nhiệm kỳ 2022-2024 và những định hướng nào cho nhiệm kỳ 2024-2027?,"['content: Chương trình Lễ kỷ niệm 20 năm thành lập khoa Công nghệ May và Thiết kế thời trang Thứ Năm, 16:04 12/10/2023 749 I. MỤC ĐÍCH, YÊU CẦU 1. Mục đích Hướng tới kỷ niệm 125 năm truyền thống (1989 - 2023) trường Đại học Công nghiệp Hà Nội. Khoa Công nghệ May & Thiết kế thời trang, trường Đại học Công nghiệp Hà Nội tổ chức Lễ kỷ niệm 20 năm thành lập và phát triển. Tạo không khí phấn khởi tin tưởng vào kết quả, thành tựu 20 năm xây dựng và phát triển từ đó tôn vinh, ghi nhận những đóng góp to lớn của tập thể cán bộ, giảng viên khoa Công nghệ May & Thiết kế thời trang, đồng thời có những định hướng chiến lược mới phù hợp với giai đoạn tiếp theo. Các hoạt động còn thúc đẩy tình đoàn kết giữa các thế hệ học sinh, sinh viên, cán bộ, giảng viên; thực hiện tốt các phòng trào thi đua, các hoạt động về giảng dạy, NCKH nhằm thực hiện thắng lợi các chỉ tiêu nhiệm vụ năm học 2023 - 2024. 2. Yêu cầu - Các hoạt động cần tổ chức thiết thực, trang trọng, an toàn và tiết kiệm tạo không khí vui tươi phấn khởi của CBGV và sinh viên trước những bước phát triển mới của Khoa Công nghệ May & Thiết kế Thời trang. - Biểu dương, khen thưởng tập thể và cá nhân có thành tích xuất sắc trong việc xây dựng và phát triển khoa. - Tổ chức buổi lễ chu đáo, trọng thể và thực sự là ngày hội đặc biệt, lưu lại những ấn tượng tốt đẹp về Khoa Công nghệ May & Thiết kế thời trang trong lòng quý khách, các thế hệ giảng viên và sinh viên. II. THỜI GIAN, ĐỊA ĐIỂM 1. Thời gian : Dự kiến ngày 22 tháng 10 năm 2023. 2. Địa điểm: Hội trường tầng tầng 3-A11 III. THÀNH PHẦN THAM DỰ 1. Khách mời - Ban giám hiệu Trường Đại học Công nghiệp Hà Nội. - Trưởng, phó các đơn vị trong trường. - Các đồng chí nguyên là CBGV trong đơn vị. - Các đồng chí nguyên là lãnh đạo khoa - Đại diện các cơ quan, doanh nghiệp có hợp tác với Khoa. 2. Khoa Công nghệ May & Thiết kế thời trang - Toàn thể CBGV khoa CN May & Thiết kế Thời trang. - Các thế hệ cựu sinh viên, đại diện sinh viên các khóa đang học tập tại khoa. IV. NỘI DUNG 1. Phần\\nnext_contents:\\n', 'content: trường cũng vinh dự nhận được khen thưởng của Thành đoàn Hà Nội vì những thành tích xuất sắc trong công tác Đoàn và phong trào thanh niên giai đoạn 2022 - 2024 Đại hội đại biểu Đoàn TNCS Hồ Chí Minh ĐHCNHN nhiệm kỳ 2024 - 2027 đã thành công tốt đẹp. Với tinh thần tiên phong - bản lĩnh - đoàn kết - sáng tạo - hội nhập, đại hội và tuổi trẻ nhà trường tin tưởng BCH Đoàn trường nhiệm kỳ mới sẽ cụ thể hóa nội dung Nghị quyết đại hội và triển khai thành những nhiệm vụ, hành động cụ thể, tiếp tục kế thừa và phát huy thành quả đã đạt được, tiếp tục thúc đẩy công tác Đoàn và phong trào thanh niên nhà trường ngày càng phát triển. Đại hội Đại biểu Đoàn TNCS Hồ Chí Minh Đại học Công nghiệp Hà Nội lần thứ XI, nhiệm kỳ 2024 - 2027 thành công tốt đẹp. Một số hình ảnh của Đại hội: Thứ Hai, 18:25 09/12/2024 Tags: Đại học Công nghiệp Hà Nội HaUI ĐHCNHN Đại hội Đại biểu Đoàn TNCS Hồ Chí Minh Đoàn trường\\nnext_contents:\\n- Bí thư Đoàn trường 3. Đ/c Nguyễn Tiến Tấn - Phó Bí thư, Chủ nhiệm UBKT Đoàn trường 4. Đ/c Trần Thị Hương Giang – Phó Bí thư Đoàn trường 5. Đ/c Nguyễn Đăng Dương - Ủy viên Thường vụ 6. Đ/c Hà Phương Long - Ủy viên Thường vụ 7. Đ/c Hồ Văn Long - Ủy viên Thường vụ 8. Đ/c Trịnh Đắc Phong - Ủy viên Thường vụ 9. Đ/c Hạ Thanh Tùng - Ủy viên Thường vụ 10. Đ/c Nguyễn Trường An - Ủy viên Ban Chấp hành 11. Đ/c Nguyễn Hoàng Trang Anh - Ủy viên Ban Chấp hành 12. Đ/c Phạm Thị Sao Chi - Ủy viên Ban Chấp hành 13. Đ/c Phạm Duy Dương - Ủy viên Ban Chấp hành 14. Đ/c Trần Mỹ Duyên - Ủy viên Ban Chấp hành 15. Đ/c Vũ Duy Hải - Ủy viên Ban Chấp hành 16. Đ/c Vũ Hoàng Hiệp - Ủy viên Ban Chấp hành 17. Đ/c Vương Trung Hiếu - Ủy viên Ban Chấp hành 18. Đ/c Tạ Việt Hưng - Ủy viên Ban Chấp hành 19. Đ/c Vũ Lê Long - Ủy viên Ban Chấp hành 20. Đ/c Hoàng Thị Thanh Luyến - Ủy viên Ban Chấp hành 21. Đ/c Nguyễn Công Minh - Ủy viên Ban Chấp hành 22. Đ/c Bùi Đình Nam - Ủy viên Ban Chấp hành 23. Đ/c Trần Như Ngân - Ủy viên Ban Chấp hành 24. Đ/c Lê Yến Nhi - Ủy viên Ban Chấp hành 25. Đ/c Vũ Ngọc Quỳnh - Ủy viên Ban Chấp hành 26. Đ/c Nguyễn Chiến Thắng - Ủy viên Ban Chấp hành 27. Đ/c Nguyễn Vũ Thắng - Ủy viên Ban Chấp hành 28. Đ/c Hoàng Thị Thanh Thảo - Ủy viên Ban Chấp hành 29. Đ/c Phan Đỗ Thùy Trang - Ủy viên Ban Chấp hành PGS.TS. Lê Hồng Quân - Bí thư Đảng uỷ, Chủ tịch Hội đồng trường, TS.Kiều Xuân Thực - Phó Bí thư Đảng uỷ, Hiệu trưởng chúc mừng BCH Đoàn trường nhiệm kỳ 2024 - 2027 Các tập thể và cá nhân của nhà trường cũng vinh dự nhận được khen thưởng của Thành đoàn Hà Nội vì những thành tích xuất sắc trong công tác Đoàn và phong trào thanh niên giai đoạn 2022 - 2024 Đại hội đại biểu Đoàn TNCS Hồ Chí Minh ĐHCNHN nhiệm kỳ 2024 - 2027 đã thành công tốt đẹp. Với tinh thần tiên phong - bản lĩnh - đoàn kết - sáng tạo - hội nhập, đại hội và tuổi trẻ nhà trường tin tưởng BCH Đoàn trường nhiệm kỳ mới sẽ cụ thể hóa nội dung Nghị quyết đại hội và triển khai thành những nhiệm vụ, hành động cụ thể, tiếp tục kế\\n', 'content: 12 nhiệm vụ, giải pháp trọng tâm năm học 2024-2025 của ngành Giáo dục Thứ Tư, 20:05 04/09/2024 2553 Ngày 23/8, Bộ Giáo dục và Đào tạo (GDĐT) ban hành Quyết định số 2236/QĐ-BGDĐT ban hành Kế hoạch nhiệm vụ, giải pháp trọng tâm năm học 2024-2025 của ngành Giáo dục. Chủ đề năm học “Đổi mới sáng tạo, nâng cao chất lượng, đoàn kết kỷ cương” Theo đó, ngành Giáo dục xác định chủ đề năm học 2024-2025 là “Đổi mới sáng tạo, nâng cao chất lượng, đoàn kết kỷ cương”. Đồng thời xác định 12 nhiệm vụ, giải pháp trọng tâm như sau: 1. Tiếp tục hoàn thiện thể chế, nâng cao hiệu lực, hiệu quả công tác quản lý nhà nước về giáo dục Tập trung rà soát, điều chỉnh, bổ sung, hoàn thiện hệ thống pháp luật, các cơ chế, chính sách về giáo dục và đào tạo nhằm thể chế hóa các mục tiêu, nhiệm vụ, giải pháp được giao tại Kết luận số 91-KL/TW, ngày 12/8/2024 của Bộ Chính trị về tiếp tục thực hiện Nghị quyết số 29-NQ/TW, ngày 04/11/2013 của Ban Chấp hành Trung ương Đảng khóa XI “Về đổi mới căn bản, toàn diện giáo dục và đào tạo, đáp ứng yêu cầu công nghiệp hóa, hiện đại hóa trong điều kiện kinh tế thị trường định hướng xã hội chủ nghĩa và hội nhập quốc tế”; các quan điểm, chủ trương của Đảng và Nhà nước về phát triển giáo dục, đào tạo; các vấn đề thực tiễn phát sinh cần điều chỉnh để tháo gỡ khó khăn, vướng mắc. Ưu tiên nguồn lực hoàn thành xây dựng Luật Nhà giáo và các Nghị quyết của Quốc hội về phổ cập giáo dục mầm non cho trẻ em mẫu giáo từ 3 đến 5 tuổi và đổi mới chương trình giáo dục mầm non. Triển khai rà soát Luật Giáo dục, Luật Giáo dục đại học để đề xuất nội dung sửa đổi, bổ sung nhằm tạo hành lang pháp lý cho tiếp tục thực hiện đổi mới giáo dục và đào tạo. Đổi mới công tác quản lý giáo dục, quản trị nhà trường theo hướng tăng quyền tự chủ, nâng cao trách nhiệm giải trình, phát huy dân chủ trong các cơ sở giáo dục và đào tạo. 2. Đảm bảo công bằng trong tiếp cận giáo dục cho mọi đối tượng, trong đó, quan tâm đến đối tượng là người dân tộc thiểu số, người sống ở miền núi, vùng có điều kiện\\nnext_contents:\\n', 'content: Tổng kết hoạt động Công đoàn trường năm 2023 Thứ Năm, 23:06 04/01/2024 1556 Chiều ngày 4/1, Công đoàn Trường Đại học Công nghiệp Hà Nội tổ chức Hội nghị tổng kết công tác Công đoàn năm 2023, triển khai kế hoạch công tác năm 2024. Hội nghị có sự tham dự của các Ủy viên Ban chấp hành (BCH) Công đoàn Trường, Chủ tịch Công đoàn bộ phận và các đoàn viên công đoàn xuất sắc được khen thưởng năm học 2022 - 2023. Hội nghị Tổng kết công tác Công đoàn năm 2023 và triển khai kế hoạch công tác năm 2024 Đánh giá chung trong năm học 2022 - 2023, BCH Công đoàn trường đã hoàn thành tốt mục tiêu, kế hoạch đặt ra, phối hợp với chính quyền tổ chức thực hiện, hoàn thành tốt nhiệm vụ chuyên môn, đóng góp quan trọng vào thành tích, khẳng định thương hiệu và danh tiếng của nhà trường; tổ chức thành công các hoạt động phong trào văn hoá văn nghệ, thể dục thể thao, các chuyên đề tập huấn công đoàn,…; thực hiện tốt quy chế dân chủ, tập thể đoàn kết thống nhất, tạo sự tin tưởng, yên tâm trong viên chức, người lao động; đời sống của viên chức, người lao động được đảm bảo và ngày càng nâng cao. PGS.TS. Phạm Văn Đông - Chủ tịch Công đoàn Trường phát biểu tại buổi tổng kết Triển khai kế hoạch công tác năm 2024, Chủ tịch Công đoàn, PGS.TS. Phạm Văn Đông nhấn mạnh: Trong thời kỳ mới, thời kỳ kinh tế số và quốc tế hóa đòi hỏi cán bộ, viên chức, người lao động phải đáp ứng chuyên môn ở mức cao, có kỹ năng, đổi mới sáng tạo và thích ứng với xu thế hội nhập toàn cầu. Cán bộ công đoàn cũng không nằm ngoài yêu cầu đó, cần được đào tạo bồi dưỡng nâng cao năng lực để hoàn thành nhiệm vụ chính trị được giao. Các ý kiến trao đổi, thảo luận tại buổi tổng kết hoạt động công đoàn trường năm 2023 Với những kết quả đạt được trong năm học 2022 - 2023, Công đoàn Trường được tặng Cờ thi đua của Công đoàn Công thương Việt Nam; 03 đoàn viên công đoàn được tặng Bằng khen của Tổng Liên đoàn Lao động Việt Nam; 22 đoàn viên công đoàn được tặng Bằng khen của Công đoàn Công Thương Việt Nam; 02 công đoàn viên được khen tặng\\nnext_contents:\\n', 'content: thanh niên trong trường. Đại biểu tham dự Đại hội Báo cáo tổng kết công tác Đoàn và phong trào thanh niên nhiệm kỳ 2022 - 2024; phương hướng, nhiệm vụ, giải pháp công tác Đoàn và phong trào thanh niên nhiệm kỳ 2024 – 2027 nêu rõ: Công tác Đoàn và phong trào thanh niên Trường Đại học Công nghiệp Hà Nội nhiệm kỳ 2022 – 2024 đã có những bước phát triển mới, có chiều sâu, có sự chuyển biến rất tích cực, bám sát chỉ đạo của Đảng ủy, Ban Giám hiệu nhà trường và Thành đoàn Hà Nội. Sự nỗ lực, đoàn kết không ngừng của tuổi trẻ nhà trường, công tác Đoàn và phong trào thanh niên trường ĐHCNHN đã khẳng định được vị thế và được đánh giá là đơn vị xuất sắc nhiều năm liền trong phong trào chung của Thành đoàn Hà Nội. Đoàn Chủ tịch làm việc tại Đại hội Tại đại hội PGS.TS. Lê Hồng Quân - Bí thư Đảng ủy, Chủ tịch Hội đồng trường ghi nhận và đánh giá cao nỗ lực của toàn thể cán bộ đoàn, đoàn viên, sinh viên đối với phong trào Đoàn, phong trào Thanh niên nhà trường; nhiệm kỳ 2022 - 2024 của Đoàn Thanh niên cũng đánh dấu một bước trưởng thành mới của tuổi trẻ thông qua rất nhiều công trình, phần việc ý nghĩa, được cụ thể bằng những con số ấn tượng. PGS.TS. Lê Hồng Quân – Bí thư Đảng ủy, Chủ tịch Hội đồng trường phát biểu tại Đại hội PGS.TS. Lê Hồng Quân nhấn mạnh: Chúng ta tin tưởng và mong rằng, sau Đại hội này, Đoàn thanh niên Trường ĐHCNHN sẽ có bước phát triển mới mạnh mẽ hơn nữa, đóng góp xứng đáng vào việc thực hiện thắng lợi Nghị quyết Đại hội Đảng các cấp và nhiệm vụ chính trị của Nhà trường, đặc biệt là mục tiêu chiến lược đổi mới mô hình quản trị của Nhà trường từ Trường Đại học thành Đại học vào năm 2025. Với nhiệt huyết tràn đầy, với nghị lực và ý chí vươn lên mạnh mẽ, sinh viên ĐHCNHN hãy ra sức học tập, rèn luyện để ngày càng tiến bộ, có tâm trong, trí sáng, hoài bão lớn. Đảng ủy, lãnh đạo nhà trường luôn đặt niềm tin vào Đoàn Thanh niên Nhà trường, đồng thời cũng yêu cầu, kỳ vọng Đoàn thanh niên phải làm tốt hơn nữa chức năng, nhiệm vụ của mình, góp phần xây dựng ĐHCNHN\\nnext_contents:\\n- Đại hội Đại biểu Đoàn TNCS Hồ Chí Minh Trường Đại học Công nghiệp Hà Nội lần thứ XI, nhiệm kỳ 2024 - 2027: Tiên phong, bản lĩnh, đoàn kết, sáng tạo, hội nhập Thứ Hai, 18:25 09/12/2024 725 Với tinh thần dân chủ, đoàn kết, trí tuệ, Đại hội Đại biểu Đoàn TNCS Hồ Chí Minh Trường Đại học Công nghiệp Hà Nội (ĐHCNHN) đã bầu 29 đồng chí vào Ban chấp hành. Đồng chí Đỗ Minh Hiền được tín nhiệm giữ chức Bí thư Đoàn Trường Đại học Công nghiệp Hà Nội Đại hội Đại biểu Đoàn TNCS Hồ Chí Minh Trường Đại học Công nghiệp Hà Nội lần thứ XI, nhiệm kỳ 2024 - 2027 diễn ra ngày 09/12/2024 với nhiều nội dung quan trọng. Đại hội là sự kiện chính trị quan trọng, là ngày hội lớn của tuổi trẻ Nhà trường, là nơi hội tụ và tỏa sáng trí tuệ, tâm huyết của 161 đại biểu là những cán bộ, đoàn viên ưu tú, đại diện cho gần 30.000 đoàn viên, thanh niên nhà trường. Đại hội Đại biểu Đoàn TNCS Hồ Chí Minh Trường Đại học Công nghiệp Hà Nội lần thứ XI, nhiệm kỳ 2024 - 2027 Với chủ đề “Phát huy truyền thống anh hùng, tuổi trẻ Trường Đại học Công nghiệp Hà Nội rèn đức, luyện tài, sẵn sàng tiên phong đổi mới sáng tạo, chuyển đổi số và hội nhập trong thời đại mới”. Đại hội lần này có nhiệm vụ đánh giá kết quả thực hiện Nghị quyết đại hội đại biểu khóa X, xác định mục tiêu phương hướng công tác Đoàn và phong trào thanh niên nhiệm kỳ 2024 - 2027; đặc biệt là bầu ra BCH Đoàn trường khóa XI có đủ năng lực, trình độ, nhiệt huyết để hoàn thành sứ mệnh, nhiệm vụ chính trị và thực sự trở thành người bạn đồng hành cùng đoàn viên, thanh niên trong trường. Đại biểu tham dự Đại hội Báo cáo tổng kết công tác Đoàn và phong trào thanh niên nhiệm kỳ 2022 - 2024; phương hướng, nhiệm vụ, giải pháp công tác Đoàn và phong trào thanh niên nhiệm kỳ 2024 – 2027 nêu rõ: Công tác Đoàn và phong trào thanh niên Trường Đại học Công nghiệp Hà Nội nhiệm kỳ 2022 – 2024 đã có những bước phát triển mới, có chiều sâu, có sự chuyển biến rất tích cực, bám sát chỉ đạo của Đảng ủy, Ban Giám hiệu nhà trường và Thành đoàn Hà Nội. Sự nỗ lực, đoàn kết\\n']","['<1-hop>\\n\\nHội nghị kiện toàn Đội Thanh niên tình nguyện Khoa CNTT nhiệm kỳ 2023-2024 Chiều 30/11/2024, Hội nghị Kiện toàn Đội Thanh niên tình nguyện Khoa Công nghệ thông tin Trường ĐH Công Nghiệp Hà Nội nhiệm kỳ 2023-2024 đã diễn ra. Đội Thanh niên tình nguyện Khoa CNTT HaUI là một trong những Đội hình tình nguyện nòng cốt trực thuộc Liên chi Đoàn Khoa CNTT Trường Đại học Công Nghiệp Hà Nội. Bước sang năm hoạt động thứ 16 với 16 lần kiện toàn Ban Chủ nhiệm, Đội Thanh niên tình nguyện Khoa CNTT được tổ chức quy củ, nề nếp, có phương hướng và kế hoạch hoạt động cụ thể, bài bản theo từng giai đoạn. Đội là nhân tố quan trọng đóng góp vào sự phát triển của công tác Đoàn và phong trào thanh niên Khoa CNTT HaUI. Đội Thanh niên tình nguyện Khoa CNTT HaUI đã trải qua 16 năm hoạt động với phương châm được xác định: Tình nguyện bốn bể là nhà - Hai mươi năm ấy vẫn là thanh xuân Tại Lễ Kiện toàn bạn Lê Minh Hùng, Nguyên Đội trưởng Đội Thanh niên tình nguyện ULSA khoá trước chia sẻ: ""Trong nhiệm kỳ quản lý Đội, được giao trọng trách là đội trưởng, mình cảm thấy rất may mắn khi được Ban chủ nhiệm, các thành viên trong Đội và đặc biệt là Đoàn Thanh niên trường tin tưởng và giúp đỡ tận tình. Được gắn bó với Đội suốt 4 năm đại học, đối với mình Đội tình nguyện đã trở thành gia đình thứ 2. Mình có quá nhiều kỷ niệm không thể quên với tập thể Đội. Mình rất tự hào khi nói rằng “ngôi nhà xanh FIT-HaUI” là một tập thể luôn nhiệt huyết, đoàn kết và vững mạnh. Đội đã đi tới nhiều nơi và hoàn thành được nhiều công trình, phần việc vì cộng đồng ý nghĩa Mình mong muốn và tin tưởng Ban Chủ nhiệm Đội trong nhiệm kỳ mới sẽ luôn phát huy tốt tinh thần, nhiệt huyết của tuổi trẻ, theo sự phân công và giao nhiệm vụ của Đoàn Thanh niên trường, quản lý đội thật tốt, để tập thể “ngôi nhà xanh FIT-HaUI” luôn đi đầu trong các phong trào, hoạt động của Đoàn Thanh niên Khoa CNTT-HaUI"". Trong năm học 2023-2024, Đội Thanh niên tình nguyện Khoa CNTT HaUI với định hướng, chỉ đạo của Đoàn Thanh niên trường, cùng với sự cố gắng, nỗ lực của toàn thể đội viên, cộng tác viên, Ban chủ nhiệm, Đội đã hoàn thành xuất sắc các nhiệm vụ năm học 2024 - 2025 và ghi nhiều dấu ấn, thành tích nổi bật; Được Đoàn Thanh niên, Ban Giám hiệu nhà trường ghi nhận, đánh giá cao.', '<2-hop>\\n\\nToàn cảnh đại hội Tới dự và chỉ đạo Đại hội, về phía Đoàn thanh niên Trường Đại học Công nghiệp Hà Nội có đồng chí Đỗ Minh Hiền – Bí thư Đoàn trường, đồng chí Nguyễn Tiến Tấn – Phó Bí thư Đoàn trường, đồng chí Lý Thị Ngọc Minh - Phó Chủ nhiệm Ủy Ban kiểm tra đoàn trường. Về phía Đảng bộ có TS. Đặng Trọng Hợp – Bí thư Chi bộ, Trưởng Khoa CNTT cùng các thầy cô cố vấn học tập, các Liên chi Đoàn bạn trong Trường. Với khẩu hiệu hành động: “Tuổi trẻ Khoa CNTT Khát vọng – Bản lĩnh – Dấn thân – Sáng tạo – Chuyển đổi”, Đại hội xác định nhiệm vụ đã đề ra trong nhiệm kỳ 2022 - 2024, thẳng thắn nhìn nhận, đánh giá thực trạng công tác Đoàn và phong trào thanh niên trong thời gian qua. Trên cơ sở đó, Đại hội sẽ thảo luận và quyết định mục tiêu, phương hướng, nhiệm vụ và các chương trình hành động trong nhiệm kỳ 2024 - 2027 phù hợp với yêu cầu và điều kiện thực tế. Đồng thời bầu ra Ban Chấp hành mới có đủ năng lực, trình độ, nhiệt huyết để hoàn thành sứ mệnh, nhiệm vụ chính trị được giao đồng thời trở thành người bạn đồng hành đáng tin cậy của đoàn viên, thanh niên Khoa CNTT. Đại hội được nghe đồng chí Nguyễn Chiến Thắng – Bí thư Ban chấp hành Liên chi Đoàn nhiệm kỳ 2022 - 2024 trình bày báo cáo kiểm điểm của Ban Chấp hành nhiệm kỳ 2022 - 2024. Theo đó Liên Chi Đoàn đã hoàn thành các nhiệm vụ Nhiều đồng chí được nhận các danh hiệu Chiến sỹ thi đua cấp cơ sở, Công đoàn viên hoàn thành xuất sắc nhiệm vụ, Sinh viên 5 tốt, đạt giải tại các cuộc thi trong và ngoài trường. Liên chi Đoàn nghiêm túc nhìn nhận cần tích cực tham gia hơn nữa các hoạt động gắn liền với kiến thức, chuyên môn. Nâng cao chất lượng công tác và chất lượng học tập. Đại hội được theo dõi Phóng sự tổng kết công tác Đoàn và phong trào thanh niên Khoa CNTT nhiệm kỳ 2022 – 2024, phương hướng nhiệm kỳ 2024 - 2027. Theo đó Liên chi Đoàn đã hoàn thành xuất sắc các chỉ tiêu cơ bản do Nghị quyết Đại hội đại biểu nhiệm kỳ 2022 – 2024 đã đề ra; đội ngũ cán bộ Đoàn cũng đã từng bước trưởng thành; vai trò của tuổi trẻ thông qua các phong trào như thanh niên tình nguyện, tuổi trẻ sáng tạo, các công tác tuyên truyền cũng đã được khẳng định và đóng góp tích cực vào mục tiêu chung của đơn vị. Liên chi Đoàn cũng đã tổ chức nhiều hoạt động mới mong muốn đẩy mạnh học tập, nghiên cứu khoa học với các chương trình hỗ trợ khởi nghiệp, hội nhập quốc tế. Ngoài ra Liên chi Đoàn cũng chú trọng việc xây dựng và phát triển tổ chức Đoàn, làm nòng cốt chính trị đối với tổ chức Hội Sinh viên. Tại Đại hội, đồng chí Đỗ Minh Hiền - Đảng ủy viên - Bí thư Đoàn trường đã ghi nhận và đánh giá cao nỗ lực của tập thể cán bộ đoàn, đoàn viên, sinh viên Khoa CNTT với phong trào Đoàn, phong trào Thanh niên; nhiệm kỳ 2022 – 2024 của Liên chi Khoa CNTT đã đánh dấu một bước tiến lớn trong nhiệm kỳ đầu tiên của Liên chi Đoàn. Đ/c Đỗ Minh Hiền - Đảng ủy viên - Bí thư đoàn Trường HAUI phát biểu tại đại hội']","### Hoạt động nổi bật của Liên chi Đoàn Khoa CNTT nhiệm kỳ 2022-2024

1. **Đại hội đại biểu**: Đại hội đại biểu Liên chi Đoàn Khoa Công nghệ thông tin đã diễn ra thành công vào ngày 16/04/2022, tại hội trường A11, Trường Đại học Công nghiệp Hà Nội. Đây là sự kiện quan trọng nhằm báo cáo kết quả hoạt động nhiệm kỳ 2019-2022 và bầu ra Ban Chấp hành mới cho nhiệm kỳ 2022-2024.
   
2. **Thành tích đạt được**: Trong nhiệm kỳ 2022-2024, Liên chi Đoàn đã hoàn thành nhiều nhiệm vụ và đạt được nhiều danh hiệu như:
   - Nhiều sinh viên đạt giải tại các cuộc thi trong và ngoài trường.
   - Tổ chức các hoạt động phong trào thanh niên, nghiên cứu khoa học, và các chương trình giao lưu, học hỏi.

3. **Định hướng hoạt động**: Liên chi Đoàn đã xác định các mục tiêu và phương hướng hoạt động cụ thể, nhằm nâng cao chất lượng công tác Đoàn và phong trào thanh niên trong thời gian tới.

### Định hướng cho nhiệm kỳ 2024-2027

1. **Đại hội đại biểu**: Đại hội đại biểu Liên chi Đoàn Khoa CNTT nhiệm kỳ 2024-2027 đã diễn ra vào ngày 31/10/2024, với sự tham gia của nhiều đại biểu và các đồng chí lãnh đạo trường.

2. **Mục tiêu và phương hướng**: 
   - Tiếp tục phát huy truyền thống và những thành tích đã đạt được trong nhiệm kỳ trước.
   - Đề ra các chương trình hành động cụ thể, phù hợp với yêu cầu và điều kiện thực tế của sinh viên.
   - Tăng cường các hoạt động nghiên cứu khoa học, giao lưu quốc tế, và các phong trào thanh niên sáng tạo.

3. **Chương trình hành động**: Liên chi Đoàn sẽ tập trung vào việc nâng cao chất lượng hoạt động Đoàn, phát triển kỹ năng cho sinh viên, và tạo môi trường học tập, rèn luyện tốt nhất cho sinh viên Khoa CNTT.

### Tài liệu tham khảo
- [Chúc mừng thành công Đại hội đại biểu Liên chi đoàn Khoa Công nghệ thông tin Trường Đại học Công nghiệp Hà Nội nhiệm kỳ 2024 – 2027](https://fit.haui.edu.vn/vn/tin-tuc/chuc-mung-thanh-cong-dai-hoi-dai-bieu-lien-chi-doan-khoa-cong-nghe-thong-tin-truong-dai-hoc-cong-nghiep-ha-noi-nhiem-ky-2024-2027/71130) - [**Link tham khảo**](https://fit.haui.edu.vn/vn/tin-tuc/chuc-mung-thanh-cong-dai-hoi-dai-bieu-lien-chi-doan-khoa-cong-nghe-thong-tin-truong-dai-hoc-cong-nghiep-ha-noi-nhiem-ky-2024-2027/71130).
- [Đại hội đại biểu Đoàn TNCS Hồ Chí Minh Trường Đại học Công nghiệp Hà Nội lần thứ X: Tiên phong, bản lĩnh, đoàn kết, sáng tạo, hội nhập](https://www.haui.edu.vn/vn/tin-tuc/dai-hoi-dai-bieu-doan-tncs-ho-chi-minh-truong-dai-hoc-cong-nghiep-ha-noi-lan-thu-x-tien-phong-ban-linh-doan-ket-sang-tao-hoi-nhap/63628) - [**Link tham khảo**](https://www.haui.edu.vn/vn/tin-tuc/dai-hoi-dai-bieu-doan-tncs-ho-chi-minh-truong-dai-hoc-cong-nghiep-ha-noi-lan-thu-x-tien-phong-ban-linh-doan-ket-sang-tao-hoi-nhap/63628).

Nếu bạn cần thêm thông tin hoặc có câu hỏi khác, hãy cho tôi biết!","Trong nhiệm kỳ 2022-2024, Liên chi Đoàn Khoa CNTT đã hoàn thành xuất sắc các nhiệm vụ, với nhiều đồng chí nhận các danh hiệu như Chiến sỹ thi đua cấp cơ sở và Sinh viên 5 tốt. Liên chi Đoàn đã tích cực tham gia các hoạt động gắn liền với kiến thức và chuyên môn, nâng cao chất lượng công tác và học tập. Đối với nhiệm kỳ 2024-2027, Liên chi Đoàn xác định sẽ thảo luận và quyết định mục tiêu, phương hướng, nhiệm vụ và các chương trình hành động phù hợp với yêu cầu thực tế, đồng thời bầu ra Ban Chấp hành mới có đủ năng lực và nhiệt huyết để hoàn thành sứ mệnh chính trị được giao.",0.8291197451082208,0.5333333333155555,0.047619047619047616,1.0,1.2910687923431396,17.56261420249939
Công ty FPT Software đã chia sẻ những thông tin gì về cơ hội nghề nghiệp cho sinh viên ngành Công nghệ thông tin trong sự kiện Chào tân sinh viên Khóa 19?,"['content: Công ty FPT Software tuyển dụng nhiều vị trí Fresher năm 2024 FPT Software là công ty thành viên thuộc Tập đoàn FPT. Được thành lập từ năm 1999, FPT Software hiện là công ty chuyên cung cấp các dịch vụ và giải pháp phần mềm cho các khách hàng quốc tế, với hơn 18.000 nhân viên, hiện diện tại 27 quốc gia trên toàn cầu. Nhiều năm liền, FPT Software được bình chọn là Nhà Tuyển dụng được yêu thích nhất và nằm trong TOP các công ty có môi trường làm việc tốt nhất Việt Nam. Hiện tại công ty đang có nhu cầu tuyển dụng một số vị trí Fresher: [HN] Fresher Android Talent MÔ TẢ CÔNG VIỆC Chương trình đào tạo tân binh Fresher Android Talent là chương trình được xây dựng nhằm giúp các tân binh của FPT Software: - Được định hướng, phát triển skill sets một cách đầy đủ, đào tạo và hệ thống lại các kiến thức từ cơ bản đến nâng cao về Kotlin và tìm hiểu cách thức xây dựng ứng dụng với Kotlin. - Học hỏi quy trình phát triển phần mềm trước khi tham gia vào các dự án thực tế trong lĩnh vực phát triển phần mềm với quy mô lớn. - Tìm hiểu các bước thực hiện dự án, bao gồm thiết kế ứng dụng, làm GUI, thiết kế code, thực hiện Unit test, kiểm tra chất lượng dự án. - Luyện tập kỹ năng code trong dự án. - Rèn luyện các kỹ năng mềm: Viết email, kỹ năng phỏng vấn, thuyết trình, kỹ năng phân tích giải quyết vấn đề. Nâng tầm khả năng ngoại ngữ: đọc dịch tài liệu chuyên ngành, giao tiếp Tiếng Anh… YÊU CẦU - Là sinh viên đã/sắp tốt nghiệp chuyên ngành Công nghệ thông tin, Toán tin, Khoa học máy tính, Kỹ thuật phần mềm, Điện tử viễn thông, Cơ khí, Cơ điện tự, Tự động hóa… hoặc các chuyên ngành có liên quan đạt một trong các yêu cầu sau: - Điểm trung bình tích lũy (GPA) từ 2.8 trở lên đối với tất cả các trường - Đạt chứng chỉ ngoại ngữ Tiếng Anh TOEIC 650 trở lên hoặc tương đương hoặc đạt trình độ Tiếng Nhật N3 trở lên. - Đạt giải trong các cuộc thi học thuật về lập trình, toán học, công nghệ, Olympic Tin học, ACM/ICPC hoặc tham gia đề tài nghiên cứu khoa học đạt giải từ cấp trường trở lên. - Có kết\\nnext_contents:\\n', 'content: Career talk “Dẫn lối cho tester toàn năng” Chiều ngày 25/10/2024 tại Hội trường Tầng 3 nhà A11, Khoa Công nghệ thông tin Trường Đại học Công Nghiệp Hà Nội kết hợp với Công ty FPT Software tổ chức thành công sự kiện Career talk “Dẫn lối cho tester toàn năng” và nhận được sự quan tâm, ủng hộ vô cùng nhiệt tình của các bạn sinh viên trong Khoa quan tâm tới lĩnh vực Software Testing. TS. Phạm Văn Hà - Phó Trưởng Khoa CNTT phát biểu và gửi lời cảm ơn Công ty FPT Software TS. Phạm Văn Hà - Phó Trưởng Khoa CNTT kính tặng bó hoa tươi thắm cùng quà tặng đến doanh nghiệp Trong buổi chia sẻ không chỉ có những câu chuyện thú vị, chia sẻ về kinh nghiệm làm Test của các chuyên gia hàng đầu đến từ IVS thuộc FPT Software (Đơn vị Kiểm thử lớn nhất FSOFT) cũng như được “đích mục sở thị” màn test live ngay tại sự kiện. Đồng thời, nhiều CV ứng tuyển đã được gửi tới các chuyên gia đến từ đơn vị IVS thuộc FPT Software, tạo cơ hội phỏng vấn trực tiếp các vị trí Manual Test, Automation Test. Cùng với đó, nhiều bạn đã mang về những phần quà công nghệ giá trị khi tham gia sự kiện. Anh Nguyễn Đình Đán - Quản lý Nhân sự cấp cao tại FPT Software giới thiệu về Trung tâm Kiểm thử phần mềm Tự động IVS Chị Nguyễn Thị Hồng Quỳnh - Project Manager/ Human Resource tại FPT Software chia sẻ về các kinh nghiệm khi làm Tester Tọa đàm giải đáp các câu hỏi của sinh viên trong Khoa Thông qua buổi tọa đàm, sinh viên đã nhận được các kiến thức bổ ích trở thành Tester toàn năng trong tương lai, cập nhật các xu hướng mới nhất trong ngành Tester và tầm quan trọng Tester với ngành công nghiệp phần mềm hiện nay, khám phá lộ trình phát triển nghề nghiệp của Tester. Đồng thời, tiếp cận và trực tiếp ứng tuyển các cơ hội việc làm toàn cầu, chuẩn bị hành trang để sẵn sàng tham gia các dự án lớn tại FPT Software. Hội thảo thu hút số lượng lớn sinh viên quan tâm, tham gia và tìm hiểu Rất nhiều câu hỏi sinh viên quan tâm đến chương trình Sinh viên nhận được nhiều phần quà công nghệ hấp dẫn từ doanh nghiệp Buổi hội thảo kết\\nnext_contents:\\n', 'content: ngay sau khi ra trường; sinh viên năm 2, 3 sẽ có cơ hội tìm hiểu sâu hơn về doanh nghiệp, về lĩnh vực nghề nghiệp mình đang lựa chọn và theo đuổi. Đại diện cho các doanh nghiệp tham dự ngày hội việc làm, ông Đào Việt Bách - Trưởng phòng tuyển dụng và thu hút nhân tài FPT Software Academy - Công ty TNHH phần mềm FPT chia sẻ: “Chúng tôi rất cảm ơn Nhà trường đã tổ chức Ngày hội việc làm Công nghệ thông tin rất ý nghĩa này. Đây thực sự là cầu nối để doanh nghiệp được tiếp cận đến gần hơn với sinh viên và tuyển dụng được ứng viên phù hợp với nhu cầu công việc. Là đơn vị đã có hợp tác với Khoa Công nghệ thông tin một thời gian dài, chúng tôi luôn đánh giá cao và hài lòng với chất lượng sinh viên của Đại học Công nghiệp Hà Nội về cả kiến thức chuyên môn và cả kỹ năng mềm. Công ty TNHH phần mềm FPT cam kết sẽ luôn đồng hành cùng Nhà trường, đem đến cho sinh viên những cơ hội trải nghiệm, thực tập và việc làm hấp dẫn.” Danh sách doanh nghiệp tham dự Ngày hội việc làm Công nghệ thông tin 2022 TT Tên doanh nghiệp Lĩnh vực hoạt động Chỉ tiêu tuyển dụng 1 Công ty TNHH phần mềm FPT Cung cấp các dịch vụ phát triển phần mềm 300 2 Công ty hệ thống thông tin FPT (FIS) Cung cấp các dịch vụ phát triển phần mềm 60 3 Công ty TNHH Gameloft chi nhánh Hà Nội Lĩnh vực phát triển và phát hành game 20 4 Công ty Cổ phần Hệ thống Công nghệ ETC Cung cấp giải pháp cho tích hợp hệ thống CNTT; phát triển phần mềm; 100 5 Công ty cổ phần MISA Cung cấp các dịch vụ phát triển phần mềm 80 6 Công ty TNHH Công nghệ phần mềm Kaopiz Outsourcing phần mềm cho thị trường Nhật Bản 10 7 Công ty TNHH NashTech Việt Nam Phát triển ứng dụng di động, kiến trúc phần mềm, tích hợp hệ thống, cung cấp giải pháp quy trình doanh nghiệp 120 8 Công ty TNHH INFOPLUS Giải pháp tín dụng - ngân hàng 10 9 Công ty CP Dịch vụ và Phát triển Công nghệ AHT Phát triển các hệ thống Công nghệ thông tin 37 10 Công ty BSS Group Phát triển các tiện ích mở rộng của Website thương mại điện tử và dịch vụ phát triển website 10 11 Công ty Cổ\\nnext_contents:\\n- của trường tìm được việc làm phù hợp. Trong số các doanh nghiệp đối tác tham gia ngày hội việc làm hàng năm đều có các doanh nghiệp về công nghệ thông tin. Tuy nhiên, khi tiếp nhận ý kiến phản hồi từ các doanh nghiệp này, khoa Công nghệ thông tin nhận thấy ngày hội việc làm ở quy mô cấp trường quá đa dạng về ngành nghề, có thể khiến nhà tuyển dụng và sinh viên gặp khó trong vấn đề tìm kiếm mục đích của mỗi bên. Xuất phát từ thực tế đó, năm 2022, khoa Công nghệ thông tin tổ chức ngày hội việc làm riêng, với quy mô nhỏ hơn, chỉ tập trung vào lĩnh vực Công nghệ thông tin. Sự kiện được tổ chức vào ngày 26/11/2022 đã thực sự mang lại hiệu quả. Ngày hội thu hút 14 doanh nghiệp với 20 gian hàng và hơn 1200 sinh viên tham dự. Sự kiện này đánh dấu sự đổi mới trong công tác hướng nghiệp của khoa. 14 doanh nghiệp tham gia ngày hội, mang đến hơn 1.000 vị trí việc làm cùng rất nhiều cơ hội khác cho sinh viên ngành CNTT. Việc tổ chức Ngày hội việc làm lĩnh vực Công nghệ thông tin đã cung cấp cho sinh viên cơ hội gặp gỡ nhà tuyển dụng, tìm kiếm việc làm, khám phá ngành nghề và lĩnh vực, xây dựng kỹ năng giao tiếp, tạo ấn tượng, nâng cao định hướng nghề nghiệp và sự chuẩn bị cho tương lai của sinh viên. Đây là một sự kiện quan trọng giúp sinh viên có cơ hội thực hiện mục tiêu nghề nghiệp của mình và khởi đầu sự nghiệp sau khi tốt nghiệp. Ngày hội việc làm cũng giúp doanh nghiệp tìm được những ứng viên phù hợp với nhu cầu tuyển dụng; các bạn sinh viên năm cuối sẽ có những lựa chọn công việc ngay sau khi ra trường; sinh viên năm 2, 3 sẽ có cơ hội tìm hiểu sâu hơn về doanh nghiệp, về lĩnh vực nghề nghiệp mình đang lựa chọn và theo đuổi. Đại diện cho các doanh nghiệp tham dự ngày hội việc làm, ông Đào Việt Bách - Trưởng phòng tuyển dụng và thu hút nhân tài FPT Software Academy - Công ty TNHH phần mềm FPT chia sẻ: “Chúng tôi rất cảm ơn Nhà trường đã tổ chức Ngày hội việc làm Công nghệ thông tin rất ý nghĩa này. Đây thực sự là cầu nối để doanh nghiệp được tiếp cận đến gần hơn với sinh\\n', 'content: bảo hiểm FPT care… Cơ hội phát triển bản thân và làm việc cùng các chuyên gia giỏi nhất của FPT Software và khách hàng lớn đến từ Mỹ, Pháp, Singapore, Nhật Bản… Tiếp cận với những công nghệ tiên tiến hàng đầu về Web, phát triển kỹ năng mềm & định hướng nghề nghiệp, tư vấn bí quyết thành công từ các chuyên gia. Trải nghiệm văn hóa đặc trưng, môi trường làm việc hiện đại bậc nhất Việt Nam tại các Campus của FPT Software. LIÊN HỆ: Ứng viên vui lòng gửi hồ sơ ứng tuyển bao gồm: CV/ Résume : Tóm tắt quá trình học tập, kinh nghiệm làm việc (bắt buộc) Bảng điểm và các chứng chỉ liên quan: Ảnh chụp hoặc file scan (không bắt buộc) Mail subject : [C#/.Net] Họ và tên _SĐT Email : bachdv1@fsoft.com.vn SĐT : 0969.125.248 Fanpage : FPT Software Academy Website : https://fsoft-academy.edu.vn/ Thứ Sáu, 15:54 15/12/2023 Tags:\\nnext_contents:\\n- vựng theo cấu trúc bài thi TOEIC. Cơ hội tham gia và trở thành trở thành “key member” trong các siêu dự án của FPT Software trong các lĩnh vực: Vận tải Logistic, Hàng không, Thương mại điện tử và Chăm sóc sức khỏe với công nghệ hiện đại về Web, Cloud/AWS…và đội ngũ chuyên gia giàu kinh nghiệm. YÊU CẦU: Là sinh viên đã/sắp tốt nghiệp chuyên ngành Công nghệ thông tin, Toán tin, Khoa học máy tính, Kỹ thuật phần mềm, Điện tử viễn thông… hoặc các chuyên ngành có liên quan. Nắm vững kiến thức cơ bản về Lập trình hướng đối tượng và C#/.Net. Có thể tham gia đào tạo/làm việc Full-time từ thứ 2 - thứ 6. Ham học hỏi, máu lửa, nhiệt huyết, sẵn sàng chinh chiến đối đầu với thử thách khó khăn tại các dự án phần mềm lớn. Tuân thủ kỷ luật & có trách nhiệm với công việc. Ưu tiên ứng viên có khả năng đọc hiểu tiếng Anh tốt. QUYỀN LỢI: Được nhận học bổng đào tạo lên đến 250% học phí (tương đương trợ cấp đào tạo toàn khóa học lên đến 20.000.000VND/khóa ) tùy theo mức độ đóng góp và kết quả đào tạo. Sau khi kết thúc đào tạo tại FSOFT Academy: Tham gia làm việc tại các dự án với mức thu nhập hấp dẫn tương xứng với kỹ năng và kinh nghiệm của bạn , trung bình từ 8.000.000 VNĐ - 15.000.000 VNĐ/tháng. Thu nhập trung bình 1 năm từ 13-18 tháng lương, tùy theo kết quả đào tạo và làm việc. Được đào tạo thêm các kiến thức về các công nghệ mới như: Cloud (AWS/ Azure…), DevOps; Frontend (Angular/ ReactJS…); Hưởng các chính sách như: Hỗ trợ thi các chứng chỉ chuyên nghiệp quốc tế (OCA/PMP…), hỗ trợ mua nhà, bảo hiểm FPT care… Cơ hội phát triển bản thân và làm việc cùng các chuyên gia giỏi nhất của FPT Software và khách hàng lớn đến từ Mỹ, Pháp, Singapore, Nhật Bản… Tiếp cận với những công nghệ tiên tiến hàng đầu về Web, phát triển kỹ năng mềm & định hướng nghề nghiệp, tư vấn bí quyết thành công từ các chuyên gia. Trải nghiệm văn hóa đặc trưng, môi trường làm việc hiện đại bậc nhất Việt Nam tại các Campus của FPT Software. LIÊN HỆ: Ứng viên vui lòng gửi hồ sơ ứng tuyển bao gồm: CV/ Résume : Tóm tắt\\n', 'content: Sinh viên khoa CNTT đồng hành cùng Hệ thống Giáo dục CNTT trực tuyến FUNiX/FPT Tối ngày 12/11/2021 Khoa CNTT trường ĐH Công Nghiệp Hà Nội kết hợp với Hệ thống Giáo dục CNTT trực tuyến FUNiX/FPT tổ chức Webinar “ “ Lập trình viên Fullstack và Hành trang tối ưu cơ hội tuyển dụng” . Tham dự hội thảo có sự hiện diện của TS. Đặng Trọng Hợp, Trưởng khoa CNTT. Chị Nghiêm Thị Lan Phương – Giám đốc Vận hành Công ty CP Công nghệ AI Solutions. Anh Quách Ngọc Xuân - Giám đốc Công nghệ Hệ thống Giáo dục CNTT trực tuyến FUNiX/FPT. Cùng hơn 300 bạn sinh viên khoa CNTT Trường Đại học Công Nghiệp Hà Nội. Mở đầu chương trình TS. Đặng Trọng Hợp trưởng khoa CNTT giới thiệu về Khoa CNTT và cơ hội nghề nghiệp khi trở thành lập trình viên Full Stack. Với kỹ năng đầy đủ, các em có thể làm bất cứ vị trí nào trong quy trình lập trình công nghệ. Vì vậy, cơ hội nghề nghiệp của các em cũng đa dạng hơn so với những vị trí lập trình chuyên sâu khác. Tiếp theo chương trình là phần chia sẻ rất gần gũi của chị Nghiêm Lan Phương – Giám đốc Vận hành chia sẻ về Lộ trình học tập như thế nào để đáp ứng yêu cầu của Doanh nghiệp khi ứng tuyển. Cũng trong chương trình Đại diện Hệ thống Giáo dục CNTT trực tuyến FUNiX/FPT, anh Quách Ngọc Xuân - Giám đốc Công nghệ chia sẻ về Web Fullstack là gì ? Trở thành Full Stack Developer cần những kỹ năng gì? Buổi hội thảo đã kết thúc thành công tốt đẹp, hy vọng các bạn sinh viên đã nhận được những kiến thức bổ ích và thú vị, truyền cảm hứng và giúp sinh viên có những định hướng về nghề nghiệp. Qua buổi hội thảo và mong rằng trong tương lai Khoa CNTT cùng doanh nghiệp sẽ tạo ra nhiều hoạt động ý nghĩa hơn nữa trong lĩnh vực đào tạo. Thứ Hai, 10:23 15/11/2021 Tags:\\nnext_contents:\\n']","['<1-hop>\\n\\nDENSO Factory Hacks 2024 Ti·∫øp n·ªëi th√†nh c√¥ng c·ªßa cu·ªôc thi DENSO Factory Hacks nƒÉm 2023, nƒÉm nay cu·ªôc DENSO Factory Hacks nƒÉm th·ª© 2 ch√≠nh th·ª©c tr·ªü l·∫°i, ti·∫øp n·ªëi th√†nh c√¥ng c·ªßa m√πa gi·∫£i ƒë·∫ßu ti√™n v√†o nƒÉm 2023. FPT Software v√† DENSO Vi·ªát Nam ti·∫øp t·ª•c ƒë·ªìng h√†nh v·ªõi th·∫ø h·ªá GenZ y√™u c√¥ng ngh·ªá, mang l·∫°i tr·∫£i nghi·ªám m·ªõi m·∫ª nh∆∞ng ƒë·∫ßy th√°ch th·ª©c cho t√†i nƒÉng tr·∫ª chinh ph·ª•c, khai ph√≥ng kh·∫£ nƒÉng s√°ng t·∫°o trong lƒ©nh v·ª±c s·∫£n xu·∫•t, nh√† m√°y th√¥ng minh. Cu·ªôc thi DENSO Factory Hacks ƒë∆∞·ª£c t·ªï ch·ª©c l·∫ßn ƒë·∫ßu ti√™n v√†o nƒÉm 2023, ƒë√£ thu h√∫t g·∫ßn 800 th√≠ sinh ƒëƒÉng k√Ω tham d·ª±, ƒë·∫øn t·ª´ 32 tr∆∞·ªùng ƒê·∫°i h·ªçc/ H·ªçc vi·ªán/Cao ƒë·∫≥ng tr√™n to√†n qu·ªëc. √ù t∆∞·ªüng c·ªßa ƒë·ªôi v√¥ ƒë·ªãch (""Gi·∫£i ph√°p s·ªë h√≥a d·ªØ li·ªáu analog"") ƒë√£ ƒë∆∞·ª£c ƒë·∫ßu t∆∞ ƒë·ªÉ ti·∫øp t·ª•c ph√°t tri·ªÉn v√† th∆∞∆°ng m·∫°i h√≥a. D·ª± ki·∫øn gi·∫£i ph√°p n√†y s·∫Ω √°p d·ª•ng tr√™n to√†n b·ªô 75 d√¢y chuy·ªÅn c·ªßa nh√† m√°y DENSO t·ª´ 2/2025. DENSO Factory Hacks 2024 ti·∫øp t·ª•c t√¨m ki·∫øm c√°c √Ω t∆∞·ªüng gi·∫£i quy·∫øt c√°c b√†i to√°n trong nh√† m√°y v·ªõi t·ªïng gi√° tr·ªã gi·∫£i th∆∞·ªüng l√™n ƒë·∫øn 250 tri·ªáu ƒë·ªìng . ƒê·ªëi t∆∞·ª£ng tham gia cu·ªôc thi kh√° m·ªü, bao g·ªìm: Sinh vi√™n, c·ª±u sinh vi√™n, c√°n b·ªô gi·∫£ng vi√™n, c√°c nh√≥m nghi√™n c·ª©u, c√°c nh√¢n s·ª± trong ng√†nh c√¥ng ngh·ªá ‚Ä¶ CHI TI·∫æT V·ªÄ CU·ªòC THI: \\uf8ffüöÄ DENSO Factory Hacks 2024 - Cu·ªôc thi c√¥ng ngh·ªá v·ªõi t·ªïng gi·∫£i th∆∞·ªüng l√™n t·ªõi 250 tri·ªáu VNƒê \\uf8ffüí° ""DENSO Factory Hacks 2024"" l√† cu·ªôc thi d√†nh cho c·ªông ƒë·ªìng ƒëam m√™ c√¥ng ngh·ªá, ƒë∆∞a ra √Ω t∆∞·ªüng gi·∫£i quy·∫øt b√†i to√°n trong lƒ©nh v·ª±c s·∫£n xu·∫•t, thi·∫øt k·∫ø v√† v·∫≠n h√†nh trong nh√† m√°y b·∫±ng c√°c c√¥ng ngh·ªá c·ªët l√µi nh∆∞ d·ªØ li·ªáu, tr√≠ tu·ªá nh√¢n t·∫°o, th·ª±c t·∫ø ·∫£o (AR/VR), Internet of things, Cloud, Security,... \\uf8ffüèÖ Tham gia cu·ªôc thi, c√°c b·∫°n s·∫Ω ƒë∆∞·ª£c h∆∞·ªõng d·∫´n - tr·∫£i nghi·ªám tr·ª±c quan t·∫°i nh√† m√°y s·∫£n xu·∫•t c·ªßa DENSO Vi·ªát Nam v√† l√†m vi·ªác trao ƒë·ªïi c√πng c√°c chuy√™n gia h√†ng ƒë·∫ßu c·ªßa FPT & DENSO ƒë·ªÉ ƒë∆∞a ra c√°c √Ω t∆∞·ªüng gi·∫£i quy·∫øt c√°c b√†i to√°n trong nh√† m√°y, ƒë·ªìng th·ªùi c√≥ c∆° h·ªôi nh·∫≠n gi·∫£i th∆∞·ªüng v·ªõi t·ªïng tr·ªã gi√° l√™n t·ªõi 250 tri·ªáu ƒë·ªìng . \\uf8ffüë§ ƒê·ªêI T∆Ø·ª¢NG D·ª∞ THI - Sinh vi√™n c√°c ng√†nh k·ªπ thu·∫≠t (C√¥ng ngh·ªá th√¥ng tin, ƒêi·ªán t·ª≠ vi·ªÖn th√¥ng, ƒêi·ªÅu khi·ªÉn & t·ª± ƒë·ªông h√≥a, To√°n tin, C∆° ƒëi·ªán t·ª≠‚Ä¶) c√≥ ƒëam m√™ c√¥ng ngh·ªá v√† y√™u th√≠ch s√°ng t·∫°o. - C√°c nh√≥m nghi√™n c·ª©u t·∫°i c√°c tr∆∞·ªùng ƒë·∫°i h·ªçc, h·ªçc vi·ªán. - Nh√¢n s·ª± c·ªßa c√°c doanh nghi·ªáp quan t√¢m lƒ©nh v·ª±c s·∫£n xu·∫•t, nh√† m√°y. C∆† C·∫§U GI·∫¢I TH∆Ø·ªûNG \\uf8ffü•á01 Qu√°n Qu√¢n: 100.000.000 VND Ô∏è\\uf8ffü•àÔ∏è01 √Å Qu√¢n: 50.000.000 VND \\uf8ffü•â01 Qu√Ω Qu√¢n: 30.000.000 VND \\uf8ffüèÖ02 Gi·∫£i tri·ªÉn v·ªçng: 10.000.000 VND \\uf8ffü™ô Top 10 ƒë·ªôi thi s·∫Ω ƒë∆∞·ª£c h·ªó tr·ª£ kinh ph√≠ 5M/ƒë·ªôi ƒë·ªÉ ph√°t tri·ªÉn c√°c s·∫£n ph·∫©m gi·∫£i ph√°p \\uf8ffüìå L·ªò TR√åNH CU·ªòC THI (d·ª± ki·∫øn) \\uf8ffüîµ V√≤ng 1: ƒêƒÉng k√Ω & √ù t∆∞·ªüng 26/08 - 17/09: M·ªü ƒë∆°n ƒëƒÉng k√Ω tham gia cu·ªôc thi 12/09: Workshop1: Online Mini Bootcamp 19/09: Bootcamp v√† Factory Tour 1: Tham quan th·ª±c ƒë·ªãa nh√† m√°y DENSO 24/09 - 26/09: N·ªôp √Ω t∆∞·ªüng & ƒê√°nh gi√° √Ω t∆∞·ªüng d·ª± √°n online \\uf8ffüü¢ V√≤ng 2: X√¢y d·ª±ng gi·∫£i ph√°p - Top 10 ƒë·ªôi thi 03/10: Factory Tour 2: Tham quan v√† kh·∫£o s√°t chi ti·∫øt t·∫°i Nh√† m√°y DENSO 03/10: Tr√¨nh b√†y d·ª± √°n & b·∫£o v·ªá gi·∫£i ph√°p v·ªõi Ban Gi√°m kh·∫£o \\uf8ffüî¥ V√≤ng 3: Ph√°t tri·ªÉn d·ª± √°n v√† Chung k·∫øt - Top 5 ƒë·ªôi thi xu·∫•t s·∫Øc nh·∫•t 14/10: Factory Tour 3: Th·ª±c nghi·ªám hi·ªán tr∆∞·ªùng nh√† m√°y DENSO 29/11: V√≤ng Chung k·∫øt v√† L·ªÖ trao gi·∫£i ‚úÖ TH·ªÇ L·ªÜ CU·ªòC THI \\uf8ffüî∏ M·ªói ƒë·ªôi thi t·ªëi ƒëa g·ªìm 5 th√†nh vi√™n, ƒëƒÉng k√Ω tham d·ª± theo m·∫´u quy ƒë·ªãnh c·ªßa BTC. \\uf8ffüîπ C√°c ƒë·ªôi thi s·∫Ω tham d·ª± c√°c ch∆∞∆°ng tr√¨nh Bootcamps v√† Factory Tour ƒë·ªÉ x√¢y d·ª±ng c√°c √Ω t∆∞·ªüng ·ª©ng d·ª•ng c√¥ng ngh·ªá gi·∫£i quy·∫øt c√°c b√†i to√°n th·ª±c t·∫ø trong nh√† m√°y s·∫£n xu·∫•t c·ªßa DENSO. \\uf8ffüî∏ Ban T·ªï ch·ª©c s·∫Ω gi·∫£i ƒë√°p c√°c c√¢u h·ªèi v√† b·ªï sung l√†m r√µ th√™m ch·ªß ƒë·ªÅ cu·ªôc thi t·∫°i bu·ªïi Online Bootcamp v√†o 12/09/2024. \\uf8ffüîπ M·ªói ƒë·ªôi thi s·∫Ω c√≥ 01 mentor c·ªßa BTC h·ªó tr·ª£, v√† tham gia c√°c workshop training v·ªÅ x·ª≠ l√Ω d·ªØ li·ªáu v√† l·∫≠p tr√¨nh cho c√°c thi·∫øt b·ªã (n·∫øu c·∫ßn). \\uf8ffüî∏ C√°c ƒë·ªôi n·ªôp √Ω t∆∞·ªüng tr∆∞·ªõc ng√†y 26/09, BTC s·∫Ω ch·ªçn ra top 10 ƒë·ªôi √Ω t∆∞·ªüng t·ªët nh·∫•t v√† h·ªó tr·ª£ kinh ph√≠ 5M/ƒë·ªôi ƒë·ªÉ ti·∫øp t·ª•c ph√°t tri·ªÉn c√°c s·∫£n ph·∫©m, gi·∫£i ph√°p. \\uf8ffüîπ Top 10 ƒë·ªôi thi s·∫Ω tham d·ª± Factory Tour 2, ph√°t tri·ªÉn √Ω t∆∞·ªüng v√† b·∫£o v·ªá tr∆∞·ªõc Ban gi√°m kh·∫£o v√†o ng√†y 03/10/2024 ƒë·ªÉ ch·ªçn ra top 5 ƒë·ªôi thi xu·∫•t s·∫Øc nh·∫•t. \\uf8ffüî∏ Trong tr∆∞·ªùng h·ª£p c·∫ßn cung c·∫•p b·ªï sung th√¥ng tin d·ªØ li·ªáu ho·∫∑c c√°c y√™u c·∫ßu v·ªÅ ph·∫ßn c·ª©ng, c√°c ƒë·ªôi thi ƒë·ªÅ xu·∫•t v·ªõi BTC ƒë·ªÉ ƒë∆∞·ª£c xem x√©t h·ªó tr·ª£. \\uf8ffüîπ Top 5 ph√°t tri·ªÉn ho√†n thi·ªán c√°c √Ω t∆∞·ªüng, s·∫£n ph·∫©m v√† tr√¨nh b√†y t·∫°i v√≤ng chung k·∫øt d·ª± ki·∫øn t·ªï ch·ª©c v√†o ng√†y 29/11/2024. \\uf8ffüî∏ C√°c √Ω t∆∞·ªüng, s·∫£n ph·∫©m tham d·ª± ƒë∆∞·ª£c ƒë·∫£m b·∫£o v·ªÅ s·ªü h·ªØu tr√≠ tu·ªá v√† ch∆∞a t·ª´ng ƒë∆∞·ª£c th∆∞∆°ng m·∫°i h√≥a. \\uf8ffüåê Link ƒëƒÉng k√Ω tham d·ª± v√† th·ªÉ l·ªá chi ti·∫øt xem t·∫°i: https://densohackathon.com Link ƒëƒÉng k√Ω v√† th√¥ng tin cu·ªôc thi t·∫°i ƒë√¢y: https://densohackathon.com/register M·ªçi th√¥ng tin chi ti·∫øt, sinh vi√™n li√™n h·ªá: ƒê√†o Vi·ªát B√°ch ‚Äì 0969125248 ‚Äì bachdv1@fpt.com Th∆∞ÃÅ T∆∞, 14:04 04/09/2024 Tags:', '<2-hop>\\n\\nSôi động chương trình Chào tân sinh viên Khóa 19 Khoa Công nghệ thông tin Trong không khí của mùa tựu trường, ngày 13/10/2024, sự kiện Chào tân sinh viên Khóa 19 Khoa Công nghệ thông tin “Programing your future” đã chính thức diễn ra với dư âm và cảm xúc còn mãi trong trái tim tân sinh viên K19 tại Hà Nam. Sự kiện không chỉ là dịp để chào đón các tân sinh viên mà còn là cơ hội để các bạn khám phá một thế giới hoàn toàn mới với những trải nghiệm thú vị, mở ra một môi trường đại học năng động, đa màu sắc cho các bạn tân sinh viên. Những kỷ niệm đẹp tại đây sẽ mãi là hành trang quý giá trong suốt hành trình học tập, trải nghiệm – một thanh xuân rực rỡ mà chắc hẳn các bạn sinh viên ai cũng mong muốn được trải qua. Phát biểu khai mạc chương trình, TS. Đặng Trọng Hợp Trưởng khoa CNTT đã có bài phát biểu giới thiệu về Khoa Công nghệ thông tin Trường Đại học Công nghiệp Hà Nội và chia sẻ động viên tinh thần học tập, nghiên cứu khoa học, hoạt động ngoại khóa cho tân sinh viên. TS. Đặng Trọng Hợp – Trưởng Khoa CNTT phát biểu Trong kỳ tuyển sinh năm 2024 vừa qua, Khoa Công nghệ thông tin vui mừng chào đón hơn gần 1000 tân sinh viên ra nhập ngôi nhà chung Khoa CNTT Trường Đại học Công Nghiệp Hà Nội. Trong số đó, có 06 Thủ khoa, 06 Á khóa của các ngành với số điểm cao hơn so với các năm trước. Kết quả này cho thấy Khoa đã thu hút được số lượng lớn tân sinh viên ưu tú, có tư duy logic tốt, chất lượng đầu vào được đảm bảo. Chắc hẳn sau 04 năm học, Khoa Công nghệ thông tin sẽ đào tạo ra những cử nhân có chất lượng cao đáp ứng nguồn nhân lực cho các doanh nghiệp trong và ngoài nước. TS. Đặng Trọng Hợp – Trưởng khoa CNTT và Đại diện Công ty FPT Software trao tặng khen thưởng các tân thủ khoa 06 ngành đại học K19 TS. Phạm Văn Hà – Phó Trưởng khoa CNTT và Đại diện Công ty ITPlus trao tặng khen thưởng các tân Á khoa 06 ngành đại học K19 Đại diện Công ty FPT Software chia sẻ các kỹ năng và vị trí công việc ngành CNTT Đại diện Công ty IT Plus giới thiệu về công ty và các xu hướng, cơ hội việc làm ngành CNTT Trong thế giới hiện đại đầy biến động, khi trí tuệ nhân tạo (AI) đang thay đổi sâu sắc mọi lĩnh vực, chúng ta không chỉ đang đứng trước ngã rẽ của khoa học và công nghệ, mà còn ở thời điểm vàng để suy ngẫm về trách nhiệm của mỗi cá nhân đối với tương lai. Nếu ví quá trình phát triển AI như một hành trình vươn tới tương lai số hóa, thì sinh viên Khoa công nghệ thông tin trường Đại học Công nghiệp Hà Nội chính là những người cầm ngọn đuốc, dẫn đường và khai mở những cơ hội mới mẻ cho xã hội.']","Trong sự kiện Chào tân sinh viên Khóa 19, Công ty FPT Software đã chia sẻ nhiều thông tin quan trọng về cơ hội nghề nghiệp cho sinh viên ngành Công nghệ thông tin. Dưới đây là một số điểm nổi bật:

1. **Chương trình đào tạo Fresher**:
   - FPT Software tuyển dụng nhiều vị trí Fresher, bao gồm Fresher Android Talent và Fresher C#/.Net.
   - Chương trình đào tạo giúp sinh viên phát triển kỹ năng từ cơ bản đến nâng cao, bao gồm việc học về Kotlin, quy trình phát triển phần mềm, và các kỹ năng mềm như viết email, phỏng vấn, và thuyết trình.

2. **Cơ hội thực tập và việc làm**:
   - Sinh viên có cơ hội tham gia vào các dự án thực tế và làm việc cùng các chuyên gia trong ngành.
   - FPT Software cam kết đồng hành cùng sinh viên, cung cấp các cơ hội trải nghiệm và việc làm hấp dẫn.

3. **Career Talk**:
   - Sự kiện ""Career talk: Dẫn lối cho tester toàn năng"" đã diễn ra, nơi sinh viên được nghe chia sẻ từ các chuyên gia về lĩnh vực Software Testing.
   - Sinh viên có cơ hội phỏng vấn trực tiếp cho các vị trí Manual Test và Automation Test.

4. **Ngày hội việc làm**:
   - FPT Software tham gia Ngày hội việc làm Công nghệ thông tin, tạo cơ hội cho sinh viên gặp gỡ nhà tuyển dụng và tìm kiếm việc làm phù hợp.

Thông qua các hoạt động này, sinh viên ngành Công nghệ thông tin có thể nâng cao kỹ năng, mở rộng cơ hội nghề nghiệp và chuẩn bị tốt cho tương lai.

Nguồn: [Công ty FPT Software tuyển dụng nhiều vị trí Fresher năm 2024](https://fit.haui.edu.vn/vn/tuyen-dung/cong-ty-fpt-software-tuyen-dung-nhieu-vi-tri-fresher-nam-2024/70864) - [**Link tham khảo**](https://fit.haui.edu.vn/vn/tuyen-dung/cong-ty-fpt-software-tuyen-dung-nhieu-vi-tri-fresher-nam-2024/70864). 

Nếu bạn cần thêm thông tin về các hoạt động khác của khoa hoặc trường, hãy cho tôi biết!","Trong sự kiện Chào tân sinh viên Khóa 19, đại diện Công ty FPT Software đã chia sẻ về các kỹ năng cần thiết và vị trí công việc trong ngành Công nghệ thông tin. Họ nhấn mạnh rằng sinh viên Khoa Công nghệ thông tin Trường Đại học Công nghiệp Hà Nội sẽ có nhiều cơ hội việc làm trong bối cảnh hiện đại, khi trí tuệ nhân tạo (AI) đang thay đổi sâu sắc mọi lĩnh vực. Điều này cho thấy sự quan tâm của FPT Software đối với việc phát triển nguồn nhân lực chất lượng cao trong ngành CNTT.",0.8526197308655625,0.99999999998,0.8181818181818182,0.6666666666666666,1.0924458503723145,14.144326210021973
Bộ Công Thương đã có những hành động cụ thể nào để hỗ trợ sinh viên Khoa Công nghệ thông tin trong việc thúc đẩy chuyển đổi số và nâng cao chất lượng nguồn nhân lực?,[],"['<1-hop>\\n\\nTọa đàm: “Số hoá trong lĩnh vực công nghiệp - Bài toán cho các nhà sản xuất” do Tạp chí Công Thương tổ chức sẽ phát trực tuyến trên nền tảng Tạp chí Công Thương điện tử và Fanpage Tự hào hàng Việt Nam vào 9h30 ngày 04/12/2024. Theo đánh giá của các chuyên gia, trước xu hướng và đà tăng trưởng hiện nay, thị trường thương mại điện tử và kinh tế số Việt Nam sẽ còn phát triển mạnh mẽ hơn nữa và trở thành một trong những động lực thúc đẩy tăng trưởng kinh tế. Đây cũng chính là thời điểm để chúng ta xây nên những mô hình và chiến lược mới, ứng dụng mạnh mẽ công nghệ số, tăng sức cạnh tranh trong bối cảnh mới. Theo đánh giá của các chuyên gia, trước xu hướng và đà tăng trưởng hiện nay, thị trường thương mại điện tử và kinh tế số Việt Nam sẽ còn phát triển mạnh mẽ hơn nữa và trở thành một trong những động lực thúc đẩy tăng trưởng kinh tế. Đây cũng chính là thời điểm để chúng ta xây nên những mô hình và chiến lược mới, ứng dụng mạnh mẽ công nghệ số, tăng sức cạnh tranh trong bối cảnh mới. Tọa đàm: “Số hoá trong lĩnh vực công nghiệp – Bài toán cho các nhà sản xuất” do Tạp chí Công Thương tổ chức sẽ phát trực tuyến trên nền tảng Tạp chí Công Thương điện tử và Fanpage Tự hào hàng Việt Nam vào 9h30 ngày 05/12/2024. Thời gian qua, Bộ Công Thương đã ban hành nhiều văn bản, chính sách nhằm thúc đẩy chuyển đổi số ngành Công Thương, triển khai Chiến lược Quốc gia về phát triển kinh tế số và xã hội số, trong đó tập trung vào các nội dung: (i) tăng cường xây dựng Chính phủ điện tử Bộ Công Thương ; (ii) thúc đẩy phát triển Kinh tế số ngành Công Thương theo ba lĩnh vực ưu tiên là thương mại, công nghiệp - năng lượng, và dịch vụ logistics. Vệc đẩy mạnh ứng dụng chuyển đổi số ngành Công Thương là vô cùng cần thiết trong nâng cao hiệu quả quản lý, điều hành Bộ Công Thương cũng như thúc đẩy kinh tế số trong ngành. Đặc biệt, trong lĩnh vực sản xuất, quá trình số hóa được đánh giá đã làm thay đổi diện mạo của ngành công nghiệp, đưa tỷ trọng của những ngành khai thác giảm dần và tỷ trọng ngành chế biến, chế tạo tăng dần. Tuy nhiên để phát triển kinh tế số ngành Công Thương nói chung cũng như số hóa các lĩnh vực công nghiệp một cách bền vững hiện vẫn tồn tại rất nhiều khó khăn, rào cản. Đây là bài toán của các nhà sản xuất cần được sự chung tay vào cuộc của nhiều thành phần với nỗ lực mạnh mẽ để thúc đẩy chuyển đổi số trong lĩnh vực công nghiệp trong thời gian tới. Vấn đề này sẽ được chia sẻ với góc nhìn đa dạng và sâu sắc hơn tại Tọa đàm do Tạp chí Công Thương thực hiện với chủ đề: "" Số hoá trong lĩnh vực công nghiệp – Bài toán cho các nhà sản xuất"", phát trực tuyến vào 9h30 ngày 04/12/2024. Tham dự Tọa đàm có sự tham gia của các vị khách mời: - TS. Đặng Trọng Hợp - Trưởng khoa Công nghệ thông tin, Đại học Công nghiệp Hà Nội; - Ông Nguyễn An Sơn - Trưởng phòng Phát triển dự án, Trung tâm Tin học và Công nghệ số, Cục Thương mại điện tử và Kinh tế số (Bộ Công Thương) - TS. Nguyễn Hữu Phước Nguyên - Tổng Giám đốc điều hành Selex Motors Tại Tọa đàm, đại diện cơ quan quản lý Nhà nước, đại diện cơ sở đào tạo và doanh nghiệp sẽ cùng tham gia thảo luận, chia sẻ về những hành động cụ thể của Bộ Công Thương trong việc hỗ trợ và thúc đẩy chuyển đổi số trong ngành Công Thương nói chung và các lĩnh vực sản xuất công nghiệp nói riêng; Những khó khăn, rào cản và kinh nghiệm khi ứng dụng công tác chuyển đổi số trong ngành Công Thương; Những đòi hỏi về đổi mới trong công tác đào tạo nguồn nhân lực đáp ứng các yêu cầu về chuyển đổi số trong lĩnh vực công nghiệp hiện nay; Những giải pháp mà các cơ sở đào tạo đang áp dụng để đảm bảo đáp ứng được nguồn nhân lực chất lượng cao cung cấp cho nhu cầu chuyển đổi số tăng cao tại các doanh nghiệp; Những giải pháp, mong muốn và đề xuất của các doanh nghiệp khi bắt tay vào chuyển đổi số… Trân trọng kính mời quý độc giả quan tâm theo dõi. Streaming: Facebook Fanpage Tự hào hàng Việt https://www.facebook.com/TuhaohangVietNam.vn ; Website Tạp chí Công Thương http://tapchicongthuong.vn ; và Kênh Youtube Tạp chí Công Thương https://www.youtube.com/ @tapchicongthuongofficial Thứ Ba, 14:40 03/12/2024 Tags:', '<2-hop>\\n\\nSinh viên Khoa Công nghệ thông tin đạt giải tại Cuộc thi “Sinh viên thông thái 2024” Ngày 25/11/2024, chung kết cuộc thi Sinh viên thông thái 2024 với chủ đề: “Tìm hiểu pháp luật quản lý hoạt động kinh doanh theo phương thức đa cấp” đã diễn ra tại Đại học Kinh tế Quốc dân, Hà Nội. Đội thi Trường ĐH Công Nghiệp Hà Nội lọt vào vòng chung kết ""Sinh viên thông thái 2024"" Đây là cuộc thi do Ủy ban Cạnh tranh Quốc gia phối hợp với Vụ Pháp chế, Bộ Công Thương chủ trì tổ chức thực hiện. Cuộc thi nhằm phổ biến, tuyên truyền rộng rãi và nâng cao kiến thức, hiểu biết đúng đắn của sinh viên về hoạt động bán hàng đa cấp và và tầm quan trọng của công tác quản lý hoạt động kinh doanh theo phương thức đa cấp. Qua đó, góp phần tích cực trong việc bảo vệ cộng đồng, phòng chống hoạt động bán hàng đa cấp bất chính, xây dựng ngành bán hàng đa cấp trong sạch đảm bảo quyền và lợi ích cho người dân nói chung và sinh viên nói riêng. Phần thi giới thiệu của Đội thi Trường ĐH Công Nghiệp Hà Nội Đối tượng tham gia là sinh viên các trường đại học, cao đẳng khu vực phía Bắc. Nội dung thi gồm: Tìm hiểu các quy định của pháp luật liên quan đến hoạt động kinh doanh theo phương thức đa cấp và quản lý hoạt động kinh doanh theo phương thức đa cấp; xử lý các tình huống giả định có liên quan tới hoạt động kinh doanh theo phương thức đa cấp; phòng chống đa cấp bất chính; đề xuất các giải pháp nhằm nâng cao hiệu quả thực thi pháp luật quản lý hoạt động kinh doanh theo phương thức đa cấp; tuyên truyền, cảnh báo các dấu hiệu đa cấp bất chính… Phần thi Tiểu phẩm của Đội thi Trường ĐH Công Nghiệp Hà Nội Với 3 phần thi giới thiệu - tiểu phẩm - hùng biện, Sinh viên Lê Văn Thọ lớp ĐH CN Đa phương tiện Khóa 18 và sinh viên Trần Đức Quân lớp ĐH CNTT1 Khóa 18 thuộc Đội thi Trường Đại học Công Nghiệp Hà Nội đã trổ tài tranh biện với những lập luận sắc bén và phản biện thông minh để thuyết phục ban giám khảo là những chuyên gia uy tín hàng đầu về Luật Cạnh tranh và bảo vệ người tiêu dùng. Phần thi hùng biện của Đội thi Trường ĐH Công Nghiệp Hà Nội. Sinh viên Lê Văn Thọ và Trần Đức Quân (đứng giữa) Khoa Công nghệ thông tin đang thể hiện phần thi Đội thi Trường Đại học Công Nghiệp Hà Nội đã chuẩn bị cẩn thận, kỹ lưỡng ngay từ khi tổng duyệt đến từng phần thi. Những giọt nước mắt hạnh phúc đã rơi cùng với những cái ôm thật chặt, niềm vui sướng và tự hào vô bờ bến của toàn đội sau hành trình hai tháng đầy nỗ lực và thử thách, tập luyện mỗi ngày.']","### Thông tin về hoạt động khóa và các hoạt động đoàn hội tại Khoa Công nghệ thông tin

1. **Hoạt động khóa**:
   - Khoa Công nghệ thông tin thường xuyên tổ chức các hội thảo việc làm và tuyển dụng trực tiếp với sự tham gia của nhiều công ty lớn, tạo cơ hội cho sinh viên tìm kiếm việc làm ngay sau khi tốt nghiệp.
   - Các hoạt động này bao gồm các buổi hội thảo, nơi sinh viên có thể gặp gỡ và trao đổi trực tiếp với nhà tuyển dụng, giúp họ nắm bắt được yêu cầu và xu hướng của thị trường lao động.

2. **Hoạt động đoàn hội**:
   - Khoa cũng tổ chức nhiều hoạt động ngoại khóa nhằm phát triển kỹ năng mềm cho sinh viên, như các cuộc thi, hội thảo chuyên đề, và các hoạt động tình nguyện.
   - Các hoạt động này không chỉ giúp sinh viên nâng cao kiến thức chuyên môn mà còn rèn luyện kỹ năng làm việc nhóm, giao tiếp và lãnh đạo.

### Hỗ trợ của Bộ Công Thương cho sinh viên Khoa Công nghệ thông tin

Bộ Công Thương đã thực hiện nhiều hành động cụ thể để hỗ trợ sinh viên Khoa Công nghệ thông tin trong việc thúc đẩy chuyển đổi số và nâng cao chất lượng nguồn nhân lực:

1. **Chuyển đổi số trong giáo dục**:
   - Bộ đã triển khai các giải pháp công nghệ thông tin trong quản lý giáo dục, bao gồm xây dựng hệ thống thông tin quản lý giáo dục toàn ngành, kết nối dữ liệu từ các cơ sở giáo dục.
   - Các trường đại học, bao gồm Đại học Công nghiệp Hà Nội, đã tích cực áp dụng công nghệ thông tin vào giảng dạy và nghiên cứu.

2. **Đào tạo và phát triển nguồn nhân lực**:
   - Bộ đã tổ chức các chương trình đào tạo, bồi dưỡng cho giảng viên và sinh viên về các công nghệ mới, đặc biệt là trong lĩnh vực công nghệ thông tin và chuyển đổi số.
   - Hỗ trợ các hoạt động nghiên cứu khoa học và khởi nghiệp cho sinh viên, tạo điều kiện cho sinh viên tham gia vào các dự án thực tế.

3. **Hợp tác với doanh nghiệp**:
   - Bộ Công Thương đã kết nối các cơ sở đào tạo với doanh nghiệp để tạo ra các chương trình thực tập, việc làm cho sinh viên, giúp họ có cơ hội áp dụng kiến thức vào thực tiễn.

Thông qua những hoạt động này, Bộ Công Thương không chỉ nâng cao chất lượng đào tạo mà còn góp phần vào việc phát triển nguồn nhân lực chất lượng cao cho ngành công nghiệp và công nghệ thông tin.

### Tài liệu tham khảo
- [Hội thảo việc làm cho sinh viên](https://www.haui.edu.vn/vn/hoat-dong-sinh-vien/hap-dan-voi-hang-tram-co-hoi-viec-lam-cho-sinh-vien/63508) - [**Link tham khảo**](https://www.haui.edu.vn/vn/hoat-dong-sinh-vien/hap-dan-voi-hang-tram-co-hoi-viec-lam-cho-sinh-vien/63508).
- [Chuyển đổi số trong hệ thống giáo dục ngành Công Thương](https://www.haui.edu.vn/vn/tin-tuc/chuyen-doi-so-trong-he-thong-giao-duc-nganh-cong-thuong/63196) - [**Link tham khảo**](https://www.haui.edu.vn/vn/tin-tuc/chuyen-doi-so-trong-he-thong-giao-duc-nganh-cong-thuong/63196).

Nếu bạn cần thêm thông tin hoặc có câu hỏi khác, hãy cho tôi biết!","Bộ Công Thương đã ban hành nhiều văn bản và chính sách nhằm thúc đẩy chuyển đổi số trong ngành Công Thương, trong đó có việc tập trung vào phát triển kinh tế số và ứng dụng công nghệ số. Tại Tọa đàm do Tạp chí Công Thương tổ chức, các đại diện từ Bộ Công Thương, cơ sở đào tạo và doanh nghiệp sẽ thảo luận về những hành động cụ thể của Bộ trong việc hỗ trợ chuyển đổi số, cũng như những yêu cầu đổi mới trong công tác đào tạo nguồn nhân lực để đáp ứng nhu cầu chuyển đổi số trong lĩnh vực công nghiệp. Điều này sẽ giúp sinh viên Khoa Công nghệ thông tin có cơ hội tiếp cận với những giải pháp và kinh nghiệm thực tiễn, từ đó nâng cao chất lượng nguồn nhân lực trong ngành.",0.8003559117563902,0.0,0.0,0.0,1.470099925994873,17.357927799224854
Nguyễn Thanh Tùng là ai trong bối cảnh hoạt động của Khoa Công nghệ thông tin tại Đại học Công Nghiệp Hà Nội và có mối liên hệ gì với các sinh viên như Nguyễn Thế Sáng và Lê Xuân Ngọc?,"['content: thông tin A khóa 2022; bạn Đinh Tấn Tài, Phạm Hữu Lộc và Nguyễn Đình Trí cùng lớp Đại học Công nghệ thông tin B khóa 2021. Kết thúc cuộc thi, bạn Lê Trung Hiếu đạt giải Khuyến khích khối thi cá nhân chuyên Tin học. Đội thi TVU.OPS gồm bạn Đinh Tấn Tài, Phạm Hữu Lộc và Nguyễn Đình Trí đạt giải Khuyến khích khối thi phần mềm nguồn mở. Olympic Tin học sinh viên toàn quốc lần đầu tiên được tổ chức vào năm 1992, qua 33 lần tổ chức, cuộc thi trở thành ngày hội của sinh viên yêu thích công nghệ thông tin và truyền thông, là nơi ươm mầm đam mê nghiên cứu, sáng tạo trong lĩnh vực công nghệ của sinh viên, cuộc thi chính là nơi phát hiện và bồi dưỡng nhiều nhân tài trong lĩnh vực công nghệ thông tin. Nguồn: TRƯỜNG ĐẠI HỌC TRÀ VINH Chủ Nhật, 17:19 15/12/2024 Tags:\\nnext_contents:\\n- [tvu] Sinh viên TVU đạt giải Kỳ thi Olympic Tin học Sinh viên Việt Nam lần thứ 33 năm 2024 Chủ Nhật, 17:19 15/12/2024 59 (GSV-GV.TVU) – Từ ngày 10/12 đến 13/12/2024 tại Hà Nội, Bộ Giáo dục & Đào tạo, Hội Tin học Việt Nam, Hội Sinh viên Việt Nam và Trường Đại học Công nghiệp Hà Nội tổ chức Kỳ thi Olympic Tin học Sinh viên Việt Nam lần thứ 33, Procon Việt Nam và Kỳ thi lập trình sinh viên Quốc tế ICPC Khu vực Châu Á năm 2024. Kỳ thi năm nay quy tụ 87 trường đại học, cao đẳng và các Học viện trên cả nước tham dự. Trong đó, có 108 sinh viên dự thi khối thi cá nhân Siêu Cup, 235 sinh viên khối thi cá nhân chuyên Tin học, 95 sinh viên khối thi cá nhân không chuyên Tin học, 2 sinh viên khối cao đẳng, 18 đội tuyển với 51 sinh viên dự khối Phần mềm nguồn mở, 20 đội tuyển với 43 sinh viên tham dự Procon Việt Nam. Đối với Kỳ thi ICPC Asia Hanoi 2024 có 137 đội tuyển Việt Nam với 411 sinh viên và 20 đội tuyển với 60 sinh viên đến từ 10 trường đại học danh tiếng từ Singapore, Hàn Quốc, Indonesia, Thái Lan, Philippine và Đài Loan. Đội tuyển Olympic Tin học Sinh viên Trường Đại học Trà Vinh Theo đó, đội tuyển Olympic Trường Đại học Trà Vinh có 07 thành viên tham gia khối thi cá nhân chuyên Tin học; Khối thi cá nhân Siêu cúp và Khối thi phần mềm nguồn mở gồm: bạn Dương Văn Hiệp, lớp Đại học Công nghệ thông tin B khóa 2021; bạn Võ Tấn Phát, lớp Đại học Công nghệ thông tin D khóa 2023; bạn Lê Trung Hiếu, lớp Đại học Công nghệ thông tin A khóa 2023; bạn Trần Minh Điền, lớp Đại học Công nghệ thông tin A khóa 2022; bạn Đinh Tấn Tài, Phạm Hữu Lộc và Nguyễn Đình Trí cùng lớp Đại học Công nghệ thông tin B khóa 2021. Kết thúc cuộc thi, bạn Lê Trung Hiếu đạt giải Khuyến khích khối thi cá nhân chuyên Tin học. Đội thi TVU.OPS gồm bạn Đinh Tấn Tài, Phạm Hữu Lộc và Nguyễn Đình Trí đạt giải Khuyến khích khối thi phần mềm nguồn mở. Olympic Tin học sinh viên toàn quốc lần đầu tiên được tổ chức vào năm 1992, qua 33 lần tổ chức, cuộc thi trở thành ngày hội của sinh viên yêu thích công nghệ thông\\n', 'content: Sinh viên Khoa Công nghệ thông tin nhận học bổng BROTHER năm học 2024-2025 Công ty TNHH Công nghiệp Brother Việt Nam là đơn vị có mối quan hệ truyền thống với Trường Đại học Công Nghiệp Hà Nội, công ty thường xuyên tham gia hiệu chỉnh chương trình đào tạo, hỗ trợ sinh viên tham quan, trải nghiệm, thực tập và tuyển dụng sinh viên vào làm việc sau khi tốt nghiệp. Hiện nay, có rất nhiều cựu sinh viên Trường Đại học Công Nghiệp Hà Nội đang làm việc ở các vị trí kỹ thuật viên, cán bộ quản lý, cán bộ nhân sự, chuyên viên các phòng kế hoạch, phát triển,… Sinh viên Trường Đại học Công Nghiệp Hà Nội nhận học bổng Brother năm học 2024-2025 Công ty thực hiện trao học bổng Brother từ năm 2009 đến nay đã được 15 năm. Năm học 2024-2025 công ty tiếp tục triển khai chương trình học bổng dành cho sinh viên khối các ngành kỹ thuật, có hộ khẩu thường trú tại tỉnh Hải Dương, đạt thành tích cao trong học tập. Sinh viên Bùi Đức Quân lớp Đại học Công nghệ thông tin 5 Khóa 18 Khoa CNTT Trường ĐH Công Nghiệp Hà Nội - có thành tích học tập đạt loại giỏi, thành thạo ngoại ngữ và xuất sắc vượt qua hai vòng phỏng vấn của công ty, giành học bổng Brother năm học 2024-2025 trị giá 12 triệu đồng/năm học. Sau khi tốt nghiệp, các em sẽ được công ty nhận vào làm việc ngay ở vị trí kỹ thuật viên, ngoài học bổng, năm cuối các em có quyền lợi được vay vốn không lãi suất tại công ty. Sinh viên Bùi Đức Quân - Khoa CNTT HaUI đã xuất sắc vượt qua hai vòng phỏng vấn của công ty, giành học bổng Brother năm học 2024-2025 trị giá 12 triệu đồng/năm học Học bổng Brother đã và đang tạo động lực giúp sinh viên vươn lên trong học tập, đẩy mạnh sự gắn kết bền chặt giữa nhà trường và doanh nghiệp, chung tay đào tạo những tài năng trẻ cho quê hương, đất nước. Thứ Ba, 14:18 03/12/2024 Tags:\\nnext_contents:\\n', 'content: Nam sinh viên ""đa năng"" trường Đại học Công nghiệp Hà Nội từng là chàng trai nhút nhát Thứ Năm, 19:37 09/12/2021 2319 Trần Phi Lực - chàng trai 21 tuổi đến từ Vĩnh Phúc, hiện đang là Phó Chủ tịch Hội Sinh viên trường Đại học Công nghiệp Hà Nội. Được biết đến là anh chàng “đa năng” với học lực tốt, nghiên cứu khoa học say mê, hoạt động phong trào sôi nổi nhưng ít ai biết rằng Phi Lực trước đây là chàng trai nhút nhát và có hành trình “khám phá bản thân” đầy thú vị. Bước qua “giới hạn” bản thân Bén duyên cùng công tác Hội và phong trào sinh viên từ năm nhất của đại học, Phi Lực đã luôn nắm bắt cơ hội để phát triển bản thân và nỗ lực phấn đấu để hoàn thành. Hiện Phi Lực đang giữ nhiều chức vụ trong công tác Đoàn - Hội của trường Đại học Công nghiệp như: Ủy viên BCH Đoàn Trường, Phó Chủ tịch Hội Sinh viên Trường, Liên chi Hội trưởng LCH Khoa Công nghệ thông tin, Ủy viên Ban chấp hành Liên chi Đoàn Khoa Công nghệ thông tin... “Mình luôn cảm thấy rất vui và tự hào vì được anh chị em tin tưởng và giao trọng trách đối với tổ chức”, Lực chia sẻ. Tuy nhiên, không phải từ đầu, Lực đã tự tin nhận những vị trí thủ lĩnh trong các hoạt động Đoàn - Hội như bây giờ. Lực tâm sự: “Hồi cấp Ba, mình là người nhút nhát, khó giao tiếp với mọi người. Mình không tham gia các hoạt động đoàn thể cũng bởi lẽ mình cho rằng không phù hợp với tính cách của bản thân. Chính vì vậy khi chập những bước chân vào giảng đường đại học, thêm vào đó chúng mình học tập tại Hà Nam - nơi hoàn toàn xa lạ với cậu sinh viên còn đang quen với gia đình, thầy cô, bạn bè... mình đã cảm thấy rất lạc lõng”. Tuy nhiên, Phi Lực đã nỗ lực thay đổi chính bản thân mình bằng chọn cách “dấn thân” cùng các hoạt động tình nguyện. “Nhờ công tác tình nguyện, từ một chàng sinh viên nhút nhát mình đã trở nên năng động và nhiệt huyết hơn. Qua các hoạt động, mình thấy trưởng thành hơn, biết thêm nhiều kỹ năng như: Lập kế hoạch, tổ chức chương trình, xử lý tình huống… những thứ mà mình không được học trên giảng đường để từ đó phát\\nnext_contents:\\n', 'content: dụng kết hợp giữa 2 hình thức đào tạo trực tuyến (E-learning) và trực tiếp (offline) để mở rộng quy mô và tối ưu lịch trình học tập cho học viên. Sinh viên Khoa CNTT - Trường ĐH Công Nghiệp Hà Nội tại Lễ khởi động Dự kiến Samsung Innovation Campus 2024-2025 sẽ mang tới cơ hội học tập và phát triển năng lực công nghệ cho khoảng 6.600 học sinh và sinh viên tại Việt Nam. Cũng tại sự kiện, Samsung Việt Nam, Tổ chức Tuổi trẻ thành đạt Việt Nam và Công ty Letuin Việt Nam đã thực hiện Lễ ký kết biên bản ghi nhớ MOU, khẳng định cam kết đồng hành nhằm triển khai dự án Samsung Innovation Campus 2024-2025 tại Việt Nam. Thứ Hai, 14:07 25/11/2024 Tags:\\nnext_contents:\\n- Samsung khởi động Chương trình phát triển nhân tài công nghệ 2024-2025 Chiều 22/11, Tổ hợp Samsung Việt Nam chính thức khởi động Chương trình Phát triển nhân tài công nghệ – Samsung Innovation Campus 2024-2025 nhằm phát triển năng lực công nghệ cao cho thế hệ trẻ Việt Nam là những người sẽ dẫn dắt sự thành công của cuộc Cách mạng Công nghiệp 4.0 tại Việt Nam trong tương lai. Chương trình đào tạo được thiết kế trên nền tảng giáo dục kết hợp giữa kỹ năng công nghệ cốt lõi trong tương lai với các kỹ năng mềm và kỹ năng làm việc trong thực tiễn. Các nội dung đào tạo này được lựa chọn thông qua việc thực hiện khảo sát phân tầng theo các xu hướng phát triển trong các ngành công nghiệp ở từng khu vực khác nhau, kết hợp với nhu cầu tuyển dụng tại các công ty lớn. Lễ ký kết biên bản ghi nhớ MOU giữa các đơn vị triển khai dự án Samsung Innovation Campus 2024-2025 Học viên khi kết thúc khóa học và đạt kết quả theo yêu cầu của chương trình sẽ nhận được chứng nhận hoàn thành khóa học Samsung Innovation Campus, cũng như có cơ hội tham gia nhiều hoạt động có giá trị khác của dự án như Cuộc thi Sáng tạo khoa học công nghệ – Innovation Tech Challenge – cuộc thi nằm trong khuôn khổ của dự án nhằm tạo ra sân chơi giúp các học viên được áp dụng kiến thức, kỹ năng đã được học trong chương trình vào thực tế. Trong khuôn khổ dự án SIC 2024-2025, các nội dung đào tạo sẽ được phân bổ lại cấu trúc nhằm nâng cao chất lượng học tập và phù hợp hơn với tình hình thực tế triển khai. Đồng thời, tiếp tục áp dụng kết hợp giữa 2 hình thức đào tạo trực tuyến (E-learning) và trực tiếp (offline) để mở rộng quy mô và tối ưu lịch trình học tập cho học viên. Sinh viên Khoa CNTT - Trường ĐH Công Nghiệp Hà Nội tại Lễ khởi động Dự kiến Samsung Innovation Campus 2024-2025 sẽ mang tới cơ hội học tập và phát triển năng lực công nghệ cho khoảng 6.600 học sinh và sinh viên tại Việt Nam. Cũng tại sự kiện, Samsung Việt Nam, Tổ chức Tuổi trẻ thành đạt Việt Nam và Công ty Letuin Việt Nam đã thực hiện Lễ ký kết biên\\n', 'content: cử nhân có chất lượng cao đáp ứng nguồn nhân lực cho các doanh nghiệp trong và ngoài nước. TS. Đặng Trọng Hợp – Trưởng khoa CNTT và Đại diện Công ty FPT Software trao tặng khen thưởng các tân thủ khoa 06 ngành đại học K19 TS. Phạm Văn Hà – Phó Trưởng khoa CNTT và Đại diện Công ty ITPlus trao tặng khen thưởng các tân Á khoa 06 ngành đại học K19 Đại diện Công ty FPT Software chia sẻ các kỹ năng và vị trí công việc ngành CNTT Đại diện Công ty IT Plus giới thiệu về công ty và các xu hướng, cơ hội việc làm ngành CNTT Trong thế giới hiện đại đầy biến động, khi trí tuệ nhân tạo (AI) đang thay đổi sâu sắc mọi lĩnh vực, chúng ta không chỉ đang đứng trước ngã rẽ của khoa học và công nghệ, mà còn ở thời điểm vàng để suy ngẫm về trách nhiệm của mỗi cá nhân đối với tương lai. Nếu ví quá trình phát triển AI như một hành trình vươn tới tương lai số hóa, thì sinh viên Khoa công nghệ thông tin trường Đại học Công nghiệp Hà Nội chính là những người cầm ngọn đuốc, dẫn đường và khai mở những cơ hội mới mẻ cho xã hội. Tọa đàm cùng các doanh nghiệp đặc biệt với chủ đề đầy tính thời sự và ý nghĩa - ""Hướng đi đúng cho sinh viên CNTT trong kỷ nguyên AI” là một cuộc đối thoại về xu hướng công nghệ, cơ hội để chúng ta lắng nghe và cảm nhận tinh thần tiên phong, sáng tạo của thế hệ trẻ, đặc biệt là các bạn sinh viên CNTT, trong sứ mệnh khai thác AI, phát triển các giải pháp thông minh, và định hình tương lai công nghệ bền vững. Tọa đàm ""Làn Sóng Layoff và Cách Đối Mặt” là chủ đề rất nóng hổi và gần gũi với thực tế hiện nay, đặc biệt là trong bối cảnh biến động của thị trường lao động toàn cầu. Tại chương trình, Các bạn tân sinh viên được đắm mình trong không gian âm nhạc sôi động với những ca khúc đình đám, cùng nhau hát vang và hòa mình vào không khí của sự kiện. Nơi đây ngoài những câu lạc bộ về học thuật còn có vô vàn các câu lạc bộ ngoại khóa như thanh niên tình nguyện, hỗ trợ kỹ thuật, truyền thông…là môi trường tốt để các bạn tạo dựng những mối quan hệ mới, khám phá tài năng của bản\\nnext_contents:\\n- Sôi động chương trình Chào tân sinh viên Khóa 19 Khoa Công nghệ thông tin Trong không khí của mùa tựu trường, ngày 13/10/2024, sự kiện Chào tân sinh viên Khóa 19 Khoa Công nghệ thông tin “Programing your future” đã chính thức diễn ra với dư âm và cảm xúc còn mãi trong trái tim tân sinh viên K19 tại Hà Nam. Sự kiện không chỉ là dịp để chào đón các tân sinh viên mà còn là cơ hội để các bạn khám phá một thế giới hoàn toàn mới với những trải nghiệm thú vị, mở ra một môi trường đại học năng động, đa màu sắc cho các bạn tân sinh viên. Những kỷ niệm đẹp tại đây sẽ mãi là hành trang quý giá trong suốt hành trình học tập, trải nghiệm – một thanh xuân rực rỡ mà chắc hẳn các bạn sinh viên ai cũng mong muốn được trải qua. Phát biểu khai mạc chương trình, TS. Đặng Trọng Hợp Trưởng khoa CNTT đã có bài phát biểu giới thiệu về Khoa Công nghệ thông tin Trường Đại học Công nghiệp Hà Nội và chia sẻ động viên tinh thần học tập, nghiên cứu khoa học, hoạt động ngoại khóa cho tân sinh viên. TS. Đặng Trọng Hợp – Trưởng Khoa CNTT phát biểu Trong kỳ tuyển sinh năm 2024 vừa qua, Khoa Công nghệ thông tin vui mừng chào đón hơn gần 1000 tân sinh viên ra nhập ngôi nhà chung Khoa CNTT Trường Đại học Công Nghiệp Hà Nội. Trong số đó, có 06 Thủ khoa, 06 Á khóa của các ngành với số điểm cao hơn so với các năm trước. Kết quả này cho thấy Khoa đã thu hút được số lượng lớn tân sinh viên ưu tú, có tư duy logic tốt, chất lượng đầu vào được đảm bảo. Chắc hẳn sau 04 năm học, Khoa Công nghệ thông tin sẽ đào tạo ra những cử nhân có chất lượng cao đáp ứng nguồn nhân lực cho các doanh nghiệp trong và ngoài nước. TS. Đặng Trọng Hợp – Trưởng khoa CNTT và Đại diện Công ty FPT Software trao tặng khen thưởng các tân thủ khoa 06 ngành đại học K19 TS. Phạm Văn Hà – Phó Trưởng khoa CNTT và Đại diện Công ty ITPlus trao tặng khen thưởng các tân Á khoa 06 ngành đại học K19 Đại diện Công ty FPT Software chia sẻ các kỹ năng và vị trí công việc ngành CNTT Đại diện Công ty IT Plus giới thiệu về công ty và các xu hướng, cơ hội\\n']","['<1-hop>\\n\\nNăm học 2024-2025, Khóa nhập học Khóa 19 Khoa Công nghệ thông tin vinh dự và tuyên dương nhiều sinh viên đạt được Học bổng HaUI 100% năm thứ nhất và Học bổng 5 triệu đồng. Với thành tích 3 năm Học sinh giỏi ở bậc học THPT và đạt chứng chỉ quốc tế IELTS 6.5, tân sinh viên Nguyễn Thế Sáng lớp 2024DHCNTT03 đã đỗ vào Khoa Công nghệ thông tin Trường Đại học Công Nghiệp Hà Nội với 29,07 điểm theo Phương thức 2 - Xét tuyển thí sinh đoạt giải học sinh giỏi cấp tỉnh/thành phố, thí sinh có chứng chỉ quốc tế. Em đã đạt Học bổng HaUI 100% năm thứ nhất. Lê Xuân Ngọc quê ở Bắc Giang, với thành tích đạt Giải Ba môn Hoá cơ sở năm lớp 11, giải khuyến khích môn Toán tỉnh lớp 12, em đã đỗ vào Khoa Công nghệ thông tin Trường Đại học Công Nghiệp Hà Nội với 27,05 điểm theo Phương thức 3 học lớp 2024DHCNTT04 - Xét tuyển dựa trên kết quả thi tốt nghiệp THPT năm 2024. Em đã đạt Học bổng HaUI 100% năm thứ nhất. Lê Xuân Ngọc đứng hàng 2 từ trái sang cùng tập thể lớp THPT Nguyễn Hoàng Anh quê ở Quốc Oai, Hà Nội với thành tích đạt được giải Ba cấp cụm môn Sinh học, em đã đỗ vào Khoa Công nghệ thông tin Trường Đại học Công Nghiệp Hà Nội với 20,06 điểm theo Phương thức 6 học lớp 2024DHCNTT01 - Xét tuyển dựa trên kết quả thi đánh giá tư duy. Em đã đạt Học bổng HaUI 100% năm thứ nhất. Lê Quốc Đạt quê ở Bắc Ninh, với thành tích đạt được 3 năm Học sinh giỏi bậc THPT, em đã đỗ vào Khoa Công nghệ thông tin Trường Đại học Công Nghiệp Hà Nội với 26,67 điểm theo Phương thức 3 học lớp 2024DHCNTT01 - Xét tuyển dựa trên kết quả thi tốt nghiệp THPT năm 2024. Em đã đạt học bổng HaUI 5 triệu đồng. Nguyễn Anh Tuấn quê ở Bắc Ninh, với thành tích đạt được 3 năm Học sinh giỏi bậc THPT và đạt chứng chỉ quốc tế IELTS 7.0, em đã đỗ vào Khoa Công nghệ thông tin Trường Đại học Công Nghiệp Hà Nội với 28,78 điểm theo Phương thức 2 học lớp 2024DHKHMT01 - Xét tuyển thí sinh đoạt giải học sinh giỏi cấp tỉnh/thành phố, thí sinh có chứng chỉ quốc tế. Em đã đạt học bổng HaUI 5 triệu đồng. Sinh viên Cao Đức Hoàng quê ở Nghệ An, với thành tích đạt được 3 năm Học sinh giỏi bậc THPT, em đã đỗ vào Khoa Công nghệ thông tin Trường Đại học Công Nghiệp Hà Nội với 29,04 điểm theo Phương thức 4 học lớp 2024DHCNTT03 - Xét tuyển dựa trên kết quả học tập ở bậc học THPT. Em đã đạt học bổng HaUI 5 triệu đồng. Sinh viên Nguyễn Đức Cảnh ở Đan Phượng, Hà Nội với ước mơ trở thành chuyên gia An ninh mạng em đã đỗ vào Khoa Công nghệ thông tin Trường Đại học Công Nghiệp Hà Nội với 19,43 điểm theo Phương thức 6 học lớp 2024DHCNTT01 - Xét tuyển dựa trên kết quả thi đánh giá tư duy. Em đã đạt học bổng HaUI 5 triệu đồng. Sinh viên Nguyễn Quang Khải ở Ba Vì, Hà Nội, với ước mơ trở thành Web developer và AI engineer em đã đỗ vào Khoa Công nghệ thông tin Trường Đại học Công Nghiệp Hà Nội với 19,39 điểm theo Phương thức 6 học lớp 2024DHCNTT01 - Xét tuyển dựa trên kết quả thi đánh giá tư duy. Em đã đạt học bổng HaUI 5 triệu đồng. Với các thành tích xuất sắc đã đạt được ở bậc học THPT cùng sự phấn đấu, nỗ lực học tập, hy vọng các em sẽ học tập tốt trên giảng đường đại học và hy vọng môi trường học tập tại Khoa Công nghệ thông tin Trường Đại học Công Nghiệp Hà Nội sẽ là nơi các em trau dồi và tích lũy để trở thành Lập trình viên chuyên nghiệp trong tương lai. Thứ Tư, 11:03 25/09/2024 Tags:', '<2-hop>\\n\\nBan Chủ nhiệm Khóa mới ra mắt Qua quá trình hoạt động, làm việc và xin ý kiến chỉ đạo của Ban Chấp hành Đoàn trường, tại buổi lễ Kiện toàn, Đội Thanh niên tình nguyện Khoa CNTT HaUI đã thống nhất, giới thiệu Ban chủ nhiệm Đội nhiệm kỳ 2024-2025 gồm 4 thành viên: Đồng chí Nguyễn Hữu Nhật – Chủ nhiệm, Đồng chí Phạm Thị Hải Hà – Phó chủ nhiệm, Đồng chí Nguyễn Thanh Tùng – Phó chủ nhiệm, Đồng chí Lê Văn Sơn – Phó chủ nhiệm Các thành viên trong đội đều là những cá nhân nhiệt huyết với công tác Đoàn, phong trào thanh niên Được biết, trong nhiệm kỳ 2024- 2025, phát huy những kết quả đạt được trong hoạt động năm 2024, bám sát định hướng, chỉ đạo của Đoàn Thanh niên trường Đại học Công Nghiệp Hà Nội, Đội Thanh niên tình nguyện Khoa CNTT HaUI xác định phương hướng, nhiệm vụ công tác Đoàn và phong trào thanh niên năm 2025 sẽ tiếp tục tập trung bám sát sự chỉ đạo của Đoàn trường, xây dựng kế hoạch công tác khả thi, phù hợp với đặc thù của Đội; Tăng cường tuyên truyền, giáo dục chính trị tư tưởng, đạo đức lối sống, ý thức chấp hành pháp luật trong Đội viên; Thường xuyên theo dõi nắm bắt tình hình tư tưởng, tâm tư nguyện vọng của Đội viên; Đẩy mạnh các phong trào thi đua học tập, sáng tạo, tích cực rèn luyện tác phong, lề lối, nâng cao chất lượng, hiệu quả công việc gắn với đảm bảo hiệu quả học tập; Tiếp tục xây dựng, củng cố tổ chức của Đội, nâng cao chất lượng hoạt động Đoàn, chú trọng công tác kiểm tra, giám sát và thực hiện tốt công tác Đoàn tham gia xây dựng Đảng. Một số chỉ tiêu, nhiệm vụ cụ thể được toàn Đội xác định như: 100% đội viên gương mẫu, đẩy mạnh học tập và làm theo tư tưởng, đạo đức, phong cách Chủ tịch Hồ Chí Minh; Đội tiếp tục giới thiệu cho Đoàn trường để giới thiệu cho Đảng những đoàn viên ưu tú, chú trọng chất lượng đoàn viên, quần chúng ưu tú được giới thiệu cho Đảng; Thực hiện tốt chế độ thông tin, báo cáo Đoàn trường Đại học Công Nghiệp Hà Nội; Liên tục đổi mới các nội dung sinh hoạt của Đội, gắn hoạt động Đoàn với việc học tập; Nâng cao chất lượng hoạt động của Đội gắn với nâng cao tính chủ động của các thành viên trong Đội; Triển khai và tham gia tích cực các hoạt động, phong trào do Đoàn trường tổ chức; Mở rộng học hỏi, giao lưu với các Đội, CLB trong trường; Tăng cường tổ chức các hoạt động văn nghệ, thể thao nhằm kết nối các thành viên trong Đội; Vận động các thành viên trong Đội tích cực tham gia xung kích giữ gìn an ninh trật tự và an toàn xã hội.']","Nguyễn Thanh Tùng không được nhắc đến trong tài liệu mà tôi có. Do đó, tôi không có thông tin về cá nhân này cũng như mối liên hệ của anh ta với các sinh viên như Nguyễn Thế Sáng và Lê Xuân Ngọc. Tôi khuyến nghị bạn tham khảo các nguồn khác để tìm hiểu thêm về thông tin này.

Nếu bạn có câu hỏi khác liên quan đến hoạt động của Khoa Công nghệ thông tin tại Trường Đại học Công nghiệp Hà Nội, hãy cho tôi biết! 

[Tài liệu tham khảo] - [**Link tham khảo**](https://www.haui.edu.vn/vn/bao-chi-viet-ve-haui/tvu-sinh-vien-tvu-dat-giai-ky-thi-olympic-tin-hoc-sinh-vien-viet-nam-lan-thu-33-nam-2024/65838).","Nguyễn Thanh Tùng là Phó chủ nhiệm Đội Thanh niên tình nguyện Khoa CNTT tại Đại học Công Nghiệp Hà Nội trong nhiệm kỳ 2024-2025. Ông cùng với các thành viên trong đội, bao gồm những sinh viên xuất sắc như Nguyễn Thế Sáng và Lê Xuân Ngọc, đều có thành tích học tập nổi bật và đã đạt được học bổng HaUI 100% năm thứ nhất. Các sinh viên này không chỉ đạt điểm cao trong kỳ xét tuyển vào Khoa mà còn tham gia tích cực vào các hoạt động phong trào thanh niên, góp phần vào sự phát triển của Khoa và trường.",0.0,0.19999999998,0.42857142857142855,0.0,1.2176082134246826,6.545562982559204
Liên chi Đoàn Khoa CNTT đã có những hoạt động gì nổi bật trong nhiệm kỳ 2024 - 2027 và vai trò của Đội Thanh niên tình nguyện trong các hoạt động đó?,"['content: trình, phần việc vì cộng đồng ý nghĩa Mình mong muốn và tin tưởng Ban Chủ nhiệm Đội trong nhiệm kỳ mới sẽ luôn phát huy tốt tinh thần, nhiệt huyết của tuổi trẻ, theo sự phân công và giao nhiệm vụ của Đoàn Thanh niên trường, quản lý đội thật tốt, để tập thể “ngôi nhà xanh FIT-HaUI” luôn đi đầu trong các phong trào, hoạt động của Đoàn Thanh niên Khoa CNTT-HaUI"". Trong năm học 2023-2024, Đội Thanh niên tình nguyện Khoa CNTT HaUI với định hướng, chỉ đạo của Đoàn Thanh niên trường, cùng với sự cố gắng, nỗ lực của toàn thể đội viên, cộng tác viên, Ban chủ nhiệm, Đội đã hoàn thành xuất sắc các nhiệm vụ năm học 2024 - 2025 và ghi nhiều dấu ấn, thành tích nổi bật; Được Đoàn Thanh niên, Ban Giám hiệu nhà trường ghi nhận, đánh giá cao. Ban Chủ nhiệm Khóa mới ra mắt Qua quá trình hoạt động, làm việc và xin ý kiến chỉ đạo của Ban Chấp hành Đoàn trường, tại buổi lễ Kiện toàn, Đội Thanh niên tình nguyện Khoa CNTT HaUI đã thống nhất, giới thiệu Ban chủ nhiệm Đội nhiệm kỳ 2024-2025 gồm 4 thành viên: Đồng chí Nguyễn Hữu Nhật – Chủ nhiệm, Đồng chí Phạm Thị Hải Hà – Phó chủ nhiệm, Đồng chí Nguyễn Thanh Tùng – Phó chủ nhiệm, Đồng chí Lê Văn Sơn – Phó chủ nhiệm Các thành viên trong đội đều là những cá nhân nhiệt huyết với công tác Đoàn, phong trào thanh niên Được biết, trong nhiệm kỳ 2024- 2025, phát huy những kết quả đạt được trong hoạt động năm 2024, bám sát định hướng, chỉ đạo của Đoàn Thanh niên trường Đại học Công Nghiệp Hà Nội, Đội Thanh niên tình nguyện Khoa CNTT HaUI xác định phương hướng, nhiệm vụ công tác Đoàn và phong trào thanh niên năm 2025 sẽ tiếp tục tập trung bám sát sự chỉ đạo của Đoàn trường, xây dựng kế hoạch công tác khả thi, phù hợp với đặc thù của Đội; Tăng cường tuyên truyền, giáo dục chính trị tư tưởng, đạo đức lối sống, ý thức chấp hành pháp luật trong Đội viên; Thường xuyên theo dõi nắm bắt tình hình tư tưởng, tâm tư nguyện vọng của Đội viên; Đẩy mạnh các phong trào thi đua học tập, sáng tạo, tích cực rèn luyện tác phong, lề lối, nâng cao chất lượng, hiệu quả\\nnext_contents:\\n- Hội nghị kiện toàn Đội Thanh niên tình nguyện Khoa CNTT nhiệm kỳ 2023-2024 Chiều 30/11/2024, Hội nghị Kiện toàn Đội Thanh niên tình nguyện Khoa Công nghệ thông tin Trường ĐH Công Nghiệp Hà Nội nhiệm kỳ 2023-2024 đã diễn ra. Đội Thanh niên tình nguyện Khoa CNTT HaUI là một trong những Đội hình tình nguyện nòng cốt trực thuộc Liên chi Đoàn Khoa CNTT Trường Đại học Công Nghiệp Hà Nội. Bước sang năm hoạt động thứ 16 với 16 lần kiện toàn Ban Chủ nhiệm, Đội Thanh niên tình nguyện Khoa CNTT được tổ chức quy củ, nề nếp, có phương hướng và kế hoạch hoạt động cụ thể, bài bản theo từng giai đoạn. Đội là nhân tố quan trọng đóng góp vào sự phát triển của công tác Đoàn và phong trào thanh niên Khoa CNTT HaUI. Đội Thanh niên tình nguyện Khoa CNTT HaUI đã trải qua 16 năm hoạt động với phương châm được xác định: Tình nguyện bốn bể là nhà - Hai mươi năm ấy vẫn là thanh xuân Tại Lễ Kiện toàn bạn Lê Minh Hùng, Nguyên Đội trưởng Đội Thanh niên tình nguyện ULSA khoá trước chia sẻ: ""Trong nhiệm kỳ quản lý Đội, được giao trọng trách là đội trưởng, mình cảm thấy rất may mắn khi được Ban chủ nhiệm, các thành viên trong Đội và đặc biệt là Đoàn Thanh niên trường tin tưởng và giúp đỡ tận tình. Được gắn bó với Đội suốt 4 năm đại học, đối với mình Đội tình nguyện đã trở thành gia đình thứ 2. Mình có quá nhiều kỷ niệm không thể quên với tập thể Đội. Mình rất tự hào khi nói rằng “ngôi nhà xanh FIT-HaUI” là một tập thể luôn nhiệt huyết, đoàn kết và vững mạnh. Đội đã đi tới nhiều nơi và hoàn thành được nhiều công trình, phần việc vì cộng đồng ý nghĩa Mình mong muốn và tin tưởng Ban Chủ nhiệm Đội trong nhiệm kỳ mới sẽ luôn phát huy tốt tinh thần, nhiệt huyết của tuổi trẻ, theo sự phân công và giao nhiệm vụ của Đoàn Thanh niên trường, quản lý đội thật tốt, để tập thể “ngôi nhà xanh FIT-HaUI” luôn đi đầu trong các phong trào, hoạt động của Đoàn Thanh niên Khoa CNTT-HaUI"". Trong năm học 2023-2024, Đội Thanh niên tình nguyện Khoa CNTT HaUI với định hướng, chỉ đạo của Đoàn Thanh niên trường, cùng với sự cố\\n', 'content: thanh niên trong trường. Đại biểu tham dự Đại hội Báo cáo tổng kết công tác Đoàn và phong trào thanh niên nhiệm kỳ 2022 - 2024; phương hướng, nhiệm vụ, giải pháp công tác Đoàn và phong trào thanh niên nhiệm kỳ 2024 – 2027 nêu rõ: Công tác Đoàn và phong trào thanh niên Trường Đại học Công nghiệp Hà Nội nhiệm kỳ 2022 – 2024 đã có những bước phát triển mới, có chiều sâu, có sự chuyển biến rất tích cực, bám sát chỉ đạo của Đảng ủy, Ban Giám hiệu nhà trường và Thành đoàn Hà Nội. Sự nỗ lực, đoàn kết không ngừng của tuổi trẻ nhà trường, công tác Đoàn và phong trào thanh niên trường ĐHCNHN đã khẳng định được vị thế và được đánh giá là đơn vị xuất sắc nhiều năm liền trong phong trào chung của Thành đoàn Hà Nội. Đoàn Chủ tịch làm việc tại Đại hội Tại đại hội PGS.TS. Lê Hồng Quân - Bí thư Đảng ủy, Chủ tịch Hội đồng trường ghi nhận và đánh giá cao nỗ lực của toàn thể cán bộ đoàn, đoàn viên, sinh viên đối với phong trào Đoàn, phong trào Thanh niên nhà trường; nhiệm kỳ 2022 - 2024 của Đoàn Thanh niên cũng đánh dấu một bước trưởng thành mới của tuổi trẻ thông qua rất nhiều công trình, phần việc ý nghĩa, được cụ thể bằng những con số ấn tượng. PGS.TS. Lê Hồng Quân – Bí thư Đảng ủy, Chủ tịch Hội đồng trường phát biểu tại Đại hội PGS.TS. Lê Hồng Quân nhấn mạnh: Chúng ta tin tưởng và mong rằng, sau Đại hội này, Đoàn thanh niên Trường ĐHCNHN sẽ có bước phát triển mới mạnh mẽ hơn nữa, đóng góp xứng đáng vào việc thực hiện thắng lợi Nghị quyết Đại hội Đảng các cấp và nhiệm vụ chính trị của Nhà trường, đặc biệt là mục tiêu chiến lược đổi mới mô hình quản trị của Nhà trường từ Trường Đại học thành Đại học vào năm 2025. Với nhiệt huyết tràn đầy, với nghị lực và ý chí vươn lên mạnh mẽ, sinh viên ĐHCNHN hãy ra sức học tập, rèn luyện để ngày càng tiến bộ, có tâm trong, trí sáng, hoài bão lớn. Đảng ủy, lãnh đạo nhà trường luôn đặt niềm tin vào Đoàn Thanh niên Nhà trường, đồng thời cũng yêu cầu, kỳ vọng Đoàn thanh niên phải làm tốt hơn nữa chức năng, nhiệm vụ của mình, góp phần xây dựng ĐHCNHN\\nnext_contents:\\n- Đại hội Đại biểu Đoàn TNCS Hồ Chí Minh Trường Đại học Công nghiệp Hà Nội lần thứ XI, nhiệm kỳ 2024 - 2027: Tiên phong, bản lĩnh, đoàn kết, sáng tạo, hội nhập Thứ Hai, 18:25 09/12/2024 725 Với tinh thần dân chủ, đoàn kết, trí tuệ, Đại hội Đại biểu Đoàn TNCS Hồ Chí Minh Trường Đại học Công nghiệp Hà Nội (ĐHCNHN) đã bầu 29 đồng chí vào Ban chấp hành. Đồng chí Đỗ Minh Hiền được tín nhiệm giữ chức Bí thư Đoàn Trường Đại học Công nghiệp Hà Nội Đại hội Đại biểu Đoàn TNCS Hồ Chí Minh Trường Đại học Công nghiệp Hà Nội lần thứ XI, nhiệm kỳ 2024 - 2027 diễn ra ngày 09/12/2024 với nhiều nội dung quan trọng. Đại hội là sự kiện chính trị quan trọng, là ngày hội lớn của tuổi trẻ Nhà trường, là nơi hội tụ và tỏa sáng trí tuệ, tâm huyết của 161 đại biểu là những cán bộ, đoàn viên ưu tú, đại diện cho gần 30.000 đoàn viên, thanh niên nhà trường. Đại hội Đại biểu Đoàn TNCS Hồ Chí Minh Trường Đại học Công nghiệp Hà Nội lần thứ XI, nhiệm kỳ 2024 - 2027 Với chủ đề “Phát huy truyền thống anh hùng, tuổi trẻ Trường Đại học Công nghiệp Hà Nội rèn đức, luyện tài, sẵn sàng tiên phong đổi mới sáng tạo, chuyển đổi số và hội nhập trong thời đại mới”. Đại hội lần này có nhiệm vụ đánh giá kết quả thực hiện Nghị quyết đại hội đại biểu khóa X, xác định mục tiêu phương hướng công tác Đoàn và phong trào thanh niên nhiệm kỳ 2024 - 2027; đặc biệt là bầu ra BCH Đoàn trường khóa XI có đủ năng lực, trình độ, nhiệt huyết để hoàn thành sứ mệnh, nhiệm vụ chính trị và thực sự trở thành người bạn đồng hành cùng đoàn viên, thanh niên trong trường. Đại biểu tham dự Đại hội Báo cáo tổng kết công tác Đoàn và phong trào thanh niên nhiệm kỳ 2022 - 2024; phương hướng, nhiệm vụ, giải pháp công tác Đoàn và phong trào thanh niên nhiệm kỳ 2024 – 2027 nêu rõ: Công tác Đoàn và phong trào thanh niên Trường Đại học Công nghiệp Hà Nội nhiệm kỳ 2022 – 2024 đã có những bước phát triển mới, có chiều sâu, có sự chuyển biến rất tích cực, bám sát chỉ đạo của Đảng ủy, Ban Giám hiệu nhà trường và Thành đoàn Hà Nội. Sự nỗ lực, đoàn kết\\n', 'content: trường cũng vinh dự nhận được khen thưởng của Thành đoàn Hà Nội vì những thành tích xuất sắc trong công tác Đoàn và phong trào thanh niên giai đoạn 2022 - 2024 Đại hội đại biểu Đoàn TNCS Hồ Chí Minh ĐHCNHN nhiệm kỳ 2024 - 2027 đã thành công tốt đẹp. Với tinh thần tiên phong - bản lĩnh - đoàn kết - sáng tạo - hội nhập, đại hội và tuổi trẻ nhà trường tin tưởng BCH Đoàn trường nhiệm kỳ mới sẽ cụ thể hóa nội dung Nghị quyết đại hội và triển khai thành những nhiệm vụ, hành động cụ thể, tiếp tục kế thừa và phát huy thành quả đã đạt được, tiếp tục thúc đẩy công tác Đoàn và phong trào thanh niên nhà trường ngày càng phát triển. Đại hội Đại biểu Đoàn TNCS Hồ Chí Minh Đại học Công nghiệp Hà Nội lần thứ XI, nhiệm kỳ 2024 - 2027 thành công tốt đẹp. Một số hình ảnh của Đại hội: Thứ Hai, 18:25 09/12/2024 Tags: Đại học Công nghiệp Hà Nội HaUI ĐHCNHN Đại hội Đại biểu Đoàn TNCS Hồ Chí Minh Đoàn trường\\nnext_contents:\\n- Bí thư Đoàn trường 3. Đ/c Nguyễn Tiến Tấn - Phó Bí thư, Chủ nhiệm UBKT Đoàn trường 4. Đ/c Trần Thị Hương Giang – Phó Bí thư Đoàn trường 5. Đ/c Nguyễn Đăng Dương - Ủy viên Thường vụ 6. Đ/c Hà Phương Long - Ủy viên Thường vụ 7. Đ/c Hồ Văn Long - Ủy viên Thường vụ 8. Đ/c Trịnh Đắc Phong - Ủy viên Thường vụ 9. Đ/c Hạ Thanh Tùng - Ủy viên Thường vụ 10. Đ/c Nguyễn Trường An - Ủy viên Ban Chấp hành 11. Đ/c Nguyễn Hoàng Trang Anh - Ủy viên Ban Chấp hành 12. Đ/c Phạm Thị Sao Chi - Ủy viên Ban Chấp hành 13. Đ/c Phạm Duy Dương - Ủy viên Ban Chấp hành 14. Đ/c Trần Mỹ Duyên - Ủy viên Ban Chấp hành 15. Đ/c Vũ Duy Hải - Ủy viên Ban Chấp hành 16. Đ/c Vũ Hoàng Hiệp - Ủy viên Ban Chấp hành 17. Đ/c Vương Trung Hiếu - Ủy viên Ban Chấp hành 18. Đ/c Tạ Việt Hưng - Ủy viên Ban Chấp hành 19. Đ/c Vũ Lê Long - Ủy viên Ban Chấp hành 20. Đ/c Hoàng Thị Thanh Luyến - Ủy viên Ban Chấp hành 21. Đ/c Nguyễn Công Minh - Ủy viên Ban Chấp hành 22. Đ/c Bùi Đình Nam - Ủy viên Ban Chấp hành 23. Đ/c Trần Như Ngân - Ủy viên Ban Chấp hành 24. Đ/c Lê Yến Nhi - Ủy viên Ban Chấp hành 25. Đ/c Vũ Ngọc Quỳnh - Ủy viên Ban Chấp hành 26. Đ/c Nguyễn Chiến Thắng - Ủy viên Ban Chấp hành 27. Đ/c Nguyễn Vũ Thắng - Ủy viên Ban Chấp hành 28. Đ/c Hoàng Thị Thanh Thảo - Ủy viên Ban Chấp hành 29. Đ/c Phan Đỗ Thùy Trang - Ủy viên Ban Chấp hành PGS.TS. Lê Hồng Quân - Bí thư Đảng uỷ, Chủ tịch Hội đồng trường, TS.Kiều Xuân Thực - Phó Bí thư Đảng uỷ, Hiệu trưởng chúc mừng BCH Đoàn trường nhiệm kỳ 2024 - 2027 Các tập thể và cá nhân của nhà trường cũng vinh dự nhận được khen thưởng của Thành đoàn Hà Nội vì những thành tích xuất sắc trong công tác Đoàn và phong trào thanh niên giai đoạn 2022 - 2024 Đại hội đại biểu Đoàn TNCS Hồ Chí Minh ĐHCNHN nhiệm kỳ 2024 - 2027 đã thành công tốt đẹp. Với tinh thần tiên phong - bản lĩnh - đoàn kết - sáng tạo - hội nhập, đại hội và tuổi trẻ nhà trường tin tưởng BCH Đoàn trường nhiệm kỳ mới sẽ cụ thể hóa nội dung Nghị quyết đại hội và triển khai thành những nhiệm vụ, hành động cụ thể, tiếp tục kế\\n', 'content: nhiệt huyết để hoàn thành sứ mệnh, nhiệm vụ chính trị được giao đồng thời trở thành người bạn đồng hành đáng tin cậy của đoàn viên, thanh niên Khoa CNTT. Đại hội được nghe đồng chí Nguyễn Chiến Thắng – Bí thư Ban chấp hành Liên chi Đoàn nhiệm kỳ 2022 - 2024 trình bày báo cáo kiểm điểm của Ban Chấp hành nhiệm kỳ 2022 - 2024. Theo đó Liên Chi Đoàn đã hoàn thành các nhiệm vụ Nhiều đồng chí được nhận các danh hiệu Chiến sỹ thi đua cấp cơ sở, Công đoàn viên hoàn thành xuất sắc nhiệm vụ, Sinh viên 5 tốt, đạt giải tại các cuộc thi trong và ngoài trường. Liên chi Đoàn nghiêm túc nhìn nhận cần tích cực tham gia hơn nữa các hoạt động gắn liền với kiến thức, chuyên môn. Nâng cao chất lượng công tác và chất lượng học tập. Đại hội được theo dõi Phóng sự tổng kết công tác Đoàn và phong trào thanh niên Khoa CNTT nhiệm kỳ 2022 – 2024, phương hướng nhiệm kỳ 2024 - 2027. Theo đó Liên chi Đoàn đã hoàn thành xuất sắc các chỉ tiêu cơ bản do Nghị quyết Đại hội đại biểu nhiệm kỳ 2022 – 2024 đã đề ra; đội ngũ cán bộ Đoàn cũng đã từng bước trưởng thành; vai trò của tuổi trẻ thông qua các phong trào như thanh niên tình nguyện, tuổi trẻ sáng tạo, các công tác tuyên truyền cũng đã được khẳng định và đóng góp tích cực vào mục tiêu chung của đơn vị. Liên chi Đoàn cũng đã tổ chức nhiều hoạt động mới mong muốn đẩy mạnh học tập, nghiên cứu khoa học với các chương trình hỗ trợ khởi nghiệp, hội nhập quốc tế. Ngoài ra Liên chi Đoàn cũng chú trọng việc xây dựng và phát triển tổ chức Đoàn, làm nòng cốt chính trị đối với tổ chức Hội Sinh viên. Tại Đại hội, đồng chí Đỗ Minh Hiền - Đảng ủy viên - Bí thư Đoàn trường đã ghi nhận và đánh giá cao nỗ lực của tập thể cán bộ đoàn, đoàn viên, sinh viên Khoa CNTT với phong trào Đoàn, phong trào Thanh niên; nhiệm kỳ 2022 – 2024 của Liên chi Khoa CNTT đã đánh dấu một bước tiến lớn trong nhiệm kỳ đầu tiên của Liên chi Đoàn. Đ/c Đỗ Minh Hiền - Đảng ủy viên - Bí thư đoàn Trường HAUI phát biểu tại đại hội Phát biểu chỉ đạo Đại hội, đồng chí TS. Đặng Trọng\\nnext_contents:\\n- Chúc mừng thành công Đại hội đại biểu Liên chi đoàn Khoa Công nghệ thông tin Trường Đại học Công Nghiệp Hà Nội nhiệm kỳ 2024 – 2027 Ngày 31/10/2024, Đại hội đại biểu Liên chi Đoàn Khoa Công nghệ thông tin nhiệm kỳ 2024 - 2027 đã diễn ra thành công tốt đẹp tại tầng 3 tòa nhà A11, Trường Đại học Công nghiệp Hà Nội . Đây là sự kiện chính trị quan trọng của Liên chi Đoàn Khoa CNTT nhằm báo cáo kết quả hoạt động nhiệm kỳ 2022 - 2024 và bầu ra Ban chấp hành Liên chi Đoàn khóa XI nhiệm kỳ 2024 - 2027, đánh dấu một chặng đường trong công tác Đoàn và phong trào Đoàn của Liên chi. Toàn cảnh đại hội Tới dự và chỉ đạo Đại hội, về phía Đoàn thanh niên Trường Đại học Công nghiệp Hà Nội có đồng chí Đỗ Minh Hiền – Bí thư Đoàn trường, đồng chí Nguyễn Tiến Tấn – Phó Bí thư Đoàn trường, đồng chí Lý Thị Ngọc Minh - Phó Chủ nhiệm Ủy Ban kiểm tra đoàn trường. Về phía Đảng bộ có TS. Đặng Trọng Hợp – Bí thư Chi bộ, Trưởng Khoa CNTT cùng các thầy cô cố vấn học tập, các Liên chi Đoàn bạn trong Trường. Với khẩu hiệu hành động: “Tuổi trẻ Khoa CNTT Khát vọng – Bản lĩnh – Dấn thân – Sáng tạo – Chuyển đổi”, Đại hội xác định nhiệm vụ đã đề ra trong nhiệm kỳ 2022 - 2024, thẳng thắn nhìn nhận, đánh giá thực trạng công tác Đoàn và phong trào thanh niên trong thời gian qua. Trên cơ sở đó, Đại hội sẽ thảo luận và quyết định mục tiêu, phương hướng, nhiệm vụ và các chương trình hành động trong nhiệm kỳ 2024 - 2027 phù hợp với yêu cầu và điều kiện thực tế. Đồng thời bầu ra Ban Chấp hành mới có đủ năng lực, trình độ, nhiệt huyết để hoàn thành sứ mệnh, nhiệm vụ chính trị được giao đồng thời trở thành người bạn đồng hành đáng tin cậy của đoàn viên, thanh niên Khoa CNTT. Đại hội được nghe đồng chí Nguyễn Chiến Thắng – Bí thư Ban chấp hành Liên chi Đoàn nhiệm kỳ 2022 - 2024 trình bày báo cáo kiểm điểm của Ban Chấp hành nhiệm kỳ 2022 - 2024. Theo đó Liên Chi Đoàn đã hoàn thành các nhiệm vụ Nhiều đồng chí được nhận các danh hiệu Chiến sỹ thi đua cấp cơ sở, Công đoàn viên hoàn thành xuất sắc nhiệm vụ, Sinh\\n', 'content: Chúc mừng thành công Đại hội đại biểu Liên chi đoàn Khoa Công nghệ thông tin Trường Đại học Công Nghiệp Hà Nội nhiệm kỳ 2024 – 2027 Ngày 31/10/2024, Đại hội đại biểu Liên chi Đoàn Khoa Công nghệ thông tin nhiệm kỳ 2024 - 2027 đã diễn ra thành công tốt đẹp tại tầng 3 tòa nhà A11, Trường Đại học Công nghiệp Hà Nội . Đây là sự kiện chính trị quan trọng của Liên chi Đoàn Khoa CNTT nhằm báo cáo kết quả hoạt động nhiệm kỳ 2022 - 2024 và bầu ra Ban chấp hành Liên chi Đoàn khóa XI nhiệm kỳ 2024 - 2027, đánh dấu một chặng đường trong công tác Đoàn và phong trào Đoàn của Liên chi. Toàn cảnh đại hội Tới dự và chỉ đạo Đại hội, về phía Đoàn thanh niên Trường Đại học Công nghiệp Hà Nội có đồng chí Đỗ Minh Hiền – Bí thư Đoàn trường, đồng chí Nguyễn Tiến Tấn – Phó Bí thư Đoàn trường, đồng chí Lý Thị Ngọc Minh - Phó Chủ nhiệm Ủy Ban kiểm tra đoàn trường. Về phía Đảng bộ có TS. Đặng Trọng Hợp – Bí thư Chi bộ, Trưởng Khoa CNTT cùng các thầy cô cố vấn học tập, các Liên chi Đoàn bạn trong Trường. Với khẩu hiệu hành động: “Tuổi trẻ Khoa CNTT Khát vọng – Bản lĩnh – Dấn thân – Sáng tạo – Chuyển đổi”, Đại hội xác định nhiệm vụ đã đề ra trong nhiệm kỳ 2022 - 2024, thẳng thắn nhìn nhận, đánh giá thực trạng công tác Đoàn và phong trào thanh niên trong thời gian qua. Trên cơ sở đó, Đại hội sẽ thảo luận và quyết định mục tiêu, phương hướng, nhiệm vụ và các chương trình hành động trong nhiệm kỳ 2024 - 2027 phù hợp với yêu cầu và điều kiện thực tế. Đồng thời bầu ra Ban Chấp hành mới có đủ năng lực, trình độ, nhiệt huyết để hoàn thành sứ mệnh, nhiệm vụ chính trị được giao đồng thời trở thành người bạn đồng hành đáng tin cậy của đoàn viên, thanh niên Khoa CNTT. Đại hội được nghe đồng chí Nguyễn Chiến Thắng – Bí thư Ban chấp hành Liên chi Đoàn nhiệm kỳ 2022 - 2024 trình bày báo cáo kiểm điểm của Ban Chấp hành nhiệm kỳ 2022 - 2024. Theo đó Liên Chi Đoàn đã hoàn thành các nhiệm vụ Nhiều đồng chí được nhận các danh hiệu Chiến sỹ thi đua cấp cơ sở, Công đoàn viên hoàn thành xuất sắc nhiệm vụ, Sinh\\nnext_contents:\\n']","['<1-hop>\\n\\nPhát biểu chỉ đạo Đại hội, đồng chí TS. Đặng Trọng Hợp – Trưởng Khoa CNTT mong muốn trong nhiệm kỳ tới, Liên chi Đoàn đẩy mạnh các hoạt động nghiên cứu khoa học, đổi mới sáng tạo và khởi nghiệp trong đoàn viên thanh niên.. Tăng cường, đổi mới việc nắm bắt tình hình và kịp thời định hướng tư tưởng cho thanh niên, đặc biệt trên không gian mạng. Thúc đẩy các xu hướng, phong trào tích cực; hạn chế, khắc phục các xu hướng tiêu cực trong đoàn viên thanh niên. Nâng cao nhận thức của đoàn viên, thanh niên về tầm quan trọng của chuyển đổi số. TS. Đặng Trọng Hợp - Trưởng Khoa CNTT phát biểu chỉ đạo tại đại hội Ghi nhận những đóng góp trong công tác Đoàn của Liên chi Đoàn Khoa CNTT, Đoàn Trường đã trao tặng giấy khen cho các cá nhân, tổ chức đạt thành tích xuất sắc trong công tác Đoàn và phong trào thanh niên nhiệm kỳ 2022 - 2024. Các tập thể, cá nhân có thành tích suất sắc nhận giấy khen của Đoàn trường Sau hai phiên làm việc với tinh thần nghiêm túc và hiệu quả, Đại hội đã sáng suốt lựa chọn và bầu ra Ban chấp hành Liên chi Đoàn Khoa CNTT Khóa XI nhiệm kỳ 2024 - 2027 gồm 11 đồng chí: Đ/c Nguyễn Chiến Thắng - Bí thư Đ/c Nguyễn Trường An - Phó Bí thư Đ/c Nguyễn Hoàng Trang Anh - Phó Bí thư Đ/c Nguyễn Huy Công - Uỷ viên Đ/c Phan Việt Anh - Uỷ viên Đ/c Nguyễn Đình Việt - Uỷ viên Đ/c Lê Ngọc Nam Anh - Uỷ viên Đ/c Vũ Thị Huế - Uỷ viên Đ/c Trần Xuân Đức - Uỷ viên Đ/c Võ Tá Học - Uỷ viên Đ/c Nguyễn Hữu Nhật - Uỷ viên Hi vọng rằng dưới sự dẫn dắt của bộ máy Ban chấp hành mới tài năng, nhiệt huyết, Liên chi Khoa CNTT sẽ thực hiện được toàn bộ những mục tiêu đã đề ra, gặt hái thêm nhiều thành tích xuất sắc. BCH Liên chi Đoàn Khoa Công nghệ thông tin ra mắt Đại hội Đại biểu Liên chi đoàn Khoa CNTT nhiệm kỳ 2024 - 2027 đã diễn ra thành công tốt đẹp. Với tinh thần Khát vọng - Tiên phong - Đoàn kết - Bản lĩnh - Đổi mới, đại hội và tuổi trẻ nhà trường tin tưởng các đồng chí trong Ban chấp hành Liên chi Đoàn và tất cả các đoàn viên đoàn kết, sáng tạo cùng hoàn thành tốt các chỉ tiêu đặt ra và phấn đấu là Liên chi Đoàn đi đầu trong công tác Đoàn và phong trào Đoàn trường Đại học Công nghiệp Hà Nội. Một số hình ảnh đặc sắc tại đại hội: Thứ Hai, 11:35 04/11/2024 Tags:', '<2-hop>\\n\\nHội nghị kiện toàn Đội Thanh niên tình nguyện Khoa CNTT nhiệm kỳ 2023-2024 Chiều 30/11/2024, Hội nghị Kiện toàn Đội Thanh niên tình nguyện Khoa Công nghệ thông tin Trường ĐH Công Nghiệp Hà Nội nhiệm kỳ 2023-2024 đã diễn ra. Đội Thanh niên tình nguyện Khoa CNTT HaUI là một trong những Đội hình tình nguyện nòng cốt trực thuộc Liên chi Đoàn Khoa CNTT Trường Đại học Công Nghiệp Hà Nội. Bước sang năm hoạt động thứ 16 với 16 lần kiện toàn Ban Chủ nhiệm, Đội Thanh niên tình nguyện Khoa CNTT được tổ chức quy củ, nề nếp, có phương hướng và kế hoạch hoạt động cụ thể, bài bản theo từng giai đoạn. Đội là nhân tố quan trọng đóng góp vào sự phát triển của công tác Đoàn và phong trào thanh niên Khoa CNTT HaUI. Đội Thanh niên tình nguyện Khoa CNTT HaUI đã trải qua 16 năm hoạt động với phương châm được xác định: Tình nguyện bốn bể là nhà - Hai mươi năm ấy vẫn là thanh xuân Tại Lễ Kiện toàn bạn Lê Minh Hùng, Nguyên Đội trưởng Đội Thanh niên tình nguyện ULSA khoá trước chia sẻ: ""Trong nhiệm kỳ quản lý Đội, được giao trọng trách là đội trưởng, mình cảm thấy rất may mắn khi được Ban chủ nhiệm, các thành viên trong Đội và đặc biệt là Đoàn Thanh niên trường tin tưởng và giúp đỡ tận tình. Được gắn bó với Đội suốt 4 năm đại học, đối với mình Đội tình nguyện đã trở thành gia đình thứ 2. Mình có quá nhiều kỷ niệm không thể quên với tập thể Đội. Mình rất tự hào khi nói rằng “ngôi nhà xanh FIT-HaUI” là một tập thể luôn nhiệt huyết, đoàn kết và vững mạnh. Đội đã đi tới nhiều nơi và hoàn thành được nhiều công trình, phần việc vì cộng đồng ý nghĩa Mình mong muốn và tin tưởng Ban Chủ nhiệm Đội trong nhiệm kỳ mới sẽ luôn phát huy tốt tinh thần, nhiệt huyết của tuổi trẻ, theo sự phân công và giao nhiệm vụ của Đoàn Thanh niên trường, quản lý đội thật tốt, để tập thể “ngôi nhà xanh FIT-HaUI” luôn đi đầu trong các phong trào, hoạt động của Đoàn Thanh niên Khoa CNTT-HaUI"". Trong năm học 2023-2024, Đội Thanh niên tình nguyện Khoa CNTT HaUI với định hướng, chỉ đạo của Đoàn Thanh niên trường, cùng với sự cố gắng, nỗ lực của toàn thể đội viên, cộng tác viên, Ban chủ nhiệm, Đội đã hoàn thành xuất sắc các nhiệm vụ năm học 2024 - 2025 và ghi nhiều dấu ấn, thành tích nổi bật; Được Đoàn Thanh niên, Ban Giám hiệu nhà trường ghi nhận, đánh giá cao.']","Trong nhiệm kỳ 2024 - 2027, Liên chi Đoàn Khoa Công nghệ Thông tin (CNTT) Trường Đại học Công nghiệp Hà Nội đã có những hoạt động nổi bật và vai trò quan trọng của Đội Thanh niên tình nguyện trong các hoạt động này. Dưới đây là một số thông tin chi tiết:

### Các hoạt động nổi bật của Liên chi Đoàn Khoa CNTT
1. **Đại hội Đại biểu Đoàn TNCS Hồ Chí Minh**:
   - Đại hội lần thứ XI diễn ra vào ngày 09/12/2024, với chủ đề ""Phát huy truyền thống anh hùng, tuổi trẻ Trường Đại học Công nghiệp Hà Nội rèn đức, luyện tài, sẵn sàng tiên phong đổi mới sáng tạo, chuyển đổi số và hội nhập trong thời đại mới"".
   - Đại hội đã bầu ra Ban Chấp hành mới với 29 đồng chí, trong đó đồng chí Đỗ Minh Hiền được tín nhiệm giữ chức Bí thư Đoàn trường.

2. **Chuỗi hoạt động chào mừng Tháng Thanh niên 2024**:
   - Tổ chức nhiều hoạt động như tặng quà cho bệnh nhi, giao lưu văn hóa thể thao với lực lượng vũ trang, và các hoạt động dọn dẹp, trồng cây xanh.

3. **Hội nghị kiện toàn Đội Thanh niên tình nguyện**:
   - Đội Thanh niên tình nguyện Khoa CNTT đã kiện toàn Ban Chủ nhiệm cho nhiệm kỳ 2024-2025, với các thành viên nhiệt huyết và có kinh nghiệm trong công tác Đoàn.

### Vai trò của Đội Thanh niên tình nguyện
- **Đội Thanh niên tình nguyện Khoa CNTT** là một trong những đội hình nòng cốt, đóng góp tích cực vào các hoạt động của Liên chi Đoàn. Đội đã thực hiện nhiều công trình, phần việc vì cộng đồng, thể hiện tinh thần tình nguyện và trách nhiệm xã hội của sinh viên.
- Đội cũng có vai trò quan trọng trong việc tổ chức các hoạt động, tuyên truyền giáo dục chính trị tư tưởng cho đoàn viên, thanh niên, và nâng cao chất lượng hoạt động Đoàn.

### Kết luận
Liên chi Đoàn Khoa CNTT đã có những bước phát triển mạnh mẽ trong nhiệm kỳ 2024 - 2027, với sự đóng góp không nhỏ của Đội Thanh niên tình nguyện. Các hoạt động này không chỉ giúp nâng cao tinh thần đoàn kết, sáng tạo trong sinh viên mà còn góp phần vào sự phát triển chung của nhà trường.

Nếu bạn cần thêm thông tin chi tiết về các hoạt động khác hoặc có câu hỏi liên quan, hãy cho tôi biết! 

[Đại hội Đại biểu Đoàn TNCS Hồ Chí Minh Trường Đại học Công nghiệp Hà Nội lần thứ XI, nhiệm kỳ 2024 - 2027] - [**Link tham khảo**](https://www.haui.edu.vn/vn/tin-tuc/dai-hoi-dai-bieu-doan-tncs-ho-chi-minh-truong-dai-hoc-cong-nghiep-ha-noi-lan-thu-xi-nhiem-ky-2024-2027-tien-phong-ban-linh-doan-ket-sang-tao-hoi-nhap/65807).","Trong nhiệm kỳ 2024 - 2027, Liên chi Đoàn Khoa CNTT đã đẩy mạnh các hoạt động nghiên cứu khoa học, đổi mới sáng tạo và khởi nghiệp cho đoàn viên thanh niên. Đồng chí TS. Đặng Trọng Hợp - Trưởng Khoa CNTT đã nhấn mạnh tầm quan trọng của việc nâng cao nhận thức về chuyển đổi số cho thanh niên. Đội Thanh niên tình nguyện Khoa CNTT, là một trong những đội hình nòng cốt trực thuộc Liên chi Đoàn, đã đóng góp quan trọng vào sự phát triển của công tác Đoàn và phong trào thanh niên, với 16 năm hoạt động và nhiều thành tích nổi bật trong các phong trào tình nguyện.",0.8791665248307515,0.99999999998,0.6923076923076923,1.0,0.9098351001739502,10.995278120040894
Đội Thanh niên tình nguyện Khoa CNTT HaUI đã có những hoạt động gì trong suốt 16 năm qua và ai là thành viên của Ban Chủ nhiệm Đội nhiệm kỳ 2024-2025?,"['content: Hội nghị kiện toàn Đội Thanh niên tình nguyện Khoa CNTT nhiệm kỳ 2023-2024 Chiều 30/11/2024, Hội nghị Kiện toàn Đội Thanh niên tình nguyện Khoa Công nghệ thông tin Trường ĐH Công Nghiệp Hà Nội nhiệm kỳ 2023-2024 đã diễn ra. Đội Thanh niên tình nguyện Khoa CNTT HaUI là một trong những Đội hình tình nguyện nòng cốt trực thuộc Liên chi Đoàn Khoa CNTT Trường Đại học Công Nghiệp Hà Nội. Bước sang năm hoạt động thứ 16 với 16 lần kiện toàn Ban Chủ nhiệm, Đội Thanh niên tình nguyện Khoa CNTT được tổ chức quy củ, nề nếp, có phương hướng và kế hoạch hoạt động cụ thể, bài bản theo từng giai đoạn. Đội là nhân tố quan trọng đóng góp vào sự phát triển của công tác Đoàn và phong trào thanh niên Khoa CNTT HaUI. Đội Thanh niên tình nguyện Khoa CNTT HaUI đã trải qua 16 năm hoạt động với phương châm được xác định: Tình nguyện bốn bể là nhà - Hai mươi năm ấy vẫn là thanh xuân Tại Lễ Kiện toàn bạn Lê Minh Hùng, Nguyên Đội trưởng Đội Thanh niên tình nguyện ULSA khoá trước chia sẻ: ""Trong nhiệm kỳ quản lý Đội, được giao trọng trách là đội trưởng, mình cảm thấy rất may mắn khi được Ban chủ nhiệm, các thành viên trong Đội và đặc biệt là Đoàn Thanh niên trường tin tưởng và giúp đỡ tận tình. Được gắn bó với Đội suốt 4 năm đại học, đối với mình Đội tình nguyện đã trở thành gia đình thứ 2. Mình có quá nhiều kỷ niệm không thể quên với tập thể Đội. Mình rất tự hào khi nói rằng “ngôi nhà xanh FIT-HaUI” là một tập thể luôn nhiệt huyết, đoàn kết và vững mạnh. Đội đã đi tới nhiều nơi và hoàn thành được nhiều công trình, phần việc vì cộng đồng ý nghĩa Mình mong muốn và tin tưởng Ban Chủ nhiệm Đội trong nhiệm kỳ mới sẽ luôn phát huy tốt tinh thần, nhiệt huyết của tuổi trẻ, theo sự phân công và giao nhiệm vụ của Đoàn Thanh niên trường, quản lý đội thật tốt, để tập thể “ngôi nhà xanh FIT-HaUI” luôn đi đầu trong các phong trào, hoạt động của Đoàn Thanh niên Khoa CNTT-HaUI"". Trong năm học 2023-2024, Đội Thanh niên tình nguyện Khoa CNTT HaUI với định hướng, chỉ đạo của Đoàn Thanh niên trường, cùng với sự cố\\nnext_contents:\\n', 'content: Chúc mừng Hành trình 16 thanh xuân tuổi trẻ Đội Thanh niên tình nguyện Với tinh thần “Đâu cần thanh niên có, việc gì khó có thanh niên”, màu áo xanh tình nguyện đã trở thành hình ảnh quen thuộc thể hiện vai trò xung kích và cống hiến của tuổi trẻ Khoa Công nghệ thông tin Trường Đại học Công Nghiệp Hà Nội cho cộng đồng, xã hội. Từ những ngày đầu non trẻ, giờ đây – sau 16 năm, Đội Thanh niên tình nguyện Khoa CNTT - HaUI ngày càng lớn mạnh, kết nối hàng trăm gương mặt ưu tú, nhiệt huyết, năng động, là “cánh tay đắc lực” của Đoàn Thanh niên. Tối 30/11 vừa qua, tất cả nam thanh, nữ tú từng khoác lên mình màu áo xanh tình nguyện đã tụ hội, cùng nâng ly chúc mừng sinh nhật 16 tuổi của Đội Thanh niên tình nguyện. Đội Thanh niên tình nguyên thuộc Ban chấp hành Liên chi Đoàn Khoa CNTT, được ra đời cùng gần với quá trình xây dựng và phát triển Khoa CNTT HaUI. Có thể nói, Đội TNTN là một gia đình nhỏ trong gia đình lớn Khoa CNTT HaUI, là mái nhà chung của của các bạn sinh viên yêu thích các hoạt động tình nguyện, tham gia các hoạt động công ích cho xã hội. Tại đây, các bạn trẻ đã “kề vai sát cánh” trong nhiều hoạt động ý nghĩa của Nhà trường và xã hội như: Tết ấm yêu thương, tình nguyện vì cộng đồng, đại lễ Vu lan, Phát cháo từ thiên, Tri ân thầy cô 20/11, hỗ trợ nhập học, hỗ trợ chào tân SV, hỗ trợ Lễ tốt nghiệp trao bằng…Mỗi dịp sinh nhật, Đội TNTN lại cùng nhau ôn lại những kỷ niệm đã cùng nhau trải qua, những thành tích đã đạt được cũng như những điều cần rút kinh nghiệm. Các thế hệ TNTN Khoa CNTT HaUI tề tựu mừng sinh nhật 16 tuổi của Đội TNTN. Thay mặt Ban chủ nhiệm Khoa, TS. Đặng Trọng Hợp – Trưởng khoa CNTT HaUI gửi lời chúc mừng sinh nhật Đội “Tấm lòng sáng, tinh thần nhiệt huyết, sống vì cộng đồng của các em đã giúp Đội TNTN lớn mạnh như ngày hôm nay. Các em chính là một trong những lực lượng nòng cốt, luôn sát cánh cùng Khoa, Nhà trường trong mọi hoạt động. Chúc cho tất cả những sinh viên đã và đang khoác trên mình chiếc áo xanh tình nguyện Khoa CNTT HaUI luôn giữ\\nnext_contents:\\n', 'content: nhằm kết nối các thành viên trong Đội; Vận động các thành viên trong Đội tích cực tham gia xung kích giữ gìn an ninh trật tự và an toàn xã hội. Chia sẻ khi nhận nhiệm vụ là tân Đội trưởng Đội Thanh niên tình nguyện Khoa CNTT HaUI khoá mới, bạn Nguyễn Hữu Nhật, đội trưởng nhiệm kỳ 2024-2025 cho biết: ""Mình rất vui vì được Ban Chấp hành Đoàn trường, ban chủ nhiệm khoá cũ và toàn đội tín nhiệm, tin tưởng giao trọng trách trở thành người dẫn dắt đội trong thời gian tới. Những thành tựu mà Đội Thanh niên tình nguyện Khoa CNTT HaUI đạt được trong thời gian qua có được là nhờ những đóng góp không ngừng nghỉ của ban lãnh đạo khoá cũ và các thành viên trong Đội"". ""Thời gian tới, mình và ban lãnh đạo khoá mới sẽ cố gắng hết sức để phát huy truyền thống của đội, tiếp tục đưa Đội Thanh niên tình nguyện Khoa CNTT HaUI phát triển đi lên; Trở thành một trong những lá cờ đầu trong hoạt động của Đoàn Thanh niên trường Đại học Công Nghiệp Hà Nội"", Nhật nhấn mạnh. Thứ Sáu, 14:26 06/12/2024 Tags:\\nnext_contents:\\n- nhiệm vụ công tác Đoàn và phong trào thanh niên năm 2025 sẽ tiếp tục tập trung bám sát sự chỉ đạo của Đoàn trường, xây dựng kế hoạch công tác khả thi, phù hợp với đặc thù của Đội; Tăng cường tuyên truyền, giáo dục chính trị tư tưởng, đạo đức lối sống, ý thức chấp hành pháp luật trong Đội viên; Thường xuyên theo dõi nắm bắt tình hình tư tưởng, tâm tư nguyện vọng của Đội viên; Đẩy mạnh các phong trào thi đua học tập, sáng tạo, tích cực rèn luyện tác phong, lề lối, nâng cao chất lượng, hiệu quả công việc gắn với đảm bảo hiệu quả học tập; Tiếp tục xây dựng, củng cố tổ chức của Đội, nâng cao chất lượng hoạt động Đoàn, chú trọng công tác kiểm tra, giám sát và thực hiện tốt công tác Đoàn tham gia xây dựng Đảng. Một số chỉ tiêu, nhiệm vụ cụ thể được toàn Đội xác định như: 100% đội viên gương mẫu, đẩy mạnh học tập và làm theo tư tưởng, đạo đức, phong cách Chủ tịch Hồ Chí Minh; Đội tiếp tục giới thiệu cho Đoàn trường để giới thiệu cho Đảng những đoàn viên ưu tú, chú trọng chất lượng đoàn viên, quần chúng ưu tú được giới thiệu cho Đảng; Thực hiện tốt chế độ thông tin, báo cáo Đoàn trường Đại học Công Nghiệp Hà Nội; Liên tục đổi mới các nội dung sinh hoạt của Đội, gắn hoạt động Đoàn với việc học tập; Nâng cao chất lượng hoạt động của Đội gắn với nâng cao tính chủ động của các thành viên trong Đội; Triển khai và tham gia tích cực các hoạt động, phong trào do Đoàn trường tổ chức; Mở rộng học hỏi, giao lưu với các Đội, CLB trong trường; Tăng cường tổ chức các hoạt động văn nghệ, thể thao nhằm kết nối các thành viên trong Đội; Vận động các thành viên trong Đội tích cực tham gia xung kích giữ gìn an ninh trật tự và an toàn xã hội. Chia sẻ khi nhận nhiệm vụ là tân Đội trưởng Đội Thanh niên tình nguyện Khoa CNTT HaUI khoá mới, bạn Nguyễn Hữu Nhật, đội trưởng nhiệm kỳ 2024-2025 cho biết: ""Mình rất vui vì được Ban Chấp hành Đoàn trường, ban chủ nhiệm khoá cũ và toàn đội tín nhiệm, tin tưởng giao trọng trách trở thành người dẫn dắt đội trong thời gian tới. Những thành tựu mà Đội Thanh\\n', 'content: Chúc mừng sinh nhật Đội Olympic Tin học – Hành trình 20 năm những dấu ấn vàng son 20 năm không phải khoảng thời gian quá dài trong chặng đường phát triển nhưng đó là khoảng thời gian đủ để mỗi thành viên trong Đội Olympic Tin học sinh viên Khoa CNTT Trường ĐH Công Nghiệp Hà Nội tự hào về những gì mình đã làm được. Và cũng thật may mắn khi đội luôn nhận được định hướng, hỗ trợ, động viên và giúp đỡ nhiệt tình từ Ban chủ nhiệm Khoa, quý Thầy Cô là giảng viên cố vấn và đại gia đình Khoa CNTT-HaUI. Trải qua hai mươi năm, với mỗi thành viên, Đội Olympic đã là nhà, là một gia đình nhỏ. Đội Olympic Tin học Khoa CNTT HaUI - Hành trình 20 năm những dấu ấn vàng son Để nhìn lại chặng đường đã đi qua. Vừa qua ngày 30/11/2024 Đội Olympic đã tổ chức Lễ kỷ niệm 20 năm ngày thành lập. Trong buổi sinh nhật ấm áp và xúc động có sự tham gia của TS. Đặng Trọng Hợp – Trưởng Khoa Công nghệ thông tin cùng quý Thầy Cô là Cựu giảng viên trực tiếp dẫn dắt đội trong các Kỳ thi và thành viên, cựu thành viên đội. TS. Đặng Trọng Hợp – Trưởng Khoa chia sẻ niềm vui trước sự phát triển mạnh mẽ của Đội Olympic Phát biểu mở đầu chương trình, TS. Đặng Trọng Hợp – Trưởng Khoa chia sẻ niềm vui trước sự phát triển mạnh mẽ của Đội Olympic, đội đã tạo nên một môi trường sinh hoạt học thuật và phát triển kỹ năng giúp cho các bạn rèn luyện và ứng dụng các phương pháp học tập, các kỹ năng mềm thiết yếu không chỉ trên lý thuyết mà còn là thực tiễn để trở thành những cá nhân vượt trội. TS. Đặng Trọng Hợp chúc mừng sinh nhật tuổi thứ 20 Đội Olympic Tin học Là đội tuyển đại diện cho khoa CNTT Trường Đại học Công nghiệp Hà Nội ôn luyện và tham gia các kì thi Olympic quốc gia và quốc tế .Trải qua gần 20 năm không ngừng phấn đấu và nỗ lực, Đội Olympic Tin học Trường Đại học Công nghiệp Hà Nội tự hào là đơn vị đạt được nhiều thành tích cao trong các cuộc thi trong nước do Hội Tin học Việt Nam tổ chức cũng như các cuộc thi trong khu vực. Với sự hướng dẫn tận tình của các thầy cô cùng với tài năng, tinh thần đoàn kết,\\nnext_contents:\\n', 'content: trình, phần việc vì cộng đồng ý nghĩa Mình mong muốn và tin tưởng Ban Chủ nhiệm Đội trong nhiệm kỳ mới sẽ luôn phát huy tốt tinh thần, nhiệt huyết của tuổi trẻ, theo sự phân công và giao nhiệm vụ của Đoàn Thanh niên trường, quản lý đội thật tốt, để tập thể “ngôi nhà xanh FIT-HaUI” luôn đi đầu trong các phong trào, hoạt động của Đoàn Thanh niên Khoa CNTT-HaUI"". Trong năm học 2023-2024, Đội Thanh niên tình nguyện Khoa CNTT HaUI với định hướng, chỉ đạo của Đoàn Thanh niên trường, cùng với sự cố gắng, nỗ lực của toàn thể đội viên, cộng tác viên, Ban chủ nhiệm, Đội đã hoàn thành xuất sắc các nhiệm vụ năm học 2024 - 2025 và ghi nhiều dấu ấn, thành tích nổi bật; Được Đoàn Thanh niên, Ban Giám hiệu nhà trường ghi nhận, đánh giá cao. Ban Chủ nhiệm Khóa mới ra mắt Qua quá trình hoạt động, làm việc và xin ý kiến chỉ đạo của Ban Chấp hành Đoàn trường, tại buổi lễ Kiện toàn, Đội Thanh niên tình nguyện Khoa CNTT HaUI đã thống nhất, giới thiệu Ban chủ nhiệm Đội nhiệm kỳ 2024-2025 gồm 4 thành viên: Đồng chí Nguyễn Hữu Nhật – Chủ nhiệm, Đồng chí Phạm Thị Hải Hà – Phó chủ nhiệm, Đồng chí Nguyễn Thanh Tùng – Phó chủ nhiệm, Đồng chí Lê Văn Sơn – Phó chủ nhiệm Các thành viên trong đội đều là những cá nhân nhiệt huyết với công tác Đoàn, phong trào thanh niên Được biết, trong nhiệm kỳ 2024- 2025, phát huy những kết quả đạt được trong hoạt động năm 2024, bám sát định hướng, chỉ đạo của Đoàn Thanh niên trường Đại học Công Nghiệp Hà Nội, Đội Thanh niên tình nguyện Khoa CNTT HaUI xác định phương hướng, nhiệm vụ công tác Đoàn và phong trào thanh niên năm 2025 sẽ tiếp tục tập trung bám sát sự chỉ đạo của Đoàn trường, xây dựng kế hoạch công tác khả thi, phù hợp với đặc thù của Đội; Tăng cường tuyên truyền, giáo dục chính trị tư tưởng, đạo đức lối sống, ý thức chấp hành pháp luật trong Đội viên; Thường xuyên theo dõi nắm bắt tình hình tư tưởng, tâm tư nguyện vọng của Đội viên; Đẩy mạnh các phong trào thi đua học tập, sáng tạo, tích cực rèn luyện tác phong, lề lối, nâng cao chất lượng, hiệu quả\\nnext_contents:\\n- Hội nghị kiện toàn Đội Thanh niên tình nguyện Khoa CNTT nhiệm kỳ 2023-2024 Chiều 30/11/2024, Hội nghị Kiện toàn Đội Thanh niên tình nguyện Khoa Công nghệ thông tin Trường ĐH Công Nghiệp Hà Nội nhiệm kỳ 2023-2024 đã diễn ra. Đội Thanh niên tình nguyện Khoa CNTT HaUI là một trong những Đội hình tình nguyện nòng cốt trực thuộc Liên chi Đoàn Khoa CNTT Trường Đại học Công Nghiệp Hà Nội. Bước sang năm hoạt động thứ 16 với 16 lần kiện toàn Ban Chủ nhiệm, Đội Thanh niên tình nguyện Khoa CNTT được tổ chức quy củ, nề nếp, có phương hướng và kế hoạch hoạt động cụ thể, bài bản theo từng giai đoạn. Đội là nhân tố quan trọng đóng góp vào sự phát triển của công tác Đoàn và phong trào thanh niên Khoa CNTT HaUI. Đội Thanh niên tình nguyện Khoa CNTT HaUI đã trải qua 16 năm hoạt động với phương châm được xác định: Tình nguyện bốn bể là nhà - Hai mươi năm ấy vẫn là thanh xuân Tại Lễ Kiện toàn bạn Lê Minh Hùng, Nguyên Đội trưởng Đội Thanh niên tình nguyện ULSA khoá trước chia sẻ: ""Trong nhiệm kỳ quản lý Đội, được giao trọng trách là đội trưởng, mình cảm thấy rất may mắn khi được Ban chủ nhiệm, các thành viên trong Đội và đặc biệt là Đoàn Thanh niên trường tin tưởng và giúp đỡ tận tình. Được gắn bó với Đội suốt 4 năm đại học, đối với mình Đội tình nguyện đã trở thành gia đình thứ 2. Mình có quá nhiều kỷ niệm không thể quên với tập thể Đội. Mình rất tự hào khi nói rằng “ngôi nhà xanh FIT-HaUI” là một tập thể luôn nhiệt huyết, đoàn kết và vững mạnh. Đội đã đi tới nhiều nơi và hoàn thành được nhiều công trình, phần việc vì cộng đồng ý nghĩa Mình mong muốn và tin tưởng Ban Chủ nhiệm Đội trong nhiệm kỳ mới sẽ luôn phát huy tốt tinh thần, nhiệt huyết của tuổi trẻ, theo sự phân công và giao nhiệm vụ của Đoàn Thanh niên trường, quản lý đội thật tốt, để tập thể “ngôi nhà xanh FIT-HaUI” luôn đi đầu trong các phong trào, hoạt động của Đoàn Thanh niên Khoa CNTT-HaUI"". Trong năm học 2023-2024, Đội Thanh niên tình nguyện Khoa CNTT HaUI với định hướng, chỉ đạo của Đoàn Thanh niên trường, cùng với sự cố\\n']","['<1-hop>\\n\\nHành trình 16 thanh xuân tuổi trẻ Đội Thanh niên tình nguyện Với tinh thần “Đâu cần thanh niên có, việc gì khó có thanh niên”, màu áo xanh tình nguyện đã trở thành hình ảnh quen thuộc thể hiện vai trò xung kích và cống hiến của tuổi trẻ Khoa Công nghệ thông tin Trường Đại học Công Nghiệp Hà Nội cho cộng đồng, xã hội. Từ những ngày đầu non trẻ, giờ đây – sau 16 năm, Đội Thanh niên tình nguyện Khoa CNTT - HaUI ngày càng lớn mạnh, kết nối hàng trăm gương mặt ưu tú, nhiệt huyết, năng động, là “cánh tay đắc lực” của Đoàn Thanh niên. Tối 30/11 vừa qua, tất cả nam thanh, nữ tú từng khoác lên mình màu áo xanh tình nguyện đã tụ hội, cùng nâng ly chúc mừng sinh nhật 16 tuổi của Đội Thanh niên tình nguyện. Đội Thanh niên tình nguyên thuộc Ban chấp hành Liên chi Đoàn Khoa CNTT, được ra đời cùng gần với quá trình xây dựng và phát triển Khoa CNTT HaUI. Có thể nói, Đội TNTN là một gia đình nhỏ trong gia đình lớn Khoa CNTT HaUI, là mái nhà chung của của các bạn sinh viên yêu thích các hoạt động tình nguyện, tham gia các hoạt động công ích cho xã hội. Tại đây, các bạn trẻ đã “kề vai sát cánh” trong nhiều hoạt động ý nghĩa của Nhà trường và xã hội như: Tết ấm yêu thương, tình nguyện vì cộng đồng, đại lễ Vu lan, Phát cháo từ thiên, Tri ân thầy cô 20/11, hỗ trợ nhập học, hỗ trợ chào tân SV, hỗ trợ Lễ tốt nghiệp trao bằng…Mỗi dịp sinh nhật, Đội TNTN lại cùng nhau ôn lại những kỷ niệm đã cùng nhau trải qua, những thành tích đã đạt được cũng như những điều cần rút kinh nghiệm. Các thế hệ TNTN Khoa CNTT HaUI tề tựu mừng sinh nhật 16 tuổi của Đội TNTN. Thay mặt Ban chủ nhiệm Khoa, TS. Đặng Trọng Hợp – Trưởng khoa CNTT HaUI gửi lời chúc mừng sinh nhật Đội “Tấm lòng sáng, tinh thần nhiệt huyết, sống vì cộng đồng của các em đã giúp Đội TNTN lớn mạnh như ngày hôm nay. Các em chính là một trong những lực lượng nòng cốt, luôn sát cánh cùng Khoa, Nhà trường trong mọi hoạt động. Chúc cho tất cả những sinh viên đã và đang khoác trên mình chiếc áo xanh tình nguyện Khoa CNTT HaUI luôn giữ được nhiệt huyết của tuổi trẻ; hoàn thành tốt nhiệm vụ học tập, làm việc; duy trì và lan tỏa các công việc từ thiện, vì cộng đồng”.. TS. Đặng Trọng Hợp chúc mừng sự lớn mạnh của Đội TNTN – “cánh tay đắc lực” của Đoàn Thanh niên. Đại diện Ban Chủ nhiệm Khoa CNTT tặng quà sinh nhật Đội TNTN. Đại diện Ban Chủ nhiệm Khoa, Đoàn Thanh niên và Đội TNTN cắt bánh sinh nhật. Nguyễn Hữu Nhật – Đội trưởng Đội TNTN thay mặt toàn Đội cam kết: “Đội TNTN Khoa CNTT hứa sẽ tiếp tục cống hiến hết mình cho Nhà trường và xã hội; luôn là những người trẻ FIT-HaUI không ngại khó, ngại khổ; sẵn sàng tham gia mọi hoạt động có ích cho xã hội, cho cộng đồng”. Những cái bắt tay, cái ôm ấm áp của các thành viên, cựu thành viên cho thấy: Đội TNTN Khoa CNTT HaUI luôn là một đại gia đình. Những trái tim nhiệt huyết cùng tinh thần đoàn kết của tuổi trẻ tình nguyện sẽ luôn sát cánh cùng thầy cô trong mọi hoạt động Nhà trường và xã hội. Dù ở đâu, làm gì, tuổi trẻ FIT-HaUI vẫn luôn là những người trẻ năng động nhiệt huyết và thành công! Thứ Sáu, 10:37 06/12/2024 Tags:', '<2-hop>\\n\\nBan Chủ nhiệm Khóa mới ra mắt Qua quá trình hoạt động, làm việc và xin ý kiến chỉ đạo của Ban Chấp hành Đoàn trường, tại buổi lễ Kiện toàn, Đội Thanh niên tình nguyện Khoa CNTT HaUI đã thống nhất, giới thiệu Ban chủ nhiệm Đội nhiệm kỳ 2024-2025 gồm 4 thành viên: Đồng chí Nguyễn Hữu Nhật – Chủ nhiệm, Đồng chí Phạm Thị Hải Hà – Phó chủ nhiệm, Đồng chí Nguyễn Thanh Tùng – Phó chủ nhiệm, Đồng chí Lê Văn Sơn – Phó chủ nhiệm Các thành viên trong đội đều là những cá nhân nhiệt huyết với công tác Đoàn, phong trào thanh niên Được biết, trong nhiệm kỳ 2024- 2025, phát huy những kết quả đạt được trong hoạt động năm 2024, bám sát định hướng, chỉ đạo của Đoàn Thanh niên trường Đại học Công Nghiệp Hà Nội, Đội Thanh niên tình nguyện Khoa CNTT HaUI xác định phương hướng, nhiệm vụ công tác Đoàn và phong trào thanh niên năm 2025 sẽ tiếp tục tập trung bám sát sự chỉ đạo của Đoàn trường, xây dựng kế hoạch công tác khả thi, phù hợp với đặc thù của Đội; Tăng cường tuyên truyền, giáo dục chính trị tư tưởng, đạo đức lối sống, ý thức chấp hành pháp luật trong Đội viên; Thường xuyên theo dõi nắm bắt tình hình tư tưởng, tâm tư nguyện vọng của Đội viên; Đẩy mạnh các phong trào thi đua học tập, sáng tạo, tích cực rèn luyện tác phong, lề lối, nâng cao chất lượng, hiệu quả công việc gắn với đảm bảo hiệu quả học tập; Tiếp tục xây dựng, củng cố tổ chức của Đội, nâng cao chất lượng hoạt động Đoàn, chú trọng công tác kiểm tra, giám sát và thực hiện tốt công tác Đoàn tham gia xây dựng Đảng. Một số chỉ tiêu, nhiệm vụ cụ thể được toàn Đội xác định như: 100% đội viên gương mẫu, đẩy mạnh học tập và làm theo tư tưởng, đạo đức, phong cách Chủ tịch Hồ Chí Minh; Đội tiếp tục giới thiệu cho Đoàn trường để giới thiệu cho Đảng những đoàn viên ưu tú, chú trọng chất lượng đoàn viên, quần chúng ưu tú được giới thiệu cho Đảng; Thực hiện tốt chế độ thông tin, báo cáo Đoàn trường Đại học Công Nghiệp Hà Nội; Liên tục đổi mới các nội dung sinh hoạt của Đội, gắn hoạt động Đoàn với việc học tập; Nâng cao chất lượng hoạt động của Đội gắn với nâng cao tính chủ động của các thành viên trong Đội; Triển khai và tham gia tích cực các hoạt động, phong trào do Đoàn trường tổ chức; Mở rộng học hỏi, giao lưu với các Đội, CLB trong trường; Tăng cường tổ chức các hoạt động văn nghệ, thể thao nhằm kết nối các thành viên trong Đội; Vận động các thành viên trong Đội tích cực tham gia xung kích giữ gìn an ninh trật tự và an toàn xã hội.']","### Thông tin về hoạt động của Đội Thanh niên tình nguyện Khoa CNTT HaUI

1. **Hoạt động khóa và các hoạt động đoàn hội**:
   - Đội Thanh niên tình nguyện Khoa CNTT HaUI đã trải qua 16 năm hoạt động với nhiều chương trình và sự kiện ý nghĩa, góp phần vào sự phát triển của phong trào thanh niên trong khoa.
   - Đội thường xuyên tổ chức các hoạt động tình nguyện, hỗ trợ cộng đồng, tham gia các sự kiện văn hóa, thể thao, và các hoạt động giao lưu học hỏi.

2. **Các hoạt động nổi bật trong 16 năm qua**:
   - Đội đã tổ chức nhiều chương trình tình nguyện, như hỗ trợ các hoạt động xã hội, tham gia các chiến dịch bảo vệ môi trường, và tổ chức các buổi hội thảo, tọa đàm về kỹ năng mềm cho sinh viên.
   - Đội cũng đã tham gia vào các hoạt động giao lưu với các tổ chức, đơn vị khác, tạo cơ hội cho sinh viên phát triển kỹ năng và mở rộng mối quan hệ.

3. **Thành viên Ban Chủ nhiệm Đội nhiệm kỳ 2024-2025**:
   - **Nguyễn Hữu Nhất** được bầu giữ chức vụ Đội trưởng Đội Thanh niên tình nguyện Khoa CNTT HaUI nhiệm kỳ 2024-2025. Nhất đã chia sẻ rằng anh rất vui khi được giao trọng trách và cam kết sẽ tiếp tục phát huy truyền thống của đội, đồng thời nâng cao chất lượng hoạt động của đội trong thời gian tới.

### Kết luận
Đội Thanh niên tình nguyện Khoa CNTT HaUI không chỉ là một tổ chức tình nguyện mà còn là một gia đình lớn, nơi các thành viên cùng nhau học hỏi, phát triển và cống hiến cho xã hội. Nếu bạn cần thêm thông tin về các hoạt động cụ thể hoặc các chương trình khác, hãy cho tôi biết!

**Nguồn tham khảo**: 
- [Hội nghị kiện toàn Đội Thanh niên tình nguyện Khoa CNTT nhiệm kỳ 2023-2024](https://fit.haui.edu.vn/vn/tin-tuc/hoi-nghi-kien-toan-doi-thanh-nien-tinh-nguyen-khoa-cntt-nhiem-ky-2023-2024/71182) - [**Link tham khảo**](https://fit.haui.edu.vn/vn/tin-tuc/hoi-nghi-kien-toan-doi-thanh-nien-tinh-nguyen-khoa-cntt-nhiem-ky-2023-2024/71182).","Trong suốt 16 năm qua, Đội Thanh niên tình nguyện Khoa CNTT HaUI đã tham gia nhiều hoạt động ý nghĩa cho cộng đồng như Tết ấm yêu thương, tình nguyện vì cộng đồng, đại lễ Vu lan, phát cháo từ thiện, tri ân thầy cô 20/11, hỗ trợ nhập học, hỗ trợ chào tân sinh viên, và hỗ trợ lễ tốt nghiệp trao bằng. Ban Chủ nhiệm Đội nhiệm kỳ 2024-2025 gồm các thành viên: Đồng chí Nguyễn Hữu Nhật – Chủ nhiệm, Đồng chí Phạm Thị Hải Hà – Phó chủ nhiệm, Đồng chí Nguyễn Thanh Tùng – Phó chủ nhiệm, và Đồng chí Lê Văn Sơn – Phó chủ nhiệm.",0.8306239961371994,0.94999999997625,0.625,1.0,1.0431060791015625,15.044944286346436
"Trong nhiệm kỳ 2024-2025, vai trò của Nguyễn Tiến Tấn và Nguyễn Thanh Tùng trong Ban Chủ nhiệm Đội Thanh niên tình nguyện Khoa CNTT HaUI sẽ như thế nào?","['content: nhằm kết nối các thành viên trong Đội; Vận động các thành viên trong Đội tích cực tham gia xung kích giữ gìn an ninh trật tự và an toàn xã hội. Chia sẻ khi nhận nhiệm vụ là tân Đội trưởng Đội Thanh niên tình nguyện Khoa CNTT HaUI khoá mới, bạn Nguyễn Hữu Nhật, đội trưởng nhiệm kỳ 2024-2025 cho biết: ""Mình rất vui vì được Ban Chấp hành Đoàn trường, ban chủ nhiệm khoá cũ và toàn đội tín nhiệm, tin tưởng giao trọng trách trở thành người dẫn dắt đội trong thời gian tới. Những thành tựu mà Đội Thanh niên tình nguyện Khoa CNTT HaUI đạt được trong thời gian qua có được là nhờ những đóng góp không ngừng nghỉ của ban lãnh đạo khoá cũ và các thành viên trong Đội"". ""Thời gian tới, mình và ban lãnh đạo khoá mới sẽ cố gắng hết sức để phát huy truyền thống của đội, tiếp tục đưa Đội Thanh niên tình nguyện Khoa CNTT HaUI phát triển đi lên; Trở thành một trong những lá cờ đầu trong hoạt động của Đoàn Thanh niên trường Đại học Công Nghiệp Hà Nội"", Nhật nhấn mạnh. Thứ Sáu, 14:26 06/12/2024 Tags:\\nnext_contents:\\n- nhiệm vụ công tác Đoàn và phong trào thanh niên năm 2025 sẽ tiếp tục tập trung bám sát sự chỉ đạo của Đoàn trường, xây dựng kế hoạch công tác khả thi, phù hợp với đặc thù của Đội; Tăng cường tuyên truyền, giáo dục chính trị tư tưởng, đạo đức lối sống, ý thức chấp hành pháp luật trong Đội viên; Thường xuyên theo dõi nắm bắt tình hình tư tưởng, tâm tư nguyện vọng của Đội viên; Đẩy mạnh các phong trào thi đua học tập, sáng tạo, tích cực rèn luyện tác phong, lề lối, nâng cao chất lượng, hiệu quả công việc gắn với đảm bảo hiệu quả học tập; Tiếp tục xây dựng, củng cố tổ chức của Đội, nâng cao chất lượng hoạt động Đoàn, chú trọng công tác kiểm tra, giám sát và thực hiện tốt công tác Đoàn tham gia xây dựng Đảng. Một số chỉ tiêu, nhiệm vụ cụ thể được toàn Đội xác định như: 100% đội viên gương mẫu, đẩy mạnh học tập và làm theo tư tưởng, đạo đức, phong cách Chủ tịch Hồ Chí Minh; Đội tiếp tục giới thiệu cho Đoàn trường để giới thiệu cho Đảng những đoàn viên ưu tú, chú trọng chất lượng đoàn viên, quần chúng ưu tú được giới thiệu cho Đảng; Thực hiện tốt chế độ thông tin, báo cáo Đoàn trường Đại học Công Nghiệp Hà Nội; Liên tục đổi mới các nội dung sinh hoạt của Đội, gắn hoạt động Đoàn với việc học tập; Nâng cao chất lượng hoạt động của Đội gắn với nâng cao tính chủ động của các thành viên trong Đội; Triển khai và tham gia tích cực các hoạt động, phong trào do Đoàn trường tổ chức; Mở rộng học hỏi, giao lưu với các Đội, CLB trong trường; Tăng cường tổ chức các hoạt động văn nghệ, thể thao nhằm kết nối các thành viên trong Đội; Vận động các thành viên trong Đội tích cực tham gia xung kích giữ gìn an ninh trật tự và an toàn xã hội. Chia sẻ khi nhận nhiệm vụ là tân Đội trưởng Đội Thanh niên tình nguyện Khoa CNTT HaUI khoá mới, bạn Nguyễn Hữu Nhật, đội trưởng nhiệm kỳ 2024-2025 cho biết: ""Mình rất vui vì được Ban Chấp hành Đoàn trường, ban chủ nhiệm khoá cũ và toàn đội tín nhiệm, tin tưởng giao trọng trách trở thành người dẫn dắt đội trong thời gian tới. Những thành tựu mà Đội Thanh\\n', 'content: hướng, nhiệm vụ, chương trình hành động của công tác Hội và phong trào sinh viên nhiệm kỳ 2023 - 2025; Đồng thời hiệp thương thống nhất bầu ra Ban chấp hành Hội Sinh viên trường khoá mới đủ trí tuệ, năng lực và phẩm chất đạo đức để gánh vác trách nhiệm và tổ chức chỉ đạo thực hiện thắng lợi các chủ trương, nhiệm vụ chính trị và chương trình công tác trong nhiệm kỳ tới. Trong phiên làm việc thứ nhất, Đại hội đã hiệp thương thống nhất Đề án nhân sự Ban Chấp hành, Ban Kiểm tra Hội Sinh viên Việt Nam Trường Đại học Công nghiệp Hà Nội khoá IX, nhiệm kỳ 2023 - 2025, tiến hành bầu 27 đồng chí vào Ban Chấp hành, trong đó, đồng chí Ngô Lê Xuân Đức giữ chức Chủ tịch và 05 đồng chí vào Ban Kiểm tra Hội Sinh viên trường khóa IX. Tại phiên làm việc thứ hai, Đại hội đã được nghe Ban Chấp hành khóa XVIII trình bày báo cáo tổng kết công tác Hội và phong trào sinh viên nhiệm kỳ 2020- 2023 và phương hướng công tác Hội, phong trào sinh viên Trường Đại học Công nghiệp Hà Nội nhiệm kỳ 2023 - 2025. Đồng thời, hiệp thương bầu đoàn đại biểu tham dự Đại hội Đại biểu Hội Sinh viên Việt Nam Thành phố Hà Nội lần thứ VIII, nhiệm kỳ 2023 - 2028. PGS.TS.Lê Hồng Quân, Bí thư Đảng uỷ, Chủ tịch Hội đồng Trường; TS.Kiều Xuân Thực, Phó Bí thư Đảng uỷ, Hiệu trưởng và đồng chí Trần Quang Hưng, Phó Bí thư Thành đoàn Hà Nội tặng hoa chúc mừng Ban Chấp hành Hội Sinh viên Việt Nam Trường Đại học Công nghiệp Hà Nội lần thứ IX, nhiệm kỳ 2023 – 2025 Công tác Hội và phong trào sinh viên Trường Đại học Công nghiệp Hà Nội nhiệm kỳ 2020-2023 đã để lại nhiều dấu ấn, thành tích nổi bật như: có hơn 100.000 lượt hội viên, sinh viên tham gia hoạt động của Hội Sinh viên; tổ chức 40 buổi nói chuyện chuyên đề, quán triệt Nghị quyết Đại hội Đoàn, Hội các cấp với sự tham gia của gần 20.000 lượt hội viên, sinh viên; tổ chức 40 đợt tuyên truyền pháp luật, trong đó có 25 hoạt động tuyên truyền Luật giao thông đường bộ, Luật phòng, chống ma tuý, Luật An ninh mạng thu hút gần 15.000 hội viên, sinh viên tham gia; tổ\\nnext_contents:\\n- Đại hội Đại biểu Hội Sinh viên Việt Nam Trường Đại học Công nghiệp Hà Nội lần thứ IX, nhiệm kỳ 2023 – 2025 Thứ Ba, 18:15 20/06/2023 2111 Ngày 20/6/2023, Đại hội Đại biểu Hội Sinh viên Việt Nam Trường Đại học Công nghiệp Hà Nội lần thứ IX, nhiệm kỳ 2023 – 2025 đã diễn ra thành công tốt đẹp với sự tham dự của 213 đại biểu đại diện cho trí tuệ, sức trẻ, nhiệt huyết của hơn 32.000 hội viên, sinh viên đang học tập tại Trường Đại học Công nghiệp Hà Nội. Đại biểu tham dự Đại hội Đến tham dự và chỉ đạo Đại hội có sự hiện diện của đồng chí Trần Quang Hưng, Phó Bí thư Thành đoàn Hà Nội; đồng chí Hoàng Thanh Tâm, Uỷ viên Ban Thường vụ, Trưởng ban Thanh niên trường học Thành đoàn, Phó Chủ tịch Thường trực Hội Sinh viên Việt Nam thành phố Hà Nội; đồng chí Vũ Thị Minh Hằng, UVBCH, Phó Trưởng ban Thanh niên trường học Thành đoàn Hà Nội. Về phía Trường Đại học Công nghiệp Hà Nội, có: PGS.TS.Lê Hồng Quân, Bí thư Đảng uỷ, Chủ tịch Hội đồng Trường; TS.Kiều Xuân Thực, Phó bí thư Đảng uỷ, Hiệu trưởng nhà trường; PGS.TS.Phạm Văn Đông, Phó Hiệu trưởng; đồng chí Đỗ Minh Hiền, UVBCH Thành đoàn, Bí thư Đoàn thanh niên cùng đại diện trưởng, phó các đơn vị trong nhà trường Đoàn Chủ tịch tại Đại hội Đại hội Đại biểu Hội Sinh viên Việt Nam Trường Đại học Công nghiệp Hà Nội lần thứ IX, nhiệm kỳ 2023 – 2025 là sự kiện chính trị quan trọng của sinh viên Nhà trường. Đại hội có nhiệm vụ tổng kết và đánh giá công tác Hội và phong trào sinh viên nhiệm kỳ 2020 - 2023, thảo luận và quyết định phương hướng, nhiệm vụ, chương trình hành động của công tác Hội và phong trào sinh viên nhiệm kỳ 2023 - 2025; Đồng thời hiệp thương thống nhất bầu ra Ban chấp hành Hội Sinh viên trường khoá mới đủ trí tuệ, năng lực và phẩm chất đạo đức để gánh vác trách nhiệm và tổ chức chỉ đạo thực hiện thắng lợi các chủ trương, nhiệm vụ chính trị và chương trình công tác trong nhiệm kỳ tới. Trong phiên làm việc thứ nhất, Đại hội đã hiệp thương thống nhất Đề án nhân sự Ban Chấp hành, Ban Kiểm tra Hội Sinh\\n', 'content: viên – Trạm Y tế nhiệm kỳ 2022 - 2025: Đ/c Trần Ngọc Khánh - Bí thư, đ/c Nguyễn Văn Lưới - Phó Bí thư, đ/c Nguyễn Đình Tiến - Chi ủy viên Chi ủy Chi bộ TT. Sau Đại học – Đào tạo thường xuyên nhiệm kỳ 2022 - 2025: Đ/c Nguyễn Thị Hồng Nga - Bí thư, đ/c Đinh Xuân Thành - Phó Bí thư, đ/c Hoàng Văn Quang - Chi ủy viên Chi ủy Chi bộ Phòng Quản trị nhiệm kỳ 2022 - 2025: Đ/c Lê Văn Thái - Bí thư, đ/c Vũ Thái Giang - Phó Bí thư, đ/c Nguyễn Sỹ Hoàng - Chi ủy viên Chi ủy Chi bộ Khoa Lý luận chính trị - Pháp luật nhiệm kỳ 2022 - 2025: Đ/c Vũ Thị Hồng Vân - Bí thư, đ/c Phùng Danh Cường - Phó Bí thư, đ/c Phạm Thị Thu Hương - Chi ủy viên Thứ Hai, 07:00 29/08/2022 Tags: Đại hội chi bộ nhiệm kỳ 2022-2025 Đảng bộ Trường Đại học Công nghiệp Hà Nội\\nnext_contents:\\n- đ/c Nguyễn Đồng Anh Xuân - Phó Bí thư, đ/c Vũ Thị Thu Hiền - Chi ủy viên Chi ủy Chi bộ Công ty Letco nhiệm kỳ 2022 - 2025: Đ/c Nguyễn Quang Trung - Bí thư, đ/c Trần Thị Thu Hà - Phó Bí thư, đ/c Nguyễn Quang Vinh - Chi ủy viên Chi ủy Chi bộ Khoa Điện tử nhiệm kỳ 2022 - 2025: Đ/c Hoàng Mạnh Kha - Bí thư, đ/c Bồ Quốc Bảo - Phó Bí thư, đ/c Đinh Thị Kim Phượng - Chi ủy viên Chi ủy Chi bộ Khoa Kế toán Kiểm toán nhiệm kỳ 2022 - 2025: Đ/c Đặng Ngọc Hùng - Bí thư, đ/c Trương Thanh Hằng - Phó Bí thư, đ/c Nguyễn Thị Thanh Loan - Chi ủy viên Chi ủy Chi bộ Trung tâm Hỗ trợ Sinh viên nhiệm kỳ 2022 - 2025: Đ/c Trần Phúc Hòa - Bí thư, đ/c Vũ Đức Hậu - Phó Bí thư, đ/c Đinh Bạt Giáp - Chi ủy viên Chi ủy Chi bộ Trung tâm Cơ khí nhiệm kỳ 2022 - 2025: Đ/c Nguyễn Hồng Sơn - Bí thư, đ/c Vũ Văn Duy - Phó Bí thư, đ/c Đặng Xuân Thao - Chi ủy viên Chi ủy Chi bộ Khoa Công nghệ Hóa nhiệm kỳ 2022 - 2025: Đ/c Phạm Thị Mai Hương - Bí thư, đ/c Nguyễn Tuấn Anh - Phó Bí thư, đ/c Nguyễn Thế Hữu - Chi ủy viên Chi ủy Chi bộ Khoa Khoa học cơ bản nhiệm kỳ 2022 - 2025: Đ/c Lê Bá Phương - Bí thư, đ/c Nguyễn Quang Thành - Phó Bí thư, đ/c Lưu Thị Nhạn - Chi ủy viên Chi ủy Chi bộ Phòng Thanh tra giáo dục nhiệm kỳ 2022 - 2025: Đ/c Chúc Hoàng Nguyên - Bí thư, đ/c Nguyễn Đức Khôi - Phó Bí thư, đ/c Bùi Mạnh Tài - Chi ủy viên Chi ủy Chi bộ Khoa Công nghệ May và Thiết kế thời trang nhiệm kỳ 2022 - 2025: Đ/c Nguyễn Thị Lệ - Bí thư, đ/c Đinh Mai Hương - Phó Bí thư, đ/c Lưu Thị Tho - Chi ủy viên Chi ủy Chi bộ Phòng Công tác Sinh viên – Trạm Y tế nhiệm kỳ 2022 - 2025: Đ/c Trần Ngọc Khánh - Bí thư, đ/c Nguyễn Văn Lưới - Phó Bí thư, đ/c Nguyễn Đình Tiến - Chi ủy viên Chi ủy Chi bộ TT. Sau Đại học – Đào tạo thường xuyên nhiệm kỳ 2022 - 2025: Đ/c Nguyễn Thị Hồng Nga - Bí thư, đ/c Đinh Xuân Thành - Phó Bí thư, đ/c Hoàng Văn Quang - Chi ủy viên Chi ủy Chi bộ Phòng Quản trị nhiệm kỳ 2022 - 2025: Đ/c Lê Văn Thái - Bí thư, đ/c Vũ Thái Giang - Phó Bí thư, đ/c Nguyễn Sỹ Hoàng - Chi ủy viên Chi ủy Chi bộ Khoa Lý luận chính trị -\\n', 'content: thông tin A khóa 2022; bạn Đinh Tấn Tài, Phạm Hữu Lộc và Nguyễn Đình Trí cùng lớp Đại học Công nghệ thông tin B khóa 2021. Kết thúc cuộc thi, bạn Lê Trung Hiếu đạt giải Khuyến khích khối thi cá nhân chuyên Tin học. Đội thi TVU.OPS gồm bạn Đinh Tấn Tài, Phạm Hữu Lộc và Nguyễn Đình Trí đạt giải Khuyến khích khối thi phần mềm nguồn mở. Olympic Tin học sinh viên toàn quốc lần đầu tiên được tổ chức vào năm 1992, qua 33 lần tổ chức, cuộc thi trở thành ngày hội của sinh viên yêu thích công nghệ thông tin và truyền thông, là nơi ươm mầm đam mê nghiên cứu, sáng tạo trong lĩnh vực công nghệ của sinh viên, cuộc thi chính là nơi phát hiện và bồi dưỡng nhiều nhân tài trong lĩnh vực công nghệ thông tin. Nguồn: TRƯỜNG ĐẠI HỌC TRÀ VINH Chủ Nhật, 17:19 15/12/2024 Tags:\\nnext_contents:\\n- [tvu] Sinh viên TVU đạt giải Kỳ thi Olympic Tin học Sinh viên Việt Nam lần thứ 33 năm 2024 Chủ Nhật, 17:19 15/12/2024 59 (GSV-GV.TVU) – Từ ngày 10/12 đến 13/12/2024 tại Hà Nội, Bộ Giáo dục & Đào tạo, Hội Tin học Việt Nam, Hội Sinh viên Việt Nam và Trường Đại học Công nghiệp Hà Nội tổ chức Kỳ thi Olympic Tin học Sinh viên Việt Nam lần thứ 33, Procon Việt Nam và Kỳ thi lập trình sinh viên Quốc tế ICPC Khu vực Châu Á năm 2024. Kỳ thi năm nay quy tụ 87 trường đại học, cao đẳng và các Học viện trên cả nước tham dự. Trong đó, có 108 sinh viên dự thi khối thi cá nhân Siêu Cup, 235 sinh viên khối thi cá nhân chuyên Tin học, 95 sinh viên khối thi cá nhân không chuyên Tin học, 2 sinh viên khối cao đẳng, 18 đội tuyển với 51 sinh viên dự khối Phần mềm nguồn mở, 20 đội tuyển với 43 sinh viên tham dự Procon Việt Nam. Đối với Kỳ thi ICPC Asia Hanoi 2024 có 137 đội tuyển Việt Nam với 411 sinh viên và 20 đội tuyển với 60 sinh viên đến từ 10 trường đại học danh tiếng từ Singapore, Hàn Quốc, Indonesia, Thái Lan, Philippine và Đài Loan. Đội tuyển Olympic Tin học Sinh viên Trường Đại học Trà Vinh Theo đó, đội tuyển Olympic Trường Đại học Trà Vinh có 07 thành viên tham gia khối thi cá nhân chuyên Tin học; Khối thi cá nhân Siêu cúp và Khối thi phần mềm nguồn mở gồm: bạn Dương Văn Hiệp, lớp Đại học Công nghệ thông tin B khóa 2021; bạn Võ Tấn Phát, lớp Đại học Công nghệ thông tin D khóa 2023; bạn Lê Trung Hiếu, lớp Đại học Công nghệ thông tin A khóa 2023; bạn Trần Minh Điền, lớp Đại học Công nghệ thông tin A khóa 2022; bạn Đinh Tấn Tài, Phạm Hữu Lộc và Nguyễn Đình Trí cùng lớp Đại học Công nghệ thông tin B khóa 2021. Kết thúc cuộc thi, bạn Lê Trung Hiếu đạt giải Khuyến khích khối thi cá nhân chuyên Tin học. Đội thi TVU.OPS gồm bạn Đinh Tấn Tài, Phạm Hữu Lộc và Nguyễn Đình Trí đạt giải Khuyến khích khối thi phần mềm nguồn mở. Olympic Tin học sinh viên toàn quốc lần đầu tiên được tổ chức vào năm 1992, qua 33 lần tổ chức, cuộc thi trở thành ngày hội của sinh viên yêu thích công nghệ thông\\n', 'content: ra mắt Hội nghị Tôn vinh, tri ân những đóng góp của các đồng chí không tiếp tục công tác trong Ban Chấp hành Đoàn Trường Đại học Công nghiệp Hà Nội khóa X, nhiệm kỳ 2022-2024 và Ban Chấp hành Hội sinh viên Trường Đại học Công nghiệp Hà Nội khóa IX, nhiệm kỳ 2023-2025 Tuổi trẻ Trường Đại học Công nghiệp Hà Nội tự hào và tiếp tục nỗ lực phấn đấu không ngừng để xứng đáng với niềm tin của Đảng ủy, Ban Giám hiệu, Đoàn – Hội cấp trên, xứng đáng với truyền thống vẻ vang của Đoàn Thanh niên cộng sản Hồ Chí Minh và Hội Sinh viên Việt Nam, thực hiện thắng lợi mục tiêu, nhiệm vụ mà Đại hội đã đề ra. Danh sách bổ sung Ban chấp hành Đoàn Trường Đại học Công nghiệp Hà Nội khóa X, nhiệm kỳ 2022-2024: Phó Bí Thư: TT Họ và tên Đơn vị 1 Trần Thị Hương Giang LCĐ trường Kinh tế 2 Nguyễn Tiến Tấn LCĐ CBGV Ủy viên Ban thường vụ: TT Họ và tên Đơn vị 1 Đỗ Thị Ngọc Ánh LCĐ khoa Điện tử 2 Nguyễn Đăng Dương LCĐ khoa Điện tử 3 Trần Thị Hương Giang LCĐ trường Kinh tế 4 Trịnh Đắc Phong LCĐ T. CK – Ô tô Uỷ viên Ban Chấp hành: TT Họ và tên Đơn vị 1 Đỗ Thị Ngọc Ánh LCĐ khoa Điện tử 2 Nguyễn Hoàng Trang Anh LCĐ khoa CNTT 3 Nguyễn Đình Bin LCĐ trường CK – Ô tô 4 Nguyễn Đăng Dương LCĐ khoa Điện tử 5 Phạm Duy Dương LCĐ khoa CN Hóa 6 Trần Thị Hương Giang LCĐ khoa QLKD 7 Vũ Hoàng Hiệp LCĐ khoa Điện 8 Tạ Việt Hưng LCĐ trường CK – Ô tô 9 Lê Minh Khánh LCĐ TT Việt Nhật 10 Nguyễn Văn Khôi LCĐ TT Việt Nhật 11 Hoàng Thị Thanh Luyến LCĐ khoa CN May & TKTT 12 Bùi Đình Nam LCĐ TT CN Ô tô & ĐTLX 13 Lê Yến Nhi LCĐ khoa CN May & TKTT 14 Trịnh Đắc Phong LCĐ trường CK – Ô tô 15 Phan Đỗ Thùy Trang LCĐ trường NN-DL 16 Hồ Nguyễn Hà Vy LCĐ trường Kinh tế Danh sách bổ sung Ban Chấp hành Hội sinh viên Trường Đại học Công nghiệp Hà Nội khóa IX, nhiệm kỳ 2023-2025: TT Họ và tên Chức vụ 1 Trần Thị Hương Giang Chủ tịch Hội Sinh viên 2 Nguyễn Đăng Dương Phó Chủ tịch Hội Sinh viên 3 Phan Đỗ Thuỳ Trang Phó Chủ tịch Hội Sinh viên 4 Hứa Thu Hà Uỷ viên Ban thư ký 5 Ngô Bạch Dương Uỷ viên Ban thư ký 6 Lê Đình Quốc Uỷ viên Ban thư ký\\nnext_contents:\\n- niên – Hội Sinh viên Trường Đại học Công nghiệp Hà Nội tiếp tục đẩy đổi mới, đa dạng hóa các hoạt động, hoàn thành nhiệm vụ được giao, đóng góp quan trọng vào thành tích chung của phong trào thanh niên trong khối trường học thủ đô nói riêng và cả nước nói chung. Đồng chí Trần Ngọc Khánh – Đảng ủy viên, Trưởng phòng Công tác Sinh viên nhấn mạnh: Xây dựng đội ngũ cán bộ trẻ “vừa hồng, vừa chuyên” là khâu “then chốt”, có ý nghĩa quyết định để Đoàn Thanh niên – Hội Sinh viên Trường Đại học Công nghiệp Hà Nội hoàn thành xuất sắc nhiệm vụ được giao. Trường Đại học Công nghiệp Hà Nội tin tưởng và kỳ vọng các đồng chí được tín nhiệm bầu vào Ban Chấp hành Đoàn Trường khóa X, nhiệm kỳ 2022-2024 và Ban Chấp hành Hội sinh viên Trường khóa IX, nhiệm kỳ 2023-2025 sẽ phát huy năng lực, bản lĩnh, trí tuệ, nhiệt huyết, gương mẫu đi đầu, lan tỏa khí thế quyết tâm hành động trong tuổi trẻ Trường Đại học Công nghiệp Hà Nội, góp phần cùng nhà trường thực hiện sứ mệnh “Đào tạo nhân lực chất lượng cao; sáng tạo và chuyển giao tri thức, công nghệ tới xã hội và cộng đồng đáp ứng yêu cầu thời kỳ cách mạng công nghiệp, phục vụ xã hội và đất nước”. Các đồng chí được bầu bổ sung vào các chức danh Ủy viên Ban Chấp hành, Ủy viên Ban Thường vụ, Phó Bí thư Ban Chấp hành Đoàn Trường Đại học Công nghiệp Hà Nội khóa X, nhiệm kỳ 2022-2024 ra mắt Hội nghị Các đồng chí được bầu bổ sung vào Ban Chấp hành, Ban Thư ký và các chức danh chủ chốt Hội sinh viên Trường Đại học Công nghiệp Hà Nội khóa IX, nhiệm kỳ 2023-2025 ra mắt Hội nghị Tôn vinh, tri ân những đóng góp của các đồng chí không tiếp tục công tác trong Ban Chấp hành Đoàn Trường Đại học Công nghiệp Hà Nội khóa X, nhiệm kỳ 2022-2024 và Ban Chấp hành Hội sinh viên Trường Đại học Công nghiệp Hà Nội khóa IX, nhiệm kỳ 2023-2025 Tuổi trẻ Trường Đại học Công nghiệp Hà Nội tự hào và tiếp tục nỗ lực phấn đấu không ngừng để xứng đáng với niềm tin của Đảng ủy, Ban Giám hiệu, Đoàn – Hội cấp trên, xứng đáng với truyền thống vẻ vang của Đoàn Thanh niên cộng sản\\n']","['<1-hop>\\n\\nBan Chủ nhiệm Khóa mới ra mắt Qua quá trình hoạt động, làm việc và xin ý kiến chỉ đạo của Ban Chấp hành Đoàn trường, tại buổi lễ Kiện toàn, Đội Thanh niên tình nguyện Khoa CNTT HaUI đã thống nhất, giới thiệu Ban chủ nhiệm Đội nhiệm kỳ 2024-2025 gồm 4 thành viên: Đồng chí Nguyễn Hữu Nhật – Chủ nhiệm, Đồng chí Phạm Thị Hải Hà – Phó chủ nhiệm, Đồng chí Nguyễn Thanh Tùng – Phó chủ nhiệm, Đồng chí Lê Văn Sơn – Phó chủ nhiệm Các thành viên trong đội đều là những cá nhân nhiệt huyết với công tác Đoàn, phong trào thanh niên Được biết, trong nhiệm kỳ 2024- 2025, phát huy những kết quả đạt được trong hoạt động năm 2024, bám sát định hướng, chỉ đạo của Đoàn Thanh niên trường Đại học Công Nghiệp Hà Nội, Đội Thanh niên tình nguyện Khoa CNTT HaUI xác định phương hướng, nhiệm vụ công tác Đoàn và phong trào thanh niên năm 2025 sẽ tiếp tục tập trung bám sát sự chỉ đạo của Đoàn trường, xây dựng kế hoạch công tác khả thi, phù hợp với đặc thù của Đội; Tăng cường tuyên truyền, giáo dục chính trị tư tưởng, đạo đức lối sống, ý thức chấp hành pháp luật trong Đội viên; Thường xuyên theo dõi nắm bắt tình hình tư tưởng, tâm tư nguyện vọng của Đội viên; Đẩy mạnh các phong trào thi đua học tập, sáng tạo, tích cực rèn luyện tác phong, lề lối, nâng cao chất lượng, hiệu quả công việc gắn với đảm bảo hiệu quả học tập; Tiếp tục xây dựng, củng cố tổ chức của Đội, nâng cao chất lượng hoạt động Đoàn, chú trọng công tác kiểm tra, giám sát và thực hiện tốt công tác Đoàn tham gia xây dựng Đảng. Một số chỉ tiêu, nhiệm vụ cụ thể được toàn Đội xác định như: 100% đội viên gương mẫu, đẩy mạnh học tập và làm theo tư tưởng, đạo đức, phong cách Chủ tịch Hồ Chí Minh; Đội tiếp tục giới thiệu cho Đoàn trường để giới thiệu cho Đảng những đoàn viên ưu tú, chú trọng chất lượng đoàn viên, quần chúng ưu tú được giới thiệu cho Đảng; Thực hiện tốt chế độ thông tin, báo cáo Đoàn trường Đại học Công Nghiệp Hà Nội; Liên tục đổi mới các nội dung sinh hoạt của Đội, gắn hoạt động Đoàn với việc học tập; Nâng cao chất lượng hoạt động của Đội gắn với nâng cao tính chủ động của các thành viên trong Đội; Triển khai và tham gia tích cực các hoạt động, phong trào do Đoàn trường tổ chức; Mở rộng học hỏi, giao lưu với các Đội, CLB trong trường; Tăng cường tổ chức các hoạt động văn nghệ, thể thao nhằm kết nối các thành viên trong Đội; Vận động các thành viên trong Đội tích cực tham gia xung kích giữ gìn an ninh trật tự và an toàn xã hội.', '<2-hop>\\n\\nToàn cảnh đại hội Tới dự và chỉ đạo Đại hội, về phía Đoàn thanh niên Trường Đại học Công nghiệp Hà Nội có đồng chí Đỗ Minh Hiền – Bí thư Đoàn trường, đồng chí Nguyễn Tiến Tấn – Phó Bí thư Đoàn trường, đồng chí Lý Thị Ngọc Minh - Phó Chủ nhiệm Ủy Ban kiểm tra đoàn trường. Về phía Đảng bộ có TS. Đặng Trọng Hợp – Bí thư Chi bộ, Trưởng Khoa CNTT cùng các thầy cô cố vấn học tập, các Liên chi Đoàn bạn trong Trường. Với khẩu hiệu hành động: “Tuổi trẻ Khoa CNTT Khát vọng – Bản lĩnh – Dấn thân – Sáng tạo – Chuyển đổi”, Đại hội xác định nhiệm vụ đã đề ra trong nhiệm kỳ 2022 - 2024, thẳng thắn nhìn nhận, đánh giá thực trạng công tác Đoàn và phong trào thanh niên trong thời gian qua. Trên cơ sở đó, Đại hội sẽ thảo luận và quyết định mục tiêu, phương hướng, nhiệm vụ và các chương trình hành động trong nhiệm kỳ 2024 - 2027 phù hợp với yêu cầu và điều kiện thực tế. Đồng thời bầu ra Ban Chấp hành mới có đủ năng lực, trình độ, nhiệt huyết để hoàn thành sứ mệnh, nhiệm vụ chính trị được giao đồng thời trở thành người bạn đồng hành đáng tin cậy của đoàn viên, thanh niên Khoa CNTT. Đại hội được nghe đồng chí Nguyễn Chiến Thắng – Bí thư Ban chấp hành Liên chi Đoàn nhiệm kỳ 2022 - 2024 trình bày báo cáo kiểm điểm của Ban Chấp hành nhiệm kỳ 2022 - 2024. Theo đó Liên Chi Đoàn đã hoàn thành các nhiệm vụ Nhiều đồng chí được nhận các danh hiệu Chiến sỹ thi đua cấp cơ sở, Công đoàn viên hoàn thành xuất sắc nhiệm vụ, Sinh viên 5 tốt, đạt giải tại các cuộc thi trong và ngoài trường. Liên chi Đoàn nghiêm túc nhìn nhận cần tích cực tham gia hơn nữa các hoạt động gắn liền với kiến thức, chuyên môn. Nâng cao chất lượng công tác và chất lượng học tập. Đại hội được theo dõi Phóng sự tổng kết công tác Đoàn và phong trào thanh niên Khoa CNTT nhiệm kỳ 2022 – 2024, phương hướng nhiệm kỳ 2024 - 2027. Theo đó Liên chi Đoàn đã hoàn thành xuất sắc các chỉ tiêu cơ bản do Nghị quyết Đại hội đại biểu nhiệm kỳ 2022 – 2024 đã đề ra; đội ngũ cán bộ Đoàn cũng đã từng bước trưởng thành; vai trò của tuổi trẻ thông qua các phong trào như thanh niên tình nguyện, tuổi trẻ sáng tạo, các công tác tuyên truyền cũng đã được khẳng định và đóng góp tích cực vào mục tiêu chung của đơn vị. Liên chi Đoàn cũng đã tổ chức nhiều hoạt động mới mong muốn đẩy mạnh học tập, nghiên cứu khoa học với các chương trình hỗ trợ khởi nghiệp, hội nhập quốc tế. Ngoài ra Liên chi Đoàn cũng chú trọng việc xây dựng và phát triển tổ chức Đoàn, làm nòng cốt chính trị đối với tổ chức Hội Sinh viên. Tại Đại hội, đồng chí Đỗ Minh Hiền - Đảng ủy viên - Bí thư Đoàn trường đã ghi nhận và đánh giá cao nỗ lực của tập thể cán bộ đoàn, đoàn viên, sinh viên Khoa CNTT với phong trào Đoàn, phong trào Thanh niên; nhiệm kỳ 2022 – 2024 của Liên chi Khoa CNTT đã đánh dấu một bước tiến lớn trong nhiệm kỳ đầu tiên của Liên chi Đoàn. Đ/c Đỗ Minh Hiền - Đảng ủy viên - Bí thư đoàn Trường HAUI phát biểu tại đại hội']","Tôi không có thông tin cụ thể về vai trò của Nguyễn Tiến Tấn và Nguyễn Thanh Tùng trong Ban Chủ nhiệm Đội Thanh niên tình nguyện Khoa CNTT HaUI nhiệm kỳ 2024-2025. Tôi khuyến nghị bạn tham khảo các nguồn thông tin khác hoặc liên hệ trực tiếp với trường để có thông tin chính xác hơn.

Nếu bạn có câu hỏi khác hoặc cần thêm thông tin về các hoạt động của khoa, hãy cho tôi biết!","Trong nhiệm kỳ 2024-2025, Nguyễn Tiến Tấn, với vai trò là Phó Bí thư Đoàn trường, sẽ có ảnh hưởng lớn trong việc chỉ đạo và hỗ trợ các hoạt động của Đội Thanh niên tình nguyện Khoa CNTT HaUI. Đồng thời, Nguyễn Thanh Tùng, với vị trí Phó chủ nhiệm Đội, sẽ cùng các thành viên khác trong Ban Chủ nhiệm thực hiện các nhiệm vụ như tăng cường tuyên truyền, giáo dục chính trị tư tưởng, và nâng cao chất lượng hoạt động của Đội, nhằm phát huy những kết quả đạt được trong hoạt động năm 2024.",0.0,0.8666666666377778,0.3333333333333333,0.3333333333333333,0.9553008079528809,5.892898082733154
Ông Choi Joo Ho đã nói gì về cơ hội hợp tác của Samsung tại Việt Nam trong buổi lễ tổng kết chương trình SIC 2023-2024?,"['content: cuộc cách mạng công nghiệp lần thứ tư. Ông Ryu IL Gon - Phó tổng giám đốc khối Hành chính Nhân sự Samsung Electronics Việt Nam Thái Nguyên Ông Ryu IL Gon chia sẻ thêm, gần 20% nhân lực của Samsung Electronics Việt Nam Thái Nguyên là cựu sinh viên Đại học Công nghiệp Hà Nội; họ đang làm việc rất chăm chỉ, tài năng và đều là những nhân sự xuất sắc. Phía Samsung cam kết trong thời gian tới, sẽ nỗ lực hết mình cho những hợp tác trong tương lai, tạo môi trường tốt cho sinh viên phát triển, thúc đẩy mạnh mẽ hoạt động hợp tác giữa hai bên. Hai bên cam kết sẽ đồng hành, hợp tác, cùng phát triển Thứ Ba, 20:56 12/11/2024 Tags: Đại học Công nghiệp Hà Nội doanh nghiệp Samsung đào tạo nhân lực chất lượng cao tuyển dụng hợp tác đào tạo hợp tác doanh nghiệp\\nnext_contents:\\n- tạo, nghiên cứu theo hướng đa ngành, đa lĩnh vực, hội nhập quốc tế; Samsung – là tập đoàn số 1 Hàn Quốc, luôn tiên phong trong lĩnh vực công nghiệp điện tử. Hai bên có điểm chung, cùng quan điểm, mục tiêu phát triển dựa trên nền tảng nguồn nhân lực tri thức kết hợp với đầu tư về nguồn lực vật chất, thúc đẩy phát triển bền vững. PGS. TS.Phạm Văn Đông – Phó Hiệu trưởng nhà trường phát biểu lại buổi làm việc Tại buổi làm việc, Đại học Công nghiệp Hà Nội đưa ra đề xuất Samsung tham gia sâu hơn vào quá trình đào tạo sinh viên ngay từ những năm đầu tiên, hỗ trợ sinh viên về học bổng, chi phí sinh hoạt, thực tập thực tế tại doanh nghiệp, góp phần nâng cao chất lượng, khép kín quy trình đào tạo của HaUI; hướng tới gia tăng cả quy mô và số lượng sinh viên xuất sắc về thực tập, làm việc lâu dài tại Samsung. HaUI và Samsung đều có điểm chung, có quan điểm phát triển dựa trên nền tảng nguồn nhân lực tri thức kết hợp với các đầu tư về nguồn lực vật chất để thúc đẩy phát triển bền vững Phát biểu tại buổi làm việc, ông Ryu IL Gon - Phó tổng giám đốc khối Hành chính Nhân sự Samsung Electronics Việt Nam Thái Nguyên cho biết: Cùng với sự thay đổi nhanh chóng của công nghệ, trong thời gian tới, Samsung Việt Nam mong muốn đẩy mạnh quan hệ đối tác chiến lược với các trường đại học của Việt Nam trong đó có Trường Đại học Công nghiệp Hà Nội trong các lĩnh vực như công nghệ thông tin, tự động hóa, điện, điện tử…, góp phần vào việc đào tạo nguồn nhân lực chất lượng cao đáp ứng yêu cầu phát triển của cuộc cách mạng công nghiệp lần thứ tư. Ông Ryu IL Gon - Phó tổng giám đốc khối Hành chính Nhân sự Samsung Electronics Việt Nam Thái Nguyên Ông Ryu IL Gon chia sẻ thêm, gần 20% nhân lực của Samsung Electronics Việt Nam Thái Nguyên là cựu sinh viên Đại học Công nghiệp Hà Nội; họ đang làm việc rất chăm chỉ, tài năng và đều là những nhân sự xuất sắc. Phía Samsung cam kết trong thời gian tới, sẽ nỗ lực hết mình cho những hợp tác trong tương lai, tạo môi trường tốt cho sinh viên phát triển, thúc đẩy\\n', 'content: Sinh viên Khoa Công nghệ thông tin Trường Đại học Công Nghiệp Hà Nội đạt học bổng sinh viên xuất sắc Chương trình SIC 2023-2024 Kết thúc niên khoá 2023-2024, SIC tiếp tục chứng tỏ sức hút lớn của chương trình bồi đắp nhân tài công nghệ hàng đầu Việt Nam với số lượng học viên tăng đột phá, đạt gần 6.400 người, gấp đôi năm học 2022 – 2023. Lễ tổng kết chương trình Phát triển Nhân tài Công nghệ - Samsung Innovation Campus (SIC) niên khóa 2023-2024 do Samsung Việt Nam phối hợp cùng Tổ chức Tuổi trẻ thành đạt tổ chức chiều 29/8, tại Hà Nội. Sự kiện nhằm đánh giá hiệu quả thực hiện dự án sau một năm nỗ lực bồi đắp năng lực công nghệ cao cho thế hệ trẻ Việt Nam - những người sẽ dẫn dắt sự thành công của cuộc Cách mạng 4.0 trong hiện tại và tương lai. Buổi lễ có sự tham dự của ông Choi Joo Ho - Tổng Giám đốc Tổ hợp Samsung Việt Nam, ông Kim Yong Sup - Phó Tổng Giám đốc phụ trách Đối ngoại Tổ hợp Samsung Việt Nam, đại diện từ Chính phú, các đối tác, cũng như các trường THCS, THPT, Cao đẳngvà Đại học. Khởi động vào tháng 10/2023, Samsung Innovation Campus 2023-2024 đã mang đến các khóa học phát triển năng lực công nghệ đa dạng dành cho các bạn trẻ từ 13-22 tuổi, kết hợp giữa hai hình thức đào tạo trực tiếp và trực tuyến (E-Learning), nhằm tạo điều kiện cho các học viên trên cả nước đều có cơ hội tham gia. Chương trình năm nay cung cấp 3 khóa học phát triển năng lực công nghệ, bao gồm: Vạn vật kết nối (Internet of Things – IoT), Trí tuệ nhân tạo (Artificial Intelligence – AI), Dữ liệu lớn (Big Data) và 1 khóa học kỹ năng Lập trình cơ bản (Coding & Programming – C&P). Thầy Phạm Văn Đông - Phó Hiệu trưởng Trường ĐH Công Nghiệp Hà Nội tại Buổi tổng két Ngoài ra, dự án còn cung cấp các nội dung hướng nghiệp và kỹ năng mềm nhằm bổ trợ và nâng cao năng lực toàn diện cho học viên. Sau một năm triển khai, Samsung Innovation Campus 2023 - 2024 đã lan tỏa tới 67 trường, bao gồm các trường THCS, THPT và Đại học ở 13 tỉnh, thành phố trên cả nước, tương ứng với 21.000 giờ học được giảng\\nnext_contents:\\n', 'content: dụng kết hợp giữa 2 hình thức đào tạo trực tuyến (E-learning) và trực tiếp (offline) để mở rộng quy mô và tối ưu lịch trình học tập cho học viên. Sinh viên Khoa CNTT - Trường ĐH Công Nghiệp Hà Nội tại Lễ khởi động Dự kiến Samsung Innovation Campus 2024-2025 sẽ mang tới cơ hội học tập và phát triển năng lực công nghệ cho khoảng 6.600 học sinh và sinh viên tại Việt Nam. Cũng tại sự kiện, Samsung Việt Nam, Tổ chức Tuổi trẻ thành đạt Việt Nam và Công ty Letuin Việt Nam đã thực hiện Lễ ký kết biên bản ghi nhớ MOU, khẳng định cam kết đồng hành nhằm triển khai dự án Samsung Innovation Campus 2024-2025 tại Việt Nam. Thứ Hai, 14:07 25/11/2024 Tags:\\nnext_contents:\\n- Samsung khởi động Chương trình phát triển nhân tài công nghệ 2024-2025 Chiều 22/11, Tổ hợp Samsung Việt Nam chính thức khởi động Chương trình Phát triển nhân tài công nghệ – Samsung Innovation Campus 2024-2025 nhằm phát triển năng lực công nghệ cao cho thế hệ trẻ Việt Nam là những người sẽ dẫn dắt sự thành công của cuộc Cách mạng Công nghiệp 4.0 tại Việt Nam trong tương lai. Chương trình đào tạo được thiết kế trên nền tảng giáo dục kết hợp giữa kỹ năng công nghệ cốt lõi trong tương lai với các kỹ năng mềm và kỹ năng làm việc trong thực tiễn. Các nội dung đào tạo này được lựa chọn thông qua việc thực hiện khảo sát phân tầng theo các xu hướng phát triển trong các ngành công nghiệp ở từng khu vực khác nhau, kết hợp với nhu cầu tuyển dụng tại các công ty lớn. Lễ ký kết biên bản ghi nhớ MOU giữa các đơn vị triển khai dự án Samsung Innovation Campus 2024-2025 Học viên khi kết thúc khóa học và đạt kết quả theo yêu cầu của chương trình sẽ nhận được chứng nhận hoàn thành khóa học Samsung Innovation Campus, cũng như có cơ hội tham gia nhiều hoạt động có giá trị khác của dự án như Cuộc thi Sáng tạo khoa học công nghệ – Innovation Tech Challenge – cuộc thi nằm trong khuôn khổ của dự án nhằm tạo ra sân chơi giúp các học viên được áp dụng kiến thức, kỹ năng đã được học trong chương trình vào thực tế. Trong khuôn khổ dự án SIC 2024-2025, các nội dung đào tạo sẽ được phân bổ lại cấu trúc nhằm nâng cao chất lượng học tập và phù hợp hơn với tình hình thực tế triển khai. Đồng thời, tiếp tục áp dụng kết hợp giữa 2 hình thức đào tạo trực tuyến (E-learning) và trực tiếp (offline) để mở rộng quy mô và tối ưu lịch trình học tập cho học viên. Sinh viên Khoa CNTT - Trường ĐH Công Nghiệp Hà Nội tại Lễ khởi động Dự kiến Samsung Innovation Campus 2024-2025 sẽ mang tới cơ hội học tập và phát triển năng lực công nghệ cho khoảng 6.600 học sinh và sinh viên tại Việt Nam. Cũng tại sự kiện, Samsung Việt Nam, Tổ chức Tuổi trẻ thành đạt Việt Nam và Công ty Letuin Việt Nam đã thực hiện Lễ ký kết biên\\n', 'content: Ký Biên bản ghi nhớ hợp tác với Hiệp hội trao đổi kỹ năng nghề thế giới, Hàn Quốc (WVCEA) Thứ Hai, 16:23 25/09/2023 1259 Nhằm mở rộng quan hệ hợp tác, phát triển, sáng ngày 25/9, Đại học Công nghiệp Hà Nội (HaUI) đã có buổi làm việc và ký kết thỏa thuận hợp tác với Hiệp hội trao đổi kỹ năng nghề thế giới, Hàn Quốc (WVCEA) Tham dự lễ ký kết, có PGS.TS.Phạm Văn Đông - Phó Hiệu trưởng; TS.Lê Việt Anh - Giám đốc Trung tâm Hợp tác Quốc tế; TS.Nguyễn Văn Thành - Giám đốc Trung tâm Hợp tác Doanh nghiệp; Ông Nguyễn Quang Trung - Giám đốc Công ty Letco (Công ty trực thuộc HaUI). Về phía WVCEA có: ông Seo Jong Wook - Chủ tịch Hiệp hội; ông Ryu Seok Hoon - Hội trưởng chi nhánh Hà Nội; ông Bae Jae Gi - Cố vấn chi nhánh Hà Nội. Toàn cảnh lễ ký Biên bản ghi nhớ hợp tác (MoU) với Hiệp hội trao đổi kỹ năng nghề thế giới, Hàn Quốc (WVCEA) Hiệp hội trao đổi kỹ năng nghề thế giới, Hàn Quốc (WVCEA) được thành lập thông qua sự hợp tác giữa các chuyên gia trên nhiều lĩnh vực: giáo dục, công nghệ, học thuật,… để giải quyết những khó khăn mà các lĩnh vực ngành nghề gặp phải. Theo thỏa thuận ký kết, hai bên sẽ có những hoạt động như: tổ chức các cuộc thi trao đổi kỹ năng nghề và lễ hội giao lưu văn hóa – kinh tế - giáo dục giữa hai nước; trao đổi và phát triển nguồn nhân lực giữa hai bên; tìm kiếm và phát triển các lĩnh vực giao lưu hợp tác khác. Lễ ký biên bản ghi nhớ hợp tác giữa Đại học Công nghiệp Hà Nội và Hiệp hội trao đổi kỹ năng nghề thế giới, Hàn Quốc Giới thiệu về thế mạnh của nhà trường trong việc đào tạo nhân lực chất lượng cao ngành cơ khí, điện tử, ô tô…; thế mạnh trong xuất khẩu lao động cũng như các chương trình du học, thực tập hấp dẫn tại nước ngoài của Công ty LETCO (công ty trực thuộc HaUI), PGS.TS.Phạm Văn Đông - Phó Hiệu trưởng nhà trường mong muốn, đây sẽ là một trong những hướng hợp tác nhiều triển vọng trong tương lai mà hai bên cần quan tâm hướng tới. PGS.TS.Phạm Văn Đông - Phó Hiệu trưởng nhà trường vui mừng chào đón Hiệp hội trao đổi kỹ năng nghề thế giới, Hàn\\nnext_contents:\\n', 'content: [danviet] Đại học Công nghiệp Hà Nội đẩy mạnh hợp tác trong lĩnh vực tái sản xuất máy công nghiệp và xây dựng Hàn Quốc Thứ Năm, 10:47 31/10/2024 55 Trường Đại học Công nghiệp Hà Nội (HaUI) vừa ký kết 05 biên bản ghi nhớ với đại diện doanh nghiệp, trường đại học Hàn Quốc, thúc đẩy quan hệ hợp tác giữa HaUI với các tổ chức, doanh nghiệp, cơ sở đào tạo Hàn Quốc trong lĩnh vực tái sản xuất máy công nghiệp và xây dựng. Lễ ký kết diễn ra tại Hội thảo và triển lãm về tái sản xuất máy công nghiệp, xây dựng Hàn Quốc - Việt Nam 2024, tổ chức ngày 30/10 tại Trường Đại học Công nghiệp Hà Nội. Hội thảo và triển lãm về tái sản xuất máy công nghiệp và xây dựng Hàn Quốc Việt Nam 2024 được tổ chức nhằm thúc đẩy xuất nhập khẩu các sản phẩm tái sản xuất máy công nghiệp và xây dựng sang Việt Nam, đồng thời hợp tác xây dựng ngành tái sản xuất máy công nghiệp và xây dựng giữa Hàn quốc - Việt Nam trong tương lai. Các đại biểu thực hiện nghi thức cắt băng khai mạc, đánh dấu khoảnh khắc đặc biệt, khởi đầu cho sự kiện và mở ra nhiều cơ hội hợp tác giữa các đối tác trong lĩnh vực tái sản xuất máy công nghiệp, góp phần vào sự phát triển bền vững giữa Việt Nam và Hàn Quốc. Tham dự Hội thảo, có các trường đại học tại Hàn Quốc, đại diện Tổ hợp công nghệ cao Kyengnam cùng 17 doanh nghiệp Hàn Quốc hoạt động trong lĩnh vực tái sản xuất, đại diện hơn 60 doanh nghiệp Việt Nam hoạt động trong lĩnh vực cơ khí, sản xuất công nghiệp, xây dựng. Với xu hướng phát triển thị trường xây dựng nội địa hiện nay, Việt Nam đang cần đầu tư công nghệ, thiết bị, máy móc để nâng cao năng lực và hiệu quả thi công. Do đó, nhu cầu về thị trường máy xây dựng và công nghiệp của Việt Nam đang là thị trường hấp dẫn rất lớn với các nhà sản xuất, nhà cung cấp thiết bị đến từ các quốc gia phát triển. Sự kiện do Bộ Công nghiệp, Thương mại và Năng lượng Hàn Quốc, Bộ Khoa học và Công nghệ Việt Nam, Hiệp hội xúc tiến tái sản xuất thiết bị xây dựng công nghiệp Hàn Quốc, Trường Đại học Công nghiệp Hà Nội phối hợp tổ chức Tuy nhiên,\\nnext_contents:\\n']","['<1-hop>\\n\\nPhát biểu tại buổi lễ tổng kết, ông Choi Joo Ho nhấn mạnh: “Samsung và các doanh nghiệp IT trên toàn cầu đang tìm kiếm cơ hội hợp tác và mở rộng đầu tư tại Việt Nam. Trong một tương lai gần, Việt Nam sẽ giữ một vai trò vô cùng quan trọng trên thế giới không chỉ dừng lại ở mảng điện thoại di động mà trên toàn bộ ngành công nghiệp công nghệ cao. Các em cần nắm bắt những thay đổi này của Việt Nam để tạo thành cơ hội của chính mình. Cùng với những chính sách tuyệt vời của Chính phủ Việt Nam, nhà trường và các doanh nghiệp toàn cầu như Samsung đang nỗ lực để đào tạo nhân lực trong lĩnh vực IT và bán dẫn, điều đó cho thấy tất cả đang xây dựng một môi trường vô cùng thuận lợi cho các em"". Thứ Bảy, 15:03 31/08/2024 Tags:', '<2-hop>\\n\\nSinh viên Khoa Công nghệ thông tin Trường Đại học Công Nghiệp Hà Nội đạt học bổng sinh viên xuất sắc Chương trình SIC 2023-2024 Kết thúc niên khoá 2023-2024, SIC tiếp tục chứng tỏ sức hút lớn của chương trình bồi đắp nhân tài công nghệ hàng đầu Việt Nam với số lượng học viên tăng đột phá, đạt gần 6.400 người, gấp đôi năm học 2022 – 2023. Lễ tổng kết chương trình Phát triển Nhân tài Công nghệ - Samsung Innovation Campus (SIC) niên khóa 2023-2024 do Samsung Việt Nam phối hợp cùng Tổ chức Tuổi trẻ thành đạt tổ chức chiều 29/8, tại Hà Nội. Sự kiện nhằm đánh giá hiệu quả thực hiện dự án sau một năm nỗ lực bồi đắp năng lực công nghệ cao cho thế hệ trẻ Việt Nam - những người sẽ dẫn dắt sự thành công của cuộc Cách mạng 4.0 trong hiện tại và tương lai. Buổi lễ có sự tham dự của ông Choi Joo Ho - Tổng Giám đốc Tổ hợp Samsung Việt Nam, ông Kim Yong Sup - Phó Tổng Giám đốc phụ trách Đối ngoại Tổ hợp Samsung Việt Nam, đại diện từ Chính phú, các đối tác, cũng như các trường THCS, THPT, Cao đẳngvà Đại học. Khởi động vào tháng 10/2023, Samsung Innovation Campus 2023-2024 đã mang đến các khóa học phát triển năng lực công nghệ đa dạng dành cho các bạn trẻ từ 13-22 tuổi, kết hợp giữa hai hình thức đào tạo trực tiếp và trực tuyến (E-Learning), nhằm tạo điều kiện cho các học viên trên cả nước đều có cơ hội tham gia. Chương trình năm nay cung cấp 3 khóa học phát triển năng lực công nghệ, bao gồm: Vạn vật kết nối (Internet of Things – IoT), Trí tuệ nhân tạo (Artificial Intelligence – AI), Dữ liệu lớn (Big Data) và 1 khóa học kỹ năng Lập trình cơ bản (Coding & Programming – C&P). Thầy Phạm Văn Đông - Phó Hiệu trưởng Trường ĐH Công Nghiệp Hà Nội tại Buổi tổng két Ngoài ra, dự án còn cung cấp các nội dung hướng nghiệp và kỹ năng mềm nhằm bổ trợ và nâng cao năng lực toàn diện cho học viên. Sau một năm triển khai, Samsung Innovation Campus 2023 - 2024 đã lan tỏa tới 67 trường, bao gồm các trường THCS, THPT và Đại học ở 13 tỉnh, thành phố trên cả nước, tương ứng với 21.000 giờ học được giảng dạy tại 227 lớp học cùng 16.320 giờ học E-learning được hoàn thành. Chương trình đã ghi nhận kết quả đột phá, với gần 6.400 học viên tham gia – gần gấp đôi số lượng học viên trong dự án SIC 2022 – 2023. Cũng tại sự kiện, Samsung đã trao tặng 60 suất học bổng cho 60 bạn học viên xuất sắc nhất của chương trình SIC 2023 – 2024. Xin chúc mừng các bạn sinh viên NGUYỄN THỊ NA lớp Big Data, NGUYỄN THÀNH NAM lớp AI, Nguyễn Xuân Khoa lớp IoT - Khoa CNTT - Trường ĐH Công nghiệp Hà Nội đã đạt được học bổng sinh viên xuất sắc của Chương trình']","### Thông tin về hoạt động khóa và các hoạt động đoàn hội tại Trường Đại học Công nghiệp Hà Nội

1. **Hoạt động khóa**:
   - Trường Đại học Công nghiệp Hà Nội tổ chức nhiều hoạt động nhằm phát triển kỹ năng và kiến thức cho sinh viên. Các hoạt động này bao gồm các hội thảo, buổi tọa đàm, và các chương trình giao lưu giữa sinh viên và doanh nghiệp.
   - Các hoạt động này không chỉ giúp sinh viên nâng cao kiến thức chuyên môn mà còn tạo cơ hội để sinh viên thực hành và áp dụng kiến thức vào thực tiễn.

2. **Hoạt động đoàn hội**:
   - Đoàn thanh niên và Hội sinh viên trường thường xuyên tổ chức các hoạt động phong trào, như Ngày hội Tân sinh viên, các cuộc thi thể thao, văn nghệ, và các hoạt động tình nguyện.
   - Những hoạt động này nhằm tạo môi trường giao lưu, học hỏi và phát triển bản thân cho sinh viên, đồng thời khuyến khích tinh thần đoàn kết và trách nhiệm xã hội.

### Ông Choi Joo Ho về cơ hội hợp tác của Samsung tại Việt Nam trong buổi lễ tổng kết chương trình SIC 2023-2024

Ông Choi Joo Ho, Tổng Giám đốc Tổ hợp Samsung Việt Nam, đã nhấn mạnh rằng Samsung cam kết sẽ tiếp tục hợp tác chặt chẽ với Trường Đại học Công nghiệp Hà Nội trong việc phát triển nguồn nhân lực chất lượng cao. Ông cho biết gần 20% nhân lực của Samsung tại Thái Nguyên là cựu sinh viên của trường, cho thấy sự thành công trong việc đào tạo và phát triển nhân lực. Ông cũng khẳng định rằng Samsung sẽ tạo môi trường tốt cho sinh viên phát triển và sẽ tiếp tục hỗ trợ các hoạt động hợp tác trong tương lai.

### Tài liệu tham khảo
- [Hoạt động sinh viên tại Trường Đại học Công nghiệp Hà Nội] - [**Link tham khảo**](https://www.haui.edu.vn/vn/hoat-dong-sinh-vien/le-tong-ket-cong-tac-doan-hoi-va-phong-trao-thanh-nien-sinh-vien-nam-hoc-2017-2018-phat-dong-thi-dua-nam-hoc-2018-2019/60866).
- [Chương trình SIC 2023-2024] - [**Link tham khảo**](https://fit.haui.edu.vn/vn/guong-sang/sinh-vien-khoa-cong-nghe-thong-tin-truong-dai-hoc-cong-nghiep-ha-noi-dat-hoc-bong-sinh-vien-xuat-sac-chuong-trinh-sic-2023-2024/71031).

Nếu bạn cần thêm thông tin hoặc có câu hỏi khác, hãy cho tôi biết!","Ông Choi Joo Ho nhấn mạnh rằng Samsung và các doanh nghiệp IT trên toàn cầu đang tìm kiếm cơ hội hợp tác và mở rộng đầu tư tại Việt Nam. Ông cho rằng trong tương lai gần, Việt Nam sẽ giữ một vai trò vô cùng quan trọng trong ngành công nghiệp công nghệ cao, không chỉ dừng lại ở mảng điện thoại di động. Ông khuyến khích các sinh viên nắm bắt những thay đổi này để tạo thành cơ hội cho chính mình.",0.7924213059558797,0.0,0.5517241379310345,0.6666666666666666,1.1974549293518066,21.99034309387207
